idx,trajectory_id,frames,duration_s,R_max,R_mean,peak_at_s,min_ttc_raw,ticks_ttc_lt2,max_speed,max_accel,max_jerk,max_steer_var,max_lane_offset,max_ttc,max_headway,max_density
1,29__37,296,11.84,0.248917,0.21501,0.0,124.93,0,1.0,0.1388,0.0832,0.0,1.0,0.0,0.1138,0.28
2,29__88,356,14.24,0.188514,0.167185,1.04,216.822,0,1.0,0.0219,0.007,0.0,0.75,0.0,0.0,0.36
3,29__1405,343,13.72,0.293679,0.265633,1.96,206.167,0,1.0,0.0422,0.0092,0.0,0.8767,0.0,0.631,0.24
4,29__1808,297,11.88,0.262549,0.192879,2.12,inf,0,1.0,0.0796,0.0216,0.0,1.0,0.0,0.5736,0.2
5,29__1905,313,12.52,0.217522,0.184891,1.2,328.792,0,1.0,0.095,0.0295,0.0,1.0,0.0,0.0,0.24
6,29__620,365,14.6,0.201375,0.179494,12.92,23.969,0,1.0,0.0194,0.0066,0.0,1.0,0.0,0.0,0.24
7,29__944,382,15.28,0.228315,0.143605,0.12,22.187,0,0.9106,0.1425,0.1266,0.0,1.0,0.0,0.0,0.24
8,29__351,296,11.84,0.189658,0.174798,1.48,52.427,0,1.0,0.0375,0.0112,0.0,0.78,0.0,0.0,0.28
9,29__1339,411,16.44,0.219034,0.174537,0.0,inf,0,0.8557,0.1382,0.0898,0.0002,1.0,0.0,0.0,0.32
10,29__1997,300,12.0,0.219158,0.168016,0.4,inf,0,1.0,0.0701,0.0299,0.0,1.0,0.0,0.3784,0.24
11,29__1138,294,11.76,0.215664,0.157548,8.0,35.637,0,1.0,0.0841,0.0241,0.0,1.0,0.0,0.0947,0.2
12,29__55,341,13.64,0.220811,0.198695,11.4,inf,0,1.0,0.0485,0.0066,0.0,0.99,0.0,0.1366,0.32
13,29__617,285,11.4,0.177875,0.153343,8.4,28.537,0,1.0,0.0304,0.0066,0.0,0.2333,0.0,0.4353,0.2
14,29__1423,260,10.4,0.188543,0.15116,0.0,inf,0,1.0,0.0346,0.0125,0.0,0.8633,0.0,0.0,0.24
15,29__907,385,15.4,0.293461,0.258208,0.6,20.625,0,0.9754,0.0719,0.0296,0.0,0.8767,0.0,0.6724,0.28
16,29__1001,422,16.88,0.220695,0.178871,9.68,inf,0,0.8771,0.0188,0.0092,0.0,0.9167,0.0,0.3264,0.24
17,29__1278,294,11.76,0.294637,0.269671,2.04,16.381,0,1.0,0.0493,0.0265,0.0,0.72,0.0,0.7295,0.28
18,29__2130,294,11.76,0.282455,0.251156,0.0,inf,0,1.0,0.0743,0.0253,0.0,0.8833,0.0,0.531,0.24
19,29__1024,419,16.76,0.207291,0.18561,1.0,865.029,0,0.8836,0.0247,0.0093,0.0,1.0,0.0,0.0,0.24
20,29__1066,304,12.16,0.165864,0.141418,1.04,inf,0,1.0,0.0587,0.0205,0.0,0.51,0.0,0.0,0.32
21,29__1051,363,14.52,0.215487,0.204209,11.92,inf,0,1.0,0.0205,0.0206,0.0,1.0,0.0,0.0324,0.24
22,29__1574,315,12.6,0.327897,0.295705,6.84,inf,0,1.0,0.0877,0.0206,0.0,0.9433,0.0,0.8455,0.48
23,29__1534,292,11.68,0.299373,0.220843,7.8,6.547,0,1.0,0.2086,0.0935,0.0,0.8667,0.1937,0.5145,0.28
24,29__271,297,11.88,0.225694,0.203314,0.68,85.032,0,1.0,0.053,0.0229,0.0,0.8733,0.0,0.199,0.32
25,29__127,445,17.8,0.200554,0.172016,0.08,inf,0,0.8336,0.023,0.0087,0.0,1.0,0.0,0.0,0.32
26,29__1723,434,17.36,0.174159,0.164672,10.72,83.053,0,0.8507,0.0146,0.006,0.0,0.7733,0.0,0.0331,0.24
27,29__1614,451,18.04,0.247292,0.204815,2.0,64.459,0,0.8625,0.0934,0.0385,0.0,0.9167,0.0,0.3726,0.36
28,29__1568,507,20.28,0.179827,0.152792,7.84,inf,0,0.7775,0.0401,0.0116,0.0,0.8867,0.0,0.0,0.28
29,29__297,444,17.76,0.199814,0.193187,6.72,inf,0,0.8382,0.0147,0.0108,0.0,1.0,0.0,0.0,0.2
30,29__510,429,17.16,0.207163,0.184768,0.76,31.224,0,0.8332,0.042,0.0133,0.0,1.0,0.0,0.0472,0.32
31,29__1771,336,13.44,0.404298,0.185344,12.12,4.323,0,1.0,0.0488,0.0203,0.0,0.6333,0.4903,0.8055,0.32
32,29__292,428,17.12,0.17157,0.15771,10.4,inf,0,0.8725,0.016,0.0207,0.0,0.7467,0.0,0.0,0.28
33,29__53,471,18.84,0.305962,0.266731,12.92,19.618,0,0.8704,0.2314,0.0848,0.0,0.9233,0.0,0.7517,0.4
34,29__759,432,17.28,0.17839,0.146589,16.4,inf,0,0.8593,0.0128,0.0043,0.0,0.82,0.0,0.0,0.32
35,29__856,295,11.8,0.218403,0.188668,7.96,inf,0,1.0,0.0431,0.0212,0.0,1.0,0.0,0.0,0.32
36,29__1495,352,14.08,0.252259,0.22066,5.96,37.759,0,1.0,0.0507,0.0224,0.0,0.9433,0.0,0.3757,0.2
37,29__999,415,16.6,0.199186,0.162206,15.28,282.243,0,0.8957,0.0295,0.0208,0.0,0.96,0.0,0.0,0.2
38,29__1360,349,13.96,0.218663,0.207032,4.52,inf,0,1.0,0.0444,0.0124,0.0,1.0,0.0,0.0,0.28
39,29__398,383,15.32,0.207001,0.171146,1.88,43.083,0,0.9754,0.0381,0.0134,0.0,0.9167,0.0,0.0,0.32
40,29__734,344,13.76,0.283701,0.249315,0.0,11.912,0,1.0,0.075,0.0135,0.0,0.9033,0.0,0.7395,0.36
41,29__462,288,11.52,0.246972,0.218879,8.04,72.96,0,1.0,0.0776,0.0208,0.0,0.77,0.0,0.5786,0.2
42,29__709,389,15.56,0.26609,0.212078,0.0,95.767,0,0.8825,0.1415,0.1875,0.0,0.8433,0.0,0.3264,0.32
43,29__2021,461,18.44,0.214415,0.200814,9.52,171.606,0,0.8072,0.0192,0.0103,0.0,1.0,0.0,0.0798,0.32
44,29__1173,456,18.24,0.191139,0.157218,8.32,388.429,0,0.8175,0.0181,0.0085,0.0001,0.7467,0.0,0.1141,0.32
45,29__1309,349,13.96,0.20224,0.1852,10.56,60.778,0,1.0,0.034,0.0102,0.0,0.8867,0.0,0.0,0.24
46,29__1452,358,14.32,0.28648,0.251732,0.84,10.118,0,1.0,0.0928,0.0163,0.0,0.89,0.0,0.7191,0.32
47,29__217,331,13.24,0.250598,0.217029,0.0,inf,0,1.0,0.0416,0.0208,0.0,0.7033,0.0,0.5328,0.28
48,29__1654,344,13.76,0.285205,0.246112,12.56,62.587,0,1.0,0.0348,0.0208,0.0,1.0,0.0,0.5633,0.36
49,29__36,264,10.56,0.20715,0.163328,9.44,inf,0,1.0,0.1111,0.0348,0.0,0.9633,0.0,0.0,0.36
50,29__188,336,13.44,0.267746,0.234698,0.16,inf,0,1.0,0.0236,0.0064,0.0,1.0,0.0,0.3681,0.32
51,29__1152,441,17.64,0.281192,0.254605,0.92,87.353,0,0.8446,0.0186,0.0175,0.0,1.0,0.0,0.535,0.24
52,29__203,419,16.76,0.197865,0.18759,8.56,inf,0,0.8893,0.016,0.0207,0.0,0.94,0.0,0.0,0.28
53,29__1876,281,11.24,0.345869,0.187046,2.44,4.717,0,1.0,0.0937,0.0345,0.0001,0.8667,0.4378,0.3588,0.36
54,29__268,331,13.24,0.21476,0.203563,5.88,40.431,0,1.0,0.0375,0.0119,0.0,1.0,0.0,0.0221,0.24
55,29__601,276,11.04,0.192615,0.162406,11.0,inf,0,1.0,0.0686,0.0132,0.0,0.84,0.0,0.0,0.24
56,29__618,360,14.4,0.280233,0.2315,1.04,8.432,0,1.0,0.1701,0.0377,0.0,0.9833,0.0,0.51,0.16
57,29__211,265,10.6,0.328736,0.254702,6.68,7.46,0,1.0,0.0287,0.0117,0.0,1.0,0.0719,0.765,0.36
58,29__1419,347,13.88,0.210855,0.19675,7.08,inf,0,1.0,0.0202,0.0207,0.0,1.0,0.0,0.0,0.2
59,29__350,324,12.96,0.248883,0.188134,2.64,125.48,0,1.0,0.0473,0.0144,0.0,0.71,0.0,0.4945,0.24
60,29__1725,419,16.76,0.238134,0.19625,7.64,inf,0,0.8871,0.0461,0.0161,0.0001,1.0,0.0,0.2855,0.28
61,29__887,413,16.52,0.200155,0.180654,0.84,85.0,0,0.9,0.059,0.0195,0.0,0.5133,0.0,0.3902,0.32
62,29__1877,287,11.48,0.309318,0.250359,0.0,inf,0,1.0,0.0437,0.0183,0.0,1.0,0.0,0.7545,0.36
63,29__1293,367,14.68,0.206323,0.179621,0.36,inf,0,1.0,0.039,0.0099,0.0,1.0,0.0,0.0,0.24
64,29__2026,313,12.52,0.219731,0.18048,9.24,inf,0,1.0,0.0418,0.0086,0.0,1.0,0.0,0.0,0.28
65,29__1690,421,16.84,0.353223,0.204868,10.36,3.396,0,0.8932,0.0475,0.015,0.0001,1.0,0.6139,0.5255,0.32
66,29__1696,380,15.2,0.297442,0.271415,8.92,30.952,0,0.9775,0.0357,0.0094,0.0,0.9767,0.0,0.604,0.44
67,29__571,352,14.08,0.302436,0.164848,11.32,inf,0,1.0,0.0943,0.0233,0.0001,1.0,0.0,0.93,0.32
68,29__1948,415,16.6,0.224051,0.200539,2.36,10.238,0,0.9036,0.0657,0.012,0.0,0.7767,0.0,0.6707,0.4
69,29__1601,334,13.36,0.267563,0.238959,9.16,23.01,0,1.0,0.0633,0.0208,0.0,0.9933,0.0,0.3602,0.28
70,29__1730,331,13.24,0.214687,0.166067,4.72,inf,0,1.0,0.0271,0.0104,0.0,1.0,0.0,0.0,0.32
71,29__2060,361,14.44,0.259305,0.233769,5.8,inf,0,1.0,0.03,0.0193,0.0,0.99,0.0,0.4222,0.32
72,29__358,343,13.72,0.311577,0.275157,6.16,22.008,0,1.0,0.0516,0.0213,0.0,1.0,0.0,0.5978,0.32
73,29__1213,351,14.04,0.239654,0.206089,0.48,inf,0,1.0,0.053,0.0164,0.0,1.0,0.0,0.1769,0.28
74,29__1772,335,13.4,0.257493,0.22969,11.76,12.806,0,1.0,0.1663,0.0514,0.0,0.7,0.0,0.6016,0.28
75,29__1430,319,12.76,0.253738,0.194537,0.56,14.012,0,1.0,0.0452,0.0255,0.0,0.9833,0.0,0.4153,0.24
76,29__560,378,15.12,0.312048,0.280932,2.6,12.261,0,1.0,0.0527,0.018,0.0,0.7633,0.0,0.8253,0.32
77,29__154,382,15.28,0.246509,0.210489,0.0,12.838,0,1.0,0.1318,0.0305,0.0,0.7,0.0,0.7002,0.24
78,29__1203,461,18.44,0.152597,0.136493,15.44,1130.667,0,0.81,0.0212,0.0057,0.0,0.6133,0.0,0.0,0.32
79,29__498,367,14.68,0.180061,0.164497,10.56,47.23,0,1.0,0.09,0.0354,0.0,0.6567,0.0,0.0,0.32
80,29__1407,434,17.36,0.210057,0.193498,15.28,30.124,0,0.87,0.0376,0.014,0.0,0.6867,0.0,0.3726,0.24
81,29__1230,385,15.4,0.20944,0.162499,0.04,205.571,0,0.8911,0.1415,0.167,0.0,0.8367,0.0,0.0,0.2
82,29__1871,331,13.24,0.342111,0.310303,0.68,inf,0,1.0,0.1186,0.0341,0.0001,1.0,0.0,0.841,0.36
83,29__166,293,11.72,0.255307,0.216479,0.0,114.097,0,1.0,0.0386,0.0223,0.0,0.6833,0.0,0.5534,0.4
84,29__1647,417,16.68,0.342549,0.316659,5.76,7.856,0,0.9879,0.1386,0.048,0.0,1.0,0.0192,0.8248,0.32
85,29__1649,280,11.2,0.205758,0.193757,5.16,29.46,0,1.0,0.0597,0.0321,0.0,0.8767,0.0,0.0466,0.32
86,29__1646,314,12.56,0.306555,0.239556,11.28,21.308,0,1.0,0.0603,0.019,0.0,1.0,0.0,0.5771,0.4
87,29__1039,347,13.88,0.310107,0.249247,8.12,16.654,0,1.0,0.1003,0.0245,0.0001,1.0,0.0,0.7609,0.28
88,29__1172,388,15.52,0.310286,0.287532,0.04,125.333,0,0.97,0.0447,0.0188,0.0,0.8633,0.0,0.7831,0.36
89,29__845,323,12.92,0.199417,0.179299,0.0,inf,0,1.0,0.0529,0.007,0.0,0.65,0.0,0.2507,0.28
90,29__659,373,14.92,0.30548,0.273081,1.52,15.436,0,1.0,0.1414,0.0411,0.0,0.75,0.0,0.7698,0.28
91,29__672,439,17.56,0.266366,0.212253,15.44,17.415,0,0.8461,0.0249,0.0092,0.0,1.0,0.0,0.4633,0.28
92,29__293,302,12.08,0.208078,0.1823,4.12,106.92,0,1.0,0.0246,0.0068,0.0,0.83,0.0,0.139,0.16
93,29__1498,318,12.72,0.463855,0.234622,8.2,2.907,0,1.0,0.062,0.0183,0.0,1.0,0.679,0.6876,0.24
94,29__1178,299,11.96,0.197625,0.169525,5.08,50.325,0,1.0,0.0615,0.0177,0.0,0.77,0.0,0.0,0.36
95,29__879,425,17.0,0.185238,0.166367,12.64,inf,0,0.8671,0.0129,0.0055,0.0,0.86,0.0,0.0,0.28
96,29__980,336,13.44,0.386613,0.297933,7.04,5.637,0,1.0,0.1775,0.052,0.0,0.82,0.3151,0.8386,0.28
97,29__174,313,12.52,0.374621,0.319936,11.04,6.964,0,1.0,0.0986,0.0289,0.0,0.98,0.1381,0.8614,0.4
98,29__1641,428,17.12,0.217379,0.169447,0.0,140.969,0,0.8725,0.0229,0.0077,0.0,0.6367,0.0,0.4164,0.32
99,29__276,355,14.2,0.254063,0.227674,2.16,13.776,0,1.0,0.0601,0.0207,0.0,0.9033,0.0,0.4219,0.16
100,29__1333,299,11.96,0.189839,0.176383,5.72,1046.875,0,1.0,0.0431,0.0204,0.0,0.8233,0.0,0.0,0.2
101,29__727,327,13.08,0.193893,0.175818,0.28,322.22,0,1.0,0.0801,0.0321,0.0,0.8833,0.0,0.0,0.24
102,29__1683,409,16.36,0.347679,0.313542,1.72,7.202,0,0.9782,0.1614,0.0572,0.0,1.0,0.1064,0.844,0.36
103,29__441,370,14.8,0.230526,0.20352,12.84,18.941,0,1.0,0.0505,0.0162,0.0,1.0,0.0,0.2724,0.2
104,29__1551,443,17.72,0.201445,0.193813,10.92,inf,0,0.8336,0.0144,0.0078,0.0,1.0,0.0,0.0,0.24
105,29__1224,464,18.56,0.139274,0.12371,15.72,1632.2,0,0.8125,0.0273,0.0208,0.0,0.48,0.0,0.0,0.28
106,29__1033,320,12.8,0.167057,0.152898,0.0,inf,0,1.0,0.0245,0.0077,0.0,0.69,0.0,0.0,0.24
107,29__1132,312,12.48,0.207787,0.176807,5.72,16.592,0,1.0,0.0426,0.0208,0.0,1.0,0.0,0.0,0.28
108,29__2138,351,14.04,0.20189,0.183555,1.56,55.991,0,0.8482,0.0378,0.0285,0.0,1.0,0.0,0.0,0.2
109,29__1913,283,11.32,0.288914,0.234154,9.72,12.491,0,1.0,0.0718,0.0264,0.0,0.74,0.0,0.6466,0.32
110,29__1755,390,15.6,0.193139,0.180325,15.52,inf,0,0.96,0.0358,0.0112,0.0,0.9533,0.0,0.0,0.28
111,29__124,365,14.6,0.295654,0.273879,1.32,inf,0,1.0,0.0502,0.0226,0.0,0.9633,0.0,0.6826,0.28
112,29__1841,373,14.92,0.239761,0.216903,0.88,inf,0,1.0,0.0348,0.0047,0.0,0.6767,0.0,0.6193,0.36
113,29__1890,435,17.4,0.217039,0.192302,2.64,62.529,0,0.8514,0.0277,0.0124,0.0,0.78,0.0,0.3755,0.32
114,29__2106,254,10.16,0.170619,0.150501,0.2,19.28,0,1.0,0.0603,0.0091,0.0,0.6833,0.0,0.0,0.32
115,29__636,285,11.4,0.232047,0.213792,9.76,37.257,0,1.0,0.0416,0.0208,0.0,1.0,0.0,0.2457,0.16
116,29__487,421,16.84,0.183966,0.166529,14.32,82.273,0,0.8846,0.0271,0.0229,0.0,0.62,0.0,0.2821,0.24
117,29__1262,318,12.72,0.19231,0.161896,6.24,115.235,0,1.0,0.0516,0.0192,0.0,0.8367,0.0,0.0343,0.24
118,29__312,269,10.76,0.225398,0.20349,5.4,53.753,0,1.0,0.0583,0.0208,0.0,0.6967,0.0,0.3662,0.28
119,29__1390,371,14.84,0.242057,0.194161,10.04,inf,0,1.0,0.0224,0.0104,0.0,1.0,0.0,0.4878,0.28
120,29__1607,290,11.6,0.218156,0.195331,2.6,50.992,0,1.0,0.0283,0.009,0.0,1.0,0.0,0.0,0.28
121,29__615,289,11.56,0.277473,0.216874,10.6,14.674,0,1.0,0.0452,0.0198,0.0,0.9,0.0,0.5671,0.24
122,29__2137,292,11.68,0.183042,0.145366,1.44,11.198,0,1.0,0.08,0.0182,0.0,0.6033,0.0,0.2671,0.2
123,29__731,349,13.96,0.328814,0.303442,6.6,56.452,0,1.0,0.0698,0.0225,0.0,1.0,0.0,0.7388,0.32
124,29__1531,254,10.16,0.238124,0.18348,9.0,22.953,0,1.0,0.0471,0.0208,0.0,1.0,0.0,0.27,0.24
125,29__256,475,19.0,0.2689,0.239921,7.0,7.687,0,0.7954,0.0315,0.0085,0.0,0.68,0.0417,0.7824,0.2
126,29__424,443,17.72,0.200286,0.184504,0.24,192.0,0,0.8386,0.0152,0.0086,0.0,1.0,0.0,0.0,0.28
127,29__1317,445,17.8,0.23477,0.21258,0.76,36.195,0,0.8458,0.0316,0.0258,0.0,1.0,0.0,0.4305,0.28
128,29__607,439,17.56,0.294937,0.262237,5.36,62.306,0,0.8418,0.0218,0.0094,0.0,1.0,0.0,0.6622,0.2
129,29__1833,307,12.28,0.332278,0.248208,2.68,43.585,0,1.0,0.0592,0.0175,0.0,1.0,0.0,0.7421,0.32
130,29__1596,339,13.56,0.264552,0.230735,0.88,53.94,0,1.0,0.0645,0.0187,0.0,0.9867,0.0,0.2879,0.4
131,29__831,416,16.64,0.237178,0.213417,14.76,155.444,0,0.9007,0.0236,0.0051,0.0,0.7667,0.0,0.5574,0.28
132,29__7,176,7.04,0.195145,0.180403,0.88,inf,0,1.0,0.1129,0.0316,0.0,0.79,0.0,0.0,0.16
133,29__1382,433,17.32,0.260948,0.226731,1.8,inf,0,0.8564,0.0357,0.0121,0.0,0.8633,0.0,0.5822,0.28
134,29__308,430,17.2,0.20869,0.188176,3.12,345.053,0,0.8593,0.0229,0.0118,0.0,1.0,0.0,0.0,0.32
135,29__2006,344,13.76,0.180893,0.150836,0.04,30.825,0,1.0,0.0406,0.0095,0.0,0.7833,0.0,0.0,0.2
136,29__1162,303,12.12,0.202544,0.163294,0.0,20.743,0,1.0,0.0203,0.0066,0.0,1.0,0.0,0.0,0.32
137,29__1476,267,10.68,0.217135,0.203714,2.76,inf,0,1.0,0.0454,0.0088,0.0,1.0,0.0,0.0,0.24
138,29__56,337,13.48,0.245921,0.229647,1.76,32.265,0,1.0,0.0533,0.0242,0.0,1.0,0.0,0.1771,0.36
139,29__1046,315,12.6,0.219838,0.201275,6.04,inf,0,1.0,0.0544,0.0147,0.0,1.0,0.0,0.0,0.28
140,29__941,322,12.88,0.22525,0.1614,7.28,42.82,0,1.0,0.1301,0.0432,0.0001,1.0,0.0,0.0,0.24
141,29__953,344,13.76,0.282419,0.23672,6.08,8.974,0,1.0,0.09,0.0302,0.0,0.6433,0.0,0.8033,0.28
142,29__1472,324,12.96,0.218657,0.193558,2.12,21.863,0,1.0,0.0716,0.0276,0.0,1.0,0.0,0.0,0.28
143,29__1084,378,15.12,0.209155,0.192819,9.64,inf,0,0.9729,0.0245,0.0147,0.0001,1.0,0.0,0.0,0.28
144,29__192,315,12.6,0.272741,0.238092,0.0,317.571,0,1.0,0.0432,0.0208,0.0,0.6367,0.0,0.671,0.36
145,29__1117,426,17.04,0.240551,0.175365,10.4,inf,0,0.8721,0.0186,0.0219,0.0,0.93,0.0,0.4978,0.24
146,29__2098,393,15.72,0.224774,0.2067,0.92,16.65,0,1.0,0.0865,0.0137,0.0,1.0,0.0,0.0,0.36
147,29__1433,306,12.24,0.211036,0.193889,0.64,inf,0,1.0,0.0319,0.0208,0.0,1.0,0.0,0.0214,0.12
148,29__519,334,13.36,0.290711,0.274878,8.48,71.22,0,1.0,0.0573,0.0207,0.0,1.0,0.0,0.4445,0.4
149,29__742,318,12.72,0.213663,0.200433,3.6,43.048,0,1.0,0.0216,0.0159,0.0,1.0,0.0,0.0,0.2
150,29__746,419,16.76,0.206657,0.193227,13.08,inf,0,0.8832,0.0201,0.0125,0.0,1.0,0.0,0.0,0.28
151,29__17,272,10.88,0.203504,0.193824,5.64,inf,0,1.0,0.0705,0.0255,0.0,0.9267,0.0,0.0,0.24
152,29__1256,264,10.56,0.195047,0.154295,9.0,8.175,0,1.0,0.1051,0.0186,0.0,0.6233,0.0,0.2826,0.24
153,29__2087,330,13.2,0.225095,0.161293,4.32,inf,0,1.0,0.0672,0.0208,0.0,1.0,0.0,0.0,0.36
154,29__1439,301,12.04,0.276215,0.190697,2.88,24.25,0,1.0,0.057,0.0231,0.0001,1.0,0.0,0.455,0.32
155,29__2004,304,12.16,0.248422,0.221943,10.32,37.408,0,1.0,0.035,0.0174,0.0,0.5867,0.0,0.6078,0.28
156,29__1005,312,12.48,0.229451,0.186328,5.76,14.387,0,1.0,0.0376,0.0215,0.0,0.7233,0.0,0.4847,0.2
157,29__689,382,15.28,0.254356,0.209059,13.6,13.087,0,0.9771,0.0829,0.0233,0.0,0.91,0.0,0.4148,0.36
158,29__78,424,16.96,0.169206,0.157121,6.12,79.181,0,0.8707,0.0181,0.0074,0.0,0.7533,0.0,0.0,0.2
159,29__1637,416,16.64,0.313908,0.289814,0.16,11.745,0,0.9029,0.0472,0.0153,0.0,0.93,0.0,0.8647,0.36
160,29__1931,301,12.04,0.327717,0.279209,10.36,7.419,0,1.0,0.193,0.0514,0.0,0.72,0.0774,0.8612,0.4
161,29__1491,422,16.88,0.169703,0.140181,14.72,inf,0,0.8868,0.0179,0.0077,0.0,0.72,0.0,0.0,0.24
162,29__1861,317,12.68,0.164654,0.140455,8.32,27.027,0,1.0,0.0501,0.0208,0.0,0.3767,0.0,0.1933,0.36
163,29__1081,329,13.16,0.21144,0.17856,8.64,16.261,0,1.0,0.1194,0.0237,0.0,0.53,0.0,0.3055,0.24
164,29__1195,461,18.44,0.183335,0.149038,0.88,323.233,0,0.8047,0.0158,0.0057,0.0,0.9467,0.0,0.0,0.28
165,29__1221,369,14.76,0.282027,0.228028,1.64,inf,0,1.0,0.1072,0.0299,0.0,1.0,0.0,0.3986,0.24
166,29__444,278,11.12,0.242105,0.224115,1.96,54.611,0,1.0,0.0957,0.0329,0.0,0.9833,0.0,0.2076,0.2
167,29__1788,410,16.4,0.216888,0.167646,0.16,inf,0,0.8654,0.1401,0.1041,0.0,0.8233,0.0,0.1178,0.28
168,29__1215,349,13.96,0.244485,0.220142,0.0,72.891,0,1.0,0.063,0.0157,0.0,0.83,0.0,0.3938,0.24
169,29__756,335,13.4,0.228722,0.206905,12.12,15.701,0,1.0,0.0744,0.0169,0.0,0.8033,0.0,0.4909,0.28
170,29__1626,296,11.84,0.184209,0.151794,0.76,44.035,0,1.0,0.0357,0.0095,0.0,0.7767,0.0,0.089,0.4
171,29__1578,499,19.96,0.184505,0.167257,19.84,320.636,0,0.7779,0.036,0.0081,0.0,0.92,0.0,0.0,0.24
172,29__478,419,16.76,0.217724,0.178748,14.08,37.778,0,0.8848,0.0191,0.0153,0.0,0.9767,0.0,0.2181,0.16
173,29__927,406,16.24,0.220866,0.174566,1.32,199.333,0,0.8711,0.0305,0.0071,0.0,0.72,0.0,0.3412,0.28
174,29__1970,278,11.12,0.154345,0.141426,0.24,22.015,0,1.0,0.0846,0.0126,0.0,0.5033,0.0,0.0,0.2
175,29__904,364,14.56,0.258337,0.234126,1.72,142.375,0,1.0,0.0679,0.029,0.0,0.31,0.0,0.8478,0.4
176,29__1301,344,13.76,0.191422,0.163615,9.8,inf,0,1.0,0.023,0.0095,0.0,0.7933,0.0,0.0,0.24
177,29__1599,458,18.32,0.236063,0.185884,0.0,22.759,0,0.8532,0.0466,0.0127,0.0,0.9367,0.0,0.6164,0.28
178,29__681,445,17.8,0.257378,0.228133,4.36,93.174,0,0.8525,0.0316,0.008,0.0,1.0,0.0,0.3076,0.36
179,29__355,310,12.4,0.18948,0.158349,1.96,inf,0,1.0,0.0277,0.0208,0.0,0.8,0.0,0.0,0.24
180,29__1062,316,12.64,0.268374,0.238424,0.76,25.07,0,1.0,0.0714,0.022,0.0,0.79,0.0,0.6141,0.24
181,29__2010,393,15.72,0.207335,0.182309,0.64,91.462,0,0.91,0.0272,0.0103,0.0,1.0,0.0,0.0,0.24
182,29__1885,442,17.68,0.33735,0.311328,7.76,11.905,0,0.8393,0.0402,0.0157,0.0,1.0,0.0,0.8669,0.32
183,29__1591,335,13.4,0.325772,0.3059,10.76,116.938,0,1.0,0.043,0.0081,0.0,1.0,0.0,0.7624,0.52
184,29__1546,304,12.16,0.218826,0.169846,1.64,20.652,0,1.0,0.0611,0.016,0.0,1.0,0.0,0.3152,0.32
185,29__1694,301,12.04,0.314198,0.241423,3.16,5.532,0,1.0,0.0422,0.0167,0.0,1.0,0.3291,0.5834,0.44
186,29__216,419,16.76,0.189636,0.164737,0.0,inf,0,0.8254,0.1372,0.1249,0.0,0.88,0.0,0.0279,0.28
187,29__829,323,12.92,0.167905,0.151378,11.4,inf,0,1.0,0.0276,0.0208,0.0,0.63,0.0,0.0,0.32
188,29__109,312,12.48,0.221163,0.203574,4.2,82.228,0,1.0,0.0344,0.0093,0.0,1.0,0.0,0.0,0.32
189,29__2011,314,12.56,0.199741,0.165552,1.2,655.257,0,1.0,0.0398,0.0092,0.0,0.87,0.0,0.0,0.24
190,29__1148,438,17.52,0.291852,0.220161,0.0,inf,0,0.8747,0.0415,0.0208,0.0,1.0,0.0,0.5531,0.32
191,29__1924,345,13.8,0.304045,0.210061,0.0,inf,0,1.0,0.0729,0.0391,0.0002,1.0,0.0,0.6971,0.36
192,29__283,334,13.36,0.200513,0.16207,4.44,inf,0,1.0,0.0289,0.0208,0.0,0.9367,0.0,0.0,0.08
193,29__1778,326,13.04,0.292847,0.24769,2.36,11.361,0,1.0,0.066,0.02,0.0,1.0,0.0,0.8174,0.32
194,29__1276,283,11.32,0.215459,0.174263,7.12,36.713,0,1.0,0.0982,0.0233,0.0,1.0,0.0,0.0,0.2
195,29__1511,262,10.48,0.231128,0.194386,0.0,inf,0,1.0,0.1017,0.0408,0.0,0.6167,0.0,0.4847,0.24
196,29__662,287,11.48,0.210508,0.198957,0.24,inf,0,1.0,0.0434,0.0081,0.0,1.0,0.0,0.0,0.28
197,29__1899,306,12.24,0.203793,0.17207,12.04,268.691,0,1.0,0.0245,0.0056,0.0,1.0,0.0,0.0,0.24
198,29__1252,292,11.68,0.204229,0.185713,4.8,21.919,0,1.0,0.0731,0.0194,0.0,0.8733,0.0,0.0,0.24
199,29__1594,300,12.0,0.173947,0.159877,0.76,71.894,0,1.0,0.09,0.0354,0.0,0.6833,0.0,0.0,0.28
200,29__2025,383,15.32,0.277045,0.223329,13.64,8.994,0,1.0,0.0835,0.0184,0.0,0.6967,0.0,0.665,0.28
201,29__1251,311,12.44,0.195779,0.18123,1.16,56.789,0,1.0,0.0254,0.0099,0.0,0.9167,0.0,0.0,0.24
202,29__881,292,11.68,0.270378,0.173136,0.0,8.545,0,1.0,0.042,0.0162,0.0001,1.0,0.0,0.5509,0.32
203,29__222,307,12.28,0.27417,0.245426,7.8,14.655,0,1.0,0.0488,0.0211,0.0,0.9767,0.0,0.536,0.32
204,29__139,432,17.28,0.286346,0.259545,0.48,inf,0,0.8671,0.036,0.0134,0.0,1.0,0.0,0.6164,0.44
205,29__1069,333,13.32,0.23467,0.20342,0.52,inf,0,1.0,0.0415,0.0208,0.0,0.77,0.0,0.2866,0.32
206,29__1780,398,15.92,0.285018,0.249517,2.28,10.684,0,0.9918,0.1301,0.0339,0.0,0.8633,0.0,0.5936,0.36
207,29__599,299,11.96,0.193043,0.162537,1.28,inf,0,1.0,0.0203,0.0082,0.0,0.8233,0.0,0.0,0.28
208,29__249,422,16.88,0.201693,0.181278,4.6,60.817,0,0.8764,0.0249,0.01,0.0001,1.0,0.0,0.0,0.24
209,29__1727,449,17.96,0.234503,0.179656,0.32,inf,0,0.834,0.0364,0.0096,0.0001,1.0,0.0,0.3388,0.36
210,29__1342,416,16.64,0.268067,0.206699,0.04,20.667,0,0.9386,0.0815,0.0381,0.0,0.8233,0.0,0.6153,0.36
211,29__755,285,11.4,0.227249,0.184392,0.0,inf,0,1.0,0.0677,0.0173,0.0,1.0,0.0,0.226,0.32
212,29__1977,279,11.16,0.276315,0.182598,4.92,5.714,0,1.0,0.113,0.0292,0.0,1.0,0.3048,0.3467,0.24
213,29__323,335,13.4,0.254508,0.207749,5.64,21.135,0,1.0,0.0701,0.0155,0.0,1.0,0.0,0.4297,0.24
214,29__1184,462,18.48,0.249385,0.223837,0.68,53.295,0,0.8075,0.0477,0.0218,0.0,0.6333,0.0,0.6578,0.32
215,29__1894,363,14.52,0.222102,0.19039,1.68,48.582,0,1.0,0.0953,0.0268,0.0,1.0,0.0,0.0,0.28
216,29__663,418,16.72,0.180188,0.167517,9.2,54.604,0,0.8868,0.0147,0.0208,0.0,0.8467,0.0,0.0,0.32
217,29__1446,449,17.96,0.190838,0.160787,0.0,inf,0,0.8301,0.0312,0.0131,0.0001,0.8633,0.0,0.0983,0.28
218,29__14,351,14.04,0.166414,0.144916,9.68,inf,0,0.8397,0.0267,0.0208,0.0,0.74,0.0,0.0,0.24
219,29__1500,325,13.0,0.186298,0.151838,0.96,31.076,0,1.0,0.075,0.0222,0.0,0.81,0.0,0.0,0.32
220,29__1583,510,20.4,0.166486,0.144591,3.4,327.056,0,0.7368,0.0245,0.0208,0.0001,0.8067,0.0,0.0238,0.44
221,29__1791,283,11.32,0.194433,0.179719,6.0,20.415,0,1.0,0.0674,0.0192,0.0,0.8467,0.0,0.0,0.28
222,29__1037,434,17.36,0.204821,0.175895,0.76,inf,0,0.8568,0.0186,0.0112,0.0,1.0,0.0,0.0,0.28
223,29__648,314,12.56,0.25646,0.199208,8.32,34.246,0,1.0,0.0374,0.0163,0.0,1.0,0.0,0.2966,0.32
224,29__345,353,14.12,0.214977,0.192807,12.44,inf,0,1.0,0.0416,0.0127,0.0,1.0,0.0,0.0,0.32
225,29__900,400,16.0,0.255526,0.222043,14.64,15.83,0,0.9689,0.0657,0.0209,0.0,0.79,0.0,0.5907,0.4
226,29__1367,336,13.44,0.27991,0.262687,5.28,33.509,0,1.0,0.0886,0.0322,0.0,1.0,0.0,0.4909,0.32
227,29__469,332,13.28,0.179966,0.166976,13.24,inf,0,1.0,0.0194,0.0073,0.0,0.8233,0.0,0.0,0.16
228,29__603,285,11.4,0.30946,0.218605,1.0,14.432,0,1.0,0.1098,0.0423,0.0001,1.0,0.0,0.6148,0.2
229,29__1729,315,12.6,0.338249,0.212163,8.88,5.121,0,1.0,0.0488,0.0208,0.0001,1.0,0.3839,0.3879,0.28
230,29__1381,287,11.48,0.214351,0.176166,1.16,28.042,0,1.0,0.0263,0.0069,0.0,0.8433,0.0,0.215,0.2
231,29__780,354,14.16,0.330269,0.260351,2.0,5.322,0,1.0,0.0451,0.0208,0.0,1.0,0.357,0.8719,0.32
232,29__546,313,12.52,0.247854,0.214946,3.4,19.223,0,1.0,0.0786,0.0354,0.0,1.0,0.0,0.1672,0.32
233,29__803,339,13.56,0.242131,0.225461,12.04,104.3,0,1.0,0.0574,0.0201,0.0,0.8767,0.0,0.3378,0.32
234,29__1835,335,13.4,0.211788,0.19309,13.08,22.037,0,1.0,0.0869,0.0261,0.0,0.9767,0.0,0.0,0.24
235,29__1182,297,11.88,0.266913,0.22903,1.04,47.31,0,1.0,0.0505,0.0092,0.0,0.85,0.0,0.4997,0.36
236,29__1709,315,12.6,0.280772,0.232478,0.0,inf,0,1.0,0.0909,0.021,0.0,0.9467,0.0,0.5684,0.4
237,29__1167,349,13.96,0.201305,0.168809,6.48,inf,0,1.0,0.0758,0.0292,0.0,0.8567,0.0,0.0,0.28
238,29__1760,402,16.08,0.255714,0.229016,1.2,inf,0,0.9532,0.0357,0.0102,0.0,0.9333,0.0,0.3878,0.4
239,29__589,308,12.32,0.303929,0.26569,0.24,6.987,0,1.0,0.1314,0.0248,0.0,0.9333,0.1351,0.5976,0.28
240,29__260,313,12.52,0.255321,0.228326,7.56,30.724,0,1.0,0.0291,0.0208,0.0,0.9467,0.0,0.3709,0.2
241,29__1674,317,12.68,0.33552,0.277041,0.0,42.273,0,1.0,0.1415,0.0395,0.0,0.8467,0.0,0.8224,0.32
242,29__403,421,16.84,0.266359,0.238808,0.96,173.105,0,0.9061,0.0645,0.0288,0.0,0.8233,0.0,0.6036,0.32
243,29__1474,308,12.32,0.18264,0.162103,0.0,inf,0,1.0,0.1415,0.0544,0.0,0.73,0.0,0.0,0.2
244,29__1174,335,13.4,0.286665,0.260237,0.0,inf,0,1.0,0.0886,0.0321,0.0,0.9133,0.0,0.5079,0.4
245,29__1157,444,17.76,0.278259,0.250386,0.16,132.522,0,0.8464,0.0309,0.0131,0.0,1.0,0.0,0.5153,0.28
246,29__1752,318,12.72,0.193594,0.172522,5.36,15.996,0,1.0,0.0846,0.0197,0.0,0.45,0.0,0.424,0.32
247,29__1967,444,17.76,0.202694,0.17792,0.64,inf,0,0.8372,0.0143,0.0068,0.0,1.0,0.0,0.0,0.24
248,29__133,320,12.8,0.255389,0.213765,1.48,inf,0,1.0,0.0415,0.0241,0.0,0.93,0.0,0.3381,0.28
249,29__1801,315,12.6,0.23452,0.210222,0.0,inf,0,1.0,0.0558,0.0245,0.0,1.0,0.0,0.4262,0.24
250,29__1143,408,16.32,0.28343,0.205897,5.56,168.228,0,0.959,0.0636,0.0149,0.0,1.0,0.0,0.5297,0.32
251,29__1597,392,15.68,0.283594,0.251836,0.84,inf,0,0.96,0.0514,0.0218,0.0,0.8633,0.0,0.6081,0.4
252,29__401,309,12.36,0.224616,0.165427,4.0,68.332,0,1.0,0.0732,0.0167,0.0,1.0,0.0,0.0,0.36
253,29__2042,327,13.08,0.30439,0.210558,6.64,210.308,0,1.0,0.0393,0.0106,0.0,1.0,0.0,0.5964,0.36
254,29__2055,382,15.28,0.298845,0.268393,9.04,15.56,0,1.0,0.0745,0.0159,0.0,0.7367,0.0,0.7788,0.36
255,29__890,362,14.48,0.255355,0.192804,8.36,inf,0,1.0,0.0263,0.0258,0.0,0.99,0.0,0.6907,0.4
256,29__763,364,14.56,0.332298,0.302977,2.84,20.316,0,1.0,0.0714,0.026,0.0,0.99,0.0,0.7828,0.32
257,29__1490,360,14.4,0.261127,0.219762,0.08,inf,0,1.0,0.0295,0.0095,0.0,0.9233,0.0,0.4236,0.24
258,29__1777,343,13.72,0.320855,0.288088,10.24,9.743,0,1.0,0.0745,0.0208,0.0,1.0,0.0,0.7398,0.32
259,29__1789,458,18.32,0.193115,0.15418,16.68,inf,0,0.8122,0.0222,0.0079,0.0,0.9933,0.0,0.0,0.28
260,29__1238,337,13.48,0.383692,0.311169,9.44,16.514,0,1.0,0.3629,0.1109,0.0001,1.0,0.0,0.8443,0.24
261,29__115,492,19.68,0.271352,0.24567,18.24,19.526,0,0.7604,0.0515,0.0128,0.0,0.8667,0.0,0.6803,0.32
262,29__580,319,12.76,0.285602,0.260286,0.6,inf,0,1.0,0.0958,0.0325,0.0,0.8533,0.0,0.5905,0.44
263,29__1044,346,13.84,0.325633,0.173731,0.08,44.857,0,1.0,0.0885,0.0203,0.0,1.0,0.0,0.7566,0.32
264,29__1728,437,17.48,0.197899,0.165907,0.56,262.655,0,0.8611,0.0357,0.0098,0.0,1.0,0.0,0.0,0.24
265,29__1477,363,14.52,0.231011,0.20773,1.72,inf,0,1.0,0.0301,0.0147,0.0,0.7667,0.0,0.4314,0.28
266,29__1606,496,19.84,0.197279,0.164469,1.84,173.826,0,0.7554,0.0158,0.0061,0.0,0.56,0.0,0.4516,0.32
267,29__774,337,13.48,0.25431,0.225581,1.16,17.582,0,1.0,0.0743,0.0208,0.0,0.99,0.0,0.4231,0.24
268,29__979,348,13.92,0.238872,0.216887,8.68,47.603,0,1.0,0.0297,0.0208,0.0,0.7567,0.0,0.4295,0.28
269,29__1205,308,12.32,0.244608,0.214672,0.32,53.515,0,1.0,0.0608,0.0206,0.0001,1.0,0.0,0.4267,0.32
270,29__800,286,11.44,0.245508,0.231514,2.68,94.296,0,1.0,0.0757,0.0232,0.0,1.0,0.0,0.1636,0.28
271,29__1765,400,16.0,0.303431,0.259325,14.04,7.412,0,0.9364,0.0717,0.0172,0.0,1.0,0.0784,0.746,0.36
272,29__892,416,16.64,0.207868,0.200916,10.88,194.403,0,0.8975,0.0401,0.0099,0.0,1.0,0.0,0.0,0.28
273,29__2032,323,12.92,0.184814,0.171689,11.16,11.274,0,1.0,0.0458,0.0213,0.0,0.7967,0.0,0.2697,0.28
274,29__1784,399,15.96,0.288923,0.255558,3.12,9.706,0,1.0,0.1629,0.0503,0.0,0.7633,0.0,0.684,0.28
275,29__1834,395,15.8,0.206573,0.197725,6.68,inf,0,0.8946,0.0239,0.0063,0.0,1.0,0.0,0.079,0.24
276,29__2045,336,13.44,0.242543,0.192105,0.0,inf,0,1.0,0.0301,0.0079,0.0,0.8233,0.0,0.3891,0.28
277,29__1197,328,13.12,0.229072,0.19583,2.24,inf,0,1.0,0.0886,0.027,0.0,0.6633,0.0,0.4053,0.36
278,29__706,299,11.96,0.181589,0.167732,0.04,54.725,0,1.0,0.0192,0.0208,0.0,0.75,0.0,0.0,0.28
279,29__430,324,12.96,0.279902,0.24326,7.76,28.125,0,1.0,0.0712,0.0258,0.0,1.0,0.0,0.414,0.24
280,29__1559,421,16.84,0.26013,0.185959,13.76,inf,0,0.8818,0.0258,0.0108,0.0,1.0,0.0,0.6236,0.44
281,29__1053,422,16.88,0.231027,0.203363,0.92,41.618,0,0.91,0.0434,0.0191,0.0,0.9833,0.0,0.3157,0.24
282,29__480,329,13.16,0.211417,0.192266,11.48,inf,0,1.0,0.0385,0.0138,0.0,0.9833,0.0,0.0,0.24
283,29__1520,313,12.52,0.301793,0.264725,7.28,15.773,0,1.0,0.0583,0.018,0.0,0.8333,0.0,0.7076,0.32
284,29__1163,461,18.44,0.124236,0.115961,0.36,inf,0,0.8121,0.0136,0.0052,0.0,0.4067,0.0,0.0,0.4
285,29__1971,337,13.48,0.175266,0.142027,11.8,548.273,0,1.0,0.0461,0.0101,0.0,0.6367,0.0,0.0,0.24
286,29__1188,312,12.48,0.233864,0.191744,10.84,15.748,0,1.0,0.0313,0.0208,0.0,0.9133,0.0,0.2184,0.32
287,29__46,306,12.24,0.19144,0.157282,0.72,35.51,0,1.0,0.0401,0.014,0.0,0.58,0.0,0.2055,0.36
288,29__1768,345,13.8,0.198803,0.151851,0.0,26.911,0,1.0,0.136,0.048,0.0,0.9367,0.0,0.0,0.36
289,29__1805,304,12.16,0.214441,0.199778,1.56,27.351,0,1.0,0.0639,0.02,0.0,1.0,0.0,0.1726,0.2
290,29__629,271,10.84,0.203468,0.184488,4.4,79.603,0,1.0,0.0343,0.0117,0.0,0.9733,0.0,0.0,0.2
291,29__982,302,12.08,0.279208,0.231269,0.0,10.794,0,1.0,0.0566,0.0133,0.0,1.0,0.0,0.7772,0.24
292,29__1565,317,12.68,0.21489,0.165853,10.68,inf,0,1.0,0.0322,0.0207,0.0,1.0,0.0,0.0,0.36
293,29__910,313,12.52,0.211118,0.17314,12.48,165.257,0,1.0,0.0437,0.0117,0.0,0.9967,0.0,0.045,0.32
294,29__866,301,12.04,0.180495,0.161419,8.76,186.045,0,1.0,0.023,0.0097,0.0,0.7233,0.0,0.0,0.32
295,29__818,287,11.48,0.194225,0.151013,1.4,inf,0,1.0,0.0317,0.0065,0.0,0.91,0.0,0.0,0.32
296,29__291,303,12.12,0.198223,0.186108,0.08,24.744,0,1.0,0.0402,0.0126,0.0,0.9233,0.0,0.0866,0.16
297,29__861,370,14.8,0.263103,0.243599,2.2,85.439,0,1.0,0.1016,0.0408,0.0,0.89,0.0,0.4395,0.2
298,29__1686,322,12.88,0.253476,0.235754,1.4,85.812,0,1.0,0.0529,0.0169,0.0,0.8733,0.0,0.3284,0.4
299,29__1185,296,11.84,0.265963,0.236248,0.4,49.5,0,1.0,0.0592,0.0198,0.0,0.7167,0.0,0.6545,0.32
300,29__1590,380,15.2,0.277982,0.248831,1.96,44.125,0,0.985,0.1243,0.0376,0.0,0.7567,0.0,0.6074,0.48
301,29__1392,445,17.8,0.182809,0.15455,0.36,47.047,0,0.8296,0.0247,0.0103,0.0,0.6867,0.0,0.3017,0.24
302,29__1277,296,11.84,0.31084,0.214429,1.24,76.696,0,1.0,0.0643,0.0211,0.0,0.86,0.0,0.7409,0.36
303,29__954,327,13.08,0.251797,0.207072,11.84,13.401,0,1.0,0.0603,0.0196,0.0,0.7867,0.0,0.4966,0.2
304,29__1345,321,12.84,0.185017,0.168602,12.8,inf,0,1.0,0.03,0.0076,0.0,0.85,0.0,0.0,0.28
305,29__1928,404,16.16,0.224288,0.201322,14.96,17.029,0,0.9293,0.0695,0.0145,0.0,0.5833,0.0,0.6183,0.44
306,29__1575,321,12.84,0.310184,0.272193,0.0,15.018,0,1.0,0.0634,0.0217,0.0,0.9367,0.0,0.7834,0.48
307,29__1916,412,16.48,0.269324,0.182223,13.68,inf,0,0.9029,0.0223,0.0071,0.0,0.8767,0.0,0.559,0.4
308,29__606,288,11.52,0.306083,0.222887,0.0,inf,0,1.0,0.0634,0.0218,0.0,1.0,0.0,0.6133,0.2
309,29__2103,295,11.8,0.229248,0.186163,5.84,51.354,0,1.0,0.0416,0.0166,0.0,0.9833,0.0,0.0812,0.36
310,29__1864,321,12.84,0.264003,0.237546,1.52,206.583,0,1.0,0.0651,0.0183,0.0,0.4767,0.0,0.7198,0.36
311,29__1453,372,14.88,0.204711,0.171759,12.96,17.308,0,1.0,0.0771,0.0205,0.0,0.9433,0.0,0.2916,0.32
312,29__435,397,15.88,0.222589,0.175353,14.2,12.159,0,0.9871,0.0686,0.0126,0.0,0.92,0.0,0.3859,0.24
313,29__443,271,10.84,0.265347,0.242131,9.12,191.143,0,1.0,0.0538,0.0233,0.0,1.0,0.0,0.35,0.16
314,29__1000,323,12.92,0.175563,0.160598,6.52,inf,0,1.0,0.0163,0.0059,0.0,0.73,0.0,0.0,0.2
315,29__2020,432,17.28,0.305308,0.283031,6.08,38.611,0,0.8932,0.0583,0.0188,0.0,0.8367,0.0,0.8066,0.36
316,29__242,439,17.56,0.211898,0.189517,14.52,69.014,0,0.8486,0.0229,0.0073,0.0,1.0,0.0,0.2126,0.28
317,29__1887,328,13.12,0.277725,0.236028,8.36,8.061,0,1.0,0.1315,0.0259,0.0,0.9433,0.0,0.6474,0.32
318,29__1111,296,11.84,0.216845,0.17832,1.52,56.027,0,1.0,0.0653,0.0242,0.0,1.0,0.0,0.2557,0.24
319,29__387,417,16.68,0.321728,0.273703,2.0,16.066,0,0.9379,0.0859,0.0203,0.0,1.0,0.0,0.7138,0.32
320,29__667,319,12.76,0.226401,0.208991,8.84,27.1,0,1.0,0.0445,0.0132,0.0,1.0,0.0,0.0,0.36
321,29__1275,354,14.16,0.216441,0.19352,12.48,92.776,0,1.0,0.0486,0.0169,0.0,1.0,0.0,0.0,0.24
322,29__1489,315,12.6,0.186225,0.174341,6.8,inf,0,1.0,0.0205,0.0112,0.0,0.7633,0.0,0.0,0.24
323,29__119,345,13.8,0.295372,0.267322,1.08,inf,0,1.0,0.0552,0.0112,0.0,1.0,0.0,0.5295,0.28
324,29__2034,460,18.4,0.27719,0.253663,9.96,30.5,0,0.8307,0.0601,0.028,0.0,0.9033,0.0,0.6288,0.28
325,29__554,370,14.8,0.310913,0.280192,7.6,28.604,0,1.0,0.0603,0.0208,0.0,0.9967,0.0,0.589,0.36
326,29__1406,269,10.76,0.215119,0.197658,3.52,26.572,0,1.0,0.0987,0.0325,0.0,0.9267,0.0,0.0,0.24
327,29__1639,326,13.04,0.272892,0.1975,4.04,inf,0,1.0,0.0345,0.011,0.0,0.75,0.0,0.7493,0.36
328,29__1586,260,10.4,0.196802,0.182247,10.16,18.576,0,1.0,0.0986,0.0255,0.0,0.8833,0.0,0.0,0.36
329,29__182,360,14.4,0.205145,0.175755,10.2,55.907,0,1.0,0.1021,0.0365,0.0,0.81,0.0,0.0,0.36
330,29__767,333,13.32,0.250237,0.213795,0.0,inf,0,1.0,0.0287,0.007,0.0,0.8933,0.0,0.4303,0.32
331,29__44,266,10.64,0.216498,0.195356,7.0,127.25,0,1.0,0.0256,0.0163,0.0,1.0,0.0,0.0,0.28
332,29__1949,343,13.72,0.201264,0.18446,12.56,24.121,0,1.0,0.0186,0.0096,0.0,0.93,0.0,0.0,0.28
333,29__1545,298,11.92,0.166276,0.15029,8.16,40.383,0,1.0,0.0239,0.0056,0.0,0.64,0.0,0.0,0.2
334,29__1749,430,17.2,0.161216,0.133446,11.44,inf,0,0.8258,0.0436,0.0129,0.0,0.6667,0.0,0.0,0.28
335,29__1057,381,15.24,0.28533,0.247191,12.08,11.403,0,1.0,0.0986,0.0285,0.0,1.0,0.0,0.6088,0.16
336,29__1098,429,17.16,0.276665,0.187771,1.04,inf,0,0.8668,0.0174,0.0165,0.0001,0.93,0.0,0.6962,0.28
337,29__111,362,14.48,0.256159,0.225282,4.36,21.071,0,1.0,0.0261,0.0083,0.0,0.8767,0.0,0.5588,0.32
338,29__702,422,16.88,0.198954,0.182382,0.64,127.345,0,0.8714,0.0147,0.022,0.0,1.0,0.0,0.0,0.24
339,29__2038,328,13.12,0.211332,0.194247,8.44,22.376,0,1.0,0.0316,0.0079,0.0,0.9433,0.0,0.0,0.32
340,29__1153,350,14.0,0.342506,0.317192,11.12,16.18,0,1.0,0.0789,0.0237,0.0,1.0,0.0,0.7859,0.36
341,29__2147,142,5.68,0.324325,0.282273,3.28,inf,0,1.0,0.0157,0.0208,0.0,1.0,0.0,0.8041,0.2
342,29__1621,524,20.96,0.450454,0.27692,5.2,4.653,0,0.8454,0.3129,0.1031,0.0001,1.0,0.4463,0.8776,0.36
343,29__1991,424,16.96,0.234545,0.172501,15.32,21.191,0,0.8946,0.1114,0.0278,0.0001,1.0,0.0,0.3329,0.2
344,29__1901,340,13.6,0.172435,0.160066,5.44,20.705,0,1.0,0.0778,0.0214,0.0,0.6633,0.0,0.0,0.2
345,29__1298,355,14.2,0.214934,0.165523,0.8,inf,0,1.0,0.0307,0.0208,0.0001,0.4967,0.0,0.4459,0.24
346,29__1079,298,11.92,0.20352,0.167287,11.4,inf,0,1.0,0.0388,0.0163,0.0,0.9367,0.0,0.0,0.2
347,29__1383,469,18.76,0.178785,0.134484,0.0,inf,0,0.8047,0.0215,0.0065,0.0,0.76,0.0,0.1303,0.28
348,29__2002,350,14.0,0.214994,0.175542,3.68,22.264,0,1.0,0.039,0.0091,0.0,1.0,0.0,0.0,0.24
349,29__943,386,15.44,0.299058,0.274736,2.16,11.703,0,1.0,0.0704,0.0355,0.0,0.7367,0.0,0.7829,0.32
350,29__604,440,17.6,0.190346,0.164411,14.48,inf,0,0.8554,0.0177,0.0044,0.0,0.9133,0.0,0.0,0.2
351,29__304,275,11.0,0.221386,0.196914,9.56,21.092,0,1.0,0.0829,0.024,0.0,1.0,0.0,0.0,0.28
352,29__1718,350,14.0,0.296716,0.248702,1.48,inf,0,1.0,0.12,0.0396,0.0,0.8867,0.0,0.569,0.4
353,29__1424,310,12.4,0.193517,0.173377,5.4,20.283,0,1.0,0.0233,0.0245,0.0,0.85,0.0,0.0,0.28
354,29__1284,236,9.44,0.183511,0.156129,9.4,10.915,0,1.0,0.1186,0.0497,0.0,0.7233,0.0,0.0,0.24
355,29__158,375,15.0,0.218057,0.202164,1.6,27.363,0,1.0,0.2343,0.0577,0.0,0.7867,0.0,0.2664,0.32
356,29__1529,440,17.6,0.265921,0.242993,15.68,89.276,0,0.8471,0.0343,0.013,0.0,0.84,0.0,0.6021,0.28
357,29__884,412,16.48,0.225534,0.18836,11.12,37.571,0,0.9011,0.0188,0.0063,0.0,0.7533,0.0,0.3386,0.28
358,29__1796,330,13.2,0.254783,0.181577,7.4,inf,0,1.0,0.0346,0.0208,0.0,0.6567,0.0,0.6866,0.24
359,29__1956,308,12.32,0.299083,0.271606,0.88,21.987,0,1.0,0.0904,0.0152,0.0,0.7433,0.0,0.7734,0.4
360,29__1566,386,15.44,0.260106,0.231742,2.0,inf,0,1.0,0.0517,0.0117,0.0,0.8767,0.0,0.5264,0.36
361,29__649,347,13.88,0.285668,0.211885,6.52,inf,0,1.0,0.0701,0.0136,0.0,1.0,0.0,0.7807,0.28
362,29__906,408,16.32,0.20066,0.170565,7.48,39.117,0,0.9189,0.0218,0.0065,0.0,0.58,0.0,0.3752,0.32
363,29__1770,328,13.12,0.333115,0.27893,5.4,7.322,0,1.0,0.1661,0.0338,0.0,0.9967,0.0904,0.7169,0.36
364,29__2079,367,14.68,0.330871,0.274787,13.68,8.688,0,1.0,0.2329,0.0747,0.0001,1.0,0.0,0.9357,0.32
365,29__183,311,12.44,0.288064,0.262918,11.88,11.75,0,1.0,0.1401,0.0443,0.0,0.7133,0.0,0.7978,0.36
366,29__1816,300,12.0,0.196008,0.170861,0.04,inf,0,1.0,0.0246,0.0095,0.0,0.8233,0.0,0.0933,0.24
367,29__1943,318,12.72,0.431133,0.26643,5.68,4.313,0,1.0,0.092,0.0298,0.0001,1.0,0.4916,0.6548,0.36
368,29__423,402,16.08,0.296436,0.262769,11.12,21.607,0,1.0,0.1101,0.0308,0.0,0.85,0.0,0.7031,0.32
369,29__471,302,12.08,0.496114,0.259016,5.88,3.113,0,1.0,0.0993,0.0279,0.0001,1.0,0.6516,0.861,0.2
370,29__2123,354,14.16,0.20192,0.175315,0.4,48.329,0,1.0,0.0348,0.0208,0.0,0.9533,0.0,0.0,0.24
371,29__110,336,13.44,0.199301,0.176877,12.28,49.643,0,1.0,0.0642,0.0207,0.0,0.9067,0.0,0.0,0.32
372,29__1852,331,13.24,0.221909,0.15875,1.6,26.578,0,1.0,0.0324,0.01,0.0,1.0,0.0,0.0774,0.24
373,29__315,286,11.44,0.225701,0.192656,1.04,inf,0,1.0,0.0247,0.0087,0.0,0.85,0.0,0.3402,0.2
374,29__1691,300,12.0,0.321024,0.304849,11.08,79.071,0,1.0,0.0614,0.0128,0.0,1.0,0.0,0.6584,0.48
375,29__991,328,13.12,0.219059,0.196922,4.28,96.335,0,1.0,0.07,0.0225,0.0,1.0,0.0,0.0,0.2
376,29__616,300,12.0,0.3193,0.211029,1.96,4.267,0,1.0,0.0667,0.0259,0.0,1.0,0.4978,0.3903,0.16
377,29__1630,304,12.16,0.24117,0.220169,5.52,40.368,0,1.0,0.0618,0.0195,0.0,0.85,0.0,0.2997,0.28
378,29__670,286,11.44,0.150131,0.131785,8.04,192.361,0,1.0,0.0452,0.0133,0.0,0.4967,0.0,0.0,0.32
379,29__10,209,8.36,0.176797,0.164541,3.64,43.261,0,1.0,0.0402,0.0055,0.0,0.69,0.0,0.0,0.28
380,29__687,326,13.04,0.215601,0.203564,7.52,inf,0,1.0,0.1243,0.0338,0.0,0.9833,0.0,0.0,0.4
381,29__2090,487,19.48,0.227818,0.18677,1.36,360.846,0,0.7697,0.0216,0.009,0.0,1.0,0.0,0.23,0.28
382,29__1856,334,13.36,0.275606,0.200809,0.0,62.833,0,1.0,0.0662,0.0195,0.0,1.0,0.0,0.6131,0.28
383,29__1358,366,14.64,0.384698,0.214108,8.84,4.237,0,1.0,0.0594,0.0189,0.0001,1.0,0.5018,0.6531,0.32
384,29__1892,393,15.72,0.33479,0.27596,14.92,9.621,0,1.0,0.4173,0.17,0.0,0.92,0.0,0.6614,0.28
385,29__389,335,13.4,0.289044,0.235971,1.32,143.043,0,1.0,0.0629,0.0225,0.0,0.9367,0.0,0.5476,0.24
386,29__95,328,13.12,0.333359,0.312758,5.12,24.965,0,1.0,0.0943,0.0211,0.0,0.9467,0.0,0.7929,0.4
387,29__2131,408,16.32,0.15382,0.138598,5.88,inf,0,0.9182,0.016,0.008,0.0,0.58,0.0,0.0,0.24
388,29__1268,302,12.08,0.18371,0.16596,10.92,1052.25,0,1.0,0.0514,0.0205,0.0,0.7967,0.0,0.0,0.2
389,29__704,318,12.72,0.275918,0.222302,0.6,inf,0,1.0,0.0286,0.0075,0.0,1.0,0.0,0.4536,0.24
390,29__942,386,15.44,0.29237,0.262818,0.04,inf,0,0.9864,0.0429,0.0126,0.0,0.79,0.0,0.715,0.32
391,29__1384,302,12.08,0.228274,0.205368,8.32,142.763,0,1.0,0.083,0.021,0.0,0.9733,0.0,0.1862,0.28
392,29__91,321,12.84,0.279552,0.257467,3.8,39.439,0,1.0,0.0816,0.0251,0.0,1.0,0.0,0.3988,0.32
393,29__258,263,10.52,0.287152,0.24099,0.0,inf,0,1.0,0.0224,0.0097,0.0,0.99,0.0,0.5231,0.32
394,29__238,448,17.92,0.203106,0.176516,0.36,inf,0,0.845,0.0776,0.0298,0.0,1.0,0.0,0.0,0.2
395,29__1341,282,11.28,0.247508,0.20052,10.4,26.313,0,1.0,0.0592,0.0115,0.0,0.8433,0.0,0.4893,0.24
396,29__1809,327,13.08,0.251556,0.221053,1.88,inf,0,1.0,0.033,0.0066,0.0,0.8367,0.0,0.6917,0.24
397,29__38,310,12.4,0.267064,0.238189,9.72,43.26,0,1.0,0.0263,0.0208,0.0,1.0,0.0,0.3359,0.28
398,29__811,277,11.08,0.216992,0.202109,9.12,24.011,0,1.0,0.0471,0.0102,0.0,1.0,0.0,0.0,0.28
399,29__1070,238,9.52,0.183467,0.170702,9.44,20.788,0,1.0,0.0457,0.0314,0.0,0.8233,0.0,0.0,0.2
400,29__83,434,17.36,0.29151,0.250518,4.08,30.519,0,0.9193,0.0858,0.0263,0.0,0.85,0.0,0.649,0.28
401,29__1300,295,11.8,0.274763,0.225118,1.0,42.345,0,1.0,0.0872,0.0247,0.0,0.71,0.0,0.621,0.2
402,29__557,317,12.68,0.196274,0.18436,1.8,71.259,0,1.0,0.0473,0.0211,0.0,0.82,0.0,0.0,0.36
403,29__543,385,15.4,0.223579,0.198846,2.84,46.238,0,0.9893,0.0415,0.0223,0.0,1.0,0.0,0.0,0.4
404,29__1720,420,16.8,0.179622,0.159948,16.76,30.957,0,0.8847,0.0179,0.0187,0.0,0.8367,0.0,0.1036,0.28
405,29__148,442,17.68,0.222616,0.173519,11.36,inf,0,0.8386,0.0147,0.007,0.0,0.8833,0.0,0.4184,0.36
406,29__545,415,16.6,0.25685,0.236751,14.68,227.0,0,0.8918,0.0174,0.0205,0.0,0.98,0.0,0.4636,0.24
407,29__2117,363,14.52,0.196479,0.180616,13.2,33.007,0,1.0,0.035,0.0153,0.0,0.8533,0.0,0.0,0.28
408,29__152,370,14.8,0.340379,0.312837,9.88,11.842,0,1.0,0.193,0.0538,0.0,1.0,0.0,0.7662,0.36
409,29__160,294,11.76,0.1561,0.144246,8.48,26.972,0,1.0,0.0423,0.0185,0.0,0.55,0.0,0.0,0.4
410,29__1092,331,13.24,0.212944,0.169344,1.16,212.517,0,1.0,0.0789,0.0266,0.0001,1.0,0.0,0.1421,0.28
411,29__317,319,12.76,0.207695,0.174274,2.2,inf,0,1.0,0.0289,0.0088,0.0,0.9367,0.0,0.0,0.28
412,29__1703,294,11.76,0.326268,0.304027,1.6,10.85,0,1.0,0.1057,0.0362,0.0,1.0,0.0,0.7353,0.44
413,29__975,360,14.4,0.25524,0.194083,5.68,inf,0,1.0,0.0218,0.0099,0.0,0.8567,0.0,0.5288,0.24
414,29__1613,324,12.96,0.280401,0.239502,0.0,inf,0,1.0,0.0364,0.0152,0.0,0.6467,0.0,0.7398,0.4
415,29__290,284,11.36,0.1847,0.175978,2.32,49.418,0,1.0,0.1614,0.0509,0.0,0.78,0.0,0.0,0.16
416,29__1582,331,13.24,0.177535,0.157725,5.92,248.976,0,1.0,0.0256,0.0109,0.0,0.7,0.0,0.0,0.4
417,29__1270,331,13.24,0.223947,0.203311,1.36,inf,0,1.0,0.0326,0.0051,0.0,0.93,0.0,0.4545,0.24
418,29__1665,333,13.32,0.292655,0.264955,12.4,18.642,0,1.0,0.0564,0.0219,0.0,0.8667,0.0,0.6928,0.36
419,29__701,296,11.84,0.215375,0.206408,3.28,inf,0,1.0,0.0358,0.0088,0.0,1.0,0.0,0.0,0.24
420,29__1422,438,17.52,0.204564,0.189773,15.88,inf,0,0.8536,0.0212,0.0208,0.0,1.0,0.0,0.0,0.24
421,29__1478,317,12.68,0.211797,0.17636,11.12,548.4,0,1.0,0.0289,0.0075,0.0,0.9433,0.0,0.0,0.28
422,29__1666,324,12.96,0.19368,0.177951,0.64,76.198,0,1.0,0.0275,0.0123,0.0,0.85,0.0,0.0,0.36
423,29__668,326,13.04,0.240116,0.223277,5.96,65.371,0,1.0,0.0729,0.0263,0.0,0.8667,0.0,0.3503,0.28
424,29__491,345,13.8,0.228874,0.186182,1.04,42.074,0,1.0,0.062,0.0209,0.0,0.9767,0.0,0.1617,0.32
425,29__552,331,13.24,0.288554,0.248441,9.92,24.737,0,1.0,0.0945,0.0314,0.0,0.8367,0.0,0.5374,0.4
426,29__1830,346,13.84,0.209638,0.171653,3.92,31.964,0,1.0,0.043,0.015,0.0,1.0,0.0,0.0,0.24
427,29__1719,351,14.04,0.301621,0.28407,9.52,74.692,0,1.0,0.0503,0.0164,0.0,0.8467,0.0,0.7105,0.4
428,29__1848,327,13.08,0.214052,0.167421,1.68,inf,0,1.0,0.0634,0.0216,0.0,0.9667,0.0,0.0,0.4
429,29__360,428,17.12,0.189224,0.172747,0.2,34.382,0,0.8665,0.0258,0.0206,0.0,0.92,0.0,0.0,0.28
430,29__563,325,13.0,0.329082,0.259205,4.0,6.69,0,1.0,0.2271,0.0621,0.0,0.75,0.1747,0.7603,0.36
431,29__1993,441,17.64,0.260194,0.233064,5.56,113.424,0,0.8479,0.0239,0.0104,0.0,1.0,0.0,0.4024,0.24
432,29__1029,313,12.52,0.291931,0.265858,10.68,41.654,0,1.0,0.05,0.0231,0.0,0.82,0.0,0.7186,0.32
433,29__1012,292,11.68,0.171593,0.159046,4.32,inf,0,1.0,0.0287,0.0065,0.0,0.7333,0.0,0.0,0.2
434,29__1420,459,18.36,0.201509,0.175721,5.16,inf,0,0.8043,0.0215,0.045,0.0,1.0,0.0,0.0,0.28
435,29__855,429,17.16,0.241167,0.220704,10.4,62.176,0,0.869,0.0198,0.008,0.0,1.0,0.0,0.3255,0.16
436,29__694,321,12.84,0.20657,0.175363,11.32,11.283,0,1.0,0.0888,0.0194,0.0,0.5033,0.0,0.38,0.4
437,29__206,330,13.2,0.295751,0.210247,8.84,75.067,0,1.0,0.093,0.0128,0.0,0.8633,0.0,0.714,0.32
438,29__1811,430,17.2,0.200209,0.162673,0.52,696.0,0,0.8747,0.0282,0.0229,0.0,1.0,0.0,0.0,0.2
439,29__365,333,13.32,0.220863,0.195931,1.36,75.952,0,1.0,0.0461,0.0105,0.0,1.0,0.0,0.0,0.32
440,29__736,347,13.88,0.248505,0.225217,8.28,inf,0,1.0,0.0395,0.0075,0.0,1.0,0.0,0.3507,0.28
441,29__893,342,13.68,0.351923,0.249366,9.44,6.694,0,1.0,0.085,0.016,0.0,1.0,0.1741,0.775,0.4
442,29__1667,623,24.92,0.273462,0.178473,16.48,inf,0,0.7707,0.1529,0.0258,0.0001,0.9833,0.0,0.6931,0.4
443,29__247,295,11.8,0.30759,0.244132,9.96,13.136,0,1.0,0.0675,0.0208,0.0,0.8,0.0,0.7522,0.32
444,29__1544,327,13.08,0.16398,0.146427,0.56,inf,0,1.0,0.0163,0.0223,0.0,0.6367,0.0,0.0,0.2
445,29__142,447,17.88,0.203011,0.175976,15.32,49.157,0,0.8364,0.0284,0.0226,0.0,0.8,0.0,0.2026,0.4
446,29__1824,363,14.52,0.298511,0.248466,6.76,inf,0,1.0,0.1374,0.0563,0.0,1.0,0.0,0.5493,0.28
447,29__1643,427,17.08,0.317403,0.272564,1.84,29.214,0,0.8975,0.0886,0.0402,0.0,0.8767,0.0,0.7964,0.4
448,29__1212,343,13.72,0.239568,0.223363,2.68,54.849,0,1.0,0.06,0.0213,0.0,0.77,0.0,0.3783,0.32
449,29__1340,366,14.64,0.254916,0.193467,5.32,12.614,0,1.0,0.1083,0.0233,0.0001,1.0,0.0,0.5912,0.32
450,29__90,284,11.36,0.184177,0.165951,0.28,694.297,0,1.0,0.0157,0.0071,0.0,0.7567,0.0,0.0,0.32
451,29__544,342,13.68,0.291226,0.251302,9.24,26.369,0,1.0,0.0787,0.0086,0.0,1.0,0.0,0.4822,0.36
452,29__721,316,12.64,0.21449,0.199085,3.84,38.123,0,1.0,0.0253,0.0208,0.0,0.99,0.0,0.0,0.24
453,29__1243,451,18.04,0.183285,0.171756,14.68,84.855,0,0.8407,0.0388,0.0059,0.0,0.9467,0.0,0.1036,0.2
454,29__867,341,13.64,0.216593,0.202885,5.96,35.062,0,1.0,0.0308,0.0158,0.0,1.0,0.0,0.0,0.28
455,29__1129,441,17.64,0.307264,0.239776,15.08,11.356,0,0.8561,0.1274,0.04,0.0001,1.0,0.0,0.675,0.28
456,29__549,333,13.32,0.287573,0.265631,12.64,14.0,0,1.0,0.0886,0.0265,0.0,0.5433,0.0,0.8117,0.44
457,29__728,441,17.64,0.284325,0.250924,15.48,inf,0,0.8558,0.0203,0.0208,0.0,0.98,0.0,0.6334,0.32
458,29__456,297,11.88,0.257112,0.220654,0.0,inf,0,1.0,0.0674,0.0085,0.0,0.6233,0.0,0.6453,0.16
459,29__369,315,12.6,0.342445,0.272305,6.44,9.455,0,1.0,0.0812,0.0143,0.0,1.0,0.0,0.854,0.32
460,29__2097,468,18.72,0.220706,0.198035,15.24,34.247,0,0.8136,0.0614,0.0164,0.0,0.5333,0.0,0.5193,0.32
461,29__2132,313,12.52,0.278718,0.246453,6.48,inf,0,1.0,0.0772,0.0383,0.0,0.7833,0.0,0.6614,0.2
462,29__1372,343,13.72,0.243839,0.213869,1.6,inf,0,1.0,0.0367,0.0141,0.0,0.7167,0.0,0.4383,0.36
463,29__1782,343,13.72,0.322805,0.256503,3.12,10.003,0,1.0,0.28,0.0971,0.0,1.0,0.0,0.5036,0.32
464,29__86,416,16.64,0.210415,0.2013,8.96,77.919,0,0.8671,0.0437,0.0147,0.0001,1.0,0.0,0.0,0.32
465,29__2118,288,11.52,0.183058,0.116723,0.0,16.558,0,1.0,0.1043,0.04,0.0,0.7767,0.0,0.0,0.28
466,29__497,466,18.64,0.294141,0.256716,10.52,143.091,0,0.8065,0.0603,0.0286,0.0002,0.83,0.0,0.7636,0.4
467,29__843,382,15.28,0.172456,0.145468,15.2,47.671,0,0.9518,0.14,0.0643,0.0,0.74,0.0,0.0,0.28
468,29__2013,337,13.48,0.295642,0.169429,0.72,26.788,0,1.0,0.0483,0.0195,0.0001,1.0,0.0,0.5576,0.24
469,29__243,317,12.68,0.234563,0.205608,4.6,inf,0,1.0,0.0434,0.019,0.0,0.84,0.0,0.4309,0.28
470,29__231,293,11.72,0.192852,0.175416,0.0,41.795,0,1.0,0.0215,0.007,0.0,0.8767,0.0,0.0,0.28
471,29__1326,251,10.04,0.162536,0.148362,9.28,33.345,0,1.0,0.0546,0.0237,0.0,0.5733,0.0,0.0,0.28
472,29__2112,301,12.04,0.352311,0.302195,4.88,7.134,0,1.0,0.1943,0.0439,0.0,0.9667,0.1155,0.8467,0.32
473,29__1702,326,13.04,0.282074,0.177671,9.4,8.316,0,1.0,0.0456,0.0208,0.0,1.0,0.0,0.4905,0.28
474,29__1776,330,13.2,0.263185,0.237783,11.12,23.168,0,1.0,0.06,0.0158,0.0,1.0,0.0,0.3884,0.32
475,29__1712,449,17.96,0.208809,0.191377,4.92,25.179,0,0.8357,0.0244,0.0063,0.0,1.0,0.0,0.0,0.36
476,29__1492,318,12.72,0.29466,0.245183,11.6,46.052,0,1.0,0.0801,0.0263,0.0,1.0,0.0,0.5872,0.32
477,29__373,339,13.56,0.296167,0.221596,1.28,81.8,0,1.0,0.0687,0.0131,0.0,0.7833,0.0,0.6859,0.36
478,29__1753,420,16.8,0.349934,0.216806,4.6,7.432,0,0.8879,0.0337,0.0364,0.0,1.0,0.0757,0.8698,0.28
479,29__798,275,11.0,0.354438,0.295065,9.32,8.0,0,1.0,0.2429,0.0601,0.0,0.98,0.0,0.8074,0.24
480,29__1650,340,13.6,0.203955,0.179284,10.56,inf,0,1.0,0.0295,0.0066,0.0,0.8467,0.0,0.2117,0.36
481,29__49,260,10.4,0.222309,0.205954,4.4,62.667,0,1.0,0.0256,0.0107,0.0,1.0,0.0,0.0941,0.32
482,29__1199,303,12.12,0.217052,0.190593,0.0,inf,0,1.0,0.14,0.0625,0.0,0.8733,0.0,0.0,0.28
483,29__1503,299,11.96,0.321252,0.267449,6.48,8.275,0,1.0,0.0566,0.0146,0.0,1.0,0.0,0.7155,0.32
484,29__880,425,17.0,0.227357,0.208241,14.0,65.207,0,0.8843,0.0358,0.0203,0.0,1.0,0.0,0.1366,0.32
485,29__1083,441,17.64,0.196264,0.179793,2.16,inf,0,0.8436,0.016,0.011,0.0,1.0,0.0,0.0,0.16
486,29__1751,476,19.04,0.203535,0.185255,4.0,28.319,0,0.8254,0.0489,0.0228,0.0,1.0,0.0,0.0,0.36
487,29__1636,347,13.88,0.188459,0.152605,2.28,99.235,0,1.0,0.0447,0.0196,0.0,0.8267,0.0,0.0,0.28
488,29__306,264,10.56,0.187676,0.160806,4.64,inf,0,1.0,0.1136,0.0276,0.0,0.79,0.0,0.0,0.24
489,29__862,344,13.76,0.256134,0.216538,0.0,inf,0,1.0,0.0437,0.0208,0.0,0.9967,0.0,0.375,0.28
490,29__886,333,13.32,0.30285,0.228859,1.68,11.995,0,1.0,0.0707,0.0269,0.0,1.0,0.0,0.6138,0.28
491,29__503,374,14.96,0.31752,0.260687,0.32,78.933,0,1.0,0.0789,0.0226,0.0,1.0,0.0,0.7316,0.44
492,29__1987,308,12.32,0.225686,0.156604,3.44,94.09,0,1.0,0.1333,0.0366,0.0001,1.0,0.0,0.0,0.24
493,29__725,305,12.2,0.211976,0.185969,2.24,55.358,0,1.0,0.0468,0.0123,0.0,0.9633,0.0,0.0,0.24
494,29__1964,310,12.4,0.231309,0.207086,8.96,18.971,0,1.0,0.1029,0.0286,0.0,0.9433,0.0,0.2598,0.2
495,29__1682,315,12.6,0.280164,0.247316,0.0,37.314,0,1.0,0.1414,0.0602,0.0,0.98,0.0,0.386,0.36
496,29__705,338,13.52,0.161047,0.150403,12.88,584.692,0,1.0,0.0371,0.0058,0.0,0.5633,0.0,0.0,0.32
497,29__849,417,16.68,0.189768,0.155672,15.12,inf,0,0.8979,0.023,0.0094,0.0,0.8267,0.0,0.0,0.28
498,29__1907,375,15.0,0.275155,0.243916,8.88,43.222,0,1.0,0.0532,0.0158,0.0,0.8167,0.0,0.6064,0.36
499,29__540,417,16.68,0.179952,0.168628,12.44,98.314,0,0.8954,0.0141,0.0175,0.0,0.8,0.0,0.0,0.32
500,29__1842,289,11.56,0.188284,0.172921,0.72,30.524,0,1.0,0.0543,0.0184,0.0,0.8067,0.0,0.0,0.28
501,29__1935,390,15.6,0.288817,0.265336,4.36,inf,0,0.9515,0.0572,0.0125,0.0001,0.99,0.0,0.6209,0.4
502,29__984,370,14.8,0.193405,0.179039,0.04,29.66,0,1.0,0.0244,0.006,0.0,0.9133,0.0,0.0,0.16
503,29__310,305,12.2,0.187949,0.175427,10.84,38.466,0,1.0,0.0541,0.0208,0.0,0.8033,0.0,0.0,0.24
504,29__1362,439,17.56,0.179962,0.162018,1.16,inf,0,0.8521,0.0201,0.0208,0.0,0.8133,0.0,0.0,0.32
505,29__751,275,11.0,0.291474,0.216402,0.0,inf,0,1.0,0.1045,0.0116,0.0,1.0,0.0,0.6474,0.32
506,29__1502,397,15.88,0.204287,0.179494,13.6,25.769,0,0.9546,0.0271,0.0208,0.0,0.8733,0.0,0.1638,0.2
507,29__691,383,15.32,0.260102,0.232794,1.92,16.58,0,0.9729,0.0243,0.0088,0.0,0.7967,0.0,0.5772,0.44
508,29__1488,407,16.28,0.249288,0.200406,1.4,inf,0,0.9082,0.0201,0.0062,0.0,1.0,0.0,0.3981,0.24
509,29__337,321,12.84,0.268063,0.203908,6.56,inf,0,1.0,0.0457,0.0091,0.0,0.8367,0.0,0.635,0.32
510,29__639,315,12.6,0.211918,0.158281,5.48,inf,0,1.0,0.0516,0.0222,0.0001,1.0,0.0,0.0,0.2
511,29__1273,315,12.6,0.216374,0.164893,5.72,71.74,0,1.0,0.0662,0.0318,0.0,1.0,0.0,0.0,0.2
512,29__177,314,12.56,0.32712,0.291204,2.88,20.0,0,1.0,0.1072,0.0348,0.0,1.0,0.0,0.6684,0.4
513,29__526,373,14.92,0.272148,0.226505,10.08,8.293,0,1.0,0.053,0.0151,0.0,0.5633,0.0,0.731,0.44
514,29__769,325,13.0,0.313487,0.288754,9.52,21.325,0,1.0,0.053,0.024,0.0,0.9133,0.0,0.6626,0.32
515,29__2135,364,14.56,0.284267,0.21371,3.72,inf,0,1.0,0.0582,0.0147,0.0001,1.0,0.0,0.4909,0.2
516,29__1471,365,14.6,0.376862,0.216061,11.76,4.4,0,1.0,0.0658,0.022,0.0,1.0,0.48,0.6843,0.2
517,29__1322,284,11.36,0.200551,0.179639,1.88,35.702,0,1.0,0.0601,0.0214,0.0,0.9233,0.0,0.0,0.24
518,29__282,368,14.72,0.248321,0.199833,9.12,6.143,0,1.0,0.0475,0.0162,0.0,1.0,0.2477,0.4172,0.2
519,29__949,336,13.44,0.318781,0.297065,6.48,39.927,0,1.0,0.04,0.0204,0.0,0.8467,0.0,0.7752,0.36
520,29__240,295,11.8,0.180161,0.164276,0.32,42.535,0,1.0,0.0273,0.0083,0.0,0.7,0.0,0.0,0.28
521,29__125,353,14.12,0.227733,0.211029,4.2,inf,0,1.0,0.0543,0.0264,0.0,0.9533,0.0,0.1212,0.28
522,29__28,466,18.64,0.261857,0.22609,5.16,170.429,0,0.8361,0.0443,0.0098,0.0,0.6133,0.0,0.8181,0.36
523,29__1170,383,15.32,0.319835,0.284935,3.72,15.513,0,1.0,0.09,0.0206,0.0,0.95,0.0,0.7533,0.44
524,29__919,361,14.44,0.270017,0.218491,12.88,18.017,0,1.0,0.0576,0.0208,0.0,1.0,0.0,0.3783,0.28
525,29__1080,352,14.08,0.21225,0.159832,8.04,16.089,0,1.0,0.0935,0.0237,0.0001,1.0,0.0,0.0,0.24
526,29__935,440,17.6,0.280041,0.245482,0.0,inf,0,0.8532,0.033,0.0207,0.0,0.8533,0.0,0.6519,0.32
527,29__220,455,18.2,0.206194,0.191064,1.64,208.0,0,0.8582,0.0444,0.0125,0.0,0.8533,0.0,0.1793,0.32
528,29__1679,328,13.12,0.18111,0.157371,0.64,inf,0,1.0,0.0344,0.0078,0.0,0.7033,0.0,0.0,0.36
529,29__1375,339,13.56,0.253891,0.227719,1.16,23.114,0,1.0,0.0778,0.0202,0.0,0.95,0.0,0.3747,0.32
530,29__1945,325,13.0,0.266162,0.23316,0.0,39.648,0,1.0,0.0772,0.0292,0.0,0.7833,0.0,0.5641,0.44
531,29__1035,307,12.28,0.187017,0.164838,10.68,55.067,0,1.0,0.0473,0.0225,0.0,0.6333,0.0,0.2016,0.24
532,29__1695,456,18.24,0.263758,0.241116,6.24,51.579,0,0.8111,0.0249,0.0208,0.0,0.64,0.0,0.7157,0.4
533,29__917,276,11.04,0.225501,0.200523,0.04,143.455,0,1.0,0.1322,0.0472,0.0,1.0,0.0,0.1721,0.36
534,29__627,267,10.68,0.219977,0.18374,1.52,15.706,0,1.0,0.0758,0.013,0.0,1.0,0.0,0.0,0.24
535,29__839,326,13.04,0.306414,0.26486,0.36,42.146,0,1.0,0.0546,0.0083,0.0,0.8233,0.0,0.771,0.28
536,29__1378,423,16.92,0.23241,0.17166,13.08,134.278,0,0.8775,0.0205,0.0276,0.0,0.9567,0.0,0.4986,0.24
537,29__1604,313,12.52,0.303967,0.271076,11.52,11.398,0,1.0,0.2215,0.0553,0.0,0.8267,0.0,0.7588,0.28
538,29__346,301,12.04,0.284715,0.253468,8.52,17.598,0,1.0,0.1,0.0256,0.0,0.7667,0.0,0.6391,0.32
539,29__2114,314,12.56,0.21535,0.183654,11.04,9.31,0,1.0,0.0718,0.0208,0.0,0.93,0.0,0.4671,0.24
540,29__1380,299,11.96,0.226678,0.200097,0.0,inf,0,1.0,0.0517,0.0205,0.0,0.88,0.0,0.2472,0.28
541,29__1608,318,12.72,0.242321,0.204577,10.48,13.806,0,1.0,0.0707,0.0239,0.0,0.8133,0.0,0.3924,0.28
542,29__674,302,12.08,0.189961,0.165371,0.28,inf,0,1.0,0.0451,0.022,0.0,0.7033,0.0,0.1605,0.24
543,29__1922,419,16.76,0.27742,0.204724,6.84,inf,0,0.8882,0.0191,0.0241,0.0001,0.8233,0.0,0.7524,0.36
544,29__52,452,18.08,0.231685,0.209881,8.0,47.528,0,0.8346,0.0219,0.0099,0.0,0.7867,0.0,0.3612,0.36
545,29__342,317,12.68,0.193457,0.166664,0.08,15.839,0,1.0,0.0788,0.0239,0.0,0.7967,0.0,0.1052,0.24
546,29__1844,410,16.4,0.205825,0.196643,4.6,698.667,0,0.8872,0.0174,0.0106,0.0,1.0,0.0,0.0,0.28
547,29__33,435,17.4,0.281984,0.239732,15.2,10.004,0,0.9139,0.0592,0.0182,0.0,0.89,0.0,0.7062,0.32
548,29__929,322,12.88,0.191976,0.173345,0.76,25.857,0,1.0,0.0263,0.0177,0.0,0.8233,0.0,0.0,0.28
549,29__68,255,10.2,0.225677,0.214622,3.48,31.482,0,1.0,0.0803,0.0109,0.0,1.0,0.0,0.0,0.32
550,29__1556,348,13.92,0.207084,0.19655,8.12,inf,0,1.0,0.0472,0.0208,0.0,0.9167,0.0,0.0,0.32
551,29__433,352,14.08,0.194121,0.183177,3.12,16.554,0,1.0,0.0416,0.0098,0.0,0.83,0.0,0.0,0.24
552,29__1413,318,12.72,0.304023,0.248574,5.6,11.664,0,1.0,0.1365,0.0352,0.0,1.0,0.0,0.7012,0.28
553,29__738,286,11.44,0.416826,0.25598,0.92,3.341,0,1.0,0.042,0.0159,0.0,1.0,0.6212,0.7624,0.36
554,29__1819,331,13.24,0.292697,0.245799,0.84,inf,0,1.0,0.0829,0.0198,0.0,0.8133,0.0,0.6855,0.28
555,29__1022,337,13.48,0.306953,0.233058,0.44,inf,0,1.0,0.0258,0.0208,0.0,1.0,0.0,0.6686,0.24
556,29__1873,336,13.44,0.328835,0.29926,2.4,8.473,0,1.0,0.0832,0.0282,0.0,1.0,0.0,0.7145,0.32
557,29__348,324,12.96,0.241622,0.168629,11.64,11.356,0,1.0,0.0346,0.0133,0.0,0.67,0.0,0.4191,0.28
558,29__1678,281,11.24,0.188037,0.159511,3.28,16.633,0,1.0,0.0709,0.0168,0.0,0.6833,0.0,0.0,0.36
559,29__2134,332,13.28,0.244858,0.157166,2.0,31.996,0,1.0,0.061,0.0128,0.0,1.0,0.0,0.2379,0.16
560,29__1662,447,17.88,0.204984,0.187022,10.48,inf,0,0.8314,0.0163,0.0072,0.0,1.0,0.0,0.0,0.36
561,29__228,329,13.16,0.213768,0.2064,12.6,17.466,0,1.0,0.0472,0.0132,0.0,1.0,0.0,0.0,0.28
562,29__1825,386,15.44,0.242958,0.180726,3.08,22.199,0,0.9597,0.034,0.013,0.0,1.0,0.0,0.279,0.24
563,29__588,452,18.08,0.248523,0.218707,10.28,20.643,0,0.8289,0.0416,0.0134,0.0,0.8,0.0,0.5207,0.36
564,29__1156,295,11.8,0.176501,0.167671,7.4,inf,0,1.0,0.0386,0.0203,0.0,0.6867,0.0,0.0,0.32
565,29__151,330,13.2,0.222185,0.171072,8.36,inf,0,1.0,0.0615,0.0161,0.0,1.0,0.0,0.0,0.36
566,29__59,344,13.76,0.287817,0.254827,9.96,75.441,0,1.0,0.1115,0.0473,0.0,0.8533,0.0,0.6029,0.48
567,29__916,317,12.68,0.245071,0.225677,9.64,67.378,0,1.0,0.023,0.0163,0.0,0.61,0.0,0.5202,0.32
568,29__853,412,16.48,0.258942,0.232235,13.92,60.196,0,0.9139,0.0247,0.0098,0.0,0.84,0.0,0.5112,0.24
569,29__1504,337,13.48,0.192193,0.170209,9.52,33.798,0,1.0,0.0545,0.0083,0.0,0.8033,0.0,0.0,0.24
570,29__327,296,11.84,0.21365,0.200783,0.4,33.265,0,1.0,0.04,0.0084,0.0,1.0,0.0,0.0,0.24
571,29__1269,379,15.16,0.209462,0.197509,1.72,109.092,0,0.9818,0.0412,0.0179,0.0,0.9667,0.0,0.0,0.24
572,29__149,369,14.76,0.320279,0.270528,10.56,30.013,0,1.0,0.1441,0.0438,0.0,1.0,0.0,0.6472,0.44
573,29__1519,371,14.84,0.200656,0.172072,12.04,155.845,0,1.0,0.1044,0.022,0.0001,0.8533,0.0,0.0,0.32
574,29__114,494,19.76,0.230924,0.201997,10.24,34.139,0,0.7743,0.0395,0.016,0.0001,0.8067,0.0,0.5138,0.28
575,29__1799,312,12.48,0.210783,0.183256,2.0,24.436,0,1.0,0.0287,0.0168,0.0,1.0,0.0,0.0,0.2
576,29__1160,287,11.48,0.15391,0.137592,2.4,15.166,0,1.0,0.0344,0.023,0.0,0.5267,0.0,0.1314,0.24
577,29__1652,393,15.72,0.292256,0.212759,14.32,9.747,0,0.9964,0.0643,0.0311,0.0,0.93,0.0,0.5791,0.36
578,29__284,326,13.04,0.21085,0.164306,7.64,11.698,0,1.0,0.0493,0.0145,0.0,1.0,0.0,0.0819,0.2
579,29__144,362,14.48,0.25584,0.233837,2.2,121.677,0,1.0,0.0633,0.0123,0.0,0.9,0.0,0.3888,0.44
580,29__484,417,16.68,0.243043,0.171501,0.0,inf,0,0.8836,0.0263,0.0091,0.0,1.0,0.0,0.2864,0.24
581,29__2033,453,18.12,0.255112,0.211919,1.24,inf,0,0.8621,0.0624,0.0206,0.0,0.6667,0.0,0.6614,0.28
582,29__1088,230,9.2,0.229854,0.215815,1.16,inf,0,1.0,0.1805,0.0355,0.0,1.0,0.0,0.0,0.32
583,29__987,289,11.56,0.219591,0.175864,2.64,48.321,0,1.0,0.0505,0.0208,0.0,1.0,0.0,0.0,0.28
584,29__524,341,13.64,0.322614,0.301073,7.84,15.676,0,1.0,0.1041,0.0174,0.0,0.8933,0.0,0.7683,0.48
585,29__2085,484,19.36,0.204084,0.163393,4.68,inf,0,0.7714,0.0205,0.0082,0.0,1.0,0.0,0.0,0.36
586,29__1093,293,11.72,0.322248,0.290354,0.28,148.636,0,1.0,0.0597,0.0208,0.0,0.9067,0.0,0.7952,0.36
587,29__559,335,13.4,0.338251,0.261187,6.08,14.803,0,1.0,0.0621,0.016,0.0,1.0,0.0,0.8228,0.4
588,29__6,164,6.56,0.280706,0.240277,1.84,inf,0,0.7629,0.0174,0.0171,0.0,1.0,0.0,0.6078,0.16
589,29__1525,440,17.6,0.173121,0.154828,17.32,inf,0,0.8443,0.0123,0.0051,0.0,0.8333,0.0,0.0,0.28
590,29__1142,315,12.6,0.190939,0.165549,0.12,inf,0,1.0,0.043,0.0157,0.0,0.85,0.0,0.0,0.2
591,29__1933,459,18.36,0.292908,0.250602,9.96,32.875,0,0.8257,0.0412,0.01,0.0,0.9733,0.0,0.6547,0.4
592,29__882,362,14.48,0.294078,0.25358,0.88,19.516,0,1.0,0.1149,0.0263,0.0,0.9367,0.0,0.6609,0.36
593,29__710,348,13.92,0.260329,0.203973,2.36,35.087,0,1.0,0.0381,0.0086,0.0,0.8867,0.0,0.4526,0.4
594,29__137,419,16.76,0.305473,0.220787,6.0,inf,0,0.8864,0.0129,0.0049,0.0,1.0,0.0,0.6798,0.32
595,29__262,460,18.4,0.207309,0.175051,13.64,35.252,0,0.8175,0.027,0.0109,0.0,0.9933,0.0,0.2455,0.24
596,29__1827,422,16.88,0.21283,0.188344,10.32,53.851,0,0.8772,0.0222,0.0208,0.0,1.0,0.0,0.14,0.2
597,29__700,367,14.68,0.182341,0.156879,10.76,25.746,0,1.0,0.0843,0.029,0.0,0.7167,0.0,0.1316,0.2
598,29__479,338,13.52,0.216068,0.167238,1.04,105.369,0,1.0,0.0529,0.0232,0.0001,1.0,0.0,0.0,0.2
599,29__414,351,14.04,0.244835,0.214432,4.6,20.893,0,1.0,0.0529,0.0053,0.0,0.93,0.0,0.361,0.28
600,29__1670,270,10.8,0.169549,0.155036,10.76,46.72,0,1.0,0.0691,0.02,0.0,0.6033,0.0,0.0,0.4
601,29__1698,457,18.28,0.206679,0.181129,12.8,162.75,0,0.8186,0.0243,0.0208,0.0,0.7867,0.0,0.2848,0.4
602,29__179,317,12.68,0.1919,0.174107,0.0,50.677,0,1.0,0.0443,0.0201,0.0,0.8633,0.0,0.0,0.28
603,29__2113,453,18.12,0.265314,0.245,0.6,33.81,0,0.8164,0.0314,0.01,0.0,1.0,0.0,0.6188,0.24
604,29__1149,350,14.0,0.291591,0.23816,5.08,inf,0,1.0,0.042,0.0208,0.0,1.0,0.0,0.5167,0.36
605,29__200,326,13.04,0.200713,0.185313,1.84,49.487,0,1.0,0.0477,0.0207,0.0,0.9167,0.0,0.0559,0.24
606,29__1514,327,13.08,0.24708,0.187186,2.04,inf,0,1.0,0.0634,0.019,0.0,0.84,0.0,0.3567,0.24
607,29__1612,420,16.8,0.204273,0.195721,1.88,inf,0,0.8864,0.0167,0.0082,0.0,1.0,0.0,0.0,0.4
608,29__888,439,17.56,0.223347,0.18208,0.16,inf,0,0.8436,0.0191,0.0097,0.0,0.9833,0.0,0.1781,0.2
609,29__610,308,12.32,0.217927,0.201208,1.92,inf,0,1.0,0.0353,0.0061,0.0,1.0,0.0,0.0,0.28
610,29__1281,325,13.0,0.160896,0.138525,12.64,70.302,0,1.0,0.0376,0.011,0.0,0.6367,0.0,0.0,0.24
611,29__1449,351,14.04,0.274956,0.237832,1.0,inf,0,1.0,0.0957,0.0241,0.0,0.57,0.0,0.7536,0.36
612,29__275,463,18.52,0.201309,0.185809,5.84,inf,0,0.8011,0.0239,0.0115,0.0,1.0,0.0,0.0,0.28
613,29__1880,448,17.92,0.179251,0.156695,17.88,427.667,0,0.8564,0.0273,0.0052,0.0,0.86,0.0,0.0,0.32
614,29__1123,394,15.76,0.291994,0.232296,0.0,30.391,0,0.8704,0.14,0.1458,0.0,0.9367,0.0,0.6619,0.16
615,29__779,329,13.16,0.245531,0.214259,4.72,inf,0,1.0,0.0718,0.0245,0.0,0.95,0.0,0.3731,0.2
616,29__565,327,13.08,0.312335,0.28944,7.4,11.986,0,1.0,0.1315,0.0314,0.0,0.8033,0.0,0.7779,0.36
617,29__39,430,17.2,0.324732,0.197348,15.48,16.17,0,0.8707,0.0441,0.0207,0.0,1.0,0.0,0.7459,0.36
618,29__908,317,12.68,0.288535,0.246388,6.16,16.614,0,1.0,0.0472,0.0151,0.0,0.89,0.0,0.5791,0.36
619,29__699,296,11.84,0.221196,0.205489,9.2,inf,0,1.0,0.0973,0.0413,0.0,1.0,0.0,0.0,0.24
620,29__1793,308,12.32,0.335762,0.21418,11.28,6.423,0,1.0,0.0944,0.0283,0.0,1.0,0.2103,0.5198,0.2
621,29__1475,354,14.16,0.171614,0.155711,12.84,inf,0,1.0,0.0409,0.0145,0.0,0.6533,0.0,0.0,0.24
622,29__1403,343,13.72,0.212838,0.198332,8.64,29.425,0,1.0,0.058,0.0188,0.0,1.0,0.0,0.0269,0.24
623,29__1118,438,17.52,0.201031,0.194607,8.44,134.117,0,0.8486,0.0172,0.0079,0.0,1.0,0.0,0.0,0.2
624,29__1020,318,12.72,0.372839,0.220819,11.52,4.495,0,1.0,0.0786,0.0175,0.0,1.0,0.4673,0.734,0.28
625,29__1988,442,17.68,0.199455,0.181005,0.12,741.0,0,0.8447,0.0141,0.0171,0.0,1.0,0.0,0.02,0.2
626,29__1917,344,13.76,0.416258,0.19578,1.64,4.958,0,1.0,0.0891,0.0225,0.0003,1.0,0.4056,0.7967,0.36
627,29__1019,286,11.44,0.20307,0.173496,6.36,76.758,0,1.0,0.0402,0.0383,0.0,0.87,0.0,0.0,0.28
628,29__2071,373,14.92,0.312299,0.281755,4.28,43.708,0,1.0,0.1386,0.0634,0.0,1.0,0.0,0.5566,0.44
629,29__427,388,15.52,0.215995,0.190916,13.84,20.692,0,1.0,0.0602,0.0164,0.0,0.5967,0.0,0.4567,0.32
630,29__730,287,11.48,0.213715,0.19906,6.52,161.011,0,1.0,0.0371,0.0083,0.0,1.0,0.0,0.0,0.24
631,29__1470,315,12.6,0.229508,0.1547,1.08,229.391,0,1.0,0.0313,0.0118,0.0,1.0,0.0,0.1293,0.28
632,29__1512,353,14.12,0.213986,0.187974,0.84,38.912,0,1.0,0.0501,0.0163,0.0,1.0,0.0,0.0,0.28
633,29__34,446,17.84,0.302091,0.272507,15.32,19.156,0,0.8411,0.0329,0.0182,0.0,1.0,0.0,0.6257,0.32
634,29__1758,444,17.76,0.185448,0.137003,0.84,63.896,0,0.8457,0.0357,0.0163,0.0,0.4667,0.0,0.3447,0.4
635,29__1412,230,9.2,0.210124,0.179803,7.84,14.246,0,1.0,0.0797,0.0214,0.0,0.95,0.0,0.0,0.28
636,29__1274,323,12.92,0.185836,0.15526,0.0,28.98,0,1.0,0.0604,0.0164,0.0,0.83,0.0,0.0,0.2
637,29__94,323,12.92,0.301614,0.286175,0.84,40.514,0,1.0,0.0667,0.0221,0.0,0.9933,0.0,0.5619,0.4
638,29__551,369,14.76,0.301643,0.27582,5.6,34.608,0,1.0,0.0454,0.0163,0.0,0.7967,0.0,0.7424,0.44
639,29__682,479,19.16,0.292852,0.252421,10.52,18.773,0,0.8129,0.0533,0.0119,0.0,0.78,0.0,0.7991,0.36
640,29__442,273,10.92,0.351437,0.220982,9.68,5.237,0,1.0,0.0546,0.0118,0.0,1.0,0.3684,0.3388,0.16
641,29__1025,310,12.4,0.305348,0.24356,10.72,48.543,0,1.0,0.0772,0.0248,0.0,0.9667,0.0,0.6553,0.32
642,29__587,312,12.48,0.338742,0.248964,0.16,21.952,0,1.0,0.1365,0.0208,0.0,1.0,0.0,0.8681,0.4
643,29__379,320,12.8,0.353401,0.28178,6.04,8.068,0,1.0,0.0545,0.0252,0.0,1.0,0.0,0.8953,0.44
644,29__404,305,12.2,0.275667,0.225368,0.0,21.094,0,1.0,0.0645,0.0208,0.0,1.0,0.0,0.6748,0.36
645,29__339,317,12.68,0.305713,0.22072,9.32,9.135,0,1.0,0.0613,0.0142,0.0,1.0,0.0,0.6584,0.24
646,29__1343,440,17.6,0.232725,0.221029,14.76,248.048,0,0.8429,0.1073,0.0407,0.0,1.0,0.0,0.1631,0.4
647,29__562,415,16.6,0.229334,0.212399,12.8,70.847,0,0.895,0.0263,0.0108,0.0,1.0,0.0,0.1578,0.28
648,29__244,450,18.0,0.257414,0.218247,0.0,280.385,0,0.8446,0.033,0.0214,0.0,0.8533,0.0,0.5555,0.24
649,29__225,434,17.36,0.205519,0.191259,5.6,227.641,0,0.855,0.0183,0.0249,0.0,1.0,0.0,0.0,0.28
650,29__575,338,13.52,0.283374,0.247484,1.6,16.765,0,1.0,0.0729,0.0212,0.0,0.8967,0.0,0.5228,0.28
651,29__226,447,17.88,0.283562,0.218486,0.56,31.942,0,0.8482,0.1172,0.0377,0.0,0.9333,0.0,0.6609,0.28
652,29__638,362,14.48,0.252884,0.200369,6.64,inf,0,1.0,0.0188,0.0065,0.0,1.0,0.0,0.724,0.2
653,29__965,427,17.08,0.176345,0.153705,2.0,inf,0,0.8739,0.0163,0.013,0.0,0.8533,0.0,0.0,0.16
654,29__1068,432,17.28,0.208159,0.180717,0.64,67.632,0,0.8607,0.034,0.012,0.0,1.0,0.0,0.0029,0.32
655,29__1334,288,11.52,0.185351,0.170152,8.44,inf,0,1.0,0.0586,0.0178,0.0,0.7467,0.0,0.0,0.32
656,29__29,317,12.68,0.210827,0.180843,0.84,617.875,0,1.0,0.0186,0.0054,0.0,0.7333,0.0,0.1859,0.24
657,29__1193,419,16.76,0.263536,0.240002,3.32,66.642,0,0.8907,0.0321,0.0123,0.0,1.0,0.0,0.4852,0.36
658,29__1104,448,17.92,0.197518,0.182302,4.0,243.897,0,0.8382,0.0295,0.0144,0.0001,1.0,0.0,0.0,0.16
659,29__1250,310,12.4,0.297537,0.150525,11.32,6.084,0,1.0,0.0507,0.021,0.0001,1.0,0.2555,0.5476,0.24
660,29__1995,360,14.4,0.146232,0.129279,12.04,736.6,0,1.0,0.1043,0.0363,0.0,0.4567,0.0,0.0,0.24
661,29__1177,381,15.24,0.221168,0.20138,10.08,51.057,0,0.9786,0.023,0.0125,0.0,0.7433,0.0,0.2957,0.32
662,29__518,355,14.2,0.281597,0.200974,0.84,inf,0,0.8968,0.1373,0.1248,0.0,1.0,0.0,0.4529,0.4
663,29__1427,305,12.2,0.203544,0.184856,0.72,inf,0,1.0,0.0472,0.0128,0.0,0.9433,0.0,0.0,0.24
664,29__1216,461,18.44,0.17856,0.156822,2.96,inf,0,0.8289,0.0286,0.0111,0.0,0.7533,0.0,0.0941,0.24
665,29__964,317,12.68,0.186001,0.17128,2.52,inf,0,1.0,0.0487,0.0241,0.0,0.77,0.0,0.0,0.2
666,29__75,331,13.24,0.278016,0.228299,11.28,17.412,0,1.0,0.0703,0.0208,0.0,1.0,0.0,0.3762,0.36
667,29__1458,310,12.4,0.215386,0.193832,10.04,inf,0,1.0,0.039,0.0069,0.0,1.0,0.0,0.0,0.28
668,29__1576,337,13.48,0.460787,0.304698,3.88,2.364,0,1.0,0.0687,0.0149,0.0001,1.0,0.7514,0.8748,0.4
669,29__1900,314,12.56,0.242214,0.203407,0.0,565.625,0,1.0,0.0572,0.0208,0.0,0.93,0.0,0.2572,0.24
670,29__1849,452,18.08,0.224884,0.199712,8.04,29.222,0,0.8357,0.058,0.0175,0.0,0.54,0.0,0.6112,0.28
671,29__514,381,15.24,0.217676,0.191521,0.0,inf,0,0.9857,0.0557,0.0132,0.0,0.73,0.0,0.3007,0.36
672,29__354,343,13.72,0.179951,0.163255,9.48,inf,0,1.0,0.0415,0.0208,0.0,0.7167,0.0,0.0,0.36
673,29__1217,292,11.68,0.181269,0.161,1.12,34.82,0,1.0,0.08,0.0159,0.0,0.6533,0.0,0.1041,0.28
674,29__1966,458,18.32,0.182459,0.147884,0.0,inf,0,0.8418,0.0348,0.0122,0.0,0.7933,0.0,0.1379,0.32
675,29__1249,330,13.2,0.330852,0.215557,0.0,inf,0,1.0,0.0415,0.0194,0.0,1.0,0.0,0.7895,0.32
676,29__684,331,13.24,0.313291,0.289385,6.36,15.897,0,1.0,0.0773,0.0213,0.0,0.91,0.0,0.7157,0.32
677,29__512,383,15.32,0.271843,0.237404,0.28,33.306,0,1.0,0.0819,0.0212,0.0,0.81,0.0,0.6912,0.4
678,29__555,418,16.72,0.212663,0.200047,7.76,33.573,0,0.8875,0.0375,0.0208,0.0,1.0,0.0,0.0,0.36
679,29__898,420,16.8,0.232903,0.210462,8.48,155.179,0,0.8886,0.0141,0.0068,0.0,0.8,0.0,0.3152,0.32
680,29__647,400,16.0,0.317468,0.208393,11.04,inf,0,0.935,0.0155,0.0208,0.0,1.0,0.0,0.7974,0.28
681,29__737,302,12.08,0.234443,0.209883,7.76,250.625,0,1.0,0.0444,0.0208,0.0,0.8467,0.0,0.3807,0.32
682,29__826,419,16.76,0.154283,0.130951,10.32,inf,0,0.8893,0.0226,0.008,0.0,0.6333,0.0,0.0,0.28
683,29__2062,363,14.52,0.306905,0.282251,0.0,170.071,0,1.0,0.0351,0.0135,0.0,1.0,0.0,0.6284,0.4
684,29__1048,421,16.84,0.302983,0.26264,0.44,inf,0,0.8725,0.0174,0.0083,0.0001,0.8833,0.0,0.7679,0.32
685,29__836,283,11.32,0.20226,0.18544,9.6,1671.0,0,1.0,0.0409,0.0099,0.0,0.94,0.0,0.0,0.32
686,29__1338,423,16.92,0.175348,0.148467,16.52,inf,0,0.8818,0.0203,0.0064,0.0,0.8133,0.0,0.0,0.24
687,29__1979,346,13.84,0.252909,0.210559,0.0,218.75,0,1.0,0.0298,0.0077,0.0,0.9233,0.0,0.3095,0.28
688,29__1229,369,14.76,0.198715,0.185107,1.96,inf,0,1.0,0.0611,0.02,0.0,0.8567,0.0,0.2607,0.24
689,29__134,457,18.28,0.168017,0.147138,16.64,590.056,0,0.8211,0.0163,0.0061,0.0,0.74,0.0,0.0,0.36
690,29__314,346,13.84,0.198989,0.178815,10.04,inf,0,1.0,0.0357,0.0097,0.0,0.8633,0.0,0.1433,0.32
691,29__1291,301,12.04,0.188073,0.160008,2.52,58.079,0,1.0,0.0319,0.0091,0.0,0.8167,0.0,0.0,0.16
692,29__1336,409,16.36,0.200609,0.158364,1.08,inf,0,0.8654,0.0174,0.0071,0.0,1.0,0.0,0.0,0.32
693,29__1707,310,12.4,0.252158,0.192694,7.36,11.646,0,1.0,0.0861,0.0215,0.0,0.6167,0.0,0.6879,0.36
694,29__671,448,17.92,0.159047,0.142391,17.88,inf,0,0.8354,0.0177,0.0086,0.0,0.68,0.0,0.0,0.32
695,29__1225,345,13.8,0.286429,0.223748,12.16,9.621,0,1.0,0.1457,0.0313,0.0,1.0,0.0,0.5134,0.24
696,29__402,357,14.28,0.304506,0.243728,4.48,inf,0,1.0,0.044,0.0148,0.0,1.0,0.0,0.679,0.36
697,29__2142,298,11.92,0.226232,0.138441,0.04,inf,0,0.7489,0.0485,0.0169,0.0,1.0,0.0,0.2416,0.2
698,29__1592,335,13.4,0.320714,0.276902,12.76,60.962,0,1.0,0.0707,0.0298,0.0,0.8733,0.0,0.8136,0.48
699,29__1953,352,14.08,0.285621,0.253054,2.4,10.76,0,1.0,0.0845,0.0195,0.0,0.7367,0.0,0.7543,0.4
700,29__1781,350,14.0,0.250046,0.213026,3.36,51.58,0,1.0,0.0829,0.0146,0.0,1.0,0.0,0.2219,0.28
701,29__1660,288,11.52,0.158504,0.146037,0.08,305.302,0,1.0,0.0287,0.0131,0.0,0.55,0.0,0.0,0.32
702,29__1828,328,13.12,0.177585,0.152201,1.08,inf,0,1.0,0.0326,0.0126,0.0,0.75,0.0,0.0,0.28
703,29__1961,310,12.4,0.258708,0.237971,11.76,15.946,0,1.0,0.0717,0.0209,0.0,0.4433,0.0,0.8009,0.32
704,29__1831,306,12.24,0.210132,0.193184,8.76,34.3,0,1.0,0.0262,0.0132,0.0,0.9667,0.0,0.0,0.24
705,29__241,408,16.32,0.337926,0.310008,2.88,11.68,0,0.9449,0.0819,0.0231,0.0001,1.0,0.0,0.8616,0.32
706,29__267,357,14.28,0.272695,0.255825,2.36,45.536,0,1.0,0.0378,0.0083,0.0,1.0,0.0,0.405,0.32
707,29__2030,320,12.8,0.262297,0.244896,9.8,inf,0,1.0,0.0249,0.0074,0.0,0.8667,0.0,0.4945,0.36
708,29__707,338,13.52,0.288723,0.262371,0.0,18.111,0,1.0,0.0653,0.0199,0.0,0.6767,0.0,0.8274,0.28
709,29__85,457,18.28,0.204816,0.170933,15.56,inf,0,0.8225,0.07,0.0482,0.0001,1.0,0.0,0.0,0.4
710,29__343,278,11.12,0.176292,0.16253,9.48,16.544,0,1.0,0.0929,0.0211,0.0,0.65,0.0,0.0,0.28
711,29__1738,314,12.56,0.260757,0.242805,0.0,87.837,0,1.0,0.0729,0.0208,0.0,1.0,0.0,0.3498,0.28
712,29__25,413,16.52,0.288023,0.263125,13.92,57.76,0,0.9136,0.0372,0.0133,0.0,0.9767,0.0,0.5391,0.32
713,29__388,403,16.12,0.289263,0.236158,14.56,16.566,0,0.9386,0.0358,0.0122,0.0,1.0,0.0,0.5409,0.32
714,29__1756,438,17.52,0.241057,0.210572,0.72,55.718,0,0.8629,0.0392,0.0208,0.0,0.99,0.0,0.3612,0.32
715,29__711,244,9.76,0.202101,0.178758,1.04,32.581,0,1.0,0.0888,0.0303,0.0,0.8467,0.0,0.0,0.4
716,29__195,342,13.68,0.25133,0.227711,0.0,36.937,0,1.0,0.0388,0.0119,0.0,0.87,0.0,0.4738,0.32
717,29__2084,480,19.2,0.162579,0.145661,0.4,26.876,0,0.8082,0.09,0.0187,0.0,0.7733,0.0,0.0,0.32
718,29__193,414,16.56,0.195909,0.180015,16.0,241.798,0,0.8947,0.0158,0.0063,0.0,1.0,0.0,0.0,0.24
719,29__2120,347,13.88,0.218486,0.193324,9.24,inf,0,1.0,0.023,0.0216,0.0,1.0,0.0,0.0,0.28
720,29__1761,439,17.56,0.235946,0.213265,7.32,16.466,0,0.8575,0.0731,0.0257,0.0,0.2533,0.0,0.8481,0.4
721,29__1942,469,18.76,0.206976,0.189376,7.28,1186.2,0,0.7847,0.0343,0.0093,0.0,1.0,0.0,0.0674,0.36
722,29__593,464,18.56,0.199405,0.189905,1.8,inf,0,0.7954,0.0218,0.0285,0.0001,1.0,0.0,0.0,0.24
723,29__1676,423,16.92,0.223873,0.196332,2.32,inf,0,0.8989,0.0457,0.0253,0.0,0.5633,0.0,0.4866,0.36
724,29__1535,391,15.64,0.1935,0.171087,8.6,inf,0,0.9375,0.1414,0.0486,0.0,0.85,0.0,0.094,0.28
725,29__460,306,12.24,0.212573,0.196331,4.16,33.005,0,1.0,0.0772,0.0187,0.0,1.0,0.0,0.0712,0.2
726,29__58,339,13.56,0.316186,0.275635,1.56,inf,0,1.0,0.0524,0.0143,0.0,1.0,0.0,0.6822,0.32
727,29__547,421,16.84,0.204294,0.179864,15.0,17.011,0,0.9118,0.0643,0.0184,0.0,0.8833,0.0,0.3028,0.4
728,29__1211,300,12.0,0.210841,0.199215,3.04,38.607,0,1.0,0.0644,0.0208,0.0,0.9133,0.0,0.0878,0.32
729,29__19,333,13.32,0.217987,0.208286,11.96,inf,0,1.0,0.0463,0.0144,0.0,1.0,0.0,0.0,0.24
730,29__1394,323,12.92,0.208567,0.183497,12.84,inf,0,1.0,0.07,0.0179,0.0,0.9867,0.0,0.0,0.24
731,29__2110,284,11.36,0.197507,0.167769,10.96,37.646,0,1.0,0.0538,0.02,0.0,0.7733,0.0,0.0,0.32
732,29__820,269,10.76,0.154643,0.144665,10.72,154.608,0,1.0,0.0321,0.0208,0.0,0.5733,0.0,0.0,0.28
733,29__1510,317,12.68,0.295257,0.275921,3.12,inf,0,1.0,0.0449,0.015,0.0,0.82,0.0,0.7143,0.32
734,29__146,301,12.04,0.169242,0.154437,0.04,inf,0,1.0,0.1129,0.0307,0.0,0.6633,0.0,0.0,0.28
735,29__230,301,12.04,0.239766,0.203551,5.8,25.891,0,1.0,0.0748,0.0281,0.0,0.88,0.0,0.4097,0.24
736,29__378,302,12.08,0.198168,0.177699,12.04,28.167,0,1.0,0.0615,0.0183,0.0,0.87,0.0,0.1348,0.36
737,29__437,323,12.92,0.295463,0.263524,1.8,inf,0,1.0,0.0743,0.0208,0.0,0.8033,0.0,0.6526,0.32
738,29__664,309,12.36,0.174779,0.122837,12.28,45.949,0,1.0,0.0457,0.0082,0.0,0.73,0.0,0.0,0.24
739,29__1493,293,11.72,0.209991,0.180594,9.12,30.779,0,1.0,0.0756,0.0286,0.0001,1.0,0.0,0.0,0.24
740,29__2101,412,16.48,0.305931,0.278247,10.64,16.796,0,0.9079,0.0396,0.0208,0.0,0.83,0.0,0.7916,0.32
741,29__1875,342,13.68,0.178352,0.159211,8.48,74.86,0,1.0,0.0201,0.0069,0.0,0.45,0.0,0.3122,0.24
742,29__550,364,14.56,0.234591,0.1993,13.0,26.146,0,1.0,0.0501,0.0208,0.0,0.71,0.0,0.3807,0.48
743,29__2111,312,12.48,0.296848,0.2256,11.0,6.795,0,1.0,0.0707,0.0216,0.0001,1.0,0.1606,0.5824,0.28
744,29__1041,420,16.8,0.143419,0.130694,14.2,110.645,0,0.8914,0.0229,0.0081,0.0,0.5,0.0,0.0,0.28
745,29__329,313,12.52,0.296949,0.26134,2.48,13.335,0,1.0,0.1017,0.0427,0.0,0.7567,0.0,0.7029,0.36
746,29__1310,457,18.28,0.30874,0.285302,7.16,50.659,0,0.8225,0.0258,0.0205,0.0003,1.0,0.0,0.7131,0.28
747,29__556,380,15.2,0.222484,0.201266,2.04,inf,0,0.995,0.0357,0.0178,0.0,1.0,0.0,0.0,0.4
748,29__386,328,13.12,0.168542,0.15081,0.0,35.403,0,1.0,0.0592,0.022,0.0,0.69,0.0,0.0,0.24
749,29__1140,430,17.2,0.197862,0.164252,10.96,109.58,0,0.8689,0.0194,0.0068,0.0,0.9933,0.0,0.0,0.16
750,29__2048,368,14.72,0.218976,0.192814,8.92,817.0,0,1.0,0.0305,0.0193,0.0,0.81,0.0,0.1898,0.36
751,29__445,301,12.04,0.270155,0.211568,5.96,6.279,0,1.0,0.0551,0.0225,0.0,1.0,0.2294,0.7264,0.2
752,29__1313,316,12.64,0.218019,0.199478,7.0,356.571,0,1.0,0.0301,0.0206,0.0,0.7767,0.0,0.2917,0.28
753,29__872,418,16.72,0.291223,0.197505,0.08,inf,0,0.8875,0.0212,0.0117,0.0,0.91,0.0,0.6847,0.28
754,29__810,338,13.52,0.182696,0.174351,6.96,108.913,0,1.0,0.0287,0.0109,0.0,0.7767,0.0,0.0,0.24
755,29__452,437,17.48,0.198979,0.186895,1.24,inf,0,0.8464,0.0192,0.0297,0.0,1.0,0.0,0.0,0.2
756,29__1886,354,14.16,0.247203,0.198295,7.8,7.802,0,1.0,0.1929,0.0461,0.0,0.69,0.0264,0.619,0.24
757,29__1280,326,13.04,0.267179,0.208134,0.0,55.289,0,1.0,0.0592,0.0053,0.0,1.0,0.0,0.4743,0.24
758,29__1779,304,12.16,0.176843,0.167019,0.36,16.185,0,1.0,0.0344,0.0166,0.0,0.6833,0.0,0.0,0.32
759,29__1812,298,11.92,0.215077,0.194377,10.08,58.902,0,1.0,0.143,0.0518,0.0,0.9867,0.0,0.0431,0.2
760,29__74,450,18.0,0.218713,0.205387,13.2,176.516,0,0.8207,0.0273,0.0207,0.0,1.0,0.0,0.1095,0.32
761,29__1438,291,11.64,0.340821,0.203707,5.68,5.835,0,1.0,0.0858,0.0235,0.0,0.5367,0.2887,0.8459,0.24
762,29__294,409,16.36,0.207161,0.185957,15.64,inf,0,0.9075,0.023,0.0208,0.0001,1.0,0.0,0.0,0.28
763,29__266,292,11.68,0.216334,0.205514,7.72,39.869,0,1.0,0.0661,0.0195,0.0,1.0,0.0,0.0,0.28
764,29__973,308,12.32,0.216336,0.171302,3.84,68.972,0,1.0,0.0587,0.0121,0.0,1.0,0.0,0.0,0.24
765,29__1958,272,10.88,0.220505,0.184028,9.52,8.867,0,1.0,0.1418,0.055,0.0,1.0,0.0,0.1679,0.24
766,29__121,496,19.84,0.231811,0.20212,1.72,32.514,0,0.7582,0.0475,0.0195,0.0,0.7533,0.0,0.5017,0.32
767,29__180,321,12.84,0.273418,0.249651,8.96,52.369,0,1.0,0.1061,0.0207,0.0,0.9333,0.0,0.4588,0.32
768,29__1091,291,11.64,0.213898,0.194231,0.96,inf,0,1.0,0.0558,0.007,0.0,1.0,0.0,0.0,0.32
769,29__426,325,13.0,0.206643,0.176332,12.0,28.069,0,1.0,0.0625,0.0116,0.0,0.92,0.0,0.0,0.28
770,29__1661,376,15.04,0.200417,0.172558,12.72,37.936,0,1.0,0.0472,0.0208,0.0,0.9033,0.0,0.1107,0.32
771,29__2028,426,17.04,0.244302,0.210142,15.68,22.532,0,0.8622,0.0489,0.0141,0.0,1.0,0.0,0.4262,0.28
772,29__614,356,14.24,0.260385,0.185921,8.2,6.886,0,1.0,0.0425,0.0107,0.0,1.0,0.1485,0.3467,0.24
773,29__135,345,13.8,0.208124,0.17064,7.12,325.835,0,1.0,0.0499,0.0211,0.0001,1.0,0.0,0.0,0.2
774,29__1863,409,16.36,0.297211,0.269466,4.64,16.763,0,0.9243,0.0535,0.0229,0.0,0.9167,0.0,0.7578,0.44
775,29__481,427,17.08,0.197855,0.183417,15.44,167.564,0,0.8757,0.0172,0.006,0.0,0.9067,0.0,0.0,0.32
776,29__1013,343,13.72,0.211683,0.196493,3.0,inf,0,1.0,0.0295,0.0078,0.0,1.0,0.0,0.0,0.2
777,29__874,314,12.56,0.199557,0.175629,12.36,inf,0,1.0,0.0271,0.0055,0.0,0.8933,0.0,0.0,0.28
778,29__1836,442,17.68,0.265432,0.189522,0.0,inf,0,0.8997,0.1146,0.0334,0.0,0.78,0.0,0.6881,0.36
779,29__2091,353,14.12,0.222789,0.18894,0.56,16.836,0,1.0,0.18,0.033,0.0,1.0,0.0,0.0,0.24
780,29__959,354,14.16,0.190119,0.178078,6.12,14.137,0,1.0,0.0404,0.0208,0.0,0.8,0.0,0.0,0.24
781,29__1862,368,14.72,0.294699,0.213533,4.0,inf,0,1.0,0.05,0.0177,0.0,1.0,0.0,0.5993,0.24
782,29__851,332,13.28,0.215858,0.199209,2.2,43.641,0,1.0,0.0319,0.0148,0.0,1.0,0.0,0.0,0.24
783,29__1395,416,16.64,0.262742,0.226418,12.68,24.459,0,0.8907,0.0183,0.01,0.0,1.0,0.0,0.5074,0.24
784,29__1481,296,11.84,0.215302,0.146882,3.16,37.756,0,1.0,0.0625,0.0205,0.0001,1.0,0.0,0.0,0.16
785,29__1067,312,12.48,0.263996,0.232522,0.72,inf,0,1.0,0.0472,0.0087,0.0,0.7033,0.0,0.6121,0.32
786,29__155,328,13.12,0.198723,0.171289,0.0,51.84,0,1.0,0.0167,0.0145,0.0,0.95,0.0,0.0,0.36
787,29__1656,436,17.44,0.180702,0.152327,0.08,38.247,0,0.8532,0.0291,0.011,0.0,0.8267,0.0,0.0,0.36
788,29__1264,339,13.56,0.194238,0.152672,0.92,inf,0,1.0,0.0544,0.0083,0.0,0.5167,0.0,0.3045,0.32
789,29__138,336,13.44,0.281756,0.227791,3.08,68.765,0,1.0,0.1201,0.0339,0.0,1.0,0.0,0.4316,0.28
790,29__950,351,14.04,0.310736,0.246978,6.72,9.073,0,1.0,0.0591,0.0215,0.0,1.0,0.0,0.6462,0.32
791,29__1101,327,13.08,0.209501,0.171638,0.72,inf,0,1.0,0.0618,0.0209,0.0,1.0,0.0,0.0,0.2
792,29__561,313,12.52,0.299387,0.271455,11.88,21.649,0,1.0,0.0505,0.0161,0.0,0.9067,0.0,0.7605,0.4
793,29__48,305,12.2,0.212406,0.188973,2.16,72.013,0,1.0,0.0303,0.0208,0.0,1.0,0.0,0.0,0.28
794,29__1429,425,17.0,0.193649,0.173634,16.08,133.358,0,0.8932,0.035,0.0095,0.0,0.9133,0.0,0.0,0.28
795,29__1642,320,12.8,0.265329,0.226751,11.48,7.493,0,1.0,0.0548,0.0204,0.0,0.7667,0.0676,0.6874,0.36
796,29__321,319,12.76,0.287748,0.233785,0.64,45.829,0,1.0,0.0472,0.0083,0.0,1.0,0.0,0.5081,0.28
797,29__1708,440,17.6,0.275235,0.242055,3.48,32.652,0,0.8436,0.0346,0.0161,0.0,0.57,0.0,0.7928,0.44
798,29__1600,312,12.48,0.182448,0.158819,4.52,198.846,0,1.0,0.0658,0.0212,0.0,0.69,0.0,0.0,0.24
799,29__1126,468,18.72,0.206444,0.190906,7.32,56.744,0,0.8286,0.1257,0.0398,0.0,0.8933,0.0,0.2505,0.2
800,29__993,427,17.08,0.167999,0.147949,1.36,303.0,0,0.8804,0.0326,0.0145,0.0,0.7533,0.0,0.0,0.2
801,29__771,320,12.8,0.380847,0.291146,4.64,5.936,0,1.0,0.1758,0.0553,0.0001,1.0,0.2752,0.9371,0.24
802,29__245,346,13.84,0.142166,0.126008,1.68,2103.5,0,1.0,0.0141,0.0086,0.0,0.47,0.0,0.0,0.24
803,29__2074,288,11.52,0.231719,0.186616,8.56,10.723,0,1.0,0.1048,0.0208,0.0,0.5833,0.0,0.5038,0.32
804,29__905,384,15.36,0.262287,0.240499,9.08,13.621,0,1.0,0.0716,0.0251,0.0,0.69,0.0,0.7138,0.4
805,29__31,315,12.6,0.203455,0.173142,12.4,51.494,0,1.0,0.0222,0.0125,0.0,0.9767,0.0,0.0,0.28
806,29__2139,258,10.32,0.200585,0.187659,7.08,inf,0,1.0,0.0475,0.0117,0.0,0.9133,0.0,0.0,0.28
807,29__77,354,14.16,0.287064,0.191619,10.2,12.712,0,1.0,0.1,0.0199,0.0,0.9567,0.0,0.816,0.24
808,29__1018,430,17.2,0.259271,0.223383,8.28,11.634,0,0.9229,0.106,0.0224,0.0,0.4867,0.0,0.7919,0.32
809,29__1254,429,17.16,0.203322,0.178928,0.76,82.053,0,0.8772,0.033,0.0089,0.0,1.0,0.0,0.0,0.28
810,29__1946,366,14.64,0.187806,0.155175,12.52,14.76,0,1.0,0.0802,0.021,0.0,0.5233,0.0,0.3743,0.4
811,29__1258,316,12.64,0.209893,0.140462,0.0,inf,0,1.0,0.0743,0.0208,0.0,0.6567,0.0,0.2553,0.2
812,29__1739,324,12.96,0.278585,0.228517,0.56,40.819,0,1.0,0.0472,0.0124,0.0,0.83,0.0,0.5545,0.4
813,29__1124,347,13.88,0.215277,0.205275,11.84,19.234,0,1.0,0.0371,0.0208,0.0,1.0,0.0,0.0717,0.24
814,29__286,333,13.32,0.255103,0.23304,11.0,21.663,0,1.0,0.0387,0.019,0.0,0.71,0.0,0.555,0.2
815,29__2027,461,18.44,0.200487,0.182417,7.2,174.886,0,0.8136,0.0144,0.0078,0.0,1.0,0.0,0.0333,0.28
816,29__1865,320,12.8,0.245159,0.221998,1.72,65.0,0,1.0,0.0545,0.0208,0.0,0.63,0.0,0.4536,0.36
817,29__985,345,13.8,0.269394,0.193732,0.0,inf,0,1.0,0.0341,0.0208,0.0,1.0,0.0,0.4421,0.28
818,29__787,347,13.88,0.282678,0.176166,11.04,28.366,0,1.0,0.0814,0.0213,0.0,0.6433,0.0,0.7791,0.24
819,29__500,357,14.28,0.199023,0.176418,1.04,51.73,0,1.0,0.0301,0.0126,0.0,0.7367,0.0,0.1841,0.4
820,29__106,500,20.0,0.129058,0.119851,11.4,inf,0,0.74,0.0144,0.007,0.0,0.5133,0.0,0.0,0.32
821,29__1165,316,12.64,0.212176,0.19649,10.88,inf,0,1.0,0.1272,0.0466,0.0,0.92,0.0,0.0029,0.36
822,29__517,385,15.4,0.24689,0.22051,1.0,15.232,0,0.98,0.0729,0.0255,0.0,0.8433,0.0,0.5159,0.44
823,29__1161,378,15.12,0.19736,0.170961,9.68,inf,0,1.0,0.0529,0.0161,0.0,0.9433,0.0,0.0,0.28
824,29__1792,291,11.64,0.159361,0.136273,0.72,21.839,0,1.0,0.0239,0.013,0.0,0.53,0.0,0.0,0.32
825,29__625,331,13.24,0.255926,0.235579,12.2,29.299,0,1.0,0.0458,0.0208,0.0,0.6433,0.0,0.5986,0.28
826,29__724,297,11.88,0.297546,0.260434,8.4,108.682,0,1.0,0.0459,0.013,0.0,0.8867,0.0,0.6288,0.24
827,29__246,308,12.32,0.253223,0.216264,10.88,24.219,0,1.0,0.0317,0.0206,0.0,0.9,0.0,0.3336,0.36
828,29__364,335,13.4,0.200242,0.176982,13.36,inf,0,1.0,0.042,0.0083,0.0,0.9667,0.0,0.0264,0.28
829,29__1926,321,12.84,0.28117,0.237271,10.08,19.142,0,1.0,0.0289,0.0258,0.0,0.7467,0.0,0.6028,0.4
830,29__1003,326,13.04,0.309999,0.237407,8.44,28.429,0,1.0,0.0973,0.0346,0.0001,1.0,0.0,0.6445,0.24
831,29__341,458,18.32,0.196918,0.160866,0.0,inf,0,0.8175,0.0287,0.0083,0.0,0.8533,0.0,0.351,0.28
832,29__1965,315,12.6,0.208841,0.167791,0.0,inf,0,1.0,0.1243,0.04,0.0,0.89,0.0,0.0,0.36
833,29__885,380,15.2,0.317708,0.266354,12.84,9.316,0,1.0,0.2444,0.0474,0.0001,1.0,0.0,0.9005,0.36
834,29__1305,310,12.4,0.189132,0.1732,3.32,17.998,0,1.0,0.0679,0.0214,0.0,0.81,0.0,0.0,0.2
835,29__1598,302,12.08,0.16777,0.153539,6.68,128.634,0,1.0,0.0545,0.0203,0.0,0.57,0.0,0.0,0.28
836,29__793,305,12.2,0.205752,0.163023,0.04,79.855,0,1.0,0.0315,0.0077,0.0,0.9633,0.0,0.0,0.28
837,29__685,475,19.0,0.288899,0.257454,15.28,12.531,0,0.7914,0.0451,0.0152,0.0001,0.9867,0.0,0.8036,0.32
838,29__51,460,18.4,0.335713,0.287631,18.2,13.047,0,0.8729,0.1558,0.0436,0.0001,1.0,0.0,0.9383,0.4
839,29__651,303,12.12,0.241721,0.198175,9.04,24.03,0,1.0,0.0597,0.0244,0.0001,1.0,0.0,0.2167,0.28
840,29__1726,553,22.12,0.258427,0.202602,12.2,inf,0,0.6722,0.0426,0.0462,0.0004,1.0,0.0,0.7109,0.36
841,29__332,300,12.0,0.208568,0.17281,11.24,178.856,0,1.0,0.1029,0.0238,0.0,1.0,0.0,0.0,0.2
842,29__2014,463,18.52,0.201066,0.188576,1.28,inf,0,0.8039,0.0246,0.0079,0.0,1.0,0.0,0.0,0.28
843,29__325,373,14.92,0.318962,0.299498,2.48,30.14,0,1.0,0.0701,0.0342,0.0,0.8767,0.0,0.8583,0.32
844,29__371,382,15.28,0.222738,0.205696,4.12,inf,0,0.9864,0.0502,0.0208,0.0,1.0,0.0,0.0,0.32
845,29__1790,385,15.4,0.342417,0.201972,7.24,6.031,0,0.9722,0.0365,0.0138,0.0,1.0,0.2625,0.7753,0.28
846,29__22,418,16.72,0.243598,0.193059,6.36,inf,0,0.8897,0.0294,0.0096,0.0,0.99,0.0,0.366,0.28
847,29__1463,442,17.68,0.206132,0.165152,1.2,46.653,0,0.8743,0.0388,0.0159,0.0,1.0,0.0,0.0,0.24
848,29__362,349,13.96,0.260162,0.234142,12.4,29.074,0,1.0,0.0321,0.0224,0.0,1.0,0.0,0.3547,0.24
849,29__176,363,14.52,0.25341,0.231116,1.8,47.352,0,1.0,0.0404,0.0203,0.0,0.93,0.0,0.4628,0.32
850,29__723,417,16.68,0.250805,0.223729,15.12,33.356,0,0.8936,0.0572,0.0087,0.0,0.8767,0.0,0.4988,0.24
851,29__1235,325,13.0,0.167382,0.150137,6.84,inf,0,1.0,0.0234,0.02,0.0,0.6033,0.0,0.0,0.24
852,29__1303,452,18.08,0.19467,0.165689,0.68,57.423,0,0.8193,0.0218,0.0073,0.0,1.0,0.0,0.0,0.2
853,29__1655,389,15.56,0.26419,0.236286,14.04,26.915,0,0.9736,0.0429,0.0112,0.0,0.79,0.0,0.5462,0.32
854,29__1096,444,17.76,0.199364,0.173766,0.0,inf,0,0.8368,0.0243,0.0118,0.0,0.9833,0.0,0.046,0.28
855,29__239,412,16.48,0.200362,0.187703,14.68,1756.083,0,0.9029,0.0141,0.0061,0.0,0.9433,0.0,0.0,0.32
856,29__808,308,12.32,0.230097,0.215556,2.68,inf,0,1.0,0.0773,0.0164,0.0,0.96,0.0,0.4253,0.36
857,29__1349,333,13.32,0.236319,0.207241,0.52,inf,0,1.0,0.0507,0.0129,0.0,0.93,0.0,0.2802,0.36
858,29__98,358,14.32,0.226306,0.145951,12.48,6.396,0,1.0,0.04,0.0208,0.0,0.57,0.2139,0.4817,0.4
859,29__1522,308,12.32,0.294392,0.264577,0.16,14.842,0,1.0,0.0643,0.0277,0.0,0.8133,0.0,0.7569,0.32
860,29__150,318,12.72,0.289551,0.244132,0.4,inf,0,1.0,0.094,0.0125,0.0,1.0,0.0,0.5505,0.36
861,29__438,341,13.64,0.276208,0.225235,0.04,35.885,0,1.0,0.0443,0.023,0.0,0.93,0.0,0.5272,0.2
862,29__1969,330,13.2,0.213215,0.191918,5.8,184.717,0,1.0,0.0206,0.0115,0.0,1.0,0.0,0.0,0.24
863,29__2073,351,14.04,0.218519,0.186371,1.24,13.974,0,1.0,0.0589,0.0389,0.0,1.0,0.0,0.0,0.32
864,29__1377,252,10.08,0.209217,0.155553,0.8,7.121,0,1.0,0.0756,0.0151,0.0,1.0,0.1172,0.0,0.2
865,29__313,289,11.56,0.201041,0.176878,10.44,236.143,0,1.0,0.1443,0.0335,0.0,0.9267,0.0,0.0,0.28
866,29__2129,311,12.44,0.419256,0.287623,7.24,3.641,0,1.0,0.1273,0.0274,0.0001,1.0,0.5813,0.8053,0.28
867,29__1155,346,13.84,0.345103,0.293175,12.04,15.112,0,1.0,0.0639,0.0238,0.0001,1.0,0.0,0.7981,0.36
868,29__1929,320,12.8,0.27511,0.246099,10.4,68.194,0,1.0,0.0416,0.0148,0.0,0.5933,0.0,0.6767,0.4
869,29__1684,295,11.8,0.200098,0.190803,7.56,inf,0,1.0,0.0386,0.0127,0.0,0.8367,0.0,0.0,0.32
870,29__99,292,11.68,0.157355,0.143279,8.36,inf,0,1.0,0.0163,0.0077,0.0,0.5033,0.0,0.0,0.36
871,29__2029,355,14.2,0.202132,0.186098,5.52,607.667,0,1.0,0.09,0.0294,0.0,0.81,0.0,0.0,0.32
872,29__1078,332,13.28,0.20637,0.178406,11.64,14.282,0,1.0,0.142,0.0388,0.0,0.7167,0.0,0.3324,0.2
873,29__2065,293,11.72,0.178593,0.167632,4.36,17.035,0,1.0,0.0601,0.0121,0.0,0.69,0.0,0.1516,0.4
874,29__1731,323,12.92,0.221528,0.195162,6.88,37.913,0,1.0,0.0459,0.0208,0.0,0.8233,0.0,0.3728,0.4
875,29__352,423,16.92,0.20279,0.179583,1.56,436.723,0,0.875,0.0163,0.0082,0.0,1.0,0.0,0.0,0.32
876,29__194,318,12.72,0.296983,0.281863,4.12,77.484,0,1.0,0.0387,0.0158,0.0,0.83,0.0,0.7005,0.36
877,29__408,314,12.56,0.209193,0.196825,5.28,48.569,0,1.0,0.0223,0.0073,0.0,0.98,0.0,0.0,0.36
878,29__1210,448,17.92,0.263846,0.235154,16.16,20.637,0,0.8375,0.0386,0.0093,0.0001,0.64,0.0,0.7534,0.28
879,29__948,342,13.68,0.200393,0.145901,0.84,7.796,0,1.0,0.0286,0.0063,0.0,0.6033,0.0272,0.3053,0.36
880,29__475,422,16.88,0.16487,0.14644,7.84,47.511,0,0.8843,0.0459,0.0167,0.0,0.72,0.0,0.0386,0.24
881,29__1706,434,17.36,0.220936,0.188887,13.32,22.643,0,0.8739,0.0459,0.0208,0.0,0.5733,0.0,0.499,0.4
882,29__2109,353,14.12,0.182169,0.163047,1.32,inf,0,1.0,0.07,0.0212,0.0,0.71,0.0,0.0,0.28
883,29__375,440,17.6,0.208387,0.187998,3.96,inf,0,0.8418,0.0128,0.007,0.0,1.0,0.0,0.0,0.36
884,29__318,329,13.16,0.262279,0.210158,10.04,inf,0,1.0,0.047,0.0213,0.0001,1.0,0.0,0.5859,0.28
885,29__1077,341,13.64,0.298833,0.249763,0.0,29.09,0,1.0,0.0773,0.0202,0.0,0.8367,0.0,0.7224,0.28
886,29__2126,311,12.44,0.222597,0.1515,0.88,62.252,0,1.0,0.0493,0.0236,0.0001,1.0,0.0,0.0,0.36
887,29__764,290,11.6,0.1822,0.154216,0.0,22.433,0,1.0,0.016,0.0059,0.0,0.8433,0.0,0.0,0.24
888,29__1506,370,14.8,0.262303,0.207327,1.04,inf,0,1.0,0.0401,0.0089,0.0,0.6567,0.0,0.7286,0.32
889,29__439,318,12.72,0.175108,0.153542,0.12,22.065,0,1.0,0.0262,0.0116,0.0,0.7433,0.0,0.0,0.2
890,29__528,363,14.52,0.272359,0.232211,9.84,16.272,0,1.0,0.1087,0.0327,0.0,0.8233,0.0,0.5676,0.4
891,29__868,297,11.88,0.181087,0.17257,10.64,179.69,0,1.0,0.0636,0.0154,0.0,0.76,0.0,0.0,0.28
892,29__61,354,14.16,0.296795,0.256015,0.2,inf,0,1.0,0.0775,0.0226,0.0,0.8067,0.0,0.7131,0.44
893,29__1445,308,12.32,0.317137,0.257436,2.0,27.566,0,1.0,0.0743,0.0208,0.0,1.0,0.0,0.659,0.28
894,29__41,300,12.0,0.215141,0.199638,1.28,20.246,0,1.0,0.0674,0.0254,0.0,1.0,0.0,0.0772,0.28
895,29__2088,489,19.56,0.264106,0.227277,8.48,16.085,0,0.8511,0.153,0.0352,0.0,0.6067,0.0,0.7702,0.28
896,29__1571,415,16.6,0.24074,0.207079,0.2,30.285,0,0.8932,0.0238,0.02,0.0,0.99,0.0,0.2655,0.4
897,29__1724,306,12.24,0.217263,0.169484,3.92,78.123,0,1.0,0.0698,0.0263,0.0,1.0,0.0,0.0,0.32
898,29__622,290,11.6,0.488893,0.214868,3.32,3.315,0,1.0,0.0671,0.0298,0.0001,1.0,0.6246,0.8843,0.24
899,29__301,337,13.48,0.290319,0.25162,12.32,16.045,0,1.0,0.0459,0.0124,0.0,1.0,0.0,0.5545,0.24
900,29__1443,319,12.76,0.227834,0.17757,0.0,21.407,0,1.0,0.058,0.0226,0.0,1.0,0.0,0.4505,0.28
901,29__1183,370,14.8,0.27512,0.242078,10.8,25.56,0,1.0,0.0334,0.0075,0.0,0.8567,0.0,0.5734,0.36
902,29__564,340,13.6,0.248903,0.188031,3.64,18.643,0,1.0,0.0789,0.0173,0.0,0.6567,0.0,0.4655,0.36
903,29__792,316,12.64,0.213798,0.18688,6.24,17.004,0,1.0,0.0524,0.0116,0.0,1.0,0.0,0.0,0.16
904,29__221,358,14.32,0.275141,0.253706,12.56,24.893,0,1.0,0.0714,0.0237,0.0,0.9633,0.0,0.5431,0.28
905,29__143,432,17.28,0.331218,0.305826,12.64,26.296,0,0.8696,0.0546,0.0187,0.0,1.0,0.0,0.8033,0.48
906,29__1376,290,11.6,0.304236,0.271765,9.2,16.014,0,1.0,0.0489,0.0142,0.0,1.0,0.0,0.5679,0.32
907,29__1115,413,16.52,0.34104,0.28415,0.48,26.824,0,0.9804,0.1031,0.0327,0.0,1.0,0.0,0.8829,0.28
908,29__1822,438,17.52,0.273027,0.244558,3.44,97.933,0,0.8511,0.0163,0.0071,0.0,0.99,0.0,0.5341,0.2
909,29__1112,261,10.44,0.196122,0.176582,9.12,60.591,0,1.0,0.0485,0.0208,0.0,0.8767,0.0,0.0,0.2
910,29__1263,298,11.92,0.201238,0.188089,7.16,144.811,0,1.0,0.0381,0.0123,0.0,0.9233,0.0,0.0,0.24
911,29__1955,419,16.76,0.209392,0.192244,3.52,33.546,0,0.8875,0.0167,0.0241,0.0,0.87,0.0,0.2783,0.4
912,29__812,342,13.68,0.229081,0.212479,0.72,inf,0,1.0,0.0858,0.0355,0.0,0.7567,0.0,0.3845,0.24
913,29__1279,423,16.92,0.262785,0.164579,0.44,inf,0,0.8825,0.0173,0.006,0.0,0.6933,0.0,0.6555,0.24
914,29__1009,321,12.84,0.239915,0.217147,10.92,90.56,0,1.0,0.0315,0.0208,0.0,0.8767,0.0,0.3224,0.2
915,29__791,368,14.72,0.308137,0.22949,4.6,35.941,0,1.0,0.1386,0.0437,0.0,1.0,0.0,0.7222,0.32
916,29__819,339,13.56,0.271686,0.203361,0.88,inf,0,1.0,0.0316,0.0084,0.0,1.0,0.0,0.4267,0.32
917,29__1526,269,10.76,0.155083,0.143118,6.68,23.596,0,1.0,0.0373,0.0208,0.0,0.4967,0.0,0.0,0.24
918,29__1619,303,12.12,0.157696,0.135763,0.4,1287.533,0,1.0,0.0552,0.0105,0.0,0.49,0.0,0.0,0.4
919,29__1085,448,17.92,0.247494,0.176587,0.0,inf,0,0.8329,0.0132,0.0208,0.0,0.8333,0.0,0.5484,0.28
920,29__665,477,19.08,0.196727,0.180486,2.24,inf,0,0.7804,0.0208,0.0109,0.0,1.0,0.0,0.0,0.24
921,29__108,377,15.08,0.256762,0.234167,0.0,29.647,0,1.0,0.0373,0.011,0.0,1.0,0.0,0.3752,0.24
922,29__1611,315,12.6,0.304928,0.275105,9.76,16.948,0,1.0,0.0295,0.009,0.0,1.0,0.0,0.5874,0.36
923,29__165,337,13.48,0.181821,0.166226,3.2,895.429,0,1.0,0.0326,0.0179,0.0,0.6767,0.0,0.0,0.4
924,29__1469,286,11.44,0.25774,0.213831,9.96,17.906,0,1.0,0.0287,0.0135,0.0,1.0,0.0,0.3831,0.24
925,29__2057,343,13.72,0.275136,0.249049,4.76,23.434,0,1.0,0.0507,0.0222,0.0,0.83,0.0,0.5336,0.32
926,29__432,434,17.36,0.158676,0.120179,0.08,74.528,0,0.8761,0.0604,0.0208,0.0,0.6633,0.0,0.0,0.28
927,29__1400,363,14.52,0.276139,0.228114,12.76,23.087,0,1.0,0.0201,0.0208,0.0,1.0,0.0,0.4457,0.2
928,29__320,315,12.6,0.193241,0.18404,12.52,30.099,0,1.0,0.0472,0.0227,0.0,0.8833,0.0,0.0,0.2
929,29__156,370,14.8,0.249487,0.169059,13.24,12.046,0,1.0,0.0562,0.0113,0.0,1.0,0.0,0.2772,0.24
930,29__65,347,13.88,0.275019,0.253971,7.68,17.604,0,1.0,0.1114,0.024,0.0,0.96,0.0,0.4764,0.32
931,29__932,433,17.32,0.232823,0.210382,1.2,inf,0,0.8682,0.0247,0.0066,0.0,0.92,0.0,0.32,0.32
932,29__1434,326,13.04,0.216517,0.191436,9.64,inf,0,1.0,0.0416,0.0162,0.0,0.9633,0.0,0.0,0.32
933,29__461,281,11.24,0.190491,0.160744,6.64,62.103,0,1.0,0.0659,0.0211,0.0,0.83,0.0,0.0,0.2
934,29__47,469,18.76,0.339684,0.302857,11.76,7.38,0,0.8764,0.1386,0.0367,0.0,1.0,0.0826,0.9286,0.4
935,29__1159,442,17.68,0.249822,0.226513,0.12,13.921,0,0.8489,0.043,0.0168,0.0,0.6567,0.0,0.7634,0.32
936,29__586,295,11.8,0.232462,0.207496,10.4,13.842,0,1.0,0.0429,0.0135,0.0,0.9667,0.0,0.2891,0.4
937,29__1912,292,11.68,0.267923,0.206684,9.64,24.379,0,1.0,0.0691,0.0214,0.0,0.8333,0.0,0.4384,0.4
938,29__1130,311,12.44,0.283622,0.202358,2.36,9.206,0,1.0,0.042,0.0208,0.0,1.0,0.0,0.5217,0.24
939,29__513,431,17.24,0.297422,0.16026,14.04,inf,0,0.8632,0.0334,0.0208,0.0,0.6467,0.0,0.8753,0.36
940,29__688,435,17.4,0.208215,0.184712,2.68,46.862,0,0.8679,0.0223,0.0069,0.0,1.0,0.0,0.1726,0.4
941,29__1116,444,17.76,0.290532,0.207785,11.04,inf,0,0.8136,0.0253,0.0087,0.0,1.0,0.0,0.7371,0.28
942,29__1692,390,15.6,0.246081,0.204149,13.92,19.234,0,0.9521,0.0457,0.0208,0.0,0.9233,0.0,0.3617,0.4
943,29__1947,322,12.88,0.196455,0.176323,11.72,48.105,0,1.0,0.0639,0.0218,0.0,0.84,0.0,0.1102,0.28
944,29__655,358,14.32,0.203967,0.193805,2.44,inf,0,1.0,0.0786,0.0163,0.0,0.79,0.0,0.376,0.24
945,29__416,363,14.52,0.326925,0.284805,11.04,10.456,0,1.0,0.1114,0.0263,0.0,0.9533,0.0,0.7441,0.32
946,29__794,287,11.48,0.172008,0.151832,0.8,inf,0,1.0,0.0373,0.0196,0.0,0.6567,0.0,0.0,0.28
947,29__1147,327,13.08,0.459097,0.284637,5.92,2.094,0,1.0,0.0603,0.0258,0.0001,1.0,0.7875,0.825,0.36
948,29__801,340,13.6,0.179338,0.167905,1.44,inf,0,1.0,0.0289,0.0133,0.0,0.7167,0.0,0.0,0.24
949,29__1386,291,11.64,0.214014,0.170086,8.92,inf,0,1.0,0.0461,0.0137,0.0,1.0,0.0,0.0,0.24
950,29__1451,438,17.52,0.29516,0.267047,6.52,16.865,0,0.8607,0.0315,0.0205,0.0,1.0,0.0,0.7793,0.28
951,29__463,301,12.04,0.271573,0.236329,0.0,inf,0,1.0,0.0499,0.0212,0.0,1.0,0.0,0.4222,0.16
952,29__1042,298,11.92,0.253023,0.18725,3.36,14.038,0,1.0,0.1914,0.0471,0.0,0.6433,0.0,0.405,0.32
953,29__2003,293,11.72,0.209783,0.17312,0.0,32.64,0,1.0,0.1429,0.0833,0.0,0.8,0.0,0.1631,0.24
954,29__2059,312,12.48,0.272997,0.254385,5.36,7.406,0,1.0,0.1473,0.0299,0.0,0.81,0.0792,0.7381,0.44
955,29__775,326,13.04,0.27118,0.20816,1.2,inf,0,1.0,0.0243,0.009,0.0,1.0,0.0,0.4178,0.28
956,29__2136,324,12.96,0.161016,0.140626,4.6,inf,0,1.0,0.0446,0.0109,0.0,0.5167,0.0,0.0,0.28
957,29__538,341,13.64,0.33459,0.2986,12.04,16.458,0,1.0,0.0415,0.0206,0.0,1.0,0.0,0.8014,0.28
958,29__2063,323,12.92,0.201995,0.185442,10.68,inf,0,1.0,0.0657,0.0155,0.0,0.84,0.0,0.0,0.4
959,29__1689,461,18.44,0.19092,0.174838,15.6,86.8,0,0.8086,0.0273,0.0057,0.0,0.7467,0.0,0.226,0.36
960,29__1329,416,16.64,0.173851,0.150095,0.04,inf,0,0.8986,0.0244,0.0208,0.0,0.78,0.0,0.0,0.32
961,29__1983,292,11.68,0.220575,0.189936,2.64,inf,0,1.0,0.0285,0.0221,0.0,0.8067,0.0,0.2767,0.24
962,29__227,303,12.12,0.211636,0.162464,0.72,inf,0,1.0,0.04,0.0136,0.0,1.0,0.0,0.0,0.28
963,29__459,303,12.12,0.205827,0.171865,0.44,inf,0,1.0,0.0287,0.0208,0.0,1.0,0.0,0.0,0.16
964,29__205,313,12.52,0.293329,0.268377,0.0,146.706,0,1.0,0.0535,0.0214,0.0,0.8633,0.0,0.7117,0.28
965,29__1060,342,13.68,0.177505,0.153026,2.16,14.233,0,1.0,0.1386,0.028,0.0,0.7167,0.0,0.0809,0.16
966,29__224,245,9.8,0.221534,0.205449,0.0,inf,0,1.0,0.14,0.0833,0.0,1.0,0.0,0.0,0.32
967,29__1114,415,16.6,0.276677,0.197219,0.08,32.815,0,0.8922,0.0488,0.025,0.0002,1.0,0.0,0.5993,0.28
968,29__1715,304,12.16,0.242284,0.191408,0.0,25.752,0,1.0,0.1043,0.0387,0.0,0.4967,0.0,0.5891,0.36
969,29__190,314,12.56,0.253468,0.233532,4.8,inf,0,1.0,0.0245,0.0116,0.0,0.97,0.0,0.3262,0.32
970,29__989,430,17.2,0.187379,0.173736,12.08,inf,0,0.8675,0.0147,0.0056,0.0,0.92,0.0,0.0,0.2
971,29__1485,293,11.72,0.322081,0.264388,7.52,7.741,0,1.0,0.0415,0.0187,0.0,0.9767,0.0346,0.7536,0.28
972,29__1137,278,11.12,0.300361,0.19977,1.16,7.656,0,1.0,0.0556,0.0146,0.0,1.0,0.0459,0.6062,0.28
973,29__781,313,12.52,0.211734,0.184604,2.8,51.193,0,1.0,0.0322,0.0086,0.0,1.0,0.0,0.0,0.32
974,29__281,312,12.48,0.216397,0.192354,7.08,20.32,0,1.0,0.0569,0.0217,0.0001,1.0,0.0,0.1855,0.12
975,29__483,333,13.32,0.296777,0.26806,4.88,42.296,0,1.0,0.0226,0.0085,0.0,1.0,0.0,0.6353,0.24
976,29__380,435,17.4,0.211113,0.189111,15.36,67.613,0,0.8629,0.0385,0.0072,0.0,0.7733,0.0,0.3214,0.36
977,29__1897,309,12.36,0.209745,0.17016,0.4,31.551,0,1.0,0.0263,0.0216,0.0,0.9833,0.0,0.0,0.24
978,29__1075,347,13.88,0.211258,0.19363,2.16,inf,0,1.0,0.0348,0.0116,0.0,1.0,0.0,0.0,0.28
979,29__1605,332,13.28,0.206006,0.177705,2.96,inf,0,1.0,0.0631,0.0165,0.0,0.9367,0.0,0.0,0.28
980,29__539,348,13.92,0.295896,0.270299,3.96,9.837,0,1.0,0.1686,0.03,0.0,0.6033,0.0,0.7812,0.4
981,29__876,400,16.0,0.276819,0.243121,14.6,67.275,0,0.9004,0.0385,0.0088,0.0,1.0,0.0,0.4583,0.32
982,29__719,423,16.92,0.202404,0.191095,4.8,308.171,0,0.8739,0.0136,0.0076,0.0,1.0,0.0,0.0,0.2
983,29__251,367,14.68,0.314143,0.23968,13.76,24.745,0,1.0,0.0723,0.0175,0.0,1.0,0.0,0.6098,0.28
984,29__2105,290,11.6,0.304362,0.263654,7.04,inf,0,1.0,0.0375,0.0165,0.0,0.8133,0.0,0.8264,0.32
985,29__131,299,11.96,0.205352,0.173861,6.88,49.093,0,1.0,0.0226,0.0206,0.0,0.9633,0.0,0.0,0.16
986,29__1239,422,16.88,0.216127,0.188608,5.92,256.364,0,0.8807,0.0179,0.0073,0.0,1.0,0.0,0.0836,0.24
987,29__2051,388,15.52,0.209601,0.151252,1.4,200.074,0,1.0,0.0745,0.0193,0.0,0.8767,0.0,0.1078,0.44
988,29__118,350,14.0,0.207941,0.186753,10.04,42.945,0,1.0,0.0268,0.0065,0.0,0.93,0.0,0.0,0.28
989,29__1550,322,12.88,0.176428,0.15661,5.36,258.306,0,1.0,0.0371,0.0092,0.0,0.7167,0.0,0.0,0.24
990,29__931,321,12.84,0.251134,0.230109,0.0,66.75,0,1.0,0.0343,0.0234,0.0,0.6833,0.0,0.5514,0.32
991,29__300,274,10.96,0.488023,0.314268,7.92,3.633,0,1.0,0.1871,0.0328,0.0,1.0,0.5823,0.8329,0.32
992,29__1435,420,16.8,0.29339,0.255296,0.0,inf,0,0.8796,0.0157,0.0208,0.0,0.9533,0.0,0.646,0.24
993,29__1467,301,12.04,0.216722,0.142864,0.48,58.037,0,1.0,0.0529,0.0226,0.0,1.0,0.0,0.0,0.28
994,29__1441,316,12.64,0.287243,0.242,7.84,12.833,0,1.0,0.1118,0.0208,0.0001,1.0,0.0,0.4916,0.2
995,29__70,354,14.16,0.296787,0.200991,11.68,inf,0,1.0,0.0527,0.0105,0.0,1.0,0.0,0.7521,0.36
996,29__1588,330,13.2,0.243013,0.220495,1.88,inf,0,1.0,0.0308,0.0099,0.0,0.8667,0.0,0.2753,0.44
997,29__1868,457,18.28,0.15329,0.135192,17.8,546.486,0,0.8271,0.0249,0.0115,0.0001,0.6667,0.0,0.0,0.32
998,29__1171,333,13.32,0.224997,0.194701,7.56,20.265,0,1.0,0.0757,0.0134,0.0,0.7267,0.0,0.3278,0.36
999,29__745,307,12.28,0.206633,0.18672,0.04,54.222,0,1.0,0.0396,0.023,0.0,1.0,0.0,0.0,0.2
1000,29__1757,341,13.64,0.2544,0.181554,0.0,inf,0,1.0,0.0579,0.0211,0.0,0.75,0.0,0.4691,0.36
1001,29__1563,429,17.16,0.30675,0.293349,14.04,inf,0,0.8125,0.0306,0.0208,0.0,1.0,0.0,0.7083,0.44
1002,29__579,449,17.96,0.18413,0.16958,15.12,438.375,0,0.8379,0.039,0.0207,0.0,0.86,0.0,0.0,0.4
1003,29__1168,442,17.68,0.209319,0.192246,10.8,430.625,0,0.8718,0.0493,0.0208,0.0,1.0,0.0,0.0,0.36
1004,29__8,190,7.6,0.16918,0.156282,5.08,38.321,0,1.0,0.0172,0.0198,0.0,0.57,0.0,0.0,0.36
1005,29__805,289,11.56,0.302219,0.273902,10.4,24.821,0,1.0,0.0543,0.0201,0.0,1.0,0.0,0.5845,0.32
1006,29__233,435,17.4,0.203322,0.178127,5.08,429.75,0,0.8586,0.0167,0.0066,0.0,1.0,0.0,0.0,0.24
1007,29__1855,408,16.32,0.289912,0.21523,11.28,inf,0,0.91,0.0177,0.0073,0.0,0.91,0.0,0.6502,0.32
1008,29__1347,421,16.84,0.262107,0.223108,1.32,13.571,0,0.9079,0.0602,0.0169,0.0,0.6033,0.0,0.6931,0.4
1009,29__920,305,12.2,0.309771,0.19644,1.4,5.674,0,1.0,0.036,0.0214,0.0,1.0,0.3101,0.6059,0.32
1010,29__644,325,13.0,0.20376,0.157344,11.0,26.639,0,1.0,0.0398,0.0208,0.0,1.0,0.0,0.0,0.16
1011,29__2061,381,15.24,0.233667,0.21591,0.28,25.698,0,1.0,0.0901,0.0151,0.0,0.8767,0.0,0.4705,0.4
1012,29__753,363,14.52,0.20472,0.193736,11.48,88.389,0,1.0,0.03,0.0207,0.0,0.92,0.0,0.0,0.24
1013,29__1748,332,13.28,0.247632,0.23254,8.16,33.746,0,1.0,0.0543,0.0208,0.0,1.0,0.0,0.2672,0.32
1014,29__465,295,11.8,0.184259,0.14478,11.76,inf,0,1.0,0.0697,0.0177,0.0,0.7733,0.0,0.0,0.2
1015,29__1952,316,12.64,0.285838,0.257336,3.04,40.941,0,1.0,0.0675,0.0273,0.0,0.8367,0.0,0.5843,0.4
1016,29__2066,323,12.92,0.435238,0.276237,8.64,2.721,0,1.0,0.0897,0.0322,0.0001,1.0,0.7039,0.9117,0.36
1017,29__1923,317,12.68,0.397665,0.26804,10.84,6.302,0,1.0,0.1433,0.0455,0.0,0.9267,0.2265,0.7698,0.4
1018,29__1052,337,13.48,0.180077,0.15521,1.28,22.767,0,1.0,0.0443,0.0113,0.0,0.6767,0.0,0.034,0.28
1019,29__1482,414,16.56,0.237767,0.18365,3.4,174.515,0,0.8529,0.0186,0.0094,0.0,1.0,0.0,0.5622,0.24
1020,29__1746,418,16.72,0.324536,0.301187,10.0,158.111,0,0.8993,0.0215,0.009,0.0,0.9433,0.0,0.84,0.32
1021,29__955,297,11.88,0.177097,0.156105,0.56,13.615,0,1.0,0.0517,0.0179,0.0,0.7367,0.0,0.1514,0.24
1022,29__1426,322,12.88,0.216144,0.174912,11.6,inf,0,1.0,0.0562,0.0208,0.0,0.9633,0.0,0.0,0.24
1023,29__140,349,13.96,0.30093,0.27164,0.4,inf,0,1.0,0.0731,0.0121,0.0,0.9467,0.0,0.7029,0.36
1024,29__784,265,10.6,0.180189,0.157496,8.96,inf,0,1.0,0.0772,0.0208,0.0,0.6967,0.0,0.0,0.36
1025,29__1543,332,13.28,0.208716,0.190543,4.72,14.44,0,1.0,0.0295,0.0094,0.0,0.9767,0.0,0.0,0.2
1026,29__477,332,13.28,0.256338,0.227677,4.92,22.157,0,1.0,0.0659,0.0364,0.0,1.0,0.0,0.6802,0.24
1027,29__1813,282,11.28,0.225069,0.169925,0.0,inf,0,1.0,0.0505,0.0208,0.0,0.8633,0.0,0.201,0.24
1028,29__187,326,13.04,0.255076,0.211275,9.4,8.627,0,1.0,0.1562,0.039,0.0,0.48,0.0,0.5843,0.28
1029,29__1146,437,17.48,0.201528,0.175888,13.12,1176.6,0,0.8543,0.0618,0.0212,0.0,0.9333,0.0,0.0586,0.28
1030,29__961,307,12.28,0.300765,0.255287,0.0,666.667,0,1.0,0.0606,0.0267,0.0,0.9767,0.0,0.6098,0.28
1031,29__501,314,12.56,0.178946,0.15217,8.4,49.196,0,1.0,0.0467,0.0121,0.0,0.6967,0.0,0.0,0.2
1032,29__1617,326,13.04,0.191807,0.165901,0.08,103.412,0,1.0,0.0275,0.0086,0.0,0.8567,0.0,0.0,0.4
1033,29__1393,291,11.64,0.219063,0.178574,7.2,inf,0,1.0,0.0777,0.0167,0.0,1.0,0.0,0.0,0.32
1034,29__581,285,11.4,0.228825,0.182941,0.04,78.602,0,1.0,0.1387,0.0833,0.0,0.96,0.0,0.0,0.36
1035,29__63,432,17.28,0.242438,0.223143,13.72,20.566,0,0.925,0.1043,0.0291,0.0,0.9567,0.0,0.3257,0.32
1036,29__1311,415,16.6,0.183752,0.160676,0.04,inf,0,0.8961,0.0202,0.0216,0.0,0.8633,0.0,0.0,0.32
1037,29__1232,319,12.76,0.2915,0.207475,11.48,11.96,0,1.0,0.1273,0.0192,0.0,1.0,0.0,0.4745,0.24
1038,29__1071,305,12.2,0.185993,0.171128,4.92,17.183,0,1.0,0.0277,0.0217,0.0,0.76,0.0,0.0,0.24
1039,29__1957,312,12.48,0.276653,0.23506,1.4,19.45,0,1.0,0.0731,0.022,0.0,0.67,0.0,0.6321,0.32
1040,29__2122,320,12.8,0.234869,0.196651,1.64,inf,0,1.0,0.0243,0.0115,0.0,0.8433,0.0,0.2666,0.24
1041,29__692,263,10.52,0.21849,0.189952,8.36,16.935,0,1.0,0.0887,0.0265,0.0,0.9933,0.0,0.0,0.36
1042,29__1352,304,12.16,0.224941,0.198035,6.92,inf,0,1.0,0.0527,0.0199,0.0,1.0,0.0,0.0,0.32
1043,29__509,362,14.48,0.257559,0.230959,0.92,37.621,0,1.0,0.0346,0.0081,0.0,0.71,0.0,0.516,0.32
1044,29__499,485,19.4,0.289366,0.243332,1.0,inf,0,0.7761,0.023,0.0182,0.0001,0.9633,0.0,0.6557,0.32
1045,29__428,442,17.68,0.199583,0.173087,9.72,461.136,0,0.9008,0.073,0.0307,0.0,0.9467,0.0,0.0,0.24
1046,29__96,443,17.72,0.200073,0.181473,1.84,52.881,0,0.8386,0.0401,0.0143,0.0001,0.7933,0.0,0.2283,0.32
1047,29__915,341,13.64,0.446228,0.203123,2.04,3.018,0,1.0,0.0578,0.014,0.0,1.0,0.6643,0.896,0.32
1048,29__1087,316,12.64,0.320073,0.284719,0.0,inf,0,1.0,0.0383,0.0094,0.0,1.0,0.0,0.7481,0.28
1049,29__1821,355,14.2,0.295756,0.230954,5.2,6.644,0,1.0,0.0838,0.0145,0.0,1.0,0.1809,0.5762,0.24
1050,29__947,337,13.48,0.22335,0.212483,3.44,inf,0,1.0,0.056,0.0229,0.0,1.0,0.0,0.0071,0.32
1051,29__141,336,13.44,0.19489,0.143013,0.0,13.604,0,1.0,0.039,0.0099,0.0,0.8967,0.0,0.0,0.28
1052,29__1685,358,14.32,0.255094,0.188603,10.04,9.123,0,1.0,0.09,0.0271,0.0,0.5567,0.0,0.6293,0.48
1053,29__825,435,17.4,0.20925,0.196213,1.16,108.851,0,0.8643,0.0214,0.0086,0.0,1.0,0.0,0.0,0.32
1054,29__330,383,15.32,0.308235,0.277196,2.68,14.731,0,1.0,0.0618,0.0203,0.0,1.0,0.0,0.5771,0.32
1055,29__2124,308,12.32,0.215343,0.176954,9.68,17.908,0,1.0,0.033,0.0236,0.0,1.0,0.0,0.0,0.28
1056,29__1164,357,14.28,0.347646,0.280559,6.64,11.898,0,1.0,0.1621,0.0382,0.0,1.0,0.0,0.7871,0.32
1057,29__2070,277,11.08,0.250193,0.231622,6.16,12.498,0,1.0,0.1032,0.0277,0.0,0.69,0.0,0.6741,0.36
1058,29__1032,342,13.68,0.213096,0.197409,6.52,174.593,0,1.0,0.0344,0.0083,0.0,1.0,0.0,0.0,0.28
1059,29__104,335,13.4,0.211326,0.19062,10.08,14.453,0,1.0,0.0616,0.0127,0.0,0.8467,0.0,0.1734,0.24
1060,29__1651,332,13.28,0.20347,0.156386,0.0,inf,0,1.0,0.0229,0.0242,0.0,0.6633,0.0,0.2424,0.28
1061,29__1580,328,13.12,0.170321,0.145415,2.4,14.171,0,1.0,0.0829,0.0196,0.0,0.6633,0.0,0.0,0.36
1062,29__913,385,15.4,0.24409,0.215465,3.28,35.469,0,0.9732,0.0357,0.0216,0.0,1.0,0.0,0.2128,0.28
1063,29__1109,282,11.28,0.287508,0.269663,8.44,47.978,0,1.0,0.0286,0.0208,0.0,0.8067,0.0,0.6633,0.28
1064,29__1487,308,12.32,0.206255,0.156385,4.2,339.5,0,1.0,0.0385,0.0155,0.0,1.0,0.0,0.0,0.16
1065,29__1858,341,13.64,0.278834,0.188268,6.08,101.341,0,1.0,0.0485,0.0208,0.0,0.9367,0.0,0.8812,0.28
1066,29__1645,463,18.52,0.150831,0.124823,1.08,26.945,0,0.7989,0.0329,0.0085,0.0,0.6067,0.0,0.1078,0.36
1067,29__1348,326,13.04,0.395596,0.256382,3.76,3.954,0,1.0,0.1916,0.051,0.0,0.63,0.5394,0.7853,0.4
1068,29__816,327,13.08,0.173057,0.142258,13.04,28.233,0,1.0,0.043,0.0202,0.0,0.7233,0.0,0.0,0.28
1069,29__1884,351,14.04,0.295018,0.221135,2.6,7.903,0,1.0,0.063,0.0295,0.0,1.0,0.0129,0.5343,0.28
1070,29__181,331,13.24,0.271867,0.224319,0.0,inf,0,1.0,0.0172,0.0208,0.0,0.8633,0.0,0.4991,0.24
1071,29__841,354,14.16,0.309972,0.277902,3.28,35.185,0,1.0,0.0457,0.0123,0.0,0.9033,0.0,0.7195,0.32
1072,29__752,294,11.76,0.185058,0.174462,0.0,46.413,0,1.0,0.0401,0.0145,0.0,0.81,0.0,0.0,0.16
1073,29__693,381,15.24,0.279268,0.260196,5.84,19.526,0,0.9868,0.0429,0.0258,0.0,0.53,0.0,0.7788,0.44
1074,29__1327,300,12.0,0.199502,0.176985,1.0,inf,0,1.0,0.0872,0.0268,0.0,0.8367,0.0,0.0,0.24
1075,29__1034,338,13.52,0.271378,0.248435,4.16,25.059,0,1.0,0.0616,0.0206,0.0,0.7167,0.0,0.5841,0.32
1076,29__2054,339,13.56,0.175575,0.14889,1.16,125.822,0,1.0,0.0887,0.0208,0.0,0.59,0.0,0.0648,0.4
1077,29__837,324,12.96,0.239125,0.213189,10.0,81.733,0,1.0,0.0295,0.0198,0.0,0.67,0.0,0.5074,0.32
1078,29__482,450,18.0,0.292507,0.241549,0.52,inf,0,0.8257,0.0634,0.0264,0.0001,1.0,0.0,0.6345,0.24
1079,29__105,274,10.96,0.208212,0.190548,6.84,32.619,0,1.0,0.0208,0.0069,0.0,0.99,0.0,0.0,0.32
1080,29__120,334,13.36,0.221173,0.164783,6.04,inf,0,1.0,0.0422,0.0249,0.0,1.0,0.0,0.0,0.32
1081,29__361,307,12.28,0.288223,0.259465,8.4,19.447,0,1.0,0.0457,0.0088,0.0,1.0,0.0,0.5734,0.32
1082,29__429,326,13.04,0.271957,0.247945,8.12,49.675,0,1.0,0.0829,0.0191,0.0,1.0,0.0,0.3671,0.28
1083,29__623,330,13.2,0.213218,0.190741,11.32,9.259,0,1.0,0.0705,0.0152,0.0,0.9167,0.0,0.2543,0.24
1084,29__713,339,13.56,0.264929,0.199997,0.4,inf,0,1.0,0.0546,0.0131,0.0,0.6367,0.0,0.6031,0.4
1085,29__1804,422,16.88,0.155755,0.137591,8.48,inf,0,0.8804,0.0141,0.0063,0.0,0.5967,0.0,0.0,0.24
1086,29__1043,348,13.92,0.218641,0.196841,7.52,63.653,0,1.0,0.0457,0.0094,0.0,0.7633,0.0,0.2281,0.24
1087,29__492,332,13.28,0.198843,0.172929,10.88,43.559,0,1.0,0.0315,0.0171,0.0,0.8433,0.0,0.0,0.28
1088,29__718,292,11.68,0.216638,0.175659,10.6,17.912,0,1.0,0.0378,0.012,0.0,1.0,0.0,0.2348,0.24
1089,29__1622,405,16.2,0.226273,0.187352,11.16,13.749,0,0.96,0.0501,0.0208,0.0,0.7167,0.0,0.3912,0.4
1090,29__1408,338,13.52,0.185185,0.167576,3.16,38.111,0,1.0,0.0857,0.0369,0.0,0.5433,0.0,0.2109,0.24
1091,29__749,439,17.56,0.224031,0.193443,0.68,inf,0,0.8482,0.0144,0.0073,0.0,1.0,0.0,0.1253,0.32
1092,29__640,321,12.84,0.327503,0.211059,0.96,inf,0,1.0,0.0505,0.0241,0.0,1.0,0.0,0.7821,0.28
1093,29__18,300,12.0,0.201833,0.155983,8.96,15.77,0,1.0,0.0745,0.0258,0.0,0.4,0.0,0.4091,0.24
1094,29__1850,311,12.44,0.208933,0.155112,0.28,inf,0,1.0,0.0231,0.0081,0.0,1.0,0.0,0.0,0.28
1095,29__395,370,14.8,0.333256,0.295162,9.68,8.163,0,1.0,0.1541,0.0331,0.0002,1.0,0.0,0.7364,0.32
1096,29__1483,348,13.92,0.328432,0.192539,9.08,inf,0,1.0,0.0355,0.0084,0.0,1.0,0.0,0.7838,0.24
1097,29__696,259,10.36,0.342372,0.22185,9.2,4.057,0,1.0,0.0586,0.0118,0.0,1.0,0.5257,0.3917,0.28
1098,29__1134,309,12.36,0.227926,0.176151,11.04,29.421,0,1.0,0.1004,0.0299,0.0,1.0,0.0,0.1398,0.28
1099,29__76,288,11.52,0.326252,0.282165,0.76,120.062,0,1.0,0.0611,0.0113,0.0,1.0,0.0,0.7081,0.44
1100,29__871,344,13.76,0.277528,0.256816,12.16,33.921,0,1.0,0.0475,0.0208,0.0,0.8033,0.0,0.5447,0.28
1101,29__1255,289,11.56,0.18441,0.161664,0.76,13.769,0,1.0,0.0881,0.0342,0.0,0.73,0.0,0.0,0.2
1102,29__883,410,16.4,0.394221,0.26577,15.72,3.87,0,0.9274,0.0991,0.0244,0.0,1.0,0.5507,0.8028,0.28
1103,29__397,439,17.56,0.205405,0.185534,3.12,414.463,0,0.8457,0.0146,0.0083,0.0,1.0,0.0,0.0,0.36
1104,29__1120,280,11.2,0.219266,0.165997,7.2,inf,0,1.0,0.0752,0.0391,0.0001,1.0,0.0,0.0,0.24
1105,29__69,449,17.96,0.31418,0.201258,16.16,inf,0,0.8221,0.0129,0.0205,0.0,1.0,0.0,0.8109,0.36
1106,29__1175,323,12.92,0.222338,0.199356,11.4,17.603,0,1.0,0.0815,0.0204,0.0,1.0,0.0,0.3278,0.32
1107,29__1245,414,16.56,0.214568,0.16166,3.64,139.169,0,0.8975,0.0409,0.0172,0.0001,1.0,0.0,0.0,0.32
1108,29__945,460,18.4,0.279429,0.215461,1.8,73.577,0,0.81,0.0158,0.0066,0.0,1.0,0.0,0.5876,0.32
1109,29__1579,428,17.12,0.195933,0.17802,0.04,43.168,0,0.8779,0.0267,0.0208,0.0,0.9967,0.0,0.0,0.36
1110,29__136,326,13.04,0.26445,0.229355,0.12,inf,0,1.0,0.0643,0.019,0.0,0.77,0.0,0.5469,0.24
1111,29__2005,467,18.68,0.191873,0.141099,0.76,inf,0,0.8047,0.0198,0.0071,0.0,0.82,0.0,0.4602,0.16
1112,29__1061,321,12.84,0.193993,0.170747,1.08,133.276,0,1.0,0.0163,0.0062,0.0,0.8767,0.0,0.0,0.2
1113,29__1721,418,16.72,0.196194,0.174915,13.32,24.808,0,0.8908,0.0357,0.0245,0.0,0.9433,0.0,0.0,0.28
1114,29__522,379,15.16,0.231291,0.214698,13.96,12.723,0,1.0,0.0859,0.0285,0.0,0.5167,0.0,0.6243,0.36
1115,29__1903,418,16.72,0.184678,0.154948,0.04,161.321,0,0.8904,0.0183,0.0068,0.0,0.92,0.0,0.0,0.2
1116,29__537,473,18.92,0.204749,0.193592,15.48,inf,0,0.78,0.0183,0.0073,0.0001,1.0,0.0,0.0,0.36
1117,29__1573,307,12.28,0.228827,0.197107,5.8,33.203,0,1.0,0.0364,0.0299,0.0,0.83,0.0,0.3843,0.4
1118,29__1716,447,17.88,0.1978,0.175966,2.12,320.667,0,0.8343,0.0263,0.0049,0.0,0.8533,0.0,0.1226,0.36
1119,29__164,401,16.04,0.318111,0.240388,1.88,8.351,0,0.9604,0.0667,0.0135,0.0,0.9067,0.0,0.8269,0.32
1120,29__1663,323,12.92,0.258598,0.241116,10.96,27.423,0,1.0,0.1414,0.0497,0.0,0.9133,0.0,0.4172,0.28
1121,29__12,248,9.92,0.165473,0.149445,7.04,31.387,0,1.0,0.0275,0.0236,0.0,0.63,0.0,0.0424,0.2
1122,29__1837,301,12.04,0.297473,0.265629,10.48,10.517,0,1.0,0.0735,0.0272,0.0,0.7267,0.0,0.7771,0.28
1123,29__1011,453,18.12,0.214527,0.196914,5.88,inf,0,0.83,0.016,0.0052,0.0,0.7733,0.0,0.3631,0.24
1124,29__827,346,13.84,0.261539,0.229583,1.08,inf,0,1.0,0.0259,0.0208,0.0,0.7233,0.0,0.5172,0.36
1125,29__977,357,14.28,0.238426,0.217296,9.64,302.125,0,1.0,0.0289,0.0063,0.0,0.93,0.0,0.3233,0.24
1126,29__1335,293,11.72,0.201264,0.177785,8.28,37.923,0,1.0,0.0614,0.0156,0.0,0.8767,0.0,0.0,0.32
1127,29__967,309,12.36,0.17477,0.154404,0.56,159.297,0,1.0,0.0543,0.0186,0.0,0.67,0.0,0.0,0.2
1128,29__79,310,12.4,0.274321,0.18853,10.92,6.894,0,1.0,0.1754,0.0347,0.0,1.0,0.1474,0.2981,0.24
1129,29__1259,300,12.0,0.171928,0.152287,11.92,92.016,0,1.0,0.0271,0.0057,0.0,0.7033,0.0,0.0,0.2
1130,29__609,348,13.92,0.178973,0.166206,7.68,10.794,0,1.0,0.0557,0.017,0.0,0.69,0.0,0.0659,0.24
1131,29__1737,318,12.72,0.274693,0.240563,1.56,27.298,0,1.0,0.1044,0.0228,0.0,0.9633,0.0,0.5217,0.4
1132,29__184,320,12.8,0.463059,0.352114,5.2,4.98,0,1.0,0.3057,0.0906,0.0,1.0,0.4027,0.9114,0.36
1133,29__485,356,14.24,0.261446,0.231829,1.72,inf,0,1.0,0.0451,0.0305,0.0,1.0,0.0,0.3603,0.28
1134,29__237,327,13.08,0.244686,0.225425,11.12,40.492,0,1.0,0.0558,0.0149,0.0,1.0,0.0,0.2188,0.24
1135,29__873,326,13.04,0.215689,0.171362,5.32,15.366,0,1.0,0.0945,0.0234,0.0,1.0,0.0,0.4826,0.28
1136,29__1321,320,12.8,0.165929,0.14806,0.0,inf,0,1.0,0.0186,0.0072,0.0,0.69,0.0,0.0,0.28
1137,29__516,420,16.8,0.304876,0.261268,1.84,95.848,0,0.9561,0.0631,0.0106,0.0,1.0,0.0,0.6662,0.48
1138,29__858,363,14.52,0.196949,0.177082,10.0,inf,0,1.0,0.0429,0.0216,0.0,0.8033,0.0,0.0,0.28
1139,29__889,329,13.16,0.251127,0.215408,1.32,15.254,0,1.0,0.0691,0.0233,0.0,0.7767,0.0,0.5328,0.28
1140,29__1388,309,12.36,0.236299,0.210444,0.0,inf,0,1.0,0.0374,0.0133,0.0,0.9267,0.0,0.2822,0.24
1141,29__1296,349,13.96,0.182959,0.158189,10.96,inf,0,1.0,0.0475,0.0046,0.0,0.75,0.0,0.0,0.16
1142,29__319,353,14.12,0.310223,0.266819,0.0,inf,0,1.0,0.0376,0.0214,0.0,0.9767,0.0,0.8309,0.24
1143,29__1635,441,17.64,0.18958,0.17024,9.8,inf,0,0.8475,0.0194,0.0225,0.0001,0.8967,0.0,0.031,0.36
1144,29__891,424,16.96,0.255805,0.23728,9.6,inf,0,0.8882,0.0218,0.0051,0.0,0.9533,0.0,0.5683,0.32
1145,29__1722,337,13.48,0.276314,0.245336,8.8,18.408,0,1.0,0.0651,0.0168,0.0,0.8333,0.0,0.5298,0.28
1146,29__1119,471,18.84,0.286319,0.231008,0.12,inf,0,0.8339,0.0628,0.016,0.0,0.8933,0.0,0.7059,0.16
1147,29__2022,456,18.24,0.225165,0.196264,7.44,134.194,0,0.805,0.0218,0.0087,0.0,0.7867,0.0,0.3291,0.32
1148,29__1282,314,12.56,0.319083,0.194618,1.08,27.973,0,1.0,0.0716,0.0208,0.0,1.0,0.0,0.6807,0.2
1149,29__289,319,12.76,0.190115,0.167105,0.0,35.178,0,1.0,0.0259,0.0087,0.0,0.8433,0.0,0.0,0.2
1150,29__1486,344,13.76,0.211909,0.181216,0.84,103.135,0,1.0,0.0564,0.0216,0.0,0.9367,0.0,0.1114,0.2
1151,29__396,326,13.04,0.325609,0.243162,7.0,6.187,0,1.0,0.1178,0.0335,0.0,0.9467,0.2417,0.7447,0.24
1152,29__1356,322,12.88,0.318685,0.253865,5.24,6.371,0,1.0,0.0818,0.0131,0.0,1.0,0.2172,0.7038,0.4
1153,29__376,340,13.6,0.323469,0.296724,0.08,17.182,0,1.0,0.0592,0.0183,0.0,1.0,0.0,0.8055,0.4
1154,29__1196,344,13.76,0.196386,0.172227,3.04,32.083,0,1.0,0.0313,0.0075,0.0,0.8167,0.0,0.0,0.28
1155,29__1312,286,11.44,0.19083,0.176178,0.12,15.91,0,1.0,0.0787,0.0231,0.0,0.8467,0.0,0.0,0.28
1156,29__185,330,13.2,0.277784,0.238747,0.52,102.552,0,1.0,0.0212,0.0101,0.0,0.8833,0.0,0.5329,0.28
1157,29__1397,316,12.64,0.247805,0.228219,6.04,22.862,0,1.0,0.0395,0.0113,0.0,0.7,0.0,0.5076,0.24
1158,29__591,443,17.72,0.200202,0.19279,0.44,inf,0,0.8382,0.0104,0.0049,0.0,1.0,0.0,0.0,0.2
1159,29__1882,409,16.36,0.224343,0.1759,0.0,inf,0,0.9089,0.0154,0.0208,0.0001,0.93,0.0,0.3453,0.36
1160,29__1675,320,12.8,0.306862,0.284814,2.52,17.291,0,1.0,0.1043,0.0393,0.0,0.9933,0.0,0.639,0.32
1161,29__261,285,11.4,0.191936,0.163856,2.08,inf,0,1.0,0.0426,0.0208,0.0,0.8367,0.0,0.0,0.36
1162,29__1797,289,11.56,0.220584,0.173413,9.16,476.957,0,1.0,0.0576,0.0139,0.0,1.0,0.0,0.0,0.24
1163,29__159,334,13.36,0.270923,0.243361,4.48,inf,0,1.0,0.0303,0.0208,0.0,0.93,0.0,0.4969,0.36
1164,29__1363,343,13.72,0.249243,0.224543,5.96,16.297,0,1.0,0.0629,0.0133,0.0,0.8567,0.0,0.5022,0.32
1165,29__1105,295,11.8,0.187464,0.170554,8.36,inf,0,1.0,0.0404,0.0105,0.0,0.82,0.0,0.0,0.24
1166,29__690,343,13.72,0.228875,0.204089,0.0,27.258,0,1.0,0.0716,0.0254,0.0,0.7167,0.0,0.4488,0.32
1167,29__988,327,13.08,0.226778,0.204203,9.52,14.357,0,1.0,0.0991,0.0239,0.0,0.8367,0.0,0.4014,0.24
1168,29__656,318,12.72,0.278377,0.253487,11.56,39.443,0,1.0,0.0418,0.0124,0.0,0.78,0.0,0.6416,0.36
1169,29__1564,324,12.96,0.176148,0.162363,11.44,inf,0,1.0,0.0788,0.0312,0.0,0.64,0.0,0.075,0.36
1170,29__521,442,17.68,0.235706,0.214601,1.12,inf,0,0.8343,0.0167,0.0071,0.0,0.8533,0.0,0.445,0.4
1171,29__925,316,12.64,0.1646,0.151198,12.24,inf,0,1.0,0.0479,0.0219,0.0,0.6833,0.0,0.0462,0.28
1172,29__1627,291,11.64,0.210075,0.195085,0.96,16.663,0,1.0,0.0358,0.0093,0.0,0.9033,0.0,0.0821,0.4
1173,29__102,316,12.64,0.270707,0.249776,0.0,35.833,0,1.0,0.0402,0.0224,0.0,0.69,0.0,0.6662,0.36
1174,29__1365,334,13.36,0.233148,0.220037,0.08,inf,0,1.0,0.0562,0.0226,0.0,0.9533,0.0,0.3067,0.36
1175,29__1693,316,12.64,0.210721,0.200432,9.16,28.056,0,1.0,0.1014,0.0273,0.0,0.8867,0.0,0.0747,0.36
1176,29__1853,417,16.68,0.206087,0.184513,13.84,199.632,0,0.8914,0.0257,0.0134,0.0001,1.0,0.0,0.0,0.32
1177,29__1465,301,12.04,0.285902,0.186942,9.72,9.93,0,1.0,0.0394,0.0087,0.0,1.0,0.0,0.9198,0.24
1178,29__1396,377,15.08,0.279804,0.2252,12.16,12.487,0,0.9893,0.0434,0.0132,0.0,0.9833,0.0,0.5534,0.2
1179,29__2072,331,13.24,0.250982,0.226521,9.44,166.875,0,1.0,0.0465,0.0151,0.0,0.92,0.0,0.3514,0.44
1180,29__253,475,19.0,0.190351,0.168317,5.24,inf,0,0.8125,0.2529,0.1777,0.0,0.8533,0.0,0.0,0.24
1181,29__1368,466,18.64,0.159572,0.137836,18.6,inf,0,0.795,0.0223,0.012,0.0001,0.7467,0.0,0.0,0.4
1182,29__633,328,13.12,0.211321,0.200887,10.12,inf,0,1.0,0.0224,0.0056,0.0,1.0,0.0,0.0,0.16
1183,29__972,416,16.64,0.207097,0.193645,15.16,25.626,0,0.9111,0.0471,0.0208,0.0001,1.0,0.0,0.0041,0.32
1184,29__634,320,12.8,0.222561,0.19018,11.2,60.241,0,1.0,0.0186,0.0188,0.0,0.79,0.0,0.2555,0.2
1185,29__1732,422,16.88,0.270561,0.209999,1.84,15.38,0,0.8746,0.0243,0.0208,0.0,0.9767,0.0,0.6229,0.4
1186,29__558,310,12.4,0.237646,0.208419,10.4,18.737,0,1.0,0.089,0.0157,0.0,1.0,0.0,0.0683,0.4
1187,29__1299,362,14.48,0.174588,0.163318,0.16,111.938,0,1.0,0.0372,0.0119,0.0,0.69,0.0,0.0,0.2
1188,29__2024,333,13.32,0.187445,0.1773,11.8,inf,0,1.0,0.0515,0.0208,0.0,0.8033,0.0,0.0,0.28
1189,29__1227,314,12.56,0.209222,0.172095,11.4,55.244,0,1.0,0.0369,0.0208,0.0,1.0,0.0,0.0,0.24
1190,29__1179,328,13.12,0.272324,0.21585,0.0,44.311,0,1.0,0.14,0.0537,0.0,1.0,0.0,0.3709,0.36
1191,29__1878,351,14.04,0.289923,0.269466,0.64,65.211,0,1.0,0.0796,0.0295,0.0,0.83,0.0,0.6784,0.32
1192,29__377,349,13.96,0.24297,0.223995,3.2,137.615,0,1.0,0.0348,0.0215,0.0,0.9533,0.0,0.2914,0.36
1193,29__1795,417,16.68,0.200719,0.180152,1.12,113.526,0,0.8939,0.0216,0.0115,0.0,1.0,0.0,0.0,0.2
1194,29__1688,354,14.16,0.309104,0.290865,10.12,14.8,0,1.0,0.0514,0.0154,0.0,0.7967,0.0,0.7824,0.4
1195,29__804,339,13.56,0.310581,0.283914,12.76,22.202,0,1.0,0.0772,0.0268,0.0,0.8967,0.0,0.7409,0.32
1196,29__958,296,11.84,0.270082,0.186966,10.2,6.826,0,1.0,0.066,0.0128,0.0,1.0,0.1566,0.2683,0.28
1197,29__783,318,12.72,0.246218,0.221795,0.0,inf,0,1.0,0.0362,0.0112,0.0,0.6833,0.0,0.5171,0.32
1198,29__1234,356,14.24,0.217006,0.188496,0.28,22.772,0,1.0,0.0636,0.019,0.0,1.0,0.0,0.2005,0.28
1199,29__1191,300,12.0,0.17598,0.141328,0.0,inf,0,1.0,0.0558,0.0208,0.0,0.49,0.0,0.2084,0.4
1200,29__2067,368,14.72,0.281782,0.254107,9.36,54.456,0,1.0,0.1216,0.0486,0.0,0.9567,0.0,0.4136,0.44
1201,29__1007,449,17.96,0.164425,0.151657,17.32,inf,0,0.8289,0.0136,0.0054,0.0,0.7333,0.0,0.0,0.2
1202,29__976,418,16.72,0.207881,0.190769,0.16,415.176,0,0.8872,0.0186,0.0417,0.0001,1.0,0.0,0.0,0.24
1203,29__1763,400,16.0,0.309981,0.256306,14.48,28.234,0,0.9484,0.1086,0.0222,0.0001,1.0,0.0,0.9236,0.4
1204,29__978,340,13.6,0.203819,0.185002,5.12,inf,0,1.0,0.0902,0.0268,0.0,0.8933,0.0,0.0,0.32
1205,29__661,419,16.76,0.20788,0.187617,4.84,inf,0,0.8839,0.0192,0.0307,0.0,1.0,0.0,0.0,0.28
1206,29__797,322,12.88,0.220142,0.197612,2.68,inf,0,1.0,0.0404,0.0194,0.0,0.91,0.0,0.2064,0.28
1207,29__370,290,11.6,0.3007,0.285268,6.64,106.407,0,1.0,0.0454,0.0156,0.0,1.0,0.0,0.5443,0.4
1208,29__252,425,17.0,0.275992,0.242654,9.36,66.708,0,0.8907,0.0483,0.0176,0.0,0.97,0.0,0.4948,0.32
1209,29__566,338,13.52,0.321577,0.29541,9.6,21.955,0,1.0,0.0915,0.025,0.0,1.0,0.0,0.6821,0.36
1210,29__1925,344,13.76,0.293336,0.219243,0.0,inf,0,1.0,0.0987,0.018,0.0,1.0,0.0,0.6841,0.4
1211,29__686,344,13.76,0.247582,0.211619,2.44,48.797,0,1.0,0.0472,0.0202,0.0,0.6233,0.0,0.5093,0.24
1212,29__1285,313,12.52,0.25686,0.202951,0.2,inf,0,1.0,0.05,0.0131,0.0,0.61,0.0,0.6248,0.16
1213,29__344,306,12.24,0.195457,0.172405,8.08,inf,0,1.0,0.0468,0.0113,0.0,0.8267,0.0,0.0,0.24
1214,29__596,282,11.28,0.219626,0.159371,6.64,16.501,0,1.0,0.1086,0.0277,0.0001,1.0,0.0,0.0,0.24
1215,29__32,351,14.04,0.217973,0.188824,11.12,35.765,0,1.0,0.0258,0.0092,0.0,1.0,0.0,0.0,0.32
1216,29__1930,397,15.88,0.16776,0.152347,7.32,309.4,0,0.9621,0.1314,0.0367,0.0,0.6367,0.0,0.0,0.36
1217,29__1440,439,17.56,0.204135,0.185094,0.52,193.383,0,0.8511,0.0147,0.0082,0.0,1.0,0.0,0.0,0.24
1218,29__899,346,13.84,0.28628,0.227356,1.52,inf,0,1.0,0.0273,0.0208,0.0,0.6767,0.0,0.7393,0.4
1219,29__1640,425,17.0,0.321262,0.265995,16.32,10.068,0,0.8947,0.0472,0.0138,0.0,0.9233,0.0,0.8334,0.4
1220,29__1664,342,13.68,0.243149,0.223133,10.96,38.183,0,1.0,0.0588,0.0162,0.0,0.62,0.0,0.529,0.32
1221,29__13,281,11.24,0.263042,0.233001,6.12,10.093,0,1.0,0.0704,0.0256,0.0,0.9967,0.0,0.5653,0.24
1222,29__1158,303,12.12,0.309277,0.28077,3.48,306.286,0,1.0,0.0606,0.0249,0.0,0.8933,0.0,0.671,0.28
1223,29__773,311,12.44,0.305708,0.278387,9.4,inf,0,1.0,0.0181,0.0223,0.0,1.0,0.0,0.6341,0.32
1224,29__1733,541,21.64,0.253755,0.227034,18.84,48.375,0,0.6975,0.0243,0.0093,0.0,1.0,0.0,0.4524,0.36
1225,29__1466,288,11.52,0.202325,0.17833,11.44,71.638,0,1.0,0.0472,0.0073,0.0,0.9767,0.0,0.0,0.24
1226,29__43,487,19.48,0.340137,0.246498,3.6,30.974,0,0.8521,0.1729,0.0461,0.0,1.0,0.0,0.8398,0.36
1227,29__2144,178,7.12,0.194143,0.126554,0.0,inf,0,1.0,0.0832,0.016,0.0,0.95,0.0,0.0,0.16
1228,29__1585,386,15.44,0.254802,0.232169,9.88,inf,0,0.9768,0.0365,0.011,0.0,1.0,0.0,0.35,0.44
1229,29__1484,309,12.36,0.212967,0.149032,7.88,inf,0,1.0,0.034,0.0208,0.0,1.0,0.0,0.0,0.24
1230,29__611,412,16.48,0.271722,0.205226,1.24,inf,0,0.8972,0.0329,0.0131,0.0,1.0,0.0,0.5659,0.28
1231,29__2019,320,12.8,0.219064,0.164381,9.32,inf,0,1.0,0.0607,0.0162,0.0,1.0,0.0,0.0,0.32
1232,29__2075,385,15.4,0.281686,0.246632,9.28,40.093,0,1.0,0.2088,0.0551,0.0,0.99,0.0,0.4848,0.4
1233,29__1554,439,17.56,0.188367,0.166249,9.52,inf,0,0.8493,0.0167,0.0063,0.0,0.8933,0.0,0.0,0.28
1234,29__1735,385,15.4,0.210077,0.184668,6.56,87.485,0,0.9764,0.0254,0.011,0.0,1.0,0.0,0.0,0.28
1235,29__1457,368,14.72,0.279886,0.244449,0.0,17.977,0,1.0,0.1072,0.0169,0.0,0.9967,0.0,0.6772,0.2
1236,29__336,423,16.92,0.205263,0.189555,6.68,469.292,0,0.8761,0.0157,0.0069,0.0,1.0,0.0,0.0,0.24
1237,29__305,453,18.12,0.202879,0.147176,3.0,inf,0,0.8186,0.0146,0.0109,0.0001,0.76,0.0,0.3781,0.28
1238,29__1409,338,13.52,0.255391,0.236484,8.72,80.872,0,1.0,0.0566,0.0093,0.0,0.7433,0.0,0.5055,0.28
1239,29__2128,291,11.64,0.309518,0.19751,2.28,34.826,0,1.0,0.0674,0.0113,0.0,0.8033,0.0,0.766,0.32
1240,29__1528,358,14.32,0.197453,0.180734,1.04,inf,0,1.0,0.11,0.0483,0.0,0.81,0.0,0.0,0.28
1241,29__921,310,12.4,0.193878,0.164454,8.48,44.076,0,1.0,0.0475,0.0208,0.0,0.79,0.0,0.0,0.28
1242,29__415,446,17.84,0.204353,0.182314,2.68,895.824,0,0.8357,0.033,0.0106,0.0001,1.0,0.0,0.0,0.32
1243,29__785,306,12.24,0.20642,0.17416,7.56,31.958,0,1.0,0.0893,0.0236,0.0,0.88,0.0,0.0,0.28
1244,29__334,302,12.08,0.204577,0.187485,7.48,51.262,0,1.0,0.0286,0.0097,0.0,0.8067,0.0,0.1352,0.24
1245,29__1353,451,18.04,0.286506,0.240101,3.2,inf,0,0.8332,0.0277,0.0092,0.0,1.0,0.0,0.5957,0.28
1246,29__1800,282,11.28,0.201248,0.172218,0.0,56.747,0,1.0,0.0559,0.0208,0.0,0.76,0.0,0.1472,0.2
1247,29__708,304,12.16,0.217098,0.193358,4.24,18.809,0,1.0,0.0643,0.0235,0.0,1.0,0.0,0.0,0.32
1248,29__23,314,12.56,0.245679,0.187433,0.4,53.506,0,1.0,0.0398,0.0203,0.0,1.0,0.0,0.1879,0.28
1249,29__952,332,13.28,0.202074,0.174736,0.04,28.145,0,1.0,0.0343,0.0143,0.0,0.7033,0.0,0.4398,0.28
1250,29__679,431,17.24,0.287105,0.264782,1.44,89.818,0,0.865,0.02,0.012,0.0,0.8033,0.0,0.7078,0.32
1251,29__382,341,13.64,0.276905,0.261053,5.8,26.808,0,1.0,0.0772,0.0283,0.0,0.7133,0.0,0.6155,0.4
1252,29__2076,324,12.96,0.337866,0.313797,10.56,15.914,0,1.0,0.1789,0.0715,0.0,1.0,0.0,0.7666,0.4
1253,29__2127,363,14.52,0.289531,0.204325,2.96,inf,0,1.0,0.039,0.0132,0.0,0.6567,0.0,0.8474,0.32
1254,29__455,286,11.44,0.270058,0.249774,2.32,120.5,0,1.0,0.0527,0.0231,0.0,0.63,0.0,0.6779,0.24
1255,29__1133,427,17.08,0.185116,0.167439,1.48,415.786,0,0.8721,0.0183,0.0081,0.0,0.8967,0.0,0.0,0.2
1256,29__2037,509,20.36,0.216014,0.157111,0.0,inf,0,0.7675,0.1557,0.0534,0.0002,0.48,0.0,0.6081,0.28
1257,29__1186,369,14.76,0.340076,0.317463,13.92,18.425,0,1.0,0.08,0.0189,0.0,1.0,0.0,0.8245,0.36
1258,29__340,294,11.76,0.300923,0.232624,1.76,36.856,0,1.0,0.0777,0.0223,0.0,0.86,0.0,0.6867,0.32
1259,29__209,277,11.08,0.2212,0.178099,9.16,13.871,0,1.0,0.0653,0.0169,0.0,1.0,0.0,0.0,0.32
1260,29__1633,418,16.72,0.317701,0.277095,1.52,100.85,0,0.9089,0.0486,0.0192,0.0,1.0,0.0,0.6967,0.4
1261,29__488,359,14.36,0.289732,0.267761,1.88,inf,0,1.0,0.0472,0.0124,0.0,0.9833,0.0,0.5567,0.32
1262,29__1927,462,18.48,0.178519,0.16472,11.88,inf,0,0.8104,0.0132,0.0208,0.0,0.64,0.0,0.1367,0.44
1263,29__594,345,13.8,0.329895,0.223697,6.84,523.964,0,1.0,0.0236,0.0126,0.0001,1.0,0.0,0.7826,0.28
1264,29__903,322,12.88,0.3298,0.256146,7.48,11.735,0,1.0,0.1324,0.0391,0.0001,1.0,0.0,0.6728,0.36
1265,29__1589,365,14.6,0.23015,0.211151,12.16,14.485,0,1.0,0.0301,0.0208,0.0,1.0,0.0,0.1055,0.28
1266,29__232,321,12.84,0.25492,0.194833,5.8,12.363,0,1.0,0.1114,0.0274,0.0001,1.0,0.0,0.545,0.24
1267,29__1975,345,13.8,0.21131,0.193371,0.72,inf,0,1.0,0.0987,0.0352,0.0,0.9167,0.0,0.0,0.36
1268,29__1938,327,13.08,0.328441,0.289472,1.52,19.942,0,1.0,0.0602,0.0289,0.0,0.8233,0.0,0.8448,0.44
1269,29__680,327,13.08,0.308068,0.242004,1.84,77.839,0,1.0,0.0729,0.0204,0.0,1.0,0.0,0.6224,0.32
1270,29__1786,308,12.32,0.17348,0.154255,1.16,310.824,0,1.0,0.0358,0.0125,0.0,0.67,0.0,0.0,0.28
1271,29__981,312,12.48,0.183135,0.154611,11.12,8.58,0,1.0,0.0215,0.0056,0.0,0.73,0.0,0.3905,0.24
1272,29__35,309,12.36,0.203036,0.18659,8.36,22.992,0,1.0,0.0735,0.0146,0.0,0.7033,0.0,0.1876,0.32
1273,29__1644,298,11.92,0.209086,0.172853,0.0,38.631,0,1.0,0.0415,0.0208,0.0,0.8967,0.0,0.0726,0.4
1274,29__1108,441,17.64,0.182776,0.158673,1.92,inf,0,0.8475,0.0211,0.0234,0.0,0.9,0.0,0.0,0.24
1275,29__264,361,14.44,0.201369,0.184915,10.0,152.103,0,1.0,0.0535,0.0157,0.0,0.87,0.0,0.0,0.24
1276,29__411,422,16.88,0.177976,0.15876,8.6,78.596,0,0.9004,0.0243,0.0208,0.0,0.8133,0.0,0.0,0.36
1277,29__983,337,13.48,0.227585,0.187566,11.92,16.594,0,1.0,0.0443,0.0214,0.0,0.85,0.0,0.505,0.16
1278,29__2140,327,13.08,0.222946,0.210317,11.24,277.8,0,1.0,0.1057,0.0366,0.0,1.0,0.0,0.2171,0.24
1279,29__1266,324,12.96,0.291255,0.268569,7.12,10.598,0,1.0,0.1032,0.013,0.0,1.0,0.0,0.8414,0.28
1280,29__1231,422,16.88,0.245862,0.209844,7.6,263.529,0,0.88,0.0205,0.008,0.0,1.0,0.0,0.2788,0.24
1281,29__1455,373,14.92,0.28236,0.249968,0.12,21.55,0,1.0,0.0615,0.0208,0.0,0.8167,0.0,0.6972,0.28
1282,29__210,354,14.16,0.220446,0.204298,0.88,inf,0,1.0,0.0348,0.0096,0.0,1.0,0.0,0.0,0.28
1283,29__368,338,13.52,0.309798,0.283248,1.12,43.757,0,1.0,0.0602,0.033,0.0,0.86,0.0,0.7643,0.36
1284,29__962,300,12.0,0.222849,0.20895,10.48,27.904,0,1.0,0.0192,0.0055,0.0,0.8867,0.0,0.2417,0.24
1285,29__990,398,15.92,0.168552,0.130495,1.4,inf,0,0.9382,0.0192,0.0112,0.0,0.6767,0.0,0.0,0.2
1286,29__914,266,10.64,0.202045,0.180778,8.84,11.132,0,1.0,0.0572,0.0219,0.0,0.9133,0.0,0.069,0.36
1287,29__739,288,11.52,0.280668,0.251587,1.64,16.76,0,1.0,0.0843,0.0129,0.0,0.95,0.0,0.5633,0.28
1288,29__1198,359,14.36,0.20919,0.176411,0.04,inf,0,1.0,0.0219,0.0208,0.0,0.9633,0.0,0.0,0.32
1289,29__1431,290,11.6,0.20545,0.176588,9.68,20.747,0,1.0,0.0401,0.0079,0.0,0.8167,0.0,0.2421,0.16
1290,29__765,446,17.84,0.157017,0.135993,9.28,inf,0,0.8404,0.03,0.0102,0.0,0.64,0.0,0.0,0.32
1291,29__335,349,13.96,0.219519,0.194563,5.28,inf,0,1.0,0.0615,0.0162,0.0,1.0,0.0,0.0,0.32
1292,29__712,323,12.92,0.239027,0.215186,1.64,15.813,0,1.0,0.0471,0.0086,0.0,1.0,0.0,0.504,0.24
1293,29__1593,383,15.32,0.254727,0.231283,1.32,inf,0,0.9904,0.0305,0.0082,0.0,0.8167,0.0,0.4752,0.44
1294,29__506,369,14.76,0.277946,0.239276,13.76,13.209,0,1.0,0.17,0.048,0.0,0.6967,0.0,0.6784,0.36
1295,29__2008,324,12.96,0.191695,0.171888,7.04,44.741,0,1.0,0.0687,0.016,0.0,0.81,0.0,0.0,0.2
1296,29__850,309,12.36,0.21587,0.201174,0.6,31.779,0,1.0,0.0586,0.0147,0.0,1.0,0.0,0.0,0.24
1297,29__626,325,13.0,0.200134,0.182501,4.96,24.07,0,1.0,0.0748,0.0208,0.0,0.8833,0.0,0.0,0.24
1298,29__635,292,11.68,0.214151,0.200967,8.08,607.842,0,1.0,0.0326,0.0079,0.0,1.0,0.0,0.0,0.2
1299,29__928,473,18.92,0.2157,0.194597,1.4,15.338,0,0.8714,0.0888,0.019,0.0,0.6567,0.0,0.4714,0.28
1300,29__1128,353,14.12,0.210354,0.189521,10.44,54.09,0,1.0,0.0629,0.0248,0.0,0.95,0.0,0.035,0.24
1301,29__760,294,11.76,0.216926,0.207084,0.48,inf,0,1.0,0.0387,0.0082,0.0,0.9933,0.0,0.1595,0.16
1302,29__87,317,12.68,0.217098,0.200485,8.24,49.981,0,1.0,0.0371,0.0208,0.0,1.0,0.0,0.0143,0.28
1303,29__1271,354,14.16,0.209862,0.171047,0.64,21.58,0,1.0,0.0348,0.0119,0.0,0.99,0.0,0.0,0.16
1304,29__1086,300,12.0,0.218906,0.188715,8.96,inf,0,1.0,0.0409,0.0175,0.0,1.0,0.0,0.0,0.28
1305,29__434,316,12.64,0.248155,0.183051,0.32,142.726,0,1.0,0.034,0.0208,0.0,1.0,0.0,0.591,0.36
1306,29__525,447,17.88,0.210726,0.1976,7.52,392.625,0,0.8279,0.0362,0.0132,0.0,1.0,0.0,0.0,0.44
1307,29__1337,293,11.72,0.254866,0.225068,10.84,17.128,0,1.0,0.0883,0.0432,0.0,0.67,0.0,0.6152,0.24
1308,29__1145,305,12.2,0.23957,0.19275,3.76,7.779,0,1.0,0.1058,0.0418,0.0,0.7767,0.0294,0.3591,0.32
1309,29__1499,443,17.72,0.291813,0.259427,14.96,91.962,0,0.8332,0.0186,0.007,0.0,1.0,0.0,0.6557,0.24
1310,29__590,351,14.04,0.197539,0.170104,0.28,inf,0,1.0,0.13,0.0461,0.0,0.85,0.0,0.0,0.24
1311,29__201,317,12.68,0.317779,0.246021,0.0,234.455,0,1.0,0.0593,0.0193,0.0,0.9767,0.0,0.675,0.28
1312,29__72,274,10.96,0.183237,0.16394,0.28,inf,0,1.0,0.0735,0.0208,0.0,0.69,0.0,0.0097,0.36
1313,29__1625,292,11.68,0.209693,0.194699,11.44,42.967,0,1.0,0.0415,0.018,0.0,1.0,0.0,0.0,0.4
1314,29__390,350,14.0,0.210995,0.181328,12.84,inf,0,1.0,0.0457,0.0218,0.0,0.9267,0.0,0.0,0.32
1315,29__1292,336,13.44,0.211246,0.188351,11.68,inf,0,1.0,0.0786,0.0281,0.0,0.9567,0.0,0.0,0.2
1316,29__2069,466,18.64,0.440274,0.328499,11.8,5.303,0,0.8818,0.2429,0.0588,0.0,1.0,0.3595,0.9022,0.4
1317,29__835,318,12.72,0.236147,0.212932,0.0,106.304,0,1.0,0.036,0.0071,0.0,0.4567,0.0,0.6179,0.32
1318,29__2086,416,16.64,0.301128,0.201597,5.92,inf,0,0.8897,0.0272,0.0452,0.0,0.9633,0.0,0.6824,0.36
1319,29__16,189,7.56,0.50015,0.2935,1.72,2.739,0,1.0,0.1177,0.0144,0.0002,1.0,0.7014,0.9141,0.16
1320,29__1699,372,14.88,0.240587,0.210495,13.28,43.154,0,1.0,0.036,0.0155,0.0,0.8033,0.0,0.3609,0.44
1321,29__922,281,11.24,0.186016,0.170269,7.64,416.875,0,1.0,0.036,0.007,0.0,0.74,0.0,0.0,0.28
1322,29__307,445,17.8,0.220948,0.203801,7.4,23.736,0,0.8529,0.05,0.0221,0.0,0.66,0.0,0.5259,0.32
1323,29__637,437,17.48,0.202211,0.167083,12.44,inf,0,0.8504,0.0224,0.0076,0.0,1.0,0.0,0.0,0.2
1324,29__966,442,17.68,0.265177,0.234627,2.4,inf,0,0.8364,0.0256,0.0114,0.0,1.0,0.0,0.4867,0.24
1325,29__1460,293,11.72,0.219257,0.203933,4.92,inf,0,1.0,0.0546,0.0112,0.0,1.0,0.0,0.0,0.28
1326,29__750,357,14.28,0.272452,0.176375,0.0,inf,0,1.0,0.0236,0.0064,0.0,0.91,0.0,0.4607,0.32
1327,29__1344,258,10.32,0.212752,0.206499,6.68,17.235,0,1.0,0.066,0.0273,0.0,1.0,0.0,0.0,0.28
1328,29__1150,362,14.48,0.206171,0.18864,3.56,inf,0,1.0,0.0395,0.0227,0.0,0.95,0.0,0.0,0.24
1329,29__1374,471,18.84,0.207152,0.148997,0.68,inf,0,0.7907,0.0211,0.0208,0.0001,0.8667,0.0,0.1536,0.32
1330,29__1479,262,10.48,0.232285,0.197776,2.68,81.26,0,1.0,0.056,0.0208,0.0,0.74,0.0,0.3422,0.24
1331,29__1798,344,13.76,0.24976,0.22588,0.0,inf,0,1.0,0.0548,0.0248,0.0,0.9433,0.0,0.3679,0.2
1332,29__732,341,13.64,0.281657,0.182065,9.52,inf,0,1.0,0.0353,0.0088,0.0,0.7033,0.0,0.6762,0.36
1333,29__1047,416,16.64,0.254705,0.224329,1.68,44.921,0,0.8968,0.0743,0.0194,0.0,0.8533,0.0,0.4967,0.32
1334,29__326,321,12.84,0.238798,0.200476,11.12,42.774,0,1.0,0.0177,0.0047,0.0,1.0,0.0,0.2153,0.24
1335,29__1562,413,16.52,0.278251,0.257162,7.84,15.752,0,0.9386,0.0853,0.018,0.0,0.6833,0.0,0.7719,0.48
1336,29__1038,303,12.12,0.275048,0.255194,7.8,47.062,0,1.0,0.0361,0.0102,0.0,0.8733,0.0,0.5322,0.2
1337,29__1220,336,13.44,0.324326,0.271748,1.28,inf,0,1.0,0.0691,0.0153,0.0,0.9533,0.0,0.8448,0.24
1338,29__393,321,12.84,0.205138,0.179817,0.16,21.933,0,1.0,0.0783,0.0176,0.0,0.9833,0.0,0.1359,0.2
1339,29__207,397,15.88,0.253286,0.224067,11.04,24.926,0,0.9575,0.0516,0.0208,0.0,1.0,0.0,0.3071,0.32
1340,29__476,330,13.2,0.218907,0.203245,1.4,132.781,0,1.0,0.0643,0.0199,0.0,0.9433,0.0,0.309,0.24
1341,29__1331,295,11.8,0.176165,0.137348,0.4,53.068,0,1.0,0.0367,0.0156,0.0,0.7367,0.0,0.0,0.2
1342,29__864,434,17.36,0.205764,0.188473,4.6,inf,0,0.8593,0.0172,0.0123,0.0,1.0,0.0,0.0,0.28
1343,29__1464,360,14.4,0.282298,0.260948,7.88,31.963,0,1.0,0.0651,0.0261,0.0,0.95,0.0,0.586,0.28
1344,29__1787,355,14.2,0.189077,0.169008,0.96,15.78,0,1.0,0.0415,0.016,0.0,0.7767,0.0,0.0,0.24
1345,29__1960,313,12.52,0.2057,0.151403,10.64,14.822,0,1.0,0.2291,0.0477,0.0,0.7967,0.0,0.3181,0.32
1346,29__1436,331,13.24,0.305042,0.243841,6.64,inf,0,1.0,0.0205,0.0062,0.0,0.8233,0.0,0.8283,0.24
1347,29__277,296,11.84,0.207835,0.18699,10.08,79.456,0,1.0,0.0425,0.0208,0.0,0.8833,0.0,0.139,0.28
1348,29__1308,311,12.44,0.257532,0.232603,10.04,22.61,0,1.0,0.0529,0.0219,0.0,0.8767,0.0,0.4383,0.24
1349,29__1879,418,16.72,0.192299,0.164939,0.88,inf,0,0.8982,0.0275,0.0116,0.0,0.8767,0.0,0.0,0.36
1350,29__1744,407,16.28,0.192127,0.16383,0.0,inf,0,0.8489,0.14,0.1458,0.0,0.7667,0.0,0.0,0.36
1351,29__1857,420,16.8,0.24073,0.222177,3.48,inf,0,0.88,0.023,0.0103,0.0,1.0,0.0,0.2429,0.32
1352,29__270,352,14.08,0.304564,0.270915,10.08,32.731,0,1.0,0.0389,0.0107,0.0,1.0,0.0,0.8279,0.36
1353,29__936,299,11.96,0.207876,0.175724,10.64,17.644,0,1.0,0.0461,0.0081,0.0,0.6433,0.0,0.3797,0.32
1354,29__2050,511,20.44,0.272062,0.222074,10.96,15.088,0,0.7675,0.1471,0.0445,0.0,0.92,0.0,0.5814,0.28
1355,29__1533,392,15.68,0.494337,0.290946,12.68,3.366,0,1.0,0.1255,0.0292,0.0001,1.0,0.6179,0.9007,0.24
1356,29__770,309,12.36,0.244993,0.18576,0.4,inf,0,1.0,0.0188,0.0045,0.0,0.83,0.0,0.4248,0.28
1357,29__1840,431,17.24,0.315193,0.259141,14.92,15.446,0,0.8772,0.1221,0.0422,0.0,1.0,0.0,0.7405,0.4
1358,29__1351,335,13.4,0.320468,0.262103,0.0,31.468,0,1.0,0.0647,0.0167,0.0,1.0,0.0,0.7181,0.4
1359,29__1711,455,18.2,0.311333,0.278654,3.16,450.6,0,0.8386,0.05,0.0174,0.0,0.8967,0.0,0.8543,0.4
1360,29__385,346,13.84,0.311797,0.279419,10.88,76.323,0,1.0,0.0371,0.0171,0.0,0.9933,0.0,0.6845,0.4
1361,29__744,323,12.92,0.197555,0.186783,9.48,inf,0,1.0,0.03,0.0208,0.0,0.9233,0.0,0.0,0.2
1362,29__214,320,12.8,0.212127,0.187811,6.36,21.187,0,1.0,0.0243,0.0207,0.0,0.85,0.0,0.1243,0.28
1363,29__128,459,18.36,0.168953,0.156648,9.8,57.197,0,0.8079,0.0289,0.011,0.0,0.8133,0.0,0.0,0.16
1364,29__123,347,13.88,0.28179,0.264145,1.68,45.058,0,1.0,0.0263,0.008,0.0,0.89,0.0,0.556,0.32
1365,29__349,459,18.36,0.20057,0.177081,9.6,271.262,0,0.8068,0.0238,0.0208,0.0001,1.0,0.0,0.0,0.36
1366,29__822,316,12.64,0.203094,0.183629,9.48,20.825,0,1.0,0.0287,0.011,0.0,0.83,0.0,0.2026,0.32
1367,29__529,417,16.68,0.32713,0.305574,6.72,66.556,0,0.9,0.0329,0.0115,0.0,1.0,0.0,0.731,0.44
1368,29__1480,372,14.88,0.174984,0.153219,0.64,inf,0,1.0,0.0486,0.0101,0.0,0.74,0.0,0.0,0.16
1369,29__449,287,11.48,0.197206,0.181464,0.0,inf,0,1.0,0.0319,0.0208,0.0,0.8633,0.0,0.1522,0.16
1370,29__2068,324,12.96,0.283389,0.252314,0.2,171.389,0,1.0,0.0872,0.0391,0.0,0.9267,0.0,0.5031,0.4
1371,29__776,458,18.32,0.182953,0.174902,14.84,inf,0,0.8264,0.0243,0.007,0.0,0.92,0.0,0.0,0.28
1372,29__1237,285,11.4,0.215554,0.175124,10.28,inf,0,1.0,0.0709,0.0296,0.0,1.0,0.0,0.0,0.28
1373,29__162,389,15.56,0.273966,0.2424,9.92,20.289,0,0.9536,0.1415,0.047,0.0,1.0,0.0,0.4805,0.32
1374,29__1872,369,14.76,0.464285,0.205458,1.2,3.574,0,1.0,0.1134,0.0235,0.0003,1.0,0.5902,0.885,0.32
1375,29__1461,450,18.0,0.198238,0.186322,0.76,301.444,0,0.83,0.0222,0.0099,0.0,1.0,0.0,0.0,0.28
1376,29__1399,428,17.12,0.231143,0.193959,15.44,38.8,0,0.8697,0.0416,0.0113,0.0,0.7533,0.0,0.4184,0.2
1377,29__1701,292,11.68,0.209736,0.200404,3.64,66.799,0,1.0,0.0272,0.0127,0.0,1.0,0.0,0.0,0.28
1378,29__1002,315,12.6,0.174535,0.152185,12.56,119.626,0,1.0,0.0289,0.0208,0.0,0.7633,0.0,0.0,0.2
1379,29__280,283,11.32,0.481849,0.24778,9.44,2.847,0,1.0,0.1202,0.0367,0.0001,1.0,0.6871,0.689,0.16
1380,29__1398,340,13.6,0.210815,0.190373,12.84,18.567,0,1.0,0.0315,0.0129,0.0,1.0,0.0,0.3984,0.32
1381,29__847,322,12.88,0.302561,0.272601,8.36,34.383,0,1.0,0.0458,0.0127,0.0,1.0,0.0,0.5866,0.28
1382,29__657,333,13.32,0.245117,0.220481,0.0,inf,0,1.0,0.0219,0.0087,0.0,0.81,0.0,0.4476,0.2
1383,29__642,434,17.36,0.192476,0.182295,13.32,617.25,0,0.8743,0.0243,0.0203,0.0,1.0,0.0,0.0,0.24
1384,29__1936,408,16.32,0.273228,0.244698,1.24,27.088,0,0.9243,0.0431,0.0188,0.0,0.99,0.0,0.4138,0.36
1385,29__1319,307,12.28,0.216361,0.172598,0.2,inf,0,1.0,0.0303,0.0089,0.0,0.87,0.0,0.1547,0.28
1386,29__1411,438,17.52,0.23525,0.209015,13.8,96.372,0,0.8554,0.0177,0.0208,0.0,0.9,0.0,0.3578,0.28
1387,29__1113,293,11.72,0.28523,0.222097,4.8,110.345,0,1.0,0.0547,0.0221,0.0,1.0,0.0,0.4886,0.28
1388,29__1366,356,14.24,0.247768,0.201883,0.0,35.81,0,1.0,0.0431,0.0135,0.0,1.0,0.0,0.294,0.2
1389,29__1233,452,18.08,0.174673,0.14281,1.12,197.778,0,0.8268,0.0201,0.0065,0.0,0.8,0.0,0.0,0.28
1390,29__1838,340,13.6,0.191803,0.15236,0.0,inf,0,1.0,0.0393,0.009,0.0,0.89,0.0,0.0,0.24
1391,29__1139,421,16.84,0.200479,0.19138,1.64,103.723,0,0.8758,0.0198,0.0065,0.0,1.0,0.0,0.0,0.28
1392,29__2083,383,15.32,0.287168,0.235919,2.32,12.713,0,1.0,0.2657,0.0853,0.0,0.7767,0.0,0.7016,0.32
1393,29__830,352,14.08,0.287389,0.254763,0.12,inf,0,1.0,0.0261,0.0208,0.0,0.8967,0.0,0.5645,0.32
1394,29__2017,459,18.36,0.192776,0.169389,13.56,88.294,0,0.8054,0.0212,0.0136,0.0001,0.6267,0.0,0.2784,0.24
1395,29__1021,299,11.96,0.193742,0.181285,6.0,110.968,0,1.0,0.0315,0.0208,0.0,0.8333,0.0,0.0,0.28
1396,29__421,402,16.08,0.307825,0.285659,10.68,29.467,0,1.0,0.1157,0.0338,0.0,1.0,0.0,0.6403,0.36
1397,29__447,286,11.44,0.201892,0.181804,8.88,42.409,0,1.0,0.0673,0.0223,0.0,0.9367,0.0,0.0,0.16
1398,29__229,333,13.32,0.301495,0.269931,2.16,68.205,0,1.0,0.0316,0.0088,0.0,1.0,0.0,0.5926,0.32
1399,29__1201,363,14.52,0.233101,0.208844,6.16,44.512,0,1.0,0.0538,0.0206,0.0,0.67,0.0,0.4228,0.24
1400,29__2115,450,18.0,0.214912,0.198338,3.56,inf,0,0.7914,0.0309,0.0123,0.0001,1.0,0.0,0.1671,0.28
1401,29__1867,396,15.84,0.250345,0.223646,10.6,18.147,0,0.9568,0.0533,0.0132,0.0,0.59,0.0,0.5776,0.4
1402,29__996,341,13.64,0.237502,0.190123,1.04,inf,0,1.0,0.0301,0.0079,0.0,0.83,0.0,0.5643,0.2
1403,29__1415,412,16.48,0.205416,0.165085,0.0,inf,0,0.845,0.14,0.125,0.0,0.8567,0.0,0.0,0.28
1404,29__761,367,14.68,0.176044,0.162028,8.72,inf,0,1.0,0.0334,0.0072,0.0,0.6367,0.0,0.0,0.28
1405,29__1704,443,17.72,0.231395,0.188482,0.16,inf,0,0.8432,0.0272,0.0127,0.0,0.8833,0.0,0.525,0.44
1406,29__1151,350,14.0,0.303483,0.26179,7.2,37.397,0,1.0,0.0787,0.0161,0.0,0.99,0.0,0.6236,0.36
1407,29__80,317,12.68,0.224234,0.199134,0.16,14.369,0,1.0,0.0688,0.0306,0.0,0.9333,0.0,0.2024,0.24
1408,29__338,286,11.44,0.264555,0.208979,6.48,9.888,0,1.0,0.079,0.0208,0.0,1.0,0.0,0.6621,0.36
1409,29__2092,326,13.04,0.297248,0.178414,11.52,5.441,0,1.0,0.0286,0.0068,0.0,1.0,0.3412,0.4257,0.32
1410,29__299,348,13.92,0.27588,0.235963,12.24,8.746,0,1.0,0.0645,0.0347,0.0,1.0,0.0,0.3983,0.2
1411,29__1989,358,14.32,0.209014,0.198616,12.36,inf,0,1.0,0.0301,0.0079,0.0,0.97,0.0,0.0,0.24
1412,29__204,311,12.44,0.275464,0.222454,1.0,27.231,0,1.0,0.0672,0.0113,0.0,1.0,0.0,0.4507,0.24
1413,29__857,418,16.72,0.202878,0.182915,1.08,inf,0,0.8918,0.0277,0.0082,0.0,0.7733,0.0,0.2436,0.32
1414,29__1065,321,12.84,0.248132,0.197738,9.92,168.0,0,1.0,0.0537,0.0215,0.0001,1.0,0.0,0.3371,0.2
1415,29__834,309,12.36,0.182119,0.172835,4.2,159.69,0,1.0,0.0276,0.0208,0.0,0.7367,0.0,0.0,0.32
1416,29__2077,445,17.8,0.292646,0.200652,2.6,inf,0,0.8365,0.0174,0.0383,0.0,1.0,0.0,0.6381,0.28
1417,29__1459,357,14.28,0.274242,0.249496,12.88,19.577,0,1.0,0.0729,0.0267,0.0,0.95,0.0,0.5133,0.16
1418,29__1976,471,18.84,0.277849,0.248943,0.84,inf,0,0.8107,0.0275,0.007,0.0001,0.98,0.0,0.641,0.36
1419,29__1906,374,14.96,0.246996,0.182362,0.0,inf,0,0.9921,0.0364,0.0085,0.0,0.9633,0.0,0.674,0.32
1420,29__1854,325,13.0,0.268688,0.222374,11.28,21.42,0,1.0,0.0674,0.0129,0.0,1.0,0.0,0.6443,0.32
1421,29__1240,449,17.96,0.253303,0.223716,10.8,90.462,0,0.8236,0.0243,0.0129,0.0001,0.92,0.0,0.4617,0.2
1422,29__520,393,15.72,0.260928,0.221334,0.68,50.208,0,0.9729,0.0272,0.0208,0.0,1.0,0.0,0.3862,0.36
1423,29__676,324,12.96,0.286657,0.196318,0.44,inf,0,1.0,0.0588,0.0131,0.0,1.0,0.0,0.6721,0.28
1424,29__548,336,13.44,0.292552,0.264883,1.92,15.899,0,1.0,0.0592,0.02,0.0,1.0,0.0,0.631,0.44
1425,29__2041,301,12.04,0.250092,0.180517,9.4,19.225,0,1.0,0.1125,0.0291,0.0001,1.0,0.0,0.2053,0.32
1426,29__1008,306,12.24,0.232632,0.192971,0.0,37.121,0,1.0,0.043,0.022,0.0,0.8233,0.0,0.414,0.24
1427,29__1496,445,17.8,0.207145,0.167966,0.4,803.937,0,0.8414,0.0757,0.029,0.0,1.0,0.0,0.0,0.32
1428,29__248,351,14.04,0.261224,0.213387,4.6,inf,0,1.0,0.0348,0.0091,0.0,0.8567,0.0,0.486,0.24
1429,29__129,354,14.16,0.199693,0.180939,0.04,91.919,0,1.0,0.0315,0.0157,0.0,0.8967,0.0,0.0,0.32
1430,29__296,302,12.08,0.220235,0.203385,10.08,inf,0,1.0,0.0496,0.0094,0.0,1.0,0.0,0.0,0.28
1431,29__82,348,13.92,0.213162,0.197839,2.12,inf,0,1.0,0.0444,0.0146,0.0,0.99,0.0,0.0,0.32
1432,29__600,246,9.84,0.175264,0.13294,0.44,inf,0,1.0,0.0261,0.0129,0.0,0.6433,0.0,0.0,0.28
1433,29__42,422,16.88,0.281976,0.245081,0.0,11.531,0,0.9246,0.0687,0.0153,0.0,0.9367,0.0,0.6566,0.36
1434,29__940,295,11.8,0.251738,0.230247,0.48,inf,0,1.0,0.1429,0.0601,0.0,1.0,0.0,0.2897,0.28
1435,29__1418,417,16.68,0.251576,0.203146,14.8,25.394,0,0.9271,0.0459,0.0151,0.0,1.0,0.0,0.275,0.24
1436,29__577,293,11.72,0.216767,0.176927,7.64,7.714,0,1.0,0.034,0.0098,0.0,1.0,0.0382,0.0852,0.28
1437,29__1306,458,18.32,0.254156,0.226642,2.44,inf,0,0.8118,0.025,0.0163,0.0,1.0,0.0,0.4103,0.24
1438,29__1734,319,12.76,0.300647,0.24944,11.36,102.267,0,1.0,0.124,0.0341,0.0,1.0,0.0,0.515,0.36
1439,29__26,313,12.52,0.202572,0.187839,1.96,234.778,0,1.0,0.0301,0.0108,0.0,0.8533,0.0,0.0498,0.28
1440,29__621,311,12.44,0.225516,0.162314,3.64,9.499,0,1.0,0.0698,0.0211,0.0001,1.0,0.0,0.3948,0.2
1441,29__410,392,15.68,0.333015,0.291122,13.68,7.151,0,1.0,0.1116,0.0304,0.0,1.0,0.1133,0.8852,0.36
1442,29__1103,413,16.52,0.267244,0.243788,13.16,67.723,0,0.9004,0.0144,0.0089,0.0,1.0,0.0,0.4883,0.24
1443,29__112,304,12.16,0.221033,0.205322,3.12,inf,0,1.0,0.0186,0.0079,0.0,1.0,0.0,0.0,0.32
1444,29__597,263,10.52,0.298574,0.229078,4.4,9.469,0,1.0,0.1173,0.0235,0.0,0.86,0.0,0.674,0.28
1445,29__1843,339,13.56,0.180132,0.167023,0.2,96.122,0,1.0,0.0384,0.0136,0.0001,0.7433,0.0,0.0,0.2
1446,29__1010,318,12.72,0.265815,0.201192,0.0,inf,0,1.0,0.0429,0.0208,0.0,0.89,0.0,0.4826,0.28
1447,29__298,409,16.36,0.177137,0.16102,2.0,inf,0,0.9057,0.0114,0.0208,0.0,0.77,0.0,0.0,0.2
1448,29__912,477,19.08,0.22777,0.175139,0.04,inf,0,0.7907,0.034,0.0111,0.0,0.8233,0.0,0.4253,0.28
1449,29__1658,351,14.04,0.293546,0.269361,9.08,55.02,0,1.0,0.0832,0.0261,0.0,1.0,0.0,0.576,0.32
1450,29__1530,350,14.0,0.216787,0.197407,4.28,37.26,0,1.0,0.023,0.0088,0.0,0.89,0.0,0.18,0.24
1451,29__212,321,12.84,0.20654,0.189456,0.16,inf,0,1.0,0.0915,0.0279,0.0,0.67,0.0,0.2414,0.32
1452,29__654,326,13.04,0.273056,0.226504,0.0,296.595,0,1.0,0.05,0.0206,0.0,1.0,0.0,0.4355,0.2
1453,29__100,318,12.72,0.239944,0.213197,5.64,16.946,0,1.0,0.0432,0.0124,0.0,0.9233,0.0,0.3876,0.4
1454,29__2064,474,18.96,0.298436,0.271965,4.52,8.303,0,0.8396,0.1872,0.0469,0.0001,1.0,0.0,0.7014,0.4
1455,29__172,355,14.2,0.26788,0.167315,0.0,15.173,0,1.0,0.0658,0.0237,0.0,0.61,0.0,0.8064,0.4
1456,29__453,319,12.76,0.224598,0.196867,10.96,79.214,0,1.0,0.0401,0.0208,0.0,0.95,0.0,0.289,0.2
1457,29__748,240,9.6,0.190687,0.157255,7.6,37.575,0,1.0,0.0972,0.0403,0.0,0.7767,0.0,0.0,0.36
1458,29__1414,276,11.04,0.17239,0.155683,9.12,21.003,0,1.0,0.0261,0.0216,0.0,0.6967,0.0,0.0,0.28
1459,29__30,449,17.96,0.184215,0.157619,0.0,inf,0,0.8296,0.0486,0.0217,0.0,0.6433,0.0,0.2247,0.36
1460,29__1595,517,20.68,0.174552,0.13609,1.08,inf,0,0.7361,0.0198,0.0108,0.0001,0.6733,0.0,0.1376,0.36
1461,29__568,344,13.76,0.258394,0.2248,8.88,13.299,0,1.0,0.1175,0.0373,0.0,1.0,0.0,0.4055,0.36
1462,29__2047,464,18.56,0.229905,0.205348,10.8,31.78,0,0.8111,0.03,0.0131,0.0,0.89,0.0,0.3964,0.36
1463,29__236,450,18.0,0.20232,0.173928,14.12,83.965,0,0.8325,0.0378,0.0258,0.0001,1.0,0.0,0.0,0.24
1464,29__1094,315,12.6,0.206754,0.182634,10.44,138.397,0,1.0,0.0402,0.0124,0.0,0.9833,0.0,0.0,0.24
1465,29__643,447,17.88,0.276033,0.248222,0.0,inf,0,0.8325,0.0146,0.0197,0.0,1.0,0.0,0.6281,0.24
1466,29__263,351,14.04,0.285863,0.175403,11.16,13.815,0,1.0,0.055,0.0152,0.0,1.0,0.0,0.5434,0.24
1467,29__202,417,16.68,0.210966,0.199072,0.68,376.744,0,0.8847,0.036,0.0143,0.0,1.0,0.0,0.0,0.28
1468,29__924,483,19.32,0.213514,0.182879,2.32,42.446,0,0.7886,0.039,0.0091,0.0,1.0,0.0,0.1421,0.32
1469,29__1508,282,11.28,0.191198,0.18213,3.08,21.292,0,1.0,0.0308,0.0106,0.0,0.8367,0.0,0.0,0.28
1470,29__1494,317,12.68,0.297512,0.270624,1.08,9.833,0,1.0,0.1186,0.0396,0.0,0.7633,0.0,0.8005,0.24
1471,29__417,404,16.16,0.265313,0.236426,4.08,13.72,0,0.9968,0.1243,0.0335,0.0,0.7833,0.0,0.5526,0.32
1472,29__1076,255,10.2,0.220978,0.189827,5.36,inf,0,1.0,0.0461,0.0147,0.0,1.0,0.0,0.0,0.28
1473,29__171,326,13.04,0.317761,0.279814,12.52,5.242,0,1.0,0.1265,0.0333,0.0,0.8567,0.3677,0.8452,0.4
1474,29__631,284,11.36,0.183816,0.151607,0.0,30.122,0,1.0,0.086,0.023,0.0,0.7833,0.0,0.0,0.12
1475,29__1541,376,15.04,0.271186,0.239542,0.0,30.691,0,0.9904,0.0202,0.0089,0.0,0.83,0.0,0.6371,0.2
1476,29__161,378,15.12,0.250969,0.218064,13.28,41.78,0,1.0,0.0374,0.0066,0.0,0.7967,0.0,0.4219,0.32
1477,29__425,318,12.72,0.187676,0.160744,0.16,23.986,0,1.0,0.0721,0.0226,0.0,0.7767,0.0,0.0,0.28
1478,29__733,297,11.88,0.21983,0.18222,10.36,inf,0,1.0,0.0868,0.0352,0.0002,1.0,0.0,0.0,0.32
1479,29__790,316,12.64,0.218082,0.156928,4.28,18.856,0,1.0,0.0663,0.0204,0.0,1.0,0.0,0.0,0.32
1480,29__64,426,17.04,0.229232,0.185263,14.24,15.506,0,0.8725,0.0772,0.0283,0.0,0.8467,0.0,0.4088,0.28
1481,29__1659,328,13.12,0.230277,0.20364,3.96,inf,0,1.0,0.0386,0.0096,0.0,1.0,0.0,0.1445,0.28
1482,29__762,302,12.08,0.211796,0.200916,8.28,inf,0,1.0,0.0843,0.0191,0.0,1.0,0.0,0.0,0.28
1483,29__865,346,13.84,0.28172,0.255808,4.36,10.054,0,1.0,0.1281,0.028,0.0,0.63,0.0,0.7771,0.28
1484,29__1869,323,12.92,0.233409,0.193835,0.56,30.104,0,1.0,0.0974,0.0142,0.0,0.2967,0.0,0.6881,0.4
1485,29__1320,349,13.96,0.194737,0.163897,0.0,inf,0,1.0,0.0346,0.0088,0.0,0.7067,0.0,0.1586,0.2
1486,29__1973,461,18.44,0.183187,0.167647,7.04,inf,0,0.8418,0.03,0.0178,0.0,0.8867,0.0,0.2088,0.24
1487,29__1257,424,16.96,0.305656,0.263066,15.6,14.136,0,0.8796,0.0358,0.011,0.0,1.0,0.0,0.6979,0.28
1488,29__2141,300,12.0,0.232697,0.203798,0.4,111.342,0,1.0,0.0829,0.0271,0.0,0.8433,0.0,0.3155,0.2
1489,29__1826,309,12.36,0.124395,0.115463,9.72,81.154,0,1.0,0.0191,0.0093,0.0,0.2833,0.0,0.0,0.24
1490,29__1668,326,13.04,0.26976,0.2173,9.52,17.896,0,1.0,0.1059,0.0258,0.0,0.6533,0.0,0.614,0.24
1491,29__1214,304,12.16,0.269321,0.236922,0.64,inf,0,1.0,0.0714,0.017,0.0,0.9333,0.0,0.4959,0.28
1492,29__1355,332,13.28,0.248217,0.231338,6.04,43.266,0,1.0,0.0477,0.0221,0.0,0.9367,0.0,0.3941,0.4
1493,29__1902,321,12.84,0.179341,0.165824,9.44,338.048,0,1.0,0.0429,0.0193,0.0,0.7233,0.0,0.0,0.24
1494,29__1072,327,13.08,0.304391,0.224936,0.2,inf,0,1.0,0.0686,0.0213,0.0,0.75,0.0,0.7626,0.28
1495,29__394,348,13.92,0.334098,0.296047,9.08,24.25,0,1.0,0.0772,0.0242,0.0,0.9067,0.0,0.8124,0.32
1496,29__878,357,14.28,0.280213,0.210672,1.24,22.554,0,1.0,0.0962,0.0308,0.0,0.9233,0.0,0.4917,0.32
1497,29__714,288,11.52,0.321491,0.178914,0.04,190.759,0,1.0,0.1414,0.0625,0.0,0.93,0.0,0.6122,0.4
1498,29__122,358,14.32,0.321307,0.243474,1.16,66.871,0,1.0,0.0258,0.0048,0.0,1.0,0.0,0.6793,0.36
1499,29__2058,483,19.32,0.513656,0.288167,11.96,3.667,0,0.8796,0.4118,0.1603,0.0001,1.0,0.5778,0.8412,0.36
1500,29__534,319,12.76,0.229279,0.205833,10.64,11.366,0,1.0,0.153,0.0345,0.0,1.0,0.0,0.1041,0.28
1501,29__1999,368,14.72,0.183908,0.167259,10.64,inf,0,1.0,0.0373,0.0208,0.0,0.7433,0.0,0.0,0.2
1502,29__2146,143,5.72,0.168946,0.163896,1.8,inf,0,0.8164,0.0141,0.0029,0.0,0.8067,0.0,0.0,0.12
1503,29__1616,508,20.32,0.296375,0.263693,12.24,8.582,0,0.805,0.1357,0.029,0.0,1.0,0.0,0.7898,0.4
1504,29__926,321,12.84,0.223867,0.194889,7.68,273.0,0,1.0,0.0451,0.0135,0.0,0.71,0.0,0.3798,0.32
1505,29__494,461,18.44,0.19609,0.175137,0.32,inf,0,0.8032,0.0103,0.0171,0.0,1.0,0.0,0.0,0.36
1506,29__1004,428,17.12,0.319079,0.272893,0.92,34.207,0,0.8764,0.0444,0.0216,0.0,1.0,0.0,0.7855,0.24
1507,29__598,423,16.92,0.276867,0.217429,6.0,9.773,0,0.875,0.0468,0.0161,0.0001,1.0,0.0,0.6781,0.24
1508,29__832,316,12.64,0.270096,0.25253,11.44,27.007,0,1.0,0.0458,0.0117,0.0,0.9033,0.0,0.4643,0.32
1509,29__1236,321,12.84,0.293754,0.266396,11.56,39.049,0,1.0,0.19,0.0506,0.0,0.9067,0.0,0.6088,0.28
1510,29__1950,319,12.76,0.287751,0.265597,2.68,15.194,0,1.0,0.0587,0.0186,0.0,0.71,0.0,0.719,0.44
1511,29__504,335,13.4,0.208028,0.187523,3.4,inf,0,1.0,0.0281,0.0091,0.0,0.97,0.0,0.0,0.28
1512,29__782,345,13.8,0.308764,0.261032,11.08,22.647,0,1.0,0.0576,0.0148,0.0,1.0,0.0,0.6167,0.28
1513,29__2015,421,16.84,0.280254,0.205535,1.4,inf,0,0.8811,0.0295,0.0227,0.0001,1.0,0.0,0.6521,0.28
1514,29__1208,349,13.96,0.255671,0.221057,0.0,68.214,0,1.0,0.0385,0.0249,0.0,0.9167,0.0,0.396,0.28
1515,29__1954,311,12.44,0.2453,0.227433,3.32,25.612,0,1.0,0.0573,0.0161,0.0,0.6833,0.0,0.5509,0.4
1516,29__1387,416,16.64,0.460907,0.225218,3.2,2.716,0,0.9043,0.0672,0.019,0.0001,1.0,0.7046,0.9148,0.28
1517,29__93,332,13.28,0.276913,0.242741,11.92,12.987,0,1.0,0.0659,0.0193,0.0,0.9233,0.0,0.6393,0.32
1518,29__1307,317,12.68,0.180765,0.16026,1.88,inf,0,1.0,0.0289,0.01,0.0,0.77,0.0,0.0,0.2
1519,29__2116,300,12.0,0.200952,0.156188,9.44,63.701,0,1.0,0.0606,0.0283,0.0,0.8933,0.0,0.0,0.24
1520,29__167,342,13.68,0.32255,0.290111,2.76,33.853,0,1.0,0.0393,0.0234,0.0,1.0,0.0,0.614,0.44
1521,29__896,442,17.68,0.209638,0.196575,7.08,239.37,0,0.8425,0.0308,0.0121,0.0,1.0,0.0,0.0,0.36
1522,29__937,288,11.52,0.199574,0.164858,0.88,88.68,0,1.0,0.0832,0.0154,0.0,0.8267,0.0,0.0,0.28
1523,29__1620,303,12.12,0.417275,0.327195,2.48,3.965,0,1.0,0.0454,0.0159,0.0,1.0,0.538,0.9031,0.4
1524,29__1082,327,13.08,0.429817,0.309264,6.84,3.487,0,1.0,0.1338,0.0335,0.0,1.0,0.6017,0.8595,0.24
1525,29__918,484,19.36,0.26998,0.217857,0.32,inf,0,0.7847,0.0334,0.0255,0.0001,1.0,0.0,0.5279,0.24
1526,29__381,374,14.96,0.218631,0.183584,11.8,72.693,0,0.9961,0.1415,0.0402,0.0,0.9967,0.0,0.0,0.36
1527,29__413,337,13.48,0.237593,0.202522,0.0,inf,0,1.0,0.1429,0.0538,0.0,0.9067,0.0,0.1276,0.36
1528,29__997,315,12.6,0.214292,0.176348,3.36,25.357,0,1.0,0.0539,0.0289,0.0001,1.0,0.0,0.0,0.12
1529,29__1040,346,13.84,0.185593,0.170109,13.64,inf,0,1.0,0.07,0.0298,0.0,0.8433,0.0,0.0,0.16
1530,29__392,342,13.68,0.294672,0.275278,9.44,52.045,0,1.0,0.0497,0.0169,0.0,1.0,0.0,0.4712,0.36
1531,29__2012,461,18.44,0.191694,0.167013,9.8,137.865,0,0.8054,0.0385,0.0099,0.0,0.9733,0.0,0.0,0.2
1532,29__1442,416,16.64,0.240403,0.182071,2.72,inf,0,0.8961,0.0172,0.0119,0.0,0.99,0.0,0.4314,0.28
1533,29__1330,322,12.88,0.224185,0.187395,1.08,inf,0,1.0,0.0987,0.0299,0.0,0.7233,0.0,0.346,0.28
1534,29__809,434,17.36,0.206307,0.179665,15.32,inf,0,0.8575,0.016,0.0208,0.0,1.0,0.0,0.0,0.28
1535,29__628,307,12.28,0.208414,0.154253,12.2,89.736,0,1.0,0.0592,0.0102,0.0,1.0,0.0,0.0,0.2
1536,29__909,453,18.12,0.255074,0.23481,5.16,56.292,0,0.8289,0.0376,0.0251,0.0001,1.0,0.0,0.376,0.28
1537,29__1851,354,14.16,0.207301,0.183305,10.0,37.026,0,1.0,0.0849,0.03,0.0,0.6967,0.0,0.1724,0.28
1538,29__1920,316,12.64,0.225818,0.166355,3.04,inf,0,1.0,0.0807,0.0173,0.0,1.0,0.0,0.0,0.32
1539,29__802,295,11.8,0.189645,0.167565,10.56,26.247,0,1.0,0.0535,0.0123,0.0,0.7667,0.0,0.0,0.28
1540,29__757,330,13.2,0.241773,0.223131,5.0,inf,0,1.0,0.0505,0.0074,0.0,0.8567,0.0,0.4557,0.24
1541,29__2046,320,12.8,0.208873,0.172918,0.68,74.021,0,1.0,0.0289,0.0208,0.0,0.6367,0.0,0.4231,0.36
1542,29__799,417,16.68,0.209121,0.193359,2.52,inf,0,0.8911,0.0163,0.0092,0.0,1.0,0.0,0.0,0.28
1543,29__613,298,11.92,0.220266,0.195122,10.44,24.429,0,1.0,0.092,0.0232,0.0,1.0,0.0,0.2683,0.24
1544,29__2001,317,12.68,0.215968,0.179782,8.88,6.534,0,1.0,0.0326,0.0092,0.0,1.0,0.1955,0.1469,0.16
1545,29__163,288,11.52,0.246238,0.210596,2.72,18.886,0,1.0,0.0295,0.0068,0.0,0.7833,0.0,0.5207,0.32
1546,29__2102,288,11.52,0.217977,0.185953,9.88,45.484,0,1.0,0.061,0.0185,0.0001,1.0,0.0,0.0,0.28
1547,29__998,313,12.52,0.193022,0.167203,1.48,162.822,0,1.0,0.0211,0.0127,0.0,0.9167,0.0,0.0,0.16
1548,29__279,325,13.0,0.209462,0.186012,12.32,63.133,0,1.0,0.0324,0.0115,0.0,1.0,0.0,0.0,0.2
1549,29__40,440,17.6,0.259628,0.202453,15.8,56.556,0,0.8375,0.03,0.0122,0.0,0.7733,0.0,0.6843,0.32
1550,29__695,387,15.48,0.308795,0.279241,0.96,86.857,0,0.9868,0.0423,0.0097,0.0,1.0,0.0,0.6216,0.28
1551,29__2052,344,13.76,0.210208,0.202399,10.52,inf,0,1.0,0.0326,0.01,0.0,0.9767,0.0,0.0,0.32
1552,29__311,310,12.4,0.197542,0.17042,0.04,13.925,0,1.0,0.042,0.0215,0.0,0.9233,0.0,0.0,0.32
1553,29__933,292,11.68,0.278459,0.166665,0.04,inf,0,1.0,0.0552,0.0208,0.0,0.86,0.0,0.6405,0.32
1554,29__191,347,13.88,0.229693,0.192628,0.48,inf,0,1.0,0.0416,0.0239,0.0001,0.9833,0.0,0.1438,0.36
1555,29__660,326,13.04,0.178358,0.15794,1.08,43.926,0,1.0,0.0231,0.0197,0.0,0.7367,0.0,0.0,0.28
1556,29__472,322,12.88,0.203604,0.177449,10.44,38.676,0,1.0,0.0373,0.0213,0.0,0.65,0.0,0.2629,0.16
1557,29__486,302,12.08,0.213457,0.16265,8.16,inf,0,1.0,0.0346,0.0214,0.0,1.0,0.0,0.0762,0.28
1558,29__1456,296,11.84,0.206023,0.188543,9.32,36.451,0,1.0,0.0329,0.0102,0.0,0.9233,0.0,0.0,0.24
1559,29__1425,294,11.76,0.499248,0.278268,6.32,3.065,0,1.0,0.1001,0.0233,0.0001,1.0,0.6581,0.9424,0.28
1560,29__722,299,11.96,0.159984,0.142677,4.0,31.738,0,1.0,0.0534,0.0105,0.0,0.5267,0.0,0.0,0.28
1561,29__585,347,13.88,0.307942,0.254842,0.92,inf,0,1.0,0.0402,0.0073,0.0,1.0,0.0,0.5952,0.44
1562,29__1740,414,16.56,0.21718,0.182055,0.76,69.824,0,0.8989,0.0181,0.0118,0.0,1.0,0.0,0.1403,0.36
1563,29__132,315,12.6,0.209792,0.174134,0.44,13.531,0,1.0,0.0224,0.0083,0.0,1.0,0.0,0.2509,0.32
1564,29__1304,296,11.84,0.314236,0.221819,8.4,6.353,0,1.0,0.1516,0.027,0.0,0.78,0.2196,0.7247,0.24
1565,29__67,305,12.2,0.223965,0.165783,3.84,27.719,0,1.0,0.0507,0.0191,0.0,1.0,0.0,0.0,0.32
1566,29__1785,408,16.32,0.188922,0.156054,2.64,47.262,0,0.9125,0.0167,0.0122,0.0,0.91,0.0,0.0,0.28
1567,29__1775,412,16.48,0.281685,0.264483,11.52,inf,0,0.915,0.0334,0.007,0.0,0.79,0.0,0.8453,0.4
1568,29__490,379,15.16,0.255174,0.200691,13.32,19.421,0,1.0,0.0868,0.0221,0.0001,1.0,0.0,0.3284,0.24
1569,29__1014,380,15.2,0.268023,0.222515,1.72,7.689,0,0.9893,0.0371,0.0107,0.0,1.0,0.0415,0.7452,0.24
1570,29__716,283,11.32,0.132381,0.125008,10.4,32.082,0,1.0,0.0305,0.0103,0.0,0.35,0.0,0.0,0.28
1571,29__1974,411,16.44,0.184215,0.166982,16.4,200.464,0,0.8397,0.1388,0.1047,0.0,0.95,0.0,0.0957,0.16
1572,29__584,333,13.32,0.262643,0.245639,11.72,40.639,0,1.0,0.1057,0.0345,0.0,1.0,0.0,0.3788,0.36
1573,29__1764,421,16.84,0.213106,0.189243,7.6,10.224,0,0.8754,0.0276,0.0099,0.0,1.0,0.0,0.2007,0.36
1574,29__911,420,16.8,0.184057,0.1548,0.64,inf,0,0.9086,0.03,0.006,0.0,0.7333,0.0,0.1141,0.32
1575,29__1247,303,12.12,0.219766,0.193479,2.72,181.318,0,1.0,0.0447,0.0249,0.0,0.5767,0.0,0.3517,0.32
1576,29__1615,499,19.96,0.20204,0.174022,13.72,58.185,0,0.7657,0.0386,0.0107,0.0,0.6867,0.0,0.3981,0.4
1577,29__971,314,12.56,0.220875,0.178231,9.04,inf,0,1.0,0.0723,0.0356,0.0,1.0,0.0,0.0,0.28
1578,29__1584,305,12.2,0.351172,0.264194,7.96,5.573,0,1.0,0.0468,0.0197,0.0,1.0,0.3236,0.7571,0.36
1579,29__840,315,12.6,0.198097,0.171562,12.56,inf,0,1.0,0.0507,0.0213,0.0,0.9233,0.0,0.039,0.24
1580,29__766,369,14.76,0.282141,0.262949,0.44,73.103,0,1.0,0.0758,0.0281,0.0,0.7567,0.0,0.7357,0.32
1581,29__1628,313,12.52,0.425949,0.221849,1.04,4.287,0,1.0,0.0788,0.0211,0.0001,1.0,0.4951,0.7198,0.36
1582,29__1557,292,11.68,0.168442,0.157436,3.16,inf,0,1.0,0.0514,0.0208,0.0,0.6367,0.0,0.0,0.28
1583,29__1914,453,18.12,0.163224,0.134503,16.2,inf,0,0.8286,0.0174,0.0079,0.0001,0.62,0.0,0.0,0.36
1584,29__652,266,10.64,0.212129,0.186107,0.28,21.846,0,1.0,0.0449,0.009,0.0,1.0,0.0,0.0,0.32
1585,29__1672,320,12.8,0.225992,0.186031,11.4,17.461,0,1.0,0.0516,0.0194,0.0,0.7333,0.0,0.3684,0.28
1586,29__658,374,14.96,0.246009,0.215139,1.84,inf,0,1.0,0.0788,0.0198,0.0,0.9167,0.0,0.5638,0.32
1587,29__2078,282,11.28,0.281405,0.256261,8.8,12.446,0,1.0,0.1529,0.0256,0.0,0.5033,0.0,0.794,0.32
1588,29__54,287,11.48,0.214643,0.169645,8.68,inf,0,1.0,0.0463,0.0202,0.0,1.0,0.0,0.0,0.32
1589,29__1090,312,12.48,0.183267,0.170172,1.76,47.267,0,1.0,0.0254,0.0092,0.0,0.8033,0.0,0.0,0.2
1590,29__573,446,17.84,0.186087,0.17421,1.92,inf,0,0.8429,0.0257,0.0208,0.0,0.8667,0.0,0.0,0.28
1591,29__1577,353,14.12,0.20871,0.19318,1.88,56.005,0,1.0,0.0445,0.0207,0.0001,0.9967,0.0,0.0,0.28
1592,29__1058,333,13.32,0.234959,0.191421,11.76,19.041,0,1.0,0.0473,0.0244,0.0,0.75,0.0,0.3488,0.24
1593,29__1447,319,12.76,0.197506,0.184724,11.24,153.136,0,1.0,0.0385,0.0081,0.0,0.8567,0.0,0.0,0.28
1594,29__2044,362,14.48,0.237108,0.16245,7.96,37.889,0,1.0,0.0212,0.023,0.0,0.49,0.0,0.6314,0.36
1595,29__951,309,12.36,0.216016,0.189406,1.84,31.447,0,1.0,0.0326,0.0218,0.0,1.0,0.0,0.0,0.36
1596,29__678,334,13.36,0.233561,0.181681,0.28,32.561,0,1.0,0.0343,0.0214,0.0,1.0,0.0,0.5086,0.36
1597,29__1200,319,12.76,0.270545,0.248033,11.6,79.132,0,1.0,0.0657,0.0248,0.0,0.9267,0.0,0.5243,0.28
1598,29__407,301,12.04,0.281165,0.227853,7.32,55.776,0,1.0,0.0361,0.0145,0.0,0.8967,0.0,0.5003,0.36
1599,29__720,307,12.28,0.204328,0.171677,6.56,32.836,0,1.0,0.0415,0.015,0.0,0.9367,0.0,0.0,0.2
1600,29__1204,350,14.0,0.287311,0.169201,11.36,inf,0,1.0,0.0671,0.035,0.0,0.73,0.0,0.8245,0.36
1601,29__1820,447,17.88,0.177458,0.169345,8.52,inf,0,0.8396,0.0191,0.0062,0.0,0.8667,0.0,0.0,0.28
1602,29__895,327,13.08,0.169628,0.156601,0.76,58.113,0,1.0,0.0614,0.0204,0.0,0.6033,0.0,0.0,0.32
1603,29__1290,412,16.48,0.234786,0.192604,14.28,26.012,0,0.8961,0.0214,0.0064,0.0,0.7867,0.0,0.416,0.16
1604,29__1984,313,12.52,0.186847,0.163931,0.68,46.712,0,1.0,0.0219,0.0223,0.0,0.8433,0.0,0.0,0.2
1605,29__821,295,11.8,0.29362,0.248602,0.08,inf,0,1.0,0.0558,0.0121,0.0,1.0,0.0,0.5767,0.32
1606,29__1176,341,13.64,0.328321,0.290263,1.48,44.591,0,1.0,0.1,0.0496,0.0,1.0,0.0,0.7226,0.36
1607,29__420,318,12.72,0.223462,0.201747,5.16,131.325,0,1.0,0.0489,0.0183,0.0,1.0,0.0,0.0,0.32
1608,29__1817,321,12.84,0.257329,0.220822,0.0,inf,0,1.0,0.0771,0.0208,0.0,0.7733,0.0,0.5262,0.24
1609,29__196,332,13.28,0.189624,0.174655,3.04,40.172,0,1.0,0.0558,0.0249,0.0,0.81,0.0,0.0,0.2
1610,29__145,443,17.72,0.242181,0.216698,7.88,32.25,0,0.8668,0.0545,0.0167,0.0,0.41,0.0,0.7357,0.36
1611,29__624,277,11.08,0.228827,0.197893,9.64,27.927,0,1.0,0.0957,0.0338,0.0,0.84,0.0,0.2631,0.2
1612,29__1653,339,13.56,0.339238,0.323292,5.24,inf,0,1.0,0.0529,0.0194,0.0,1.0,0.0,0.7805,0.4
1613,29__1023,258,10.32,0.217023,0.175154,0.32,inf,0,1.0,0.05,0.0208,0.0,1.0,0.0,0.0,0.28
1614,29__1806,283,11.32,0.198449,0.179955,3.08,31.411,0,1.0,0.0889,0.0235,0.0,0.8633,0.0,0.0,0.2
1615,29__234,270,10.8,0.277193,0.222662,9.8,10.975,0,1.0,0.0843,0.0295,0.0,1.0,0.0,0.4893,0.24
1616,29__630,310,12.4,0.185041,0.161997,11.72,98.167,0,1.0,0.0415,0.0208,0.0,0.8233,0.0,0.0381,0.16
1617,29__273,301,12.04,0.255016,0.202528,6.6,7.827,0,1.0,0.0274,0.0128,0.0,1.0,0.0231,0.64,0.24
1618,29__1982,436,17.44,0.189854,0.169519,1.12,78.577,0,0.8711,0.0374,0.0137,0.0,0.97,0.0,0.0,0.2
1619,29__535,345,13.8,0.294508,0.262245,3.84,8.482,0,1.0,0.099,0.0263,0.0,1.0,0.0,0.4659,0.36
1620,29__359,294,11.76,0.273365,0.255384,6.84,33.246,0,1.0,0.0877,0.0246,0.0,1.0,0.0,0.4317,0.32
1621,29__1206,434,17.36,0.205086,0.197442,8.36,inf,0,0.85,0.0181,0.0207,0.0,1.0,0.0,0.0,0.28
1622,29__1523,417,16.68,0.21114,0.188698,0.0,inf,0,0.8496,0.1401,0.0833,0.0,1.0,0.0,0.0,0.28
1623,29__213,358,14.32,0.320675,0.275184,4.12,inf,0,1.0,0.0479,0.018,0.0,1.0,0.0,0.6847,0.36
1624,29__1187,280,11.2,0.239653,0.220573,5.8,14.806,0,1.0,0.0766,0.0208,0.0,1.0,0.0,0.3848,0.32
1625,29__1990,309,12.36,0.273934,0.2133,0.96,inf,0,1.0,0.0902,0.0306,0.0,0.8333,0.0,0.5281,0.24
1626,29__1602,332,13.28,0.286325,0.268387,12.04,31.755,0,1.0,0.06,0.0144,0.0,1.0,0.0,0.5031,0.28
1627,29__960,306,12.24,0.210458,0.162402,10.76,13.717,0,1.0,0.0545,0.0224,0.0,0.6,0.0,0.299,0.28
1628,29__1769,438,17.52,0.165257,0.149671,17.48,148.0,0,0.8832,0.0286,0.0093,0.0,0.7767,0.0,0.0,0.28
1629,29__1741,336,13.44,0.252331,0.182866,0.0,96.941,0,1.0,0.1715,0.0634,0.0,0.7,0.0,0.5188,0.28
1630,29__1896,371,14.84,0.18664,0.176432,10.44,17.793,0,1.0,0.05,0.0169,0.0,0.7967,0.0,0.0,0.24
1631,29__1432,414,16.56,0.26282,0.219631,14.6,33.702,0,0.9339,0.0502,0.0134,0.0,1.0,0.0,0.4197,0.24
1632,29__1539,316,12.64,0.201676,0.179245,7.68,32.237,0,1.0,0.0461,0.0132,0.0,0.8833,0.0,0.0,0.32
1633,29__578,335,13.4,0.222438,0.199512,1.12,68.339,0,1.0,0.0714,0.0216,0.0,0.99,0.0,0.0,0.32
1634,29__632,295,11.8,0.17716,0.140886,2.48,inf,0,1.0,0.0308,0.0112,0.0,0.7133,0.0,0.0,0.16
1635,29__219,327,13.08,0.241337,0.225965,1.0,inf,0,1.0,0.0401,0.0163,0.0,1.0,0.0,0.1734,0.28
1636,29__274,331,13.24,0.421928,0.245586,1.44,4.589,0,1.0,0.1505,0.0278,0.0001,1.0,0.4548,0.7709,0.28
1637,29__9,209,8.36,0.184303,0.166596,6.48,inf,0,0.8943,0.0414,0.0208,0.0,0.8533,0.0,0.0,0.16
1638,29__2049,339,13.56,0.281954,0.240811,0.0,inf,0,1.0,0.0572,0.0172,0.0,0.9767,0.0,0.5321,0.32
1639,29__1915,296,11.84,0.184313,0.148099,0.0,inf,0,1.0,0.027,0.0108,0.0,0.72,0.0,0.119,0.24
1640,29__1941,318,12.72,0.322742,0.28682,5.52,23.728,0,1.0,0.0488,0.0175,0.0,0.9667,0.0,0.7566,0.44
1641,29__1624,373,14.92,0.336898,0.26256,8.8,7.877,0,1.0,0.1342,0.0369,0.0002,1.0,0.0164,0.8083,0.4
1642,29__1127,269,10.76,0.262056,0.171279,9.04,4.489,0,1.0,0.0626,0.017,0.0,1.0,0.4682,0.041,0.16
1643,29__939,378,15.12,0.264342,0.235705,10.96,inf,0,1.0,0.0649,0.0219,0.0,0.9233,0.0,0.5245,0.28
1644,29__1389,435,17.4,0.194242,0.171359,6.08,50.254,0,0.8918,0.0606,0.0146,0.0,0.93,0.0,0.0403,0.24
1645,29__1986,297,11.88,0.184512,0.170585,2.4,inf,0,1.0,0.0418,0.0214,0.0,0.7733,0.0,0.0,0.2
1646,29__1454,444,17.76,0.184805,0.161686,12.16,inf,0,0.8479,0.0245,0.0064,0.0,0.86,0.0,0.0643,0.24
1647,29__747,283,11.32,0.167445,0.147416,1.72,31.178,0,1.0,0.0526,0.0121,0.0,0.6167,0.0,0.0,0.28
1648,29__833,348,13.92,0.272971,0.242589,0.0,13.366,0,1.0,0.1004,0.0287,0.0,0.77,0.0,0.6181,0.32
1649,29__1223,360,14.4,0.322194,0.304815,13.8,20.204,0,1.0,0.1093,0.0509,0.0,1.0,0.0,0.7153,0.24
1650,29__353,436,17.44,0.327961,0.296095,12.04,10.594,0,0.8836,0.0535,0.0172,0.0,1.0,0.0,0.8072,0.36
1651,29__1288,414,16.56,0.234413,0.171349,4.68,inf,0,0.8971,0.0135,0.006,0.0,0.8233,0.0,0.4071,0.2
1652,29__653,314,12.56,0.286613,0.236397,2.2,inf,0,1.0,0.0754,0.026,0.0,1.0,0.0,0.5028,0.32
1653,29__795,285,11.4,0.180885,0.157198,9.96,31.449,0,1.0,0.0778,0.0241,0.0,0.78,0.0,0.0,0.24
1654,29__153,442,17.68,0.278865,0.261345,11.56,216.733,0,0.8397,0.0202,0.0106,0.0,1.0,0.0,0.4769,0.32
1655,29__1028,312,12.48,0.246253,0.204734,9.32,35.5,0,1.0,0.1186,0.0308,0.0,0.8133,0.0,0.329,0.36
1656,29__1802,431,17.24,0.145359,0.132521,9.92,181.398,0,0.8643,0.0214,0.0183,0.0001,0.5333,0.0,0.0,0.24
1657,29__1889,394,15.76,0.210955,0.186875,0.76,31.107,0,0.9668,0.0786,0.0186,0.0,1.0,0.0,0.0,0.32
1658,29__496,359,14.36,0.278702,0.244863,5.68,63.095,0,1.0,0.0762,0.0318,0.0,0.7833,0.0,0.5853,0.28
1659,29__570,304,12.16,0.281614,0.256522,10.96,144.174,0,1.0,0.016,0.0219,0.0,1.0,0.0,0.4681,0.36
1660,29__2040,324,12.96,0.180599,0.161787,6.28,73.701,0,1.0,0.0472,0.0162,0.0,0.75,0.0,0.0,0.36
1661,29__1122,460,18.4,0.26168,0.233641,16.4,15.239,0,0.829,0.0601,0.0163,0.0,0.8333,0.0,0.6474,0.24
1662,29__1501,292,11.68,0.170517,0.136507,0.0,33.105,0,1.0,0.0258,0.011,0.0,0.7233,0.0,0.0,0.32
1663,29__1736,312,12.48,0.185895,0.149303,0.08,71.936,0,1.0,0.0348,0.0214,0.0,0.7733,0.0,0.0,0.24
1664,29__1473,308,12.32,0.209596,0.196068,11.4,inf,0,1.0,0.0409,0.0074,0.0,1.0,0.0,0.0,0.2
1665,29__592,429,17.16,0.161067,0.145757,0.08,92.353,0,0.8621,0.0271,0.0088,0.0,0.7133,0.0,0.0,0.24
1666,29__116,337,13.48,0.231432,0.188845,2.64,38.697,0,1.0,0.0686,0.0207,0.0,0.74,0.0,0.291,0.28
1667,29__412,410,16.4,0.298911,0.243262,2.44,14.042,0,0.98,0.1757,0.054,0.0,0.8433,0.0,0.7264,0.36
1668,29__1370,340,13.6,0.167494,0.149796,0.8,inf,0,1.0,0.0714,0.0242,0.0,0.6033,0.0,0.0,0.36
1669,29__1100,299,11.96,0.269152,0.241733,10.72,inf,0,1.0,0.0463,0.0125,0.0,0.97,0.0,0.491,0.28
1670,29__2018,425,17.0,0.257058,0.219847,1.16,61.96,0,0.8993,0.0416,0.0102,0.0,0.8767,0.0,0.5243,0.32
1671,29__992,284,11.36,0.400734,0.248434,9.6,5.031,0,1.0,0.0786,0.0225,0.0001,1.0,0.3959,0.6576,0.24
1672,29__974,297,11.88,0.414074,0.258889,6.2,5.147,0,1.0,0.1073,0.0347,0.0,0.9133,0.3804,0.8143,0.32
1673,29__1697,318,12.72,0.208689,0.184638,4.64,38.979,0,1.0,0.0686,0.0259,0.0,0.7867,0.0,0.1326,0.4
1674,29__1940,409,16.36,0.26262,0.239248,4.92,26.383,0,0.9472,0.0515,0.0133,0.0,0.7633,0.0,0.5621,0.36
1675,29__1700,300,12.0,0.324204,0.27123,10.2,6.951,0,1.0,0.1463,0.0486,0.0,1.0,0.1398,0.7376,0.4
1676,29__698,313,12.52,0.254268,0.212789,0.0,42.707,0,1.0,0.115,0.0374,0.0,0.9833,0.0,0.3683,0.32
1677,29__675,430,17.2,0.255582,0.181346,9.8,inf,0,0.8632,0.0285,0.0108,0.0,0.89,0.0,0.5416,0.4
1678,29__1981,286,11.44,0.212572,0.179117,0.28,42.742,0,1.0,0.0443,0.0076,0.0,1.0,0.0,0.0,0.24
1679,29__2080,338,13.52,0.21415,0.195661,8.84,27.343,0,1.0,0.1572,0.0305,0.0,0.8533,0.0,0.0641,0.32
1680,29__2104,280,11.2,0.285315,0.251576,0.72,31.683,0,1.0,0.1543,0.0256,0.0,0.8467,0.0,0.6033,0.36
1681,29__2007,307,12.28,0.257058,0.227261,10.44,104.053,0,1.0,0.0249,0.0183,0.0,1.0,0.0,0.4095,0.2
1682,29__553,416,16.64,0.200684,0.17746,1.92,inf,0,0.8882,0.0303,0.0065,0.0,0.9733,0.0,0.0,0.36
1683,29__1226,354,14.16,0.178511,0.165074,9.04,225.727,0,1.0,0.0457,0.0115,0.0,0.69,0.0,0.0,0.28
1684,29__175,429,17.16,0.277247,0.236642,2.36,inf,0,0.8607,0.0208,0.0152,0.0,1.0,0.0,0.5033,0.28
1685,29__168,294,11.76,0.305601,0.279019,4.76,inf,0,1.0,0.0425,0.0061,0.0,1.0,0.0,0.5772,0.48
1686,29__619,318,12.72,0.216865,0.183555,8.12,16.971,0,1.0,0.0606,0.0142,0.0,0.73,0.0,0.3357,0.24
1687,29__1934,320,12.8,0.237127,0.202931,2.28,18.898,0,1.0,0.038,0.0134,0.0,1.0,0.0,0.3053,0.44
1688,29__197,311,12.44,0.247771,0.203378,8.92,31.491,0,1.0,0.0262,0.0108,0.0,0.6633,0.0,0.4578,0.36
1689,29__815,412,16.48,0.170522,0.14919,12.36,105.253,0,0.9,0.016,0.0058,0.0,0.7333,0.0,0.0,0.32
1690,29__66,405,16.2,0.417695,0.283635,9.48,5.236,0,0.9857,0.1014,0.0314,0.0002,1.0,0.3686,0.9022,0.32
1691,29__470,259,10.36,0.212686,0.189244,0.44,15.405,0,1.0,0.0831,0.0233,0.0,0.98,0.0,0.0,0.24
1692,29__930,341,13.64,0.241829,0.202687,0.88,inf,0,1.0,0.0208,0.009,0.0,1.0,0.0,0.1745,0.36
1693,29__1870,385,15.4,0.32616,0.291681,14.72,7.149,0,0.9664,0.0636,0.0223,0.0001,1.0,0.1134,0.8269,0.4
1694,29__1998,294,11.76,0.213687,0.195822,10.96,34.189,0,1.0,0.0263,0.0055,0.0,1.0,0.0,0.0,0.24
1695,29__269,438,17.52,0.192452,0.177218,0.8,50.474,0,0.8518,0.0277,0.0071,0.0,1.0,0.0,0.0462,0.32
1696,29__406,424,16.96,0.275445,0.244866,1.28,12.291,0,0.9264,0.0958,0.019,0.0,0.79,0.0,0.7781,0.32
1697,29__2016,333,13.32,0.190428,0.178745,11.96,inf,0,1.0,0.035,0.006,0.0,0.81,0.0,0.0,0.2
1698,29__198,338,13.52,0.246973,0.219142,9.96,36.73,0,1.0,0.0688,0.0159,0.0,0.93,0.0,0.3933,0.36
1699,29__772,439,17.56,0.220021,0.195443,2.56,693.147,0,0.8414,0.0829,0.0282,0.0,1.0,0.0,0.1071,0.28
1700,29__569,340,13.6,0.295651,0.246971,0.08,11.31,0,1.0,0.2287,0.0794,0.0,0.8167,0.0,0.7691,0.36
1701,29__583,465,18.6,0.29803,0.2431,1.16,198.154,0,0.8161,0.039,0.0207,0.0,1.0,0.0,0.5933,0.36
1702,29__467,427,17.08,0.19183,0.174621,9.64,inf,0,0.8793,0.0644,0.0212,0.0,0.9,0.0,0.0,0.2
1703,29__1895,321,12.84,0.322433,0.227932,2.92,5.089,0,1.0,0.0697,0.0207,0.0,1.0,0.3881,0.6521,0.24
1704,29__1027,337,13.48,0.230178,0.202563,0.0,62.2,0,1.0,0.0418,0.01,0.0,0.63,0.0,0.4626,0.24
1705,29__170,414,16.56,0.210578,0.188297,0.92,60.187,0,0.8971,0.0603,0.0245,0.0,1.0,0.0,0.0,0.36
1706,29__1762,399,15.96,0.281535,0.254527,6.76,35.509,0,0.9757,0.0805,0.0311,0.0,0.6333,0.0,0.7245,0.44
1707,29__645,476,19.04,0.244555,0.195388,2.0,inf,0,0.8079,0.0802,0.0203,0.0,0.68,0.0,0.605,0.32
1708,29__1766,292,11.68,0.286763,0.254901,0.04,24.839,0,1.0,0.1409,0.0432,0.0,0.6567,0.0,0.6824,0.36
1709,29__511,300,12.0,0.306127,0.214401,9.36,8.925,0,1.0,0.0828,0.0252,0.0001,1.0,0.0,0.6314,0.24
1710,29__1267,375,15.0,0.20519,0.182699,0.04,21.754,0,1.0,0.0515,0.0114,0.0,0.9767,0.0,0.0,0.2
1711,29__1031,338,13.52,0.206482,0.177997,12.92,59.994,0,1.0,0.0872,0.0281,0.0,1.0,0.0,0.0,0.2
1712,29__288,337,13.48,0.211371,0.186347,0.4,19.799,0,1.0,0.0188,0.0074,0.0,1.0,0.0,0.0,0.16
1713,29__2053,507,20.28,0.334828,0.28562,11.64,7.52,0,0.7786,0.1286,0.04,0.0001,1.0,0.064,0.7919,0.36
1714,29__1074,331,13.24,0.266115,0.234043,1.36,30.643,0,1.0,0.0752,0.0208,0.0,0.8567,0.0,0.5429,0.28
1715,29__107,417,16.68,0.195651,0.183836,0.4,inf,0,0.8854,0.0172,0.0082,0.0,0.9567,0.0,0.0,0.32
1716,29__322,332,13.28,0.214932,0.20531,7.44,9.912,0,1.0,0.0331,0.0118,0.0,1.0,0.0,0.0,0.2
1717,29__1325,425,17.0,0.208252,0.193555,0.56,46.064,0,0.8772,0.0247,0.0096,0.0,1.0,0.0,0.0,0.28
1718,29__1846,368,14.72,0.244706,0.230058,12.32,151.939,0,1.0,0.035,0.0208,0.0,1.0,0.0,0.2078,0.32
1719,29__877,325,13.0,0.204804,0.184659,12.68,22.84,0,1.0,0.0432,0.0169,0.0,1.0,0.0,0.0588,0.32
1720,29__1570,310,12.4,0.33617,0.301578,11.88,20.114,0,1.0,0.1787,0.0514,0.0,0.9867,0.0,0.7488,0.44
1721,29__863,374,14.96,0.219013,0.171417,13.24,15.141,0,0.9929,0.0432,0.0093,0.0,0.8267,0.0,0.3312,0.2
1722,29__186,419,16.76,0.2101,0.197299,4.44,100.333,0,0.8818,0.0186,0.0081,0.0,1.0,0.0,0.0,0.36
1723,29__1548,410,16.4,0.183038,0.171295,10.92,184.485,0,0.9082,0.0198,0.0075,0.0,0.8467,0.0,0.0,0.28
1724,29__1910,286,11.44,0.216494,0.180448,1.08,29.348,0,1.0,0.0572,0.0099,0.0,1.0,0.0,0.0,0.28
1725,29__374,434,17.36,0.292375,0.273274,4.04,34.263,0,0.8718,0.04,0.0208,0.0,0.9533,0.0,0.6428,0.36
1726,29__1261,389,15.56,0.206542,0.173107,2.0,inf,0,0.9821,0.0267,0.0221,0.0,0.98,0.0,0.0,0.24
1727,29__1385,352,14.08,0.22042,0.19717,1.0,91.645,0,1.0,0.0558,0.0238,0.0,1.0,0.0,0.0712,0.32
1728,29__715,285,11.4,0.254184,0.189641,0.28,inf,0,1.0,0.0457,0.0198,0.0,0.76,0.0,0.4486,0.36
1729,29__92,401,16.04,0.310421,0.283668,13.24,20.964,0,1.0,0.1757,0.0303,0.0,1.0,0.0,0.6683,0.4
1730,29__1921,467,18.68,0.193193,0.173374,10.0,inf,0,0.819,0.0914,0.0412,0.0,0.9167,0.0,0.0,0.44
1731,29__1497,430,17.2,0.198782,0.157108,9.08,inf,0,0.9111,0.0777,0.0184,0.0001,0.9867,0.0,0.0,0.16
1732,29__1623,421,16.84,0.214554,0.18585,1.16,210.414,0,0.8932,0.1389,0.0501,0.0,1.0,0.0,0.0,0.32
1733,29__536,343,13.72,0.29266,0.221595,1.12,inf,0,1.0,0.043,0.0092,0.0,0.6767,0.0,0.7966,0.32
1734,29__567,305,12.2,0.213231,0.202476,8.36,50.965,0,1.0,0.0316,0.0093,0.0,1.0,0.0,0.0,0.32
1735,29__683,343,13.72,0.33837,0.211843,0.04,inf,0,1.0,0.1065,0.0344,0.0,1.0,0.0,0.8083,0.4
1736,29__897,341,13.64,0.310736,0.270548,4.44,9.866,0,1.0,0.0958,0.0449,0.0,0.93,0.0,0.709,0.36
1737,29__367,436,17.44,0.189891,0.179077,2.6,inf,0,0.8479,0.023,0.007,0.0,0.7933,0.0,0.1434,0.36
1738,29__1121,344,13.76,0.231886,0.181209,5.4,10.752,0,1.0,0.0831,0.0176,0.0001,1.0,0.0,0.1833,0.2
1739,29__1648,313,12.52,0.175698,0.153799,2.08,44.663,0,1.0,0.0557,0.0213,0.0,0.6433,0.0,0.0,0.32
1740,29__1314,305,12.2,0.210993,0.161599,11.88,48.619,0,1.0,0.0415,0.0119,0.0,1.0,0.0,0.0,0.28
1741,29__530,358,14.32,0.343709,0.24889,13.64,8.427,0,1.0,0.1115,0.023,0.0,1.0,0.0,0.7853,0.48
1742,29__778,315,12.6,0.25339,0.222026,11.4,10.172,0,1.0,0.0434,0.013,0.0,0.9967,0.0,0.5138,0.28
1743,29__446,401,16.04,0.203975,0.189212,2.36,88.835,0,0.9311,0.0173,0.0061,0.0,1.0,0.0,0.0,0.16
1744,29__1192,345,13.8,0.201234,0.187946,5.72,147.361,0,1.0,0.0289,0.0115,0.0,0.73,0.0,0.2045,0.44
1745,29__1106,314,12.56,0.19523,0.167657,11.0,48.387,0,1.0,0.0457,0.0154,0.0,0.8367,0.0,0.0,0.2
1746,29__1968,303,12.12,0.242089,0.221608,6.6,46.406,0,1.0,0.0551,0.0208,0.0,0.85,0.0,0.3293,0.36
1747,29__1814,432,17.28,0.191324,0.148624,0.0,inf,0,0.8683,0.0467,0.0206,0.0,0.83,0.0,0.106,0.2
1748,29__1346,417,16.68,0.217994,0.194455,8.48,188.48,0,0.8886,0.0376,0.0118,0.0,0.76,0.0,0.2438,0.36
1749,29__208,316,12.64,0.318591,0.283972,0.96,67.937,0,1.0,0.059,0.0232,0.0,1.0,0.0,0.6693,0.28
1750,29__1283,297,11.88,0.210414,0.168918,0.4,56.506,0,1.0,0.0263,0.0229,0.0,1.0,0.0,0.0,0.28
1751,29__1549,272,10.88,0.259426,0.215168,0.76,24.05,0,1.0,0.0773,0.0208,0.0,1.0,0.0,0.2905,0.32
1752,29__265,306,12.24,0.171835,0.160146,1.12,56.754,0,1.0,0.0616,0.0106,0.0,0.6567,0.0,0.0,0.24
1753,29__1673,415,16.6,0.208883,0.188454,10.2,inf,0,0.9118,0.0219,0.0273,0.0,0.99,0.0,0.0,0.32
1754,29__1073,305,12.2,0.307645,0.290176,5.12,30.047,0,1.0,0.0533,0.0109,0.0,1.0,0.0,0.6078,0.28
1755,29__813,330,13.2,0.181756,0.160909,13.16,162.265,0,1.0,0.0364,0.0193,0.0,0.7967,0.0,0.0,0.24
1756,29__303,331,13.24,0.250603,0.188191,0.52,15.226,0,1.0,0.0748,0.0393,0.0,1.0,0.0,0.5926,0.24
1757,29__754,323,12.92,0.233673,0.210331,0.0,inf,0,1.0,0.0236,0.0058,0.0,1.0,0.0,0.3009,0.2
1758,29__1747,326,13.04,0.186688,0.169485,4.36,79.174,0,1.0,0.079,0.0233,0.0,0.69,0.0,0.1041,0.32
1759,29__431,348,13.92,0.220485,0.207603,2.8,inf,0,1.0,0.0243,0.0083,0.0,1.0,0.0,0.0,0.32
1760,29__126,355,14.2,0.2769,0.245919,0.52,71.135,0,1.0,0.1257,0.0387,0.0,1.0,0.0,0.4107,0.2
1761,29__1369,304,12.16,0.202254,0.180374,8.2,17.106,0,1.0,0.0606,0.0115,0.0,0.9267,0.0,0.0143,0.36
1762,29__1774,403,16.12,0.241184,0.17471,12.04,116.823,0,0.9243,0.09,0.0333,0.0,0.8567,0.0,0.7172,0.32
1763,29__1089,388,15.52,0.224116,0.18804,13.32,14.542,0,0.9711,0.0343,0.0184,0.0,0.95,0.0,0.2903,0.28
1764,29__1710,330,13.2,0.189677,0.163948,0.48,13.949,0,1.0,0.0249,0.0066,0.0,0.63,0.0,0.1898,0.36
1765,29__223,428,17.12,0.322404,0.212256,3.68,10.304,0,0.8918,0.0577,0.0208,0.0001,1.0,0.0,0.8343,0.32
1766,29__2056,413,16.52,0.274527,0.2374,9.68,13.04,0,1.0,0.073,0.0182,0.0,1.0,0.0,0.4991,0.44
1767,29__1561,380,15.2,0.178605,0.158237,12.92,inf,0,1.0,0.0303,0.0056,0.0,0.6433,0.0,0.1655,0.4
1768,29__62,346,13.84,0.308694,0.289975,9.12,9.419,0,1.0,0.1101,0.034,0.0,0.98,0.0,0.636,0.4
1769,29__1859,421,16.84,0.215754,0.204713,3.24,131.286,0,0.9036,0.033,0.0119,0.0,1.0,0.0,0.0,0.36
1770,29__1994,415,16.6,0.18434,0.155114,13.52,inf,0,0.8925,0.0154,0.0094,0.0,0.7633,0.0,0.2671,0.24
1771,29__1222,348,13.92,0.180926,0.162662,8.56,78.229,0,1.0,0.0667,0.0252,0.0,0.73,0.0,0.0,0.24
1772,29__1302,341,13.64,0.319361,0.264997,9.84,9.418,0,1.0,0.1314,0.0448,0.0,0.76,0.0,0.8479,0.28
1773,29__2031,318,12.72,0.301396,0.275205,6.52,26.51,0,1.0,0.0758,0.0237,0.0,0.6733,0.0,0.8255,0.36
1774,29__454,287,11.48,0.171998,0.16491,0.24,inf,0,1.0,0.0457,0.0208,0.0,0.65,0.0,0.0,0.2
1775,29__1316,271,10.84,0.229237,0.18436,9.12,12.889,0,1.0,0.1315,0.0477,0.0,0.8333,0.0,0.1945,0.24
1776,29__789,301,12.04,0.206353,0.171837,10.24,12.197,0,1.0,0.0215,0.0064,0.0,0.8667,0.0,0.1428,0.16
1777,29__1823,447,17.88,0.256677,0.242175,15.52,68.588,0,0.8343,0.0423,0.0126,0.0,0.7333,0.0,0.6481,0.24
1778,29__383,307,12.28,0.26845,0.234907,2.84,11.462,0,1.0,0.1157,0.0288,0.0,1.0,0.0,0.545,0.32
1779,29__1131,293,11.72,0.201459,0.166667,2.16,inf,0,1.0,0.0456,0.0283,0.0,0.89,0.0,0.0,0.16
1780,29__147,361,14.44,0.353877,0.316823,10.92,16.515,0,1.0,0.0831,0.0204,0.0,1.0,0.0,0.8681,0.44
1781,29__1939,315,12.6,0.298514,0.278404,5.16,inf,0,1.0,0.0538,0.0271,0.0,0.9133,0.0,0.6893,0.44
1782,29__646,322,12.88,0.197621,0.181217,4.24,102.755,0,1.0,0.0281,0.0065,0.0,0.87,0.0,0.0,0.24
1783,29__405,330,13.2,0.347204,0.261822,9.08,6.213,0,1.0,0.0832,0.0208,0.0001,1.0,0.2383,0.8393,0.36
1784,29__970,346,13.84,0.27825,0.20228,7.24,inf,0,1.0,0.0415,0.0141,0.0,0.9633,0.0,0.7817,0.28
1785,29__328,316,12.64,0.267896,0.208485,1.64,7.804,0,1.0,0.093,0.0263,0.0,0.6233,0.0262,0.6912,0.36
1786,29__254,322,12.88,0.277217,0.187579,0.72,8.501,0,1.0,0.0627,0.0295,0.0,1.0,0.0,0.4647,0.24
1787,29__1055,328,13.12,0.225512,0.179834,0.0,31.267,0,1.0,0.1143,0.0285,0.0,1.0,0.0,0.0,0.2
1788,29__199,312,12.48,0.276025,0.242829,0.24,142.524,0,1.0,0.0415,0.0212,0.0,0.8033,0.0,0.539,0.4
1789,29__1537,306,12.24,0.20859,0.190103,5.64,inf,0,1.0,0.0517,0.0208,0.0,0.9167,0.0,0.0,0.28
1790,29__272,316,12.64,0.32098,0.259297,0.0,inf,0,1.0,0.0939,0.0186,0.0,1.0,0.0,0.8397,0.32
1791,29__2082,285,11.4,0.190048,0.172342,3.2,25.25,0,1.0,0.0748,0.0207,0.0,0.7433,0.0,0.0,0.32
1792,29__473,319,12.76,0.261664,0.23056,11.4,16.876,0,1.0,0.0943,0.0416,0.0,1.0,0.0,0.4136,0.16
1793,29__2133,406,16.24,0.266693,0.245129,3.96,49.281,0,0.9129,0.0205,0.0058,0.0,0.5933,0.0,0.7795,0.28
1794,29__1803,312,12.48,0.264058,0.230753,0.0,18.376,0,1.0,0.0562,0.0138,0.0,0.76,0.0,0.6747,0.24
1795,29__1815,314,12.56,0.254831,0.200631,0.0,inf,0,1.0,0.0877,0.012,0.0,0.9067,0.0,0.4236,0.2
1796,29__1845,454,18.16,0.210149,0.170328,0.0,58.516,0,0.8236,0.0291,0.0208,0.0,0.74,0.0,0.3397,0.32
1797,29__703,327,13.08,0.227082,0.175957,8.88,9.207,0,1.0,0.0712,0.0173,0.0,0.81,0.0,0.4329,0.24
1798,29__333,345,13.8,0.395843,0.270406,10.8,4.359,0,1.0,0.1178,0.0252,0.0001,1.0,0.4855,0.8179,0.28
1799,29__489,308,12.32,0.201299,0.163942,8.12,inf,0,1.0,0.0426,0.0099,0.0,0.84,0.0,0.0,0.32
1800,29__2125,475,19.0,0.203951,0.158197,0.84,108.205,0,0.7907,0.0343,0.01,0.0,1.0,0.0,0.0,0.36
1801,29__1552,330,13.2,0.267815,0.222544,0.0,95.237,0,1.0,0.0315,0.0114,0.0,1.0,0.0,0.4193,0.28
1802,29__1468,307,12.28,0.229129,0.204067,0.96,890.833,0,1.0,0.025,0.0101,0.0,1.0,0.0,0.1167,0.24
1803,29__1462,365,14.6,0.185749,0.16942,12.68,57.821,0,1.0,0.0262,0.0094,0.0,0.7767,0.0,0.0,0.28
1804,29__938,342,13.68,0.21546,0.1813,0.16,inf,0,1.0,0.1404,0.0712,0.0,0.87,0.0,0.0,0.32
1805,29__1294,472,18.88,0.196057,0.180068,1.44,inf,0,0.7807,0.0316,0.0089,0.0,1.0,0.0,0.0,0.2
1806,29__968,438,17.52,0.268564,0.243199,16.16,31.789,0,0.8696,0.0261,0.0071,0.0,0.88,0.0,0.6252,0.28
1807,29__250,380,15.2,0.185621,0.167661,9.6,36.731,0,0.9989,0.0571,0.017,0.0,0.7767,0.0,0.0,0.24
1808,29__1677,399,15.96,0.405092,0.2458,6.28,2.633,0,1.0,0.1445,0.0506,0.0003,1.0,0.7156,0.6571,0.36
1809,29__814,428,17.12,0.197908,0.16871,6.56,inf,0,0.84,0.0259,0.0138,0.0,0.97,0.0,0.0,0.28
1810,29__605,413,16.52,0.254814,0.195544,3.2,inf,0,0.9518,0.1229,0.0388,0.0,0.99,0.0,0.381,0.2
1811,29__1448,342,13.68,0.327351,0.213576,0.0,inf,0,1.0,0.0582,0.0208,0.0,1.0,0.0,0.8012,0.32
1812,29__788,311,12.44,0.279528,0.240333,6.88,14.602,0,1.0,0.27,0.0588,0.0,0.8667,0.0,0.4864,0.28
1813,29__1783,445,17.8,0.173513,0.157497,6.16,inf,0,0.8432,0.0249,0.0123,0.0001,0.7733,0.0,0.0,0.28
1814,29__995,302,12.08,0.207747,0.15764,2.76,11.729,0,1.0,0.0488,0.0205,0.0001,1.0,0.0,0.0,0.2
1815,29__523,336,13.44,0.296472,0.272714,6.32,inf,0,1.0,0.0956,0.0278,0.0,0.8467,0.0,0.6724,0.44
1816,29__602,276,11.04,0.330813,0.30726,7.6,25.0,0,1.0,0.0367,0.0208,0.0,1.0,0.0,0.7607,0.28
1817,29__1847,350,14.0,0.266013,0.249861,10.48,48.132,0,1.0,0.0801,0.0263,0.0,1.0,0.0,0.4891,0.28
1818,29__1839,359,14.36,0.267523,0.229639,0.0,inf,0,1.0,0.0787,0.0162,0.0,1.0,0.0,0.4105,0.24
1819,29__1518,316,12.64,0.224552,0.185313,11.12,22.479,0,1.0,0.0629,0.0221,0.0,0.6467,0.0,0.3534,0.28
1820,29__1135,394,15.76,0.209895,0.174568,1.08,inf,0,0.9582,0.0258,0.0092,0.0,1.0,0.0,0.0,0.24
1821,29__422,324,12.96,0.384112,0.260785,11.92,5.597,0,1.0,0.0843,0.0195,0.0,1.0,0.3204,0.7034,0.36
1822,29__1807,424,16.96,0.249411,0.232688,7.44,inf,0,0.88,0.0192,0.0078,0.0,0.79,0.0,0.5122,0.24
1823,29__1359,355,14.2,0.296167,0.222876,7.76,16.288,0,1.0,0.0887,0.0201,0.0,0.9767,0.0,0.7557,0.32
1824,29__1136,397,15.88,0.271891,0.242578,0.84,67.826,0,0.9379,0.0301,0.0208,0.0,0.5633,0.0,0.7917,0.24
1825,29__2099,417,16.68,0.25136,0.200698,10.6,inf,0,0.9054,0.0271,0.0146,0.0,1.0,0.0,0.3117,0.36
1826,29__923,412,16.48,0.188725,0.159653,16.24,inf,0,0.8708,0.0245,0.0214,0.0,0.9133,0.0,0.0,0.28
1827,29__1754,312,12.48,0.266084,0.239661,10.24,25.548,0,1.0,0.0657,0.0216,0.0,0.7033,0.0,0.5972,0.32
1828,29__493,349,13.96,0.310176,0.279454,1.12,27.337,0,1.0,0.0559,0.02,0.0,1.0,0.0,0.6779,0.28
1829,29__2093,444,17.76,0.203736,0.182436,14.36,13.514,0,0.8775,0.0888,0.0208,0.0,0.96,0.0,0.1291,0.16
1830,29__451,318,12.72,0.210321,0.194655,11.72,151.756,0,1.0,0.0376,0.0108,0.0,1.0,0.0,0.0,0.2
1831,29__218,363,14.52,0.261072,0.241363,0.0,44.486,0,1.0,0.0701,0.0269,0.0,0.8233,0.0,0.4919,0.24
1832,29__2121,312,12.48,0.254478,0.178594,0.0,inf,0,1.0,0.0385,0.02,0.0,0.73,0.0,0.5148,0.28
1833,29__1063,438,17.52,0.247932,0.186621,12.92,inf,0,0.8532,0.0231,0.0095,0.0,1.0,0.0,0.5295,0.24
1834,29__946,436,17.44,0.178632,0.148116,8.2,inf,0,0.8536,0.0224,0.0079,0.0,0.78,0.0,0.0,0.32
1835,29__1992,348,13.92,0.330584,0.299356,11.4,19.022,0,1.0,0.0572,0.0218,0.0,1.0,0.0,0.7729,0.24
1836,29__1963,275,11.0,0.207362,0.180993,3.64,24.749,0,1.0,0.0833,0.0288,0.0,0.9133,0.0,0.0,0.28
1837,29__391,400,16.0,0.238869,0.192857,14.24,19.008,0,0.9829,0.0945,0.0306,0.0,0.7167,0.0,0.4191,0.32
1838,29__1286,434,17.36,0.204771,0.175021,0.0,inf,0,0.8643,0.04,0.0208,0.0,0.7867,0.0,0.2164,0.16
1839,29__1883,437,17.48,0.277316,0.231058,0.72,56.0,0,0.8443,0.0281,0.0122,0.0001,1.0,0.0,0.5091,0.28
1840,29__1049,318,12.72,0.166289,0.150729,12.68,inf,0,1.0,0.0914,0.019,0.0,0.69,0.0,0.0088,0.28
1841,29__963,306,12.24,0.248909,0.22295,0.0,inf,0,1.0,0.0454,0.0129,0.0,0.6067,0.0,0.6259,0.24
1842,29__1056,304,12.16,0.188403,0.157522,10.76,85.51,0,1.0,0.0762,0.0292,0.0,0.7533,0.0,0.0,0.32
1843,29__363,359,14.36,0.203398,0.159343,12.04,13.86,0,1.0,0.0734,0.0418,0.0,0.7633,0.0,0.1843,0.32
1844,29__1978,285,11.4,0.212095,0.197661,1.08,inf,0,1.0,0.0544,0.0105,0.0,0.92,0.0,0.0,0.36
1845,29__1410,284,11.36,0.20073,0.191556,3.12,inf,0,1.0,0.0346,0.0208,0.0,0.9267,0.0,0.0,0.28
1846,29__1555,305,12.2,0.330868,0.266603,9.24,6.726,0,1.0,0.1698,0.0401,0.0001,1.0,0.1699,0.7366,0.28
1847,29__2036,464,18.56,0.275715,0.260595,15.8,46.592,0,0.8093,0.0371,0.0153,0.0,1.0,0.0,0.5272,0.28
1848,29__844,331,13.24,0.249582,0.191534,0.6,inf,0,1.0,0.0774,0.0251,0.0,0.93,0.0,0.3097,0.28
1849,29__1742,326,13.04,0.278927,0.239419,6.72,26.784,0,1.0,0.0445,0.0145,0.0,0.8033,0.0,0.6034,0.36
1850,29__934,317,12.68,0.202837,0.190327,5.48,561.378,0,1.0,0.053,0.0159,0.0,0.9167,0.0,0.0,0.36
1851,29__576,345,13.8,0.181954,0.154487,8.2,37.393,0,1.0,0.0546,0.0172,0.0,0.6833,0.0,0.0,0.28
1852,29__1810,438,17.52,0.20196,0.179551,1.92,inf,0,0.8529,0.0191,0.0207,0.0,1.0,0.0,0.0,0.24
1853,29__468,345,13.8,0.197824,0.149865,0.0,inf,0,1.0,0.0277,0.0126,0.0,0.89,0.0,0.0,0.24
1854,29__717,326,13.04,0.340493,0.216767,0.8,inf,0,1.0,0.1184,0.0244,0.0,1.0,0.0,0.8157,0.32
1855,29__27,454,18.16,0.249334,0.234449,4.8,inf,0,0.8275,0.0271,0.0084,0.0,0.9533,0.0,0.5088,0.28
1856,29__1194,304,12.16,0.305513,0.261342,1.0,inf,0,1.0,0.086,0.0243,0.0,1.0,0.0,0.6048,0.4
1857,29__24,446,17.84,0.22311,0.20866,9.28,152.154,0,0.8339,0.0312,0.0138,0.0,0.8667,0.0,0.3581,0.24
1858,29__1097,296,11.84,0.296024,0.274538,4.44,14.67,0,1.0,0.0457,0.0215,0.0,0.7167,0.0,0.8052,0.28
1859,29__316,317,12.68,0.287686,0.19645,3.12,11.756,0,1.0,0.0557,0.0186,0.0001,1.0,0.0,0.5369,0.32
1860,29__1318,326,13.04,0.191994,0.170451,11.8,29.558,0,1.0,0.0471,0.0172,0.0,0.8133,0.0,0.0,0.2
1861,29__1860,287,11.48,0.256845,0.170268,5.2,6.545,0,1.0,0.1137,0.0371,0.0001,1.0,0.194,0.0,0.28
1862,29__1527,341,13.64,0.18705,0.166174,1.16,inf,0,1.0,0.0471,0.0208,0.0,0.7467,0.0,0.0,0.24
1863,29__1357,313,12.52,0.176905,0.150032,12.28,44.641,0,1.0,0.0447,0.0088,0.0,0.7767,0.0,0.0,0.24
1864,29__81,421,16.84,0.227023,0.179739,11.6,inf,0,0.8996,0.053,0.0198,0.0,0.9633,0.0,0.4247,0.28
1865,29__1107,285,11.4,0.138901,0.130928,8.68,119.08,0,1.0,0.03,0.0208,0.0,0.4,0.0,0.0,0.24
1866,29__1547,336,13.44,0.22021,0.205662,11.16,37.767,0,1.0,0.069,0.0225,0.0,1.0,0.0,0.0,0.28
1867,29__60,429,17.16,0.417901,0.273693,5.96,4.011,0,0.9825,0.2492,0.1065,0.0001,1.0,0.5319,0.8081,0.32
1868,29__1560,317,12.68,0.208989,0.196273,8.24,inf,0,1.0,0.0658,0.0208,0.0,0.92,0.0,0.0,0.32
1869,29__1609,427,17.08,0.194977,0.158879,16.88,45.298,0,0.8715,0.0236,0.0093,0.0,1.0,0.0,0.0,0.32
1870,29__1404,443,17.72,0.175568,0.161411,15.72,inf,0,0.8446,0.0129,0.0054,0.0,0.8067,0.0,0.0,0.24
1871,29__1017,439,17.56,0.199753,0.170436,9.16,64.634,0,0.8682,0.0477,0.0094,0.0,0.94,0.0,0.0,0.32
1872,29__1944,321,12.84,0.21465,0.204855,5.64,48.975,0,1.0,0.0402,0.0089,0.0,1.0,0.0,0.0,0.36
1873,29__741,407,16.28,0.208213,0.198634,4.6,164.726,0,0.915,0.0143,0.0207,0.0,1.0,0.0,0.0,0.24
1874,29__1315,405,16.2,0.311239,0.284034,3.84,15.153,0,0.9564,0.0451,0.011,0.0,1.0,0.0,0.759,0.28
1875,29__1911,367,14.68,0.272531,0.253444,9.84,21.425,0,1.0,0.0544,0.0252,0.0,0.7967,0.0,0.6045,0.28
1876,29__894,283,11.32,0.222871,0.189552,7.8,118.333,0,1.0,0.0539,0.0147,0.0,1.0,0.0,0.0,0.36
1877,29__1767,395,15.8,0.392862,0.305787,15.32,4.825,0,0.8971,0.0249,0.0063,0.0,1.0,0.4233,0.9071,0.32
1878,29__1759,404,16.16,0.272479,0.232081,7.16,19.461,0,0.9314,0.0729,0.0318,0.0,0.87,0.0,0.5798,0.36
1879,29__1980,480,19.2,0.23344,0.20925,8.6,170.864,0,0.7714,0.0343,0.0171,0.0,0.9467,0.0,0.4055,0.24
1880,29__1705,298,11.92,0.29179,0.267226,1.0,10.231,0,1.0,0.08,0.037,0.0,0.78,0.0,0.6436,0.44
1881,29__823,342,13.68,0.282461,0.253933,1.56,inf,0,1.0,0.0261,0.008,0.0,0.7367,0.0,0.6771,0.36
1882,29__582,347,13.88,0.201276,0.191178,7.68,30.504,0,1.0,0.0281,0.0295,0.0,0.9167,0.0,0.0,0.2
1883,29__464,315,12.6,0.295573,0.159507,11.64,inf,0,1.0,0.0259,0.0208,0.0,0.75,0.0,0.8079,0.2
1884,29__1937,309,12.36,0.284477,0.259335,9.44,16.146,0,1.0,0.062,0.019,0.0,0.7933,0.0,0.5712,0.4
1885,29__1671,449,17.96,0.173509,0.159935,10.72,inf,0,0.8407,0.033,0.0223,0.0,0.78,0.0,0.0,0.32
1886,29__474,442,17.68,0.202625,0.192316,6.28,inf,0,0.8414,0.016,0.0068,0.0,1.0,0.0,0.0,0.24
1887,29__666,314,12.56,0.211547,0.188316,11.56,4950.6,0,1.0,0.0445,0.0227,0.0,1.0,0.0,0.0,0.32
1888,29__1918,463,18.52,0.200531,0.170329,13.08,inf,0,0.8107,0.0236,0.0087,0.0001,0.9733,0.0,0.0,0.36
1889,29__1181,341,13.64,0.236893,0.213339,12.12,83.729,0,1.0,0.0597,0.0124,0.0,0.8533,0.0,0.3759,0.36
1890,29__1059,437,17.48,0.14817,0.140457,8.56,inf,0,0.9311,0.0672,0.0072,0.0,0.6467,0.0,0.0,0.2
1891,29__257,393,15.72,0.301664,0.271531,10.84,8.708,0,1.0,0.0743,0.0257,0.0,1.0,0.0,0.7724,0.32
1892,29__838,350,14.0,0.258161,0.222115,3.8,20.165,0,1.0,0.0645,0.0306,0.0,0.9567,0.0,0.3169,0.28
1893,29__786,341,13.64,0.388092,0.235482,11.08,4.373,0,1.0,0.0604,0.0342,0.0,1.0,0.4835,0.59,0.2
1894,29__1324,330,13.2,0.318121,0.265189,6.76,24.052,0,1.0,0.11,0.0264,0.0001,1.0,0.0,0.6512,0.28
1895,29__1509,252,10.08,0.217016,0.206286,7.36,18.13,0,1.0,0.0239,0.0125,0.0,1.0,0.0,0.0,0.24
1896,29__1297,289,11.56,0.27022,0.238036,10.6,11.012,0,1.0,0.0447,0.0213,0.0,0.8367,0.0,0.6753,0.28
1897,29__235,324,12.96,0.182512,0.162785,5.8,25.131,0,1.0,0.0874,0.0342,0.0,0.7633,0.0,0.0,0.2
1898,29__255,255,10.2,0.1842,0.146708,0.0,inf,0,1.0,0.0743,0.0295,0.0,0.79,0.0,0.0,0.28
1899,29__1874,429,17.16,0.223744,0.202521,13.12,43.462,0,0.8739,0.0472,0.0151,0.0,1.0,0.0,0.1166,0.32
1900,29__1985,461,18.44,0.257244,0.226333,10.28,32.919,0,0.8014,0.01,0.0095,0.0,1.0,0.0,0.4543,0.24
1901,29__2089,327,13.08,0.372447,0.217905,3.92,4.183,0,1.0,0.0541,0.0243,0.0001,1.0,0.509,0.6024,0.36
1902,29__1260,296,11.84,0.210488,0.196609,11.72,68.6,0,1.0,0.0701,0.0209,0.0,0.9933,0.0,0.0,0.24
1903,29__1932,441,17.64,0.264143,0.226983,0.04,125.437,0,0.7986,0.1386,0.1041,0.0,0.9633,0.0,0.3638,0.36
1904,29__1866,443,17.72,0.241576,0.195918,1.8,inf,0,0.8382,0.0201,0.012,0.0,1.0,0.0,0.2403,0.4
1905,29__1687,299,11.96,0.256883,0.226087,0.2,inf,0,1.0,0.0689,0.0127,0.0,1.0,0.0,0.4538,0.4
1906,29__178,316,12.64,0.337974,0.305317,7.76,10.197,0,1.0,0.0772,0.0229,0.0,1.0,0.0,0.7943,0.32
1907,29__1832,371,14.84,0.215721,0.182026,3.4,31.864,0,1.0,0.0267,0.0269,0.0,1.0,0.0,0.2131,0.24
1908,29__302,432,17.28,0.221456,0.200733,9.4,56.337,0,0.8568,0.0329,0.0125,0.0,1.0,0.0,0.2078,0.24
1909,29__1054,352,14.08,0.27013,0.228889,12.44,29.012,0,1.0,0.0256,0.0076,0.0,1.0,0.0,0.3588,0.28
1910,29__1829,404,16.16,0.200764,0.17872,4.76,38.603,0,0.9182,0.0261,0.0125,0.0,0.9233,0.0,0.2416,0.2
1911,29__1242,324,12.96,0.153039,0.140644,8.2,67.564,0,1.0,0.051,0.0208,0.0,0.51,0.0,0.0,0.28
1912,29__758,290,11.6,0.201412,0.179089,9.6,inf,0,1.0,0.0544,0.0069,0.0,0.9067,0.0,0.0,0.2
1913,29__97,375,15.0,0.528691,0.304584,13.24,2.844,0,1.0,0.2829,0.0653,0.0002,1.0,0.6875,0.9566,0.36
1914,29__669,351,14.04,0.203305,0.186023,14.0,inf,0,1.0,0.0322,0.0133,0.0,0.9967,0.0,0.0,0.24
1915,29__1898,313,12.52,0.257963,0.205076,2.8,31.893,0,1.0,0.0373,0.0217,0.0,0.8833,0.0,0.4628,0.24
1916,29__1919,394,15.76,0.256899,0.234302,12.24,14.149,0,0.9486,0.0317,0.0106,0.0,0.65,0.0,0.7686,0.4
1917,29__1180,461,18.44,0.233293,0.202761,1.68,inf,0,0.8068,0.0135,0.0069,0.0,0.8333,0.0,0.4122,0.36
1918,29__1517,306,12.24,0.225952,0.193452,3.44,inf,0,1.0,0.039,0.0106,0.0,1.0,0.0,0.4305,0.24
1919,29__1228,339,13.56,0.254827,0.215233,11.04,23.977,0,1.0,0.0929,0.0227,0.0,0.9467,0.0,0.3136,0.28
1920,29__1714,330,13.2,0.202316,0.174978,5.44,inf,0,1.0,0.0911,0.014,0.0,0.8067,0.0,0.1295,0.4
1921,29__2143,227,9.08,0.196215,0.172318,0.04,25.709,0,1.0,0.0276,0.0295,0.0,0.9033,0.0,0.0,0.2
1922,29__1166,378,15.12,0.301743,0.240431,2.8,31.899,0,1.0,0.0615,0.0258,0.0,0.85,0.0,0.6674,0.36
1923,29__532,342,13.68,0.464279,0.329019,4.56,4.512,0,1.0,0.2471,0.0585,0.0,1.0,0.4651,0.955,0.4
1924,29__117,378,15.12,0.218461,0.156148,0.96,34.162,0,0.992,0.0552,0.0218,0.0002,1.0,0.0,0.0,0.32
1925,29__1099,420,16.8,0.194677,0.158409,14.4,77.992,0,0.8772,0.0218,0.0099,0.0,0.9533,0.0,0.0,0.2
1926,29__502,362,14.48,0.243059,0.228127,0.84,101.727,0,1.0,0.0729,0.021,0.0,0.4033,0.0,0.6869,0.4
1927,29__2081,368,14.72,0.310238,0.255237,11.52,13.286,0,1.0,0.1615,0.0579,0.0002,1.0,0.0,0.7005,0.36
1928,29__860,322,12.88,0.209189,0.185412,0.8,81.13,0,1.0,0.0167,0.0056,0.0,1.0,0.0,0.0,0.2
1929,29__2107,462,18.48,0.194549,0.171319,1.2,inf,0,0.8039,0.0179,0.0142,0.0,1.0,0.0,0.0,0.28
1930,29__505,366,14.64,0.189406,0.175642,1.32,164.759,0,1.0,0.0489,0.0208,0.0,0.7767,0.0,0.0,0.36
1931,29__1773,357,14.28,0.185997,0.165951,0.12,23.563,0,1.0,0.106,0.0255,0.0,0.81,0.0,0.0,0.28
1932,29__1745,331,13.24,0.32415,0.299909,8.64,9.743,0,1.0,0.0773,0.0248,0.0,0.9467,0.0,0.7962,0.36
1933,29__1209,342,13.68,0.19317,0.163431,1.32,30.944,0,1.0,0.0317,0.0198,0.0,0.81,0.0,0.0,0.28
1934,29__842,356,14.24,0.291964,0.26981,1.24,25.667,0,1.0,0.0559,0.0204,0.0,0.7033,0.0,0.7353,0.28
1935,29__806,332,13.28,0.207071,0.165812,1.36,inf,0,1.0,0.0348,0.0101,0.0,0.93,0.0,0.0,0.2
1936,29__527,415,16.6,0.253409,0.213182,1.04,inf,0,0.9011,0.0388,0.0285,0.0,1.0,0.0,0.341,0.44
1937,29__608,428,17.12,0.204978,0.190909,7.84,63.474,0,0.8664,0.0144,0.0273,0.0,1.0,0.0,0.0,0.32
1938,29__1657,325,13.0,0.212706,0.174392,0.52,79.855,0,1.0,0.0272,0.0063,0.0,1.0,0.0,0.0,0.24
1939,29__1169,299,11.96,0.197681,0.161485,5.88,29.813,0,1.0,0.0584,0.0117,0.0,0.83,0.0,0.0,0.28
1940,29__1569,456,18.24,0.297673,0.262713,7.16,72.618,0,0.815,0.0332,0.0182,0.0001,1.0,0.0,0.631,0.32
1941,29__612,309,12.36,0.291373,0.194996,4.16,5.514,0,1.0,0.0657,0.0275,0.0,1.0,0.3314,0.2083,0.24
1942,29__824,282,11.28,0.247702,0.231656,6.68,inf,0,1.0,0.0502,0.0144,0.0,1.0,0.0,0.3912,0.28
1943,29__366,289,11.56,0.179288,0.169742,6.4,36.546,0,1.0,0.0272,0.0085,0.0,0.7367,0.0,0.0,0.32
1944,29__1972,277,11.08,0.195104,0.16046,0.16,43.814,0,1.0,0.0377,0.0208,0.0,0.85,0.0,0.0,0.28
1945,29__1521,333,13.32,0.211813,0.183891,11.32,37.154,0,1.0,0.0285,0.0069,0.0,1.0,0.0,0.0,0.28
1946,29__817,314,12.56,0.207063,0.194932,9.4,34.571,0,1.0,0.0202,0.0076,0.0,0.99,0.0,0.0,0.28
1947,29__1888,415,16.6,0.212576,0.191457,0.0,97.69,0,0.8515,0.0372,0.0215,0.0001,1.0,0.0,0.086,0.2
1948,29__1265,270,10.8,0.210826,0.182402,9.28,11.529,0,1.0,0.0672,0.024,0.0,0.8,0.0,0.1631,0.24
1949,29__1141,350,14.0,0.22326,0.16718,12.4,10.231,0,1.0,0.0683,0.0308,0.0001,1.0,0.0,0.3598,0.28
1950,29__1328,293,11.72,0.341913,0.242778,2.84,9.345,0,1.0,0.088,0.0359,0.0,1.0,0.0,0.8057,0.28
1951,29__875,341,13.64,0.228889,0.168255,0.0,inf,0,1.0,0.059,0.007,0.0,0.6833,0.0,0.4326,0.28
1952,29__1444,444,17.76,0.189837,0.171971,15.72,inf,0,0.8439,0.0177,0.0056,0.0,1.0,0.0,0.0,0.24
1953,29__1323,325,13.0,0.212141,0.183017,11.24,8.238,0,1.0,0.0789,0.0188,0.0,0.7833,0.0,0.2557,0.32
1954,29__189,304,12.16,0.198246,0.169425,12.12,inf,0,1.0,0.0216,0.0208,0.0,0.95,0.0,0.0,0.32
1955,29__1996,314,12.56,0.198059,0.141709,12.52,inf,0,1.0,0.0358,0.0084,0.0,0.9133,0.0,0.0,0.2
1956,29__1904,396,15.84,0.170842,0.156341,0.04,inf,0,0.9604,0.0416,0.0167,0.0,0.7767,0.0,0.0,0.28
1957,29__595,283,11.32,0.177173,0.164248,1.12,47.963,0,1.0,0.0202,0.0062,0.0,0.6767,0.0,0.0,0.24
1958,29__1794,266,10.64,0.202343,0.161867,0.04,22.825,0,1.0,0.0387,0.012,0.0,0.9367,0.0,0.0,0.24
1959,29__130,442,17.68,0.239441,0.22189,12.28,106.622,0,0.8446,0.0174,0.0108,0.0,1.0,0.0,0.2603,0.28
1960,29__956,299,11.96,0.307926,0.266671,0.0,17.041,0,1.0,0.0443,0.017,0.0,0.85,0.0,0.7598,0.32
1961,29__1437,306,12.24,0.278739,0.20648,9.32,423.143,0,1.0,0.0672,0.0211,0.0001,1.0,0.0,0.4297,0.24
1962,29__399,442,17.68,0.192976,0.174847,13.76,inf,0,0.8421,0.0186,0.0087,0.0,0.9467,0.0,0.0,0.32
1963,29__173,316,12.64,0.196713,0.172835,12.56,15.679,0,1.0,0.0532,0.0195,0.0,0.8067,0.0,0.0,0.36
1964,29__457,322,12.88,0.196161,0.166853,11.12,164.612,0,1.0,0.0375,0.0139,0.0,0.92,0.0,0.0,0.16
1965,29__2096,473,18.92,0.212632,0.162214,0.0,37.203,0,0.8089,0.0625,0.0208,0.0,0.9067,0.0,0.2671,0.32
1966,29__846,423,16.92,0.204245,0.190215,2.48,113.758,0,0.8796,0.0192,0.0095,0.0,1.0,0.0,0.0,0.2
1967,29__1241,415,16.6,0.315053,0.246608,5.28,12.182,0,0.8907,0.0472,0.0162,0.0001,1.0,0.0,0.9252,0.24
1968,29__409,364,14.56,0.26311,0.191957,0.84,inf,0,1.0,0.0378,0.0197,0.0,0.8767,0.0,0.4316,0.24
1969,29__1681,415,16.6,0.31158,0.27316,4.2,20.695,0,0.9057,0.0503,0.0161,0.0,1.0,0.0,0.7536,0.36
1970,29__1505,341,13.64,0.212462,0.177966,0.0,83.051,0,1.0,0.0669,0.0209,0.0,0.81,0.0,0.2031,0.28
1971,29__1909,293,11.72,0.191152,0.177437,0.16,191.887,0,1.0,0.0503,0.011,0.0,0.8467,0.0,0.0,0.24
1972,29__157,412,16.48,0.185884,0.159276,15.28,44.705,0,0.9179,0.0524,0.0228,0.0,0.8133,0.0,0.0,0.28
1973,29__902,360,14.4,0.301628,0.254626,1.04,inf,0,1.0,0.0277,0.0083,0.0,0.8167,0.0,0.7021,0.4
1974,29__295,354,14.16,0.394187,0.258529,8.24,5.187,0,1.0,0.1008,0.0281,0.0001,1.0,0.3751,0.806,0.32
1975,29__1102,303,12.12,0.341788,0.242881,0.24,3.68,0,1.0,0.0775,0.0298,0.0001,1.0,0.576,0.6971,0.28
1976,29__1287,307,12.28,0.269067,0.168468,3.76,35.316,0,1.0,0.0527,0.0218,0.0,1.0,0.0,0.3453,0.24
1977,29__45,455,18.2,0.237982,0.197009,14.64,inf,0,0.8282,0.03,0.0092,0.0,0.86,0.0,0.5376,0.32
1978,29__436,317,12.68,0.445845,0.203594,2.24,4.182,0,1.0,0.043,0.018,0.0,1.0,0.509,0.8317,0.24
1979,29__1750,441,17.64,0.16995,0.147584,5.32,inf,0,0.8432,0.0259,0.0123,0.0,0.73,0.0,0.0,0.36
1980,29__1026,350,14.0,0.244039,0.208858,0.0,inf,0,1.0,0.0443,0.0119,0.0,0.9633,0.0,0.4453,0.32
1981,29__574,316,12.64,0.294603,0.254428,0.24,inf,0,1.0,0.0533,0.0198,0.0,0.9933,0.0,0.6024,0.4
1982,29__777,318,12.72,0.228301,0.197784,9.76,27.478,0,1.0,0.1486,0.0339,0.0,1.0,0.0,0.0,0.24
1983,29__1350,420,16.8,0.342257,0.27788,2.04,8.303,0,0.9461,0.0832,0.025,0.0001,1.0,0.0,0.851,0.36
1984,29__1891,315,12.6,0.205752,0.17243,7.68,inf,0,1.0,0.0473,0.0075,0.0,0.9067,0.0,0.0,0.32
1985,29__1713,302,12.08,0.253052,0.209209,0.0,12.306,0,1.0,0.06,0.0235,0.0,0.95,0.0,0.5174,0.36
1986,29__957,420,16.8,0.204741,0.184116,3.12,42.403,0,0.8921,0.0231,0.0097,0.0,1.0,0.0,0.0,0.2
1987,29__20,447,17.88,0.179797,0.15324,1.28,inf,0,0.8297,0.0315,0.0208,0.0,0.8067,0.0,0.0,0.32
1988,29__1354,292,11.68,0.288323,0.246449,9.8,15.369,0,1.0,0.0381,0.0096,0.0,0.8533,0.0,0.6543,0.36
1989,29__1893,308,12.32,0.328381,0.164829,8.36,5.278,0,1.0,0.0456,0.0108,0.0,1.0,0.3629,0.3493,0.28
1990,29__735,271,10.84,0.259487,0.210537,9.32,14.645,0,1.0,0.0754,0.0195,0.0,0.7433,0.0,0.54,0.36
1991,29__1587,296,11.84,0.254937,0.167194,10.84,11.989,0,1.0,0.0319,0.0208,0.0,1.0,0.0,0.4219,0.28
1992,29__1567,317,12.68,0.337887,0.293966,12.04,13.105,0,1.0,0.0974,0.031,0.0,1.0,0.0,0.8029,0.44
1993,29__1190,419,16.76,0.21049,0.195186,3.8,61.94,0,0.8861,0.0155,0.011,0.0,1.0,0.0,0.0,0.32
1994,29__1680,462,18.48,0.149115,0.131661,18.4,inf,0,0.7997,0.03,0.0226,0.0,0.6333,0.0,0.1848,0.36
1995,29__807,340,13.6,0.325173,0.305044,11.32,66.172,0,1.0,0.1129,0.0264,0.0,1.0,0.0,0.7817,0.28
1996,29__103,368,14.72,0.199576,0.187368,0.04,15.461,0,1.0,0.1415,0.0389,0.0,0.9633,0.0,0.0362,0.24
1997,29__854,323,12.92,0.25698,0.214866,11.8,26.667,0,1.0,0.0548,0.0208,0.0,0.69,0.0,0.5334,0.2
1998,29__356,368,14.72,0.216353,0.198449,9.2,inf,0,1.0,0.0249,0.0078,0.0,0.99,0.0,0.0,0.36
1999,29__495,283,11.32,0.184131,0.163982,0.52,44.078,0,1.0,0.0415,0.0177,0.0,0.78,0.0,0.0,0.28
2000,29__1207,458,18.32,0.263924,0.243815,16.76,42.283,0,0.8161,0.0343,0.0208,0.0,0.78,0.0,0.6688,0.32
2001,29__1373,298,11.92,0.302084,0.280336,8.04,16.023,0,1.0,0.0373,0.0143,0.0,0.9867,0.0,0.5667,0.36
2002,29__1125,353,14.12,0.319254,0.295763,1.48,inf,0,1.0,0.036,0.0149,0.0,1.0,0.0,0.7148,0.24
2003,29__1218,344,13.76,0.184158,0.158454,13.72,392.833,0,1.0,0.0373,0.0118,0.0,0.7767,0.0,0.0,0.32
2004,29__508,377,15.08,0.263015,0.229744,8.32,24.617,0,1.0,0.0716,0.0214,0.0,0.9767,0.0,0.5622,0.4
2005,29__1016,308,12.32,0.193927,0.174953,3.04,inf,0,1.0,0.0306,0.011,0.0,0.8467,0.0,0.0,0.24
2006,29__1295,301,12.04,0.215841,0.192119,11.24,inf,0,1.0,0.0586,0.0166,0.0,1.0,0.0,0.0,0.24
2007,29__419,339,13.56,0.27441,0.246629,11.08,19.994,0,1.0,0.0321,0.0208,0.0,1.0,0.0,0.4386,0.32
2008,29__1289,286,11.44,0.141974,0.121299,0.08,inf,0,1.0,0.023,0.0232,0.0,0.4367,0.0,0.0,0.24
2009,29__1064,320,12.8,0.295847,0.25386,0.72,18.078,0,1.0,0.0316,0.0179,0.0,0.77,0.0,0.7353,0.24
2010,29__324,374,14.96,0.255451,0.213311,8.04,inf,0,0.9968,0.0317,0.0116,0.0,1.0,0.0,0.5047,0.32
2011,29__259,320,12.8,0.209798,0.163315,0.0,37.155,0,1.0,0.0205,0.0208,0.0,0.99,0.0,0.0,0.32
2012,29__1015,388,15.52,0.245417,0.218135,3.52,19.53,0,1.0,0.0719,0.0175,0.0,0.87,0.0,0.3714,0.2
2013,29__1244,300,12.0,0.171406,0.136914,11.92,inf,0,1.0,0.0451,0.016,0.0,0.67,0.0,0.0,0.24
2014,29__2039,466,18.64,0.275374,0.242027,5.04,27.094,0,0.8557,0.0674,0.029,0.0,1.0,0.0,0.5031,0.32
2015,29__1632,307,12.28,0.189765,0.164327,0.16,206.13,0,1.0,0.0482,0.0156,0.0,0.6033,0.0,0.2284,0.32
2016,29__1538,379,15.16,0.219367,0.198366,2.08,39.608,0,1.0,0.04,0.0147,0.0,1.0,0.0,0.0,0.24
2017,29__1110,320,12.8,0.173718,0.165436,9.4,15.686,0,1.0,0.0181,0.0208,0.0,0.73,0.0,0.0,0.2
2018,29__1272,290,11.6,0.298262,0.184858,6.8,6.924,0,1.0,0.0583,0.0102,0.0,1.0,0.1435,0.5029,0.24
2019,29__852,364,14.56,0.217374,0.208349,12.92,inf,0,1.0,0.0275,0.0076,0.0,1.0,0.0,0.0,0.28
2020,29__768,323,12.92,0.265893,0.198019,2.84,17.168,0,1.0,0.0953,0.0234,0.0,1.0,0.0,0.4621,0.24
2021,29__2009,350,14.0,0.162609,0.13831,5.12,inf,0,1.0,0.039,0.01,0.0,0.5567,0.0,0.089,0.24
2022,29__384,399,15.96,0.261494,0.23115,2.2,inf,0,0.9775,0.0514,0.0168,0.0,0.8233,0.0,0.5853,0.36
2023,29__1881,349,13.96,0.263972,0.232174,1.08,10.215,0,1.0,0.0801,0.0305,0.0,0.3767,0.0,0.895,0.32
2024,29__1246,305,12.2,0.225301,0.20864,8.68,22.173,0,1.0,0.1744,0.0483,0.0,0.99,0.0,0.0,0.2
2025,29__1581,380,15.2,0.20989,0.199265,12.96,inf,0,0.9936,0.0373,0.0109,0.0,0.9833,0.0,0.0,0.32
2026,29__1450,283,11.32,0.181256,0.161775,6.56,40.662,0,1.0,0.0701,0.0238,0.0,0.7067,0.0,0.0,0.28
2027,29__1962,447,17.88,0.196391,0.173923,10.6,3596.857,0,0.839,0.0177,0.0074,0.0,1.0,0.0,0.0,0.32
2028,29__1095,295,11.8,0.432338,0.196419,1.4,3.857,0,1.0,0.0316,0.0072,0.0,0.81,0.5524,0.8838,0.28
2029,29__278,322,12.88,0.197815,0.164935,0.24,124.829,0,1.0,0.0975,0.026,0.0,0.87,0.0,0.0,0.28
2030,29__1045,391,15.64,0.256182,0.234687,10.24,21.025,0,0.9011,0.1372,0.1041,0.0,0.81,0.0,0.6102,0.32
2031,29__994,296,11.84,0.300058,0.22313,2.64,19.314,0,1.0,0.0703,0.0248,0.0001,1.0,0.0,0.5191,0.28
2032,29__796,418,16.72,0.199478,0.173498,15.52,193.333,0,0.8943,0.0243,0.0091,0.0,0.9067,0.0,0.0,0.32
2033,29__1959,315,12.6,0.2758,0.248516,0.84,44.926,0,1.0,0.053,0.0133,0.0,1.0,0.0,0.4288,0.32
2034,29__2035,331,13.24,0.267216,0.216296,0.0,inf,0,1.0,0.0395,0.0138,0.0,0.93,0.0,0.4629,0.28
2035,29__1951,359,14.36,0.243186,0.207254,2.12,15.439,0,1.0,0.0937,0.0298,0.0,0.5767,0.0,0.6283,0.4
2036,29__1524,358,14.32,0.194037,0.165876,0.04,inf,0,1.0,0.0943,0.021,0.0,0.8633,0.0,0.0,0.24
2037,29__169,418,16.72,0.265954,0.181385,2.72,41.417,0,0.9505,0.0915,0.0266,0.0,1.0,0.0,0.3795,0.36
2038,29__400,406,16.24,0.312357,0.271565,1.4,inf,0,0.9204,0.0223,0.0061,0.0,1.0,0.0,0.8164,0.32
2039,29__1248,440,17.6,0.308609,0.243286,5.12,inf,0,0.8507,0.0172,0.005,0.0,1.0,0.0,0.7379,0.28
2040,29__215,437,17.48,0.244263,0.200994,0.0,inf,0,0.8432,0.0257,0.0208,0.0,1.0,0.0,0.2705,0.28
2041,29__1638,296,11.84,0.297054,0.198232,3.2,12.854,0,1.0,0.0984,0.0225,0.0,1.0,0.0,0.5086,0.36
2042,29__1717,310,12.4,0.217127,0.192525,10.88,22.439,0,1.0,0.0412,0.0174,0.0,0.99,0.0,0.2836,0.36
2043,29__1144,401,16.04,0.192128,0.166457,12.92,17.383,0,0.9888,0.0718,0.0222,0.0,0.67,0.0,0.2638,0.32
2044,29__515,341,13.64,0.2618,0.214446,0.0,inf,0,1.0,0.0486,0.0113,0.0,1.0,0.0,0.3364,0.28
2045,29__1050,313,12.52,0.294987,0.273506,11.24,23.202,0,1.0,0.0707,0.023,0.0,0.9467,0.0,0.6029,0.32
2046,29__673,307,12.28,0.180297,0.163598,9.44,12.461,0,1.0,0.0516,0.0179,0.0,0.3867,0.0,0.5081,0.24
2047,29__531,330,13.2,0.38805,0.302187,3.28,5.973,0,1.0,0.2657,0.0562,0.0,0.9667,0.2703,0.6521,0.4
2048,29__1189,329,13.16,0.219885,0.196775,11.28,772.643,0,1.0,0.0507,0.0129,0.0,1.0,0.0,0.0,0.36
2049,29__901,454,18.16,0.277544,0.226514,2.4,125.95,0,0.8289,0.0457,0.0208,0.0,0.7967,0.0,0.6998,0.32
2050,29__466,314,12.56,0.232403,0.208129,7.24,inf,0,1.0,0.0942,0.0146,0.0,0.9633,0.0,0.3653,0.16
2051,29__84,318,12.72,0.247073,0.22226,3.76,39.075,0,1.0,0.0728,0.0154,0.0,1.0,0.0,0.319,0.28
2052,29__1610,498,19.92,0.280689,0.244855,4.48,inf,0,0.7497,0.0243,0.0091,0.0,0.7867,0.0,0.7417,0.32
2053,29__1553,326,13.04,0.176284,0.16457,9.56,inf,0,1.0,0.0273,0.006,0.0,0.6767,0.0,0.0,0.24
2054,29__1542,435,17.4,0.192316,0.173366,17.28,2514.8,0,0.8596,0.0167,0.0062,0.0,1.0,0.0,0.0,0.2
2055,29__1603,488,19.52,0.187936,0.164202,16.28,33.212,0,0.7564,0.0226,0.0094,0.0,0.7333,0.0,0.2948,0.28
2056,29__2145,151,6.04,0.239375,0.19609,3.64,19.007,0,1.0,0.0617,0.0186,0.0001,1.0,0.0,0.5778,0.2
2057,29__1036,346,13.84,0.279516,0.248132,0.92,inf,0,1.0,0.0659,0.0156,0.0,0.6967,0.0,0.7031,0.32
2058,29__1513,411,16.44,0.208594,0.195338,5.92,112.89,0,0.8982,0.0211,0.0232,0.0,1.0,0.0,0.0,0.28
2059,29__507,303,12.12,0.204005,0.179961,11.76,inf,0,1.0,0.0766,0.0288,0.0,0.9533,0.0,0.0,0.24
2060,29__331,349,13.96,0.387148,0.20524,2.52,4.939,0,1.0,0.0543,0.0292,0.0001,1.0,0.4081,0.8728,0.28
2061,29__101,323,12.92,0.30828,0.275715,10.92,12.8,0,1.0,0.1018,0.037,0.0,0.8467,0.0,0.7097,0.36
2062,29__870,435,17.4,0.202499,0.188394,2.36,225.269,0,0.8568,0.0173,0.0067,0.0,1.0,0.0,0.0259,0.24
2063,29__2094,307,12.28,0.200395,0.179592,12.12,27.586,0,1.0,0.0415,0.0131,0.0,0.9333,0.0,0.0,0.24
2064,29__1030,310,12.4,0.243476,0.227907,9.12,197.562,0,1.0,0.0194,0.0242,0.0,0.66,0.0,0.4993,0.2
2065,29__1371,306,12.24,0.27563,0.251169,0.0,18.62,0,1.0,0.0529,0.0212,0.0,0.7733,0.0,0.5952,0.4
2066,29__848,440,17.6,0.201787,0.185797,1.2,inf,0,0.8482,0.0244,0.0122,0.0,1.0,0.0,0.0,0.24
2067,29__1421,289,11.56,0.196871,0.174643,0.12,25.143,0,1.0,0.0218,0.0074,0.0,0.9167,0.0,0.1472,0.24
2068,29__572,331,13.24,0.228224,0.203191,9.96,28.854,0,1.0,0.0586,0.015,0.0,0.8967,0.0,0.2084,0.32
2069,29__372,341,13.64,0.308837,0.283254,8.36,40.562,0,1.0,0.0872,0.0359,0.0,0.8667,0.0,0.7088,0.32
2070,29__448,318,12.72,0.214504,0.174581,0.04,444.0,0,1.0,0.0529,0.0264,0.0,1.0,0.0,0.0,0.16
2071,29__641,336,13.44,0.196098,0.1562,12.44,inf,0,1.0,0.0886,0.0287,0.0,0.87,0.0,0.0,0.2
2072,29__1401,348,13.92,0.232708,0.193861,1.88,49.415,0,1.0,0.0317,0.0208,0.0,1.0,0.0,0.1943,0.32
2073,29__650,316,12.64,0.296503,0.246776,8.4,37.231,0,1.0,0.0796,0.0336,0.0002,1.0,0.0,0.5438,0.32
2074,29__1908,375,15.0,0.277164,0.251465,2.24,13.566,0,1.0,0.033,0.0096,0.0,0.79,0.0,0.6626,0.32
2075,29__89,402,16.08,0.240949,0.216976,14.0,10.426,0,1.0,0.1958,0.0467,0.0,0.79,0.0,0.3784,0.36
2076,29__828,287,11.48,0.231543,0.210592,3.0,inf,0,1.0,0.0843,0.0169,0.0,0.8,0.0,0.5086,0.28
2077,29__440,387,15.48,0.201353,0.175026,0.0,79.407,0,0.9821,0.1429,0.045,0.0,0.58,0.0,0.2397,0.16
2078,29__1402,332,13.28,0.2728,0.241719,9.2,16.31,0,1.0,0.0387,0.0084,0.0,1.0,0.0,0.6143,0.24
2079,29__458,314,12.56,0.195047,0.179865,0.32,129.3,0,1.0,0.0259,0.0096,0.0,0.9433,0.0,0.0,0.2
2080,29__1618,326,13.04,0.354774,0.334441,0.36,18.941,0,1.0,0.0527,0.0231,0.0,1.0,0.0,0.8979,0.4
2081,29__1572,348,13.92,0.303488,0.237941,1.32,12.574,0,1.0,0.0781,0.0308,0.0001,1.0,0.0,0.8524,0.36
2082,29__729,344,13.76,0.23321,0.19967,0.0,104.226,0,1.0,0.0322,0.0095,0.0,0.9833,0.0,0.2129,0.32
2083,29__1154,345,13.8,0.261195,0.220329,9.88,27.107,0,1.0,0.0387,0.0087,0.0,0.8833,0.0,0.4681,0.28
2084,29__1428,301,12.04,0.181263,0.172157,5.8,inf,0,1.0,0.0388,0.0083,0.0,0.7567,0.0,0.0,0.2
2085,29__1558,449,17.96,0.207176,0.195237,15.52,994.0,0,0.8275,0.0143,0.0094,0.0,1.0,0.0,0.0078,0.4
2086,29__541,310,12.4,0.414017,0.271924,9.48,4.433,0,1.0,0.0297,0.0208,0.0,1.0,0.4756,0.7909,0.32
2087,29__1416,285,11.4,0.248094,0.235314,7.64,591.714,0,1.0,0.0364,0.0091,0.0,0.9267,0.0,0.3445,0.28
2088,29__113,336,13.44,0.299584,0.277565,3.0,31.9,0,1.0,0.0174,0.0086,0.0,0.9267,0.0,0.631,0.32
2089,29__1379,354,14.16,0.220145,0.181471,1.52,inf,0,1.0,0.0771,0.0246,0.0,0.75,0.0,0.2203,0.28
2090,29__2108,312,12.48,0.299059,0.222154,5.68,7.445,0,1.0,0.0592,0.0226,0.0,1.0,0.0741,0.9014,0.36
2091,29__986,349,13.96,0.22209,0.199611,2.76,18.047,0,1.0,0.0614,0.0226,0.0,1.0,0.0,0.0,0.32
2092,29__2100,294,11.76,0.221237,0.17784,0.32,40.44,0,1.0,0.0326,0.0208,0.0,1.0,0.0,0.0,0.32
2093,29__2095,306,12.24,0.218867,0.191279,0.68,35.764,0,1.0,0.0415,0.0213,0.0,1.0,0.0,0.0,0.28
2094,29__347,335,13.4,0.210012,0.162663,4.72,16.384,0,1.0,0.0572,0.0309,0.0001,1.0,0.0,0.0,0.24
2095,29__969,316,12.64,0.211678,0.157027,0.48,inf,0,1.0,0.0212,0.0226,0.0,1.0,0.0,0.0,0.16
2096,29__533,363,14.52,0.267082,0.246401,9.56,13.667,0,1.0,0.1433,0.0568,0.0,0.69,0.0,0.6898,0.36
2097,29__740,313,12.52,0.208753,0.198826,4.2,20.008,0,1.0,0.0258,0.0126,0.0,0.97,0.0,0.0,0.24
2098,29__1515,300,12.0,0.198856,0.17069,0.6,inf,0,1.0,0.0401,0.008,0.0,0.8767,0.0,0.0,0.24
2099,29__11,207,8.28,0.246544,0.22965,6.52,32.384,0,0.8143,0.0618,0.0164,0.0,1.0,0.0,0.3219,0.24
2100,29__1629,306,12.24,0.309033,0.267604,1.76,inf,0,1.0,0.0616,0.0208,0.0,0.8967,0.0,0.6691,0.4
2101,29__450,337,13.48,0.193359,0.174155,0.56,92.201,0,1.0,0.0188,0.0208,0.0,0.88,0.0,0.0,0.16
2102,29__1361,327,13.08,0.205506,0.187275,0.36,inf,0,1.0,0.0857,0.0243,0.0,0.8867,0.0,0.0,0.32
2103,29__869,330,13.2,0.255805,0.187742,0.08,14.492,0,1.0,0.1068,0.0336,0.0,1.0,0.0,0.414,0.2
2104,29__1417,306,12.24,0.235906,0.162722,0.48,inf,0,1.0,0.0524,0.0139,0.0,0.71,0.0,0.4041,0.28
2105,29__1364,306,12.24,0.435916,0.242251,7.56,2.685,0,1.0,0.0538,0.0242,0.0,1.0,0.7086,0.8129,0.32
2106,29__1391,396,15.84,0.256299,0.209825,2.6,14.171,0,0.9871,0.0677,0.0253,0.0,0.87,0.0,0.5884,0.24
2107,29__1536,308,12.32,0.196737,0.180439,8.68,108.795,0,1.0,0.0364,0.0208,0.0,0.8933,0.0,0.0,0.28
2108,29__1332,274,10.96,0.21803,0.19027,9.08,inf,0,1.0,0.0218,0.0106,0.0,1.0,0.0,0.0,0.28
2109,29__1202,317,12.68,0.261768,0.241375,8.92,27.212,0,1.0,0.0686,0.0212,0.0,0.7,0.0,0.5947,0.32
2110,29__859,306,12.24,0.201422,0.151102,0.36,439.077,0,1.0,0.0606,0.0179,0.0,0.6267,0.0,0.2129,0.32
2111,29__309,267,10.68,0.210224,0.18295,8.44,45.048,0,1.0,0.0431,0.0208,0.0,0.73,0.0,0.2776,0.28
2112,29__1634,475,19.0,0.151737,0.129835,18.12,18.718,0,0.7839,0.042,0.0208,0.0,0.6733,0.0,0.0009,0.32
2113,29__1743,417,16.68,0.211531,0.199611,5.68,inf,0,0.8936,0.0218,0.0219,0.0001,1.0,0.0,0.0,0.36
2114,29__1818,437,17.48,0.179907,0.158412,2.44,177.0,0,0.8471,0.0188,0.0111,0.0,0.8633,0.0,0.0,0.24
2115,29__2043,510,20.4,0.228361,0.207168,10.8,23.427,0,0.7546,0.1044,0.0386,0.0,0.92,0.0,0.3753,0.24
2116,29__71,345,13.8,0.275432,0.221781,11.68,20.845,0,1.0,0.1205,0.0198,0.0,0.9733,0.0,0.4602,0.32
2117,29__1540,303,12.12,0.238106,0.223668,10.52,22.794,0,1.0,0.0832,0.0199,0.0,0.3033,0.0,0.7262,0.32
2118,29__726,438,17.52,0.203745,0.176601,16.48,inf,0,0.8525,0.0214,0.0205,0.0,1.0,0.0,0.0,0.28
2119,29__1631,413,16.52,0.205072,0.155115,1.04,162.727,0,0.9018,0.0243,0.0273,0.0001,0.95,0.0,0.0,0.36
2120,29__1253,357,14.28,0.229039,0.195798,12.24,9.377,0,1.0,0.0149,0.0054,0.0,1.0,0.0,0.1529,0.16
2121,29__1006,319,12.76,0.208431,0.176643,12.68,inf,0,1.0,0.0603,0.0167,0.0,1.0,0.0,0.0,0.2
2122,29__2000,313,12.52,0.266139,0.239934,4.44,inf,0,1.0,0.0574,0.0227,0.0,0.8067,0.0,0.7129,0.24
2123,29__1507,312,12.48,0.204779,0.190293,9.84,inf,0,1.0,0.0259,0.0206,0.0,0.9067,0.0,0.0,0.28
2124,29__1516,259,10.36,0.218477,0.199431,8.88,41.388,0,1.0,0.0313,0.0097,0.0,0.8967,0.0,0.2102,0.24
2125,29__287,348,13.92,0.203848,0.162241,0.36,35.259,0,1.0,0.0281,0.0106,0.0,0.9467,0.0,0.0,0.16
2126,29__285,334,13.36,0.216819,0.149784,1.0,563.5,0,1.0,0.0851,0.0191,0.0,1.0,0.0,0.0666,0.12
2127,29__357,312,12.48,0.189354,0.171648,0.08,inf,0,1.0,0.0263,0.0242,0.0,0.8167,0.0,0.0,0.36
2128,29__2023,370,14.8,0.469324,0.24932,6.64,2.521,0,1.0,0.0321,0.0208,0.0,1.0,0.7306,0.8705,0.32
2129,29__1219,313,12.52,0.270228,0.221858,0.48,inf,0,1.0,0.0315,0.0055,0.0,0.8133,0.0,0.6086,0.32
2130,29__73,284,11.36,0.251007,0.22059,2.96,inf,0,1.0,0.0927,0.0177,0.0001,1.0,0.0,0.5136,0.44
2131,29__57,459,18.36,0.333847,0.232716,4.44,6.294,0,0.8968,0.31,0.1008,0.0001,1.0,0.2275,0.7945,0.36
2132,29__418,437,17.48,0.184103,0.154217,4.4,inf,0,0.8679,0.0275,0.0234,0.0,0.74,0.0,0.1366,0.32
2133,29__697,316,12.64,0.259946,0.233313,10.8,15.866,0,1.0,0.0876,0.0209,0.0,0.5767,0.0,0.6236,0.4
2134,29__1669,306,12.24,0.296005,0.257969,9.24,10.847,0,1.0,0.0361,0.011,0.0,1.0,0.0,0.7233,0.36
2135,29__542,344,13.76,0.265921,0.237319,9.92,13.044,0,1.0,0.0916,0.0243,0.0,0.8633,0.0,0.5534,0.32
2136,29__677,458,18.32,0.327885,0.243933,1.52,257.333,0,0.8257,0.142,0.109,0.0001,1.0,0.0,0.7684,0.28
2137,29__2119,473,18.92,0.308744,0.255713,0.92,23.778,0,0.7946,0.0381,0.0159,0.0001,0.9833,0.0,0.7924,0.32
2138,29__743,314,12.56,0.202941,0.175257,3.64,49.263,0,1.0,0.0538,0.0099,0.0,0.4633,0.0,0.4205,0.24
2139,29__1532,292,11.68,0.331575,0.232687,0.24,5.177,0,1.0,0.064,0.0113,0.0,1.0,0.3763,0.7131,0.24
2140,29__50,338,13.52,0.213176,0.203084,2.64,inf,0,1.0,0.0786,0.0218,0.0,1.0,0.0,0.0,0.32
2141,56__439,300,12.0,0.28867,0.252573,8.36,inf,0,1.0,0.0415,0.0081,0.0,0.7367,0.0,0.6759,0.44
2142,56__1402,285,11.4,0.222158,0.205773,10.16,26.776,0,1.0,0.0606,0.0105,0.0,0.7533,0.0,0.3788,0.32
2143,56__656,315,12.6,0.222261,0.152588,3.4,34.038,0,1.0,0.0634,0.0205,0.0,1.0,0.0,0.0,0.28
2144,56__1163,364,14.56,0.259025,0.213974,0.0,inf,0,1.0,0.0701,0.0208,0.0,0.7333,0.0,0.6038,0.32
2145,56__1196,300,12.0,0.308287,0.281387,7.72,inf,0,1.0,0.0958,0.0208,0.0,0.94,0.0,0.6479,0.36
2146,56__1168,314,12.56,0.221612,0.195179,2.48,inf,0,1.0,0.0287,0.0108,0.0,0.73,0.0,0.2847,0.4
2147,56__1155,300,12.0,0.278583,0.231577,8.12,9.665,0,1.0,0.0677,0.0288,0.0,0.7333,0.0,0.6331,0.32
2148,56__635,316,12.64,0.242338,0.208313,3.76,219.333,0,1.0,0.0663,0.0241,0.0,0.4733,0.0,0.6216,0.24
2149,56__1632,430,17.2,0.217133,0.177489,3.16,125.516,0,0.8743,0.0401,0.0132,0.0001,0.6667,0.0,0.4028,0.2
2150,56__1743,315,12.6,0.203115,0.139072,0.04,36.81,0,1.0,0.0637,0.0091,0.0,0.94,0.0,0.0055,0.24
2151,56__1596,327,13.08,0.281863,0.245757,11.44,8.442,0,1.0,0.0631,0.0181,0.0,0.6067,0.0,0.7841,0.24
2152,56__875,342,13.68,0.230704,0.172431,3.92,12.089,0,1.0,0.1144,0.0326,0.0003,1.0,0.0,0.0181,0.36
2153,56__365,289,11.56,0.346558,0.310898,0.0,8.0,0,1.0,0.1243,0.0364,0.0,1.0,0.0,0.9003,0.28
2154,56__513,291,11.64,0.217389,0.194646,8.96,19.942,0,1.0,0.033,0.0079,0.0,0.7067,0.0,0.4455,0.16
2155,56__873,351,14.04,0.262964,0.232058,1.84,140.853,0,1.0,0.1402,0.0418,0.0,0.85,0.0,0.3924,0.4
2156,56__1012,300,12.0,0.202005,0.174692,2.88,164.672,0,1.0,0.0403,0.0122,0.0,0.84,0.0,0.0,0.28
2157,56__789,404,16.16,0.199907,0.182384,1.12,54.365,0,0.9321,0.0245,0.0082,0.0,0.9567,0.0,0.0,0.2
2158,56__349,367,14.68,0.256185,0.222531,13.64,16.79,0,1.0,0.0365,0.0114,0.0,0.6533,0.0,0.6128,0.28
2159,56__132,423,16.92,0.215493,0.197912,2.0,148.94,0,0.9439,0.0663,0.0133,0.0,1.0,0.0,0.0,0.28
2160,56__1652,356,14.24,0.264717,0.242229,13.04,20.356,0,1.0,0.0564,0.0246,0.0,0.9333,0.0,0.534,0.2
2161,56__1104,465,18.6,0.231475,0.193425,16.88,22.899,0,0.81,0.0529,0.0147,0.0,0.6733,0.0,0.5297,0.36
2162,56__1100,365,14.6,0.323511,0.238915,10.0,7.347,0,1.0,0.3201,0.1003,0.0,0.9333,0.0871,0.5734,0.44
2163,56__1245,250,10.0,0.16656,0.152736,5.84,57.411,0,1.0,0.1429,0.0395,0.0,0.5367,0.0,0.0,0.2
2164,56__1760,408,16.32,0.192373,0.174332,12.56,inf,0,0.9315,0.033,0.0108,0.0,0.9,0.0,0.0,0.28
2165,56__796,295,11.8,0.29819,0.237987,10.84,20.982,0,1.0,0.093,0.0209,0.0,1.0,0.0,0.58,0.2
2166,56__646,335,13.4,0.23962,0.217685,2.24,51.6,0,1.0,0.0387,0.0118,0.0,0.6333,0.0,0.5679,0.24
2167,56__697,307,12.28,0.174142,0.150231,12.0,24.371,0,1.0,0.0443,0.0202,0.0,0.72,0.0,0.0,0.2
2168,56__1149,290,11.6,0.22546,0.16481,9.28,inf,0,1.0,0.0796,0.0223,0.0,1.0,0.0,0.0,0.36
2169,56__600,271,10.84,0.185442,0.169207,5.76,19.884,0,1.0,0.0977,0.0199,0.0,0.7233,0.0,0.1124,0.2
2170,56__1259,318,12.72,0.208295,0.170724,5.72,42.516,0,1.0,0.0418,0.0117,0.0,0.9733,0.0,0.0,0.24
2171,56__1253,413,16.52,0.170834,0.154063,14.8,inf,0,0.9243,0.0286,0.0087,0.0,0.7667,0.0,0.0,0.2
2172,56__1114,401,16.04,0.24665,0.200844,12.24,18.183,0,0.9618,0.1592,0.0371,0.0,0.76,0.0,0.646,0.32
2173,56__977,401,16.04,0.257035,0.217697,14.84,9.171,0,0.9418,0.0501,0.0171,0.0,0.6333,0.0,0.7291,0.4
2174,56__1400,320,12.8,0.186325,0.169575,5.76,inf,0,1.0,0.0814,0.016,0.0,0.71,0.0,0.0964,0.32
2175,56__393,298,11.92,0.260327,0.239301,2.44,198.619,0,1.0,0.0519,0.0133,0.0,1.0,0.0,0.3186,0.24
2176,56__1068,401,16.04,0.30934,0.286042,14.6,9.058,0,0.9425,0.0701,0.0206,0.0,0.7,0.0,0.8781,0.52
2177,56__1022,306,12.24,0.350538,0.28383,6.8,8.097,0,1.0,0.3002,0.0944,0.0,1.0,0.0,0.71,0.2
2178,56__502,249,9.96,0.219393,0.181826,1.84,10.495,0,1.0,0.069,0.0223,0.0,1.0,0.0,0.0,0.2
2179,56__464,353,14.12,0.324435,0.289363,6.92,9.494,0,1.0,0.0829,0.0276,0.0,0.94,0.0,0.7731,0.36
2180,56__1162,298,11.92,0.249784,0.219944,0.92,inf,0,1.0,0.0656,0.0166,0.0,0.43,0.0,0.7126,0.36
2181,56__267,293,11.72,0.217248,0.166013,9.48,17.869,0,1.0,0.0608,0.0216,0.0,1.0,0.0,0.0,0.24
2182,56__522,430,17.2,0.198663,0.18699,3.52,381.877,0,0.8739,0.0233,0.0098,0.0,1.0,0.0,0.0,0.16
2183,56__1103,361,14.44,0.400612,0.279008,10.76,5.871,0,1.0,0.3086,0.0988,0.0,0.98,0.2839,0.8586,0.36
2184,56__678,406,16.24,0.238546,0.203669,0.2,199.12,0,0.8936,0.1406,0.1434,0.0,1.0,0.0,0.1764,0.24
2185,56__960,294,11.76,0.190316,0.174716,0.84,inf,0,1.0,0.0487,0.0203,0.0,0.7733,0.0,0.0,0.28
2186,56__108,296,11.84,0.28123,0.20621,3.52,401.937,0,1.0,0.0726,0.0105,0.0,0.8933,0.0,0.5934,0.28
2187,56__1073,394,15.76,0.32551,0.2652,15.08,7.837,0,1.0,0.1618,0.0401,0.0001,1.0,0.0217,0.7276,0.48
2188,56__932,272,10.88,0.214259,0.181673,8.92,7.385,0,1.0,0.0658,0.0163,0.0,1.0,0.082,0.0,0.2
2189,56__1524,368,14.72,0.304522,0.267368,3.28,19.212,0,1.0,0.08,0.0245,0.0,0.7467,0.0,0.7676,0.32
2190,56__1419,292,11.68,0.231056,0.168323,10.08,8.887,0,1.0,0.093,0.0199,0.0,1.0,0.0,0.1772,0.24
2191,56__1018,324,12.96,0.229225,0.187841,11.12,10.302,0,1.0,0.0769,0.0164,0.0,1.0,0.0,0.1033,0.2
2192,56__905,305,12.2,0.275383,0.204596,1.48,63.821,0,1.0,0.0136,0.0071,0.0,0.6633,0.0,0.7272,0.32
2193,56__1432,311,12.44,0.179348,0.161576,0.16,inf,0,1.0,0.0517,0.0085,0.0,0.7667,0.0,0.0,0.16
2194,56__200,294,11.76,0.259469,0.237238,10.4,24.549,0,1.0,0.0991,0.0333,0.0,0.81,0.0,0.5005,0.32
2195,56__520,361,14.44,0.2108,0.204023,3.96,107.101,0,1.0,0.0434,0.0208,0.0,1.0,0.0,0.0,0.16
2196,56__802,283,11.32,0.277149,0.211335,8.44,7.159,0,1.0,0.0901,0.0215,0.0,0.44,0.1122,0.7022,0.32
2197,56__1481,289,11.56,0.190987,0.148205,10.16,10.505,0,1.0,0.0957,0.0183,0.0,0.4633,0.0,0.2997,0.24
2198,56__1540,236,9.44,0.186702,0.167423,0.84,96.266,0,1.0,0.113,0.0209,0.0,0.7033,0.0,0.0,0.28
2199,56__202,438,17.52,0.194619,0.170262,2.12,inf,0,0.8611,0.023,0.0089,0.0,0.9567,0.0,0.0,0.24
2200,56__1375,324,12.96,0.25718,0.234115,1.64,13.35,0,1.0,0.0601,0.02,0.0,0.76,0.0,0.57,0.32
2201,56__1294,298,11.92,0.222533,0.211129,9.56,inf,0,1.0,0.0447,0.01,0.0,1.0,0.0,0.0,0.32
2202,56__1705,367,14.68,0.340631,0.250701,14.08,7.484,0,0.8939,0.1357,0.1042,0.0001,1.0,0.0688,0.8009,0.28
2203,56__1738,419,16.76,0.378516,0.225766,16.04,3.858,0,0.9248,0.0709,0.0221,0.0,0.7567,0.5523,0.7953,0.24
2204,56__1006,288,11.52,0.302753,0.225812,10.24,8.78,0,1.0,0.1043,0.033,0.0,0.88,0.0,0.696,0.24
2205,56__1454,298,11.92,0.30694,0.268124,11.04,8.859,0,1.0,0.0769,0.0191,0.0,1.0,0.0,0.8438,0.28
2206,56__321,305,12.2,0.183528,0.162261,4.28,10.384,0,1.0,0.1079,0.0342,0.0,0.7067,0.0,0.1157,0.36
2207,56__1209,333,13.32,0.201427,0.1805,1.4,38.9,0,1.0,0.0593,0.0188,0.0,0.9133,0.0,0.0059,0.24
2208,56__291,398,15.92,0.207651,0.159822,14.32,18.704,0,0.9721,0.0629,0.0128,0.0,0.64,0.0,0.409,0.24
2209,56__336,302,12.08,0.277973,0.25604,3.2,19.06,0,1.0,0.0734,0.0236,0.0,0.73,0.0,0.6316,0.44
2210,56__1189,394,15.76,0.194957,0.168307,14.32,inf,0,0.9664,0.0321,0.0223,0.0,0.84,0.0,0.2376,0.4
2211,56__24,317,12.68,0.212325,0.15964,3.08,inf,0,1.0,0.0486,0.0208,0.0,0.56,0.0,0.4119,0.2
2212,56__170,380,15.2,0.260511,0.239564,7.56,31.918,0,1.0,0.0461,0.009,0.0,0.8333,0.0,0.5991,0.36
2213,56__1491,338,13.52,0.191088,0.173151,12.52,inf,0,1.0,0.036,0.0208,0.0,0.7933,0.0,0.0,0.44
2214,56__1327,309,12.36,0.308432,0.282222,9.92,13.524,0,1.0,0.0817,0.0201,0.0,0.9033,0.0,0.6926,0.32
2215,56__1000,380,15.2,0.280373,0.230679,14.0,17.558,0,1.0,0.133,0.0341,0.0,0.7267,0.0,0.5959,0.36
2216,56__1401,351,14.04,0.233293,0.213306,6.92,269.818,0,1.0,0.0517,0.0148,0.0,0.6,0.0,0.5262,0.28
2217,56__1746,327,13.08,0.22853,0.134244,12.08,151.436,0,1.0,0.0777,0.0193,0.0,1.0,0.0,0.6172,0.28
2218,56__1097,287,11.48,0.25162,0.229453,0.48,39.824,0,1.0,0.0606,0.016,0.0,0.7033,0.0,0.5712,0.4
2219,56__579,310,12.4,0.259173,0.245509,9.08,50.742,0,1.0,0.0444,0.0273,0.0,1.0,0.0,0.2953,0.24
2220,56__1352,316,12.64,0.230929,0.2054,10.56,inf,0,1.0,0.0286,0.0075,0.0,0.8933,0.0,0.459,0.24
2221,56__1337,438,17.52,0.204385,0.189727,2.52,230.562,0,0.8668,0.0214,0.0084,0.0,1.0,0.0,0.0,0.24
2222,56__1102,384,15.36,0.296145,0.266439,11.48,13.855,0,1.0,0.1814,0.0577,0.0,0.7933,0.0,0.6734,0.36
2223,56__753,412,16.48,0.192296,0.174817,2.6,145.357,0,0.9115,0.0715,0.0228,0.0,0.9033,0.0,0.0,0.2
2224,56__807,358,14.32,0.226119,0.195009,10.6,inf,0,1.0,0.0422,0.0166,0.0,1.0,0.0,0.0978,0.36
2225,56__1451,452,18.08,0.21118,0.199608,14.52,600.0,0,0.8329,0.0287,0.0091,0.0001,1.0,0.0,0.1053,0.28
2226,56__375,312,12.48,0.361624,0.211776,9.24,4.705,0,1.0,0.0425,0.0082,0.0,1.0,0.4393,0.9616,0.32
2227,56__887,359,14.36,0.167738,0.147973,2.04,64.067,0,1.0,0.0282,0.0098,0.0,0.6,0.0,0.0,0.24
2228,56__23,439,17.56,0.201545,0.18082,15.92,inf,0,0.8671,0.0305,0.0079,0.0,1.0,0.0,0.0,0.24
2229,56__1693,287,11.48,0.179737,0.159462,11.28,210.689,0,1.0,0.0301,0.0208,0.0,0.7533,0.0,0.0,0.28
2230,56__951,278,11.12,0.202829,0.171673,0.0,inf,0,1.0,0.0541,0.0095,0.0,0.9433,0.0,0.0,0.24
2231,56__690,318,12.72,0.210814,0.171885,2.76,inf,0,1.0,0.0465,0.0108,0.0,1.0,0.0,0.0,0.16
2232,56__1456,326,13.04,0.351616,0.218326,6.76,5.191,0,1.0,0.0773,0.0084,0.0,1.0,0.3746,0.52,0.24
2233,56__510,297,11.88,0.210224,0.169863,8.96,359.302,0,1.0,0.0543,0.0178,0.0,1.0,0.0,0.0,0.16
2234,56__804,316,12.64,0.300558,0.191559,10.2,203.957,0,1.0,0.0376,0.0088,0.0,0.8467,0.0,0.7162,0.24
2235,56__1657,302,12.08,0.255326,0.219273,10.56,17.423,0,1.0,0.0772,0.0269,0.0,0.5067,0.0,0.6252,0.32
2236,56__1438,355,14.2,0.224576,0.154688,13.0,13.013,0,1.0,0.0331,0.0082,0.0,0.4867,0.0,0.5134,0.16
2237,56__145,311,12.44,0.335402,0.236814,11.16,5.289,0,1.0,0.1131,0.0289,0.0001,1.0,0.3615,0.8357,0.28
2238,56__387,292,11.68,0.188403,0.180887,1.04,inf,0,1.0,0.112,0.0197,0.0,0.7067,0.0,0.0764,0.32
2239,56__1560,282,11.28,0.221808,0.150026,7.24,inf,0,1.0,0.0727,0.0111,0.0,1.0,0.0,0.0,0.28
2240,56__503,287,11.48,0.286618,0.194603,0.56,inf,0,1.0,0.0688,0.0208,0.0,0.8667,0.0,0.6909,0.24
2241,56__454,380,15.2,0.276957,0.250958,5.16,9.9,0,1.0,0.0514,0.0103,0.0,0.6667,0.0,0.7597,0.44
2242,56__1298,270,10.8,0.196021,0.177254,2.52,228.023,0,1.0,0.0829,0.0252,0.0,0.83,0.0,0.0,0.28
2243,56__362,329,13.16,0.212828,0.185728,12.72,27.406,0,1.0,0.0469,0.0137,0.0,0.98,0.0,0.0,0.24
2244,56__1601,423,16.92,0.212071,0.200757,0.96,185.212,0,0.8779,0.0734,0.029,0.0,1.0,0.0,0.0729,0.32
2245,56__41,295,11.8,0.296994,0.279077,1.48,19.083,0,1.0,0.0715,0.0218,0.0,0.9467,0.0,0.6347,0.28
2246,56__1085,362,14.48,0.275771,0.25412,5.4,30.602,0,1.0,0.0843,0.0315,0.0,0.6667,0.0,0.6186,0.44
2247,56__1123,430,17.2,0.216489,0.204053,9.48,107.2,0,0.86,0.0615,0.0301,0.0,1.0,0.0,0.1262,0.28
2248,56__693,437,17.48,0.27933,0.230245,1.64,inf,0,0.8889,0.05,0.0179,0.0,1.0,0.0,0.5014,0.24
2249,56__1685,451,18.04,0.192047,0.158604,4.44,inf,0,0.8486,0.0273,0.0099,0.0001,0.98,0.0,0.0,0.32
2250,56__1682,424,16.96,0.205766,0.188486,1.84,123.033,0,0.8932,0.025,0.0117,0.0,1.0,0.0,0.0,0.24
2251,56__893,286,11.44,0.227094,0.178732,10.08,15.343,0,1.0,0.0535,0.0105,0.0,0.78,0.0,0.2357,0.32
2252,56__228,345,13.8,0.215678,0.160436,5.08,inf,0,1.0,0.0661,0.026,0.0001,1.0,0.0,0.0,0.2
2253,56__878,369,14.76,0.195778,0.185359,7.92,21.019,0,1.0,0.0544,0.0172,0.0,0.8,0.0,0.0,0.36
2254,56__1414,314,12.56,0.295605,0.255239,1.4,29.296,0,1.0,0.1414,0.0388,0.0,0.8,0.0,0.6955,0.28
2255,56__1624,348,13.92,0.31017,0.251802,12.88,9.56,0,1.0,0.1173,0.0327,0.0,1.0,0.0,0.6484,0.28
2256,56__1141,424,16.96,0.19773,0.172548,1.28,112.759,0,0.8904,0.0216,0.0146,0.0,0.9367,0.0,0.0,0.24
2257,56__1761,278,11.12,0.195232,0.177424,3.2,inf,0,1.0,0.0683,0.0208,0.0,0.7333,0.0,0.2631,0.24
2258,56__1379,303,12.12,0.341078,0.316715,4.2,20.066,0,1.0,0.0964,0.0145,0.0,1.0,0.0,0.7979,0.32
2259,56__604,298,11.92,0.159784,0.138092,2.12,inf,0,1.0,0.0402,0.015,0.0,0.5633,0.0,0.0,0.28
2260,56__1361,348,13.92,0.180298,0.147907,0.52,352.135,0,1.0,0.0491,0.0134,0.0,0.7933,0.0,0.0,0.24
2261,56__1146,400,16.0,0.189583,0.173028,3.68,52.687,0,0.9446,0.0317,0.0085,0.0,0.8967,0.0,0.0,0.24
2262,56__913,454,18.16,0.197195,0.182114,2.08,108.8,0,0.8168,0.0334,0.0123,0.0,1.0,0.0,0.0041,0.32
2263,56__1264,428,17.12,0.203632,0.173809,7.92,50.772,0,0.8761,0.0353,0.0208,0.0,1.0,0.0,0.0955,0.16
2264,56__648,251,10.04,0.196153,0.169805,1.8,234.038,0,1.0,0.0572,0.0149,0.0,0.8267,0.0,0.0,0.28
2265,56__211,340,13.6,0.410297,0.18255,1.2,4.25,0,1.0,0.0438,0.0208,0.0,1.0,0.4999,0.6748,0.28
2266,56__184,294,11.76,0.228284,0.19698,3.32,63.958,0,1.0,0.0707,0.0218,0.0,0.7667,0.0,0.2774,0.32
2267,56__1509,272,10.88,0.195402,0.172936,2.28,230.151,0,1.0,0.0336,0.0094,0.0,0.87,0.0,0.0,0.36
2268,56__1363,290,11.6,0.185021,0.142935,10.0,117.967,0,1.0,0.0489,0.0192,0.0,0.78,0.0,0.0,0.24
2269,56__1519,329,13.16,0.281388,0.257008,11.56,22.959,0,1.0,0.0515,0.0189,0.0,0.96,0.0,0.6174,0.44
2270,56__253,305,12.2,0.234368,0.201437,0.92,inf,0,1.0,0.0479,0.0118,0.0,0.4033,0.0,0.6209,0.32
2271,56__729,312,12.48,0.298669,0.272911,9.4,inf,0,1.0,0.0615,0.017,0.0,0.8567,0.0,0.7352,0.4
2272,56__624,407,16.28,0.224267,0.195771,1.6,inf,0,0.9422,0.0314,0.0154,0.0,0.8267,0.0,0.2983,0.2
2273,56__1495,308,12.32,0.195739,0.168137,7.08,inf,0,1.0,0.0855,0.0167,0.0,0.8,0.0,0.0,0.28
2274,56__927,333,13.32,0.311571,0.289298,5.4,7.925,0,1.0,0.1002,0.0208,0.0,0.6933,0.01,0.911,0.32
2275,56__1346,329,13.16,0.243848,0.191947,6.6,13.649,0,1.0,0.0422,0.0133,0.0,1.0,0.0,0.4838,0.32
2276,56__647,291,11.64,0.28913,0.260778,2.16,97.25,0,1.0,0.062,0.0138,0.0,0.9333,0.0,0.6372,0.24
2277,56__525,297,11.88,0.19549,0.180652,1.72,inf,0,1.0,0.0587,0.0207,0.0,0.8467,0.0,0.0,0.2
2278,56__1101,285,11.4,0.228458,0.206556,4.4,inf,0,1.0,0.0601,0.0227,0.0,0.75,0.0,0.2736,0.28
2279,56__692,335,13.4,0.213266,0.145252,10.12,inf,0,1.0,0.0503,0.0145,0.0,1.0,0.0,0.0647,0.24
2280,56__337,316,12.64,0.266076,0.216532,8.16,11.927,0,1.0,0.0675,0.0155,0.0,0.6333,0.0,0.6174,0.32
2281,56__1165,423,16.92,0.30832,0.279153,6.52,25.74,0,0.8868,0.0486,0.0156,0.0,1.0,0.0,0.7305,0.36
2282,56__688,403,16.12,0.166566,0.135458,5.88,53.46,0,0.935,0.0415,0.0159,0.0,0.6867,0.0,0.0,0.16
2283,56__128,387,15.48,0.208719,0.179681,2.96,inf,0,1.0,0.0717,0.0203,0.0,1.0,0.0,0.026,0.28
2284,56__1440,281,11.24,0.216285,0.195957,11.08,49.882,0,1.0,0.0718,0.0125,0.0,1.0,0.0,0.0,0.16
2285,56__920,287,11.48,0.209051,0.18715,4.88,14.449,0,1.0,0.0426,0.0079,0.0,0.9433,0.0,0.1603,0.24
2286,56__1191,340,13.6,0.252938,0.190635,6.56,inf,0,1.0,0.0375,0.0141,0.0,0.8467,0.0,0.4357,0.28
2287,56__644,329,13.16,0.283314,0.257037,11.04,64.231,0,1.0,0.0731,0.0285,0.0,0.8467,0.0,0.6329,0.24
2288,56__468,282,11.28,0.170693,0.159227,1.2,39.443,0,1.0,0.06,0.013,0.0,0.6233,0.0,0.0,0.44
2289,56__1221,261,10.44,0.215688,0.200051,1.4,37.335,0,1.0,0.0759,0.014,0.0,0.98,0.0,0.0,0.28
2290,56__1062,310,12.4,0.282534,0.251538,3.08,29.842,0,1.0,0.0587,0.0208,0.0,0.8067,0.0,0.5733,0.36
2291,56__1270,422,16.88,0.220128,0.188104,10.96,57.354,0,0.8918,0.0272,0.0121,0.0,0.9933,0.0,0.1483,0.16
2292,56__994,395,15.8,0.288632,0.263043,0.84,32.827,0,0.9472,0.0529,0.0251,0.0,0.7067,0.0,0.7602,0.28
2293,56__1577,424,16.96,0.196838,0.167608,16.88,105.959,0,0.9,0.0295,0.0258,0.0,1.0,0.0,0.0,0.24
2294,56__1552,397,15.88,0.206887,0.167194,5.08,inf,0,0.9522,0.0465,0.02,0.0001,1.0,0.0,0.3467,0.2
2295,56__1506,325,13.0,0.310626,0.251137,2.24,inf,0,1.0,0.0846,0.0188,0.0,0.8533,0.0,0.7003,0.4
2296,56__679,393,15.72,0.286427,0.198287,3.88,inf,0,0.9664,0.0572,0.0287,0.0,0.9,0.0,0.6897,0.24
2297,56__632,427,17.08,0.20653,0.19628,1.12,34.974,0,0.8829,0.0402,0.0223,0.0,1.0,0.0,0.0,0.24
2298,56__122,450,18.0,0.213816,0.148275,0.4,inf,0,0.8475,0.0258,0.0108,0.0001,0.6667,0.0,0.3841,0.28
2299,56__576,310,12.4,0.174652,0.159704,1.52,68.653,0,1.0,0.0499,0.0085,0.0,0.6633,0.0,0.0,0.24
2300,56__849,403,16.12,0.211474,0.187585,2.0,87.491,0,0.9518,0.0566,0.0129,0.0,0.6867,0.0,0.2416,0.4
2301,56__620,272,10.88,0.217228,0.168998,9.52,8.295,0,1.0,0.0829,0.0202,0.0,0.5567,0.0,0.3869,0.28
2302,56__1507,324,12.96,0.30772,0.278952,2.56,25.371,0,1.0,0.1146,0.032,0.0,0.9333,0.0,0.6374,0.36
2303,56__408,267,10.68,0.196988,0.182274,9.52,31.579,0,1.0,0.0461,0.0166,0.0,0.8533,0.0,0.0,0.36
2304,56__1170,310,12.4,0.236584,0.209593,1.48,377.917,0,1.0,0.0714,0.0208,0.0,0.7133,0.0,0.4383,0.36
2305,56__78,251,10.04,0.328713,0.240707,0.0,15.67,0,1.0,0.1439,0.0414,0.0,1.0,0.0,0.6403,0.32
2306,56__601,293,11.72,0.408724,0.224583,10.92,4.981,0,1.0,0.117,0.0355,0.0,1.0,0.4025,0.6414,0.2
2307,56__280,261,10.44,0.180171,0.165936,7.28,inf,0,1.0,0.0486,0.0119,0.0,0.7433,0.0,0.0,0.24
2308,56__740,321,12.84,0.295096,0.256712,11.56,11.99,0,1.0,0.0903,0.0163,0.0,0.88,0.0,0.6626,0.24
2309,56__430,298,11.92,0.257924,0.233308,2.8,inf,0,1.0,0.0886,0.0285,0.0,0.8033,0.0,0.4116,0.36
2310,56__1487,322,12.88,0.149504,0.139167,2.8,132.966,0,1.0,0.0758,0.0233,0.0,0.46,0.0,0.0,0.24
2311,56__540,395,15.8,0.29599,0.270577,14.44,31.907,0,0.9625,0.0286,0.0208,0.0,1.0,0.0,0.6981,0.2
2312,56__1083,294,11.76,0.229631,0.2061,7.36,82.345,0,1.0,0.0583,0.0138,0.0,1.0,0.0,0.0,0.48
2313,56__1674,386,15.44,0.236576,0.208164,13.4,366.5,0,0.9743,0.0258,0.0084,0.0,0.7267,0.0,0.4059,0.36
2314,56__214,256,10.24,0.166799,0.150361,6.6,31.532,0,1.0,0.0574,0.0195,0.0,0.5967,0.0,0.0,0.2
2315,56__182,328,13.12,0.244274,0.214278,2.44,inf,0,1.0,0.0714,0.0182,0.0,0.5733,0.0,0.5572,0.24
2316,56__91,390,15.6,0.266112,0.235514,0.44,99.944,0,0.9061,0.0459,0.017,0.0001,1.0,0.0,0.7483,0.24
2317,56__1691,289,11.56,0.200276,0.174468,10.32,inf,0,1.0,0.0393,0.0102,0.0,0.87,0.0,0.0,0.36
2318,56__1008,420,16.8,0.173494,0.158618,1.32,50.858,0,0.8996,0.0245,0.0061,0.0,0.7467,0.0,0.0,0.24
2319,56__694,397,15.88,0.233605,0.173597,0.64,inf,0,0.9511,0.0271,0.0208,0.0,0.7867,0.0,0.3802,0.2
2320,56__947,400,16.0,0.187328,0.176541,3.96,inf,0,0.9579,0.0357,0.0105,0.0,0.8667,0.0,0.0,0.2
2321,56__60,342,13.68,0.198274,0.173259,3.32,18.379,0,1.0,0.0688,0.0118,0.0,0.8667,0.0,0.0,0.28
2322,56__427,427,17.08,0.197646,0.184887,15.4,31.888,0,0.9,0.0533,0.0169,0.0,0.8967,0.0,0.0097,0.36
2323,56__850,293,11.72,0.32853,0.299206,1.64,45.0,0,1.0,0.0943,0.0246,0.0,1.0,0.0,0.6953,0.4
2324,56__707,341,13.64,0.282349,0.259991,7.76,11.976,0,1.0,0.0529,0.0204,0.0,0.6933,0.0,0.8055,0.28
2325,56__785,294,11.76,0.198781,0.166995,0.04,inf,0,1.0,0.0475,0.0213,0.0,0.9267,0.0,0.0,0.24
2326,56__210,417,16.68,0.144263,0.125444,8.6,inf,0,0.9132,0.0272,0.0082,0.0,0.52,0.0,0.0084,0.24
2327,56__757,455,18.2,0.189484,0.167382,1.28,inf,0,0.8325,0.0258,0.0048,0.0,0.9467,0.0,0.0,0.2
2328,56__222,353,14.12,0.328159,0.284563,1.8,9.653,0,1.0,0.1258,0.0228,0.0,1.0,0.0,0.7453,0.24
2329,56__419,455,18.2,0.234276,0.21991,4.12,242.5,0,0.8375,0.0362,0.0103,0.0,1.0,0.0,0.2038,0.32
2330,56__159,333,13.32,0.211513,0.196667,3.04,67.965,0,1.0,0.0303,0.0057,0.0,0.9533,0.0,0.0,0.24
2331,56__1647,354,14.16,0.268164,0.225413,12.88,23.0,0,1.0,0.1716,0.0505,0.0,1.0,0.0,0.3322,0.32
2332,56__117,396,15.84,0.257909,0.198085,0.08,724.0,0,0.8822,0.1389,0.1454,0.0,1.0,0.0,0.2066,0.24
2333,56__628,312,12.48,0.188039,0.156442,2.64,14.735,0,1.0,0.1273,0.0399,0.0001,0.6667,0.0,0.0,0.24
2334,56__1086,373,14.92,0.177828,0.157058,7.24,50.967,0,1.0,0.0429,0.0202,0.0,0.5867,0.0,0.0,0.48
2335,56__1315,352,14.08,0.193914,0.183472,13.0,28.712,0,1.0,0.0893,0.0261,0.0,0.8133,0.0,0.0,0.36
2336,56__466,410,16.4,0.269968,0.246887,11.68,26.093,0,0.9204,0.0443,0.0208,0.0,0.7333,0.0,0.6209,0.32
2337,56__744,316,12.64,0.279897,0.239462,11.0,26.29,0,1.0,0.0431,0.0107,0.0,1.0,0.0,0.476,0.2
2338,56__196,284,11.36,0.270903,0.23205,2.56,16.101,0,1.0,0.1069,0.0389,0.0,0.9933,0.0,0.4871,0.24
2339,56__916,308,12.32,0.253663,0.152693,11.0,8.238,0,1.0,0.0569,0.0126,0.0,1.0,0.0,0.4429,0.24
2340,56__1436,309,12.36,0.174588,0.161178,3.96,inf,0,1.0,0.0719,0.01,0.0,0.7,0.0,0.0,0.16
2341,56__719,298,11.92,0.16158,0.14331,11.84,21.078,0,1.0,0.086,0.0188,0.0,0.5633,0.0,0.0,0.24
2342,56__467,293,11.72,0.257071,0.226364,0.96,inf,0,1.0,0.0465,0.0122,0.0,1.0,0.0,0.2491,0.36
2343,56__565,327,13.08,0.281971,0.24095,1.24,40.054,0,1.0,0.142,0.0265,0.0,0.54,0.0,0.7853,0.24
2344,56__171,326,13.04,0.245377,0.219596,1.12,inf,0,1.0,0.0973,0.0099,0.0,0.8733,0.0,0.5174,0.32
2345,56__344,318,12.72,0.210913,0.190444,3.72,19.142,0,1.0,0.0773,0.0164,0.0,0.88,0.0,0.0,0.32
2346,56__484,426,17.04,0.147081,0.132646,8.04,333.944,0,0.9211,0.0429,0.0093,0.0,0.54,0.0,0.0,0.2
2347,56__564,395,15.8,0.203271,0.182249,2.16,63.944,0,0.9547,0.0236,0.0082,0.0,0.97,0.0,0.0,0.24
2348,56__967,261,10.44,0.19049,0.159099,9.48,282.284,0,1.0,0.0744,0.0154,0.0,0.7433,0.0,0.0,0.28
2349,56__550,323,12.92,0.175777,0.142583,0.0,inf,0,1.0,0.0445,0.0158,0.0,0.5067,0.0,0.2124,0.24
2350,56__1142,302,12.08,0.194094,0.169233,0.8,inf,0,1.0,0.039,0.0204,0.0,0.3733,0.0,0.3941,0.2
2351,56__929,302,12.08,0.234959,0.169346,0.8,inf,0,1.0,0.0796,0.0208,0.0,0.8,0.0,0.2557,0.24
2352,56__106,432,17.28,0.27474,0.194376,8.92,inf,0,0.8804,0.0233,0.0064,0.0,0.7533,0.0,0.8171,0.28
2353,56__1071,460,18.4,0.325961,0.294234,3.8,28.838,0,0.8279,0.0501,0.0153,0.0,0.9567,0.0,0.859,0.36
2354,56__160,297,11.88,0.19781,0.191329,6.88,549.708,0,1.0,0.0452,0.0092,0.0,0.8733,0.0,0.0,0.28
2355,56__1471,349,13.96,0.469042,0.322685,8.4,2.257,0,1.0,0.14,0.0314,0.0001,1.0,0.7657,0.9074,0.28
2356,56__185,322,12.88,0.158139,0.144665,3.56,27.828,0,1.0,0.0186,0.0226,0.0,0.5667,0.0,0.0,0.32
2357,56__673,352,14.08,0.162175,0.144732,2.12,inf,0,1.0,0.0275,0.0046,0.0,0.6067,0.0,0.0,0.16
2358,56__1355,414,16.56,0.266898,0.246844,0.52,inf,0,0.9057,0.0216,0.0056,0.0,1.0,0.0,0.5307,0.2
2359,56__188,315,12.6,0.257167,0.238549,10.36,118.458,0,1.0,0.1186,0.0296,0.0,0.5467,0.0,0.6291,0.36
2360,56__1324,346,13.84,0.217111,0.168424,6.84,111.158,0,1.0,0.0329,0.0203,0.0,1.0,0.0,0.0,0.24
2361,56__825,473,18.92,0.205157,0.176235,4.24,56.194,0,0.7922,0.0479,0.0176,0.0,0.5933,0.0,0.4059,0.32
2362,56__1291,427,17.08,0.26884,0.217627,0.56,inf,0,0.8904,0.0234,0.0095,0.0,1.0,0.0,0.454,0.32
2363,56__1156,302,12.08,0.297603,0.217375,4.76,197.667,0,1.0,0.0711,0.0206,0.0,1.0,0.0,0.5252,0.28
2364,56__1752,406,16.24,0.222571,0.199951,13.36,60.98,0,0.9336,0.036,0.0112,0.0,0.4867,0.0,0.5279,0.32
2365,56__1329,328,13.12,0.284875,0.243125,12.36,19.617,0,1.0,0.0468,0.0078,0.0,1.0,0.0,0.6105,0.28
2366,56__652,387,15.48,0.211986,0.196733,3.92,101.145,0,0.925,0.0454,0.0203,0.0,1.0,0.0,0.0,0.28
2367,56__361,310,12.4,0.201748,0.17406,11.16,16.698,0,1.0,0.0344,0.0137,0.0,0.6267,0.0,0.41,0.24
2368,56__1246,254,10.16,0.278221,0.260452,2.08,60.865,0,1.0,0.0371,0.0117,0.0,0.8033,0.0,0.6528,0.16
2369,56__58,284,11.36,0.170153,0.155305,1.52,76.482,0,1.0,0.0556,0.0208,0.0,0.62,0.0,0.0,0.28
2370,56__661,306,12.24,0.320308,0.265992,7.48,14.653,0,1.0,0.0881,0.0214,0.0,1.0,0.0,0.9286,0.24
2371,56__244,302,12.08,0.15442,0.13644,3.4,37.262,0,1.0,0.0489,0.0148,0.0,0.52,0.0,0.0,0.2
2372,56__902,345,13.8,0.403476,0.204434,11.4,5.121,0,1.0,0.166,0.0339,0.0,1.0,0.3839,0.6702,0.28
2373,56__272,393,15.72,0.188417,0.163012,3.08,192.704,0,0.9636,0.0212,0.0064,0.0,0.66,0.0,0.1507,0.28
2374,56__199,309,12.36,0.279185,0.243595,5.64,11.413,0,1.0,0.1203,0.0344,0.0,0.8267,0.0,0.624,0.28
2375,56__1724,325,13.0,0.340513,0.264485,1.16,5.351,0,1.0,0.1046,0.0258,0.0,1.0,0.3532,0.9022,0.36
2376,56__539,245,9.8,0.2205,0.203606,2.28,43.098,0,1.0,0.1029,0.0173,0.0,1.0,0.0,0.0,0.2
2377,56__1663,334,13.36,0.308271,0.209771,11.92,13.679,0,1.0,0.0636,0.0132,0.0001,1.0,0.0,0.6162,0.2
2378,56__545,441,17.64,0.279293,0.179911,10.64,inf,0,0.855,0.0362,0.0085,0.0001,0.6667,0.0,0.7947,0.32
2379,56__1373,330,13.2,0.211773,0.17718,0.0,19.85,0,1.0,0.0801,0.0215,0.0,0.7267,0.0,0.4712,0.28
2380,56__1026,298,11.92,0.307358,0.185643,2.08,4.785,0,1.0,0.0631,0.0123,0.0,1.0,0.4287,0.3781,0.28
2381,56__1594,293,11.72,0.277032,0.215381,1.8,inf,0,1.0,0.059,0.0208,0.0,1.0,0.0,0.4097,0.28
2382,56__410,448,17.92,0.258419,0.19408,0.0,inf,0,0.8414,0.0303,0.011,0.0,1.0,0.0,0.4395,0.28
2383,56__1010,329,13.16,0.253297,0.218409,3.56,inf,0,1.0,0.0603,0.0218,0.0,0.84,0.0,0.4583,0.24
2384,56__1641,436,17.44,0.241902,0.203706,1.0,inf,0,0.8982,0.0559,0.0126,0.0001,0.8267,0.0,0.4695,0.28
2385,56__203,300,12.0,0.202856,0.179325,10.48,57.172,0,1.0,0.1316,0.0481,0.0,0.8767,0.0,0.0,0.28
2386,56__586,388,15.52,0.193729,0.163191,0.0,inf,0,0.8943,0.1371,0.1268,0.0,0.7667,0.0,0.0,0.24
2387,56__755,447,17.88,0.167009,0.152384,3.24,inf,0,0.8579,0.0291,0.0101,0.0,0.76,0.0,0.0,0.16
2388,56__1740,318,12.72,0.185766,0.16747,5.44,23.782,0,1.0,0.0851,0.0294,0.0,0.7133,0.0,0.1324,0.24
2389,56__966,302,12.08,0.331329,0.298818,1.12,inf,0,1.0,0.0901,0.0208,0.0,1.0,0.0,0.7571,0.28
2390,56__1465,427,17.08,0.214548,0.191944,5.68,inf,0,0.8729,0.0208,0.0085,0.0,0.7667,0.0,0.2934,0.28
2391,56__155,303,12.12,0.294223,0.240467,1.16,inf,0,1.0,0.0645,0.0166,0.0,1.0,0.0,0.5467,0.2
2392,56__1001,298,11.92,0.269044,0.253117,5.92,112.1,0,1.0,0.0388,0.0142,0.0,0.92,0.0,0.4645,0.28
2393,56__1222,417,16.68,0.212781,0.175563,2.68,inf,0,0.93,0.0656,0.0174,0.0,0.67,0.0,0.2786,0.28
2394,56__590,339,13.56,0.157362,0.141992,6.8,inf,0,1.0,0.0674,0.0141,0.0,0.5133,0.0,0.1697,0.24
2395,56__1220,444,17.76,0.267804,0.212332,15.52,13.631,0,0.8543,0.0429,0.0098,0.0,1.0,0.0,0.4759,0.28
2396,56__331,406,16.24,0.1773,0.155403,3.96,inf,0,0.8858,0.0284,0.0095,0.0,0.8267,0.0,0.0,0.28
2397,56__739,399,15.96,0.295989,0.268311,11.48,40.759,0,0.9821,0.0482,0.0092,0.0,0.8667,0.0,0.6874,0.4
2398,56__1235,329,13.16,0.266939,0.238472,3.56,111.308,0,1.0,0.0688,0.0122,0.0,0.68,0.0,0.6914,0.24
2399,56__1138,285,11.4,0.258589,0.236024,1.56,inf,0,1.0,0.0371,0.0094,0.0,1.0,0.0,0.3797,0.2
2400,56__704,314,12.56,0.166871,0.155397,10.16,inf,0,1.0,0.0393,0.0074,0.0,0.6333,0.0,0.0,0.28
2401,56__1614,317,12.68,0.216455,0.157216,4.6,12.391,0,1.0,0.0526,0.0142,0.0,1.0,0.0,0.206,0.2
2402,56__245,305,12.2,0.246418,0.193093,10.04,11.361,0,1.0,0.0502,0.0119,0.0,0.6933,0.0,0.5038,0.36
2403,56__1751,394,15.76,0.270905,0.196098,0.04,inf,0,0.9729,0.0314,0.0295,0.0,0.7733,0.0,0.6826,0.32
2404,56__617,297,11.88,0.242456,0.214668,5.36,27.828,0,1.0,0.0914,0.0202,0.0,0.6,0.0,0.4617,0.32
2405,56__216,314,12.56,0.196991,0.181999,4.72,inf,0,1.0,0.033,0.0218,0.0,0.9067,0.0,0.0216,0.12
2406,56__449,316,12.64,0.284449,0.181455,1.24,23.786,0,1.0,0.0618,0.0193,0.0,0.7333,0.0,0.6357,0.4
2407,56__353,289,11.56,0.170251,0.154455,7.2,inf,0,1.0,0.0565,0.0236,0.0,0.63,0.0,0.0,0.24
2408,56__1731,290,11.6,0.181331,0.166459,11.56,61.626,0,1.0,0.0758,0.0129,0.0,0.75,0.0,0.0,0.36
2409,56__1512,338,13.52,0.246825,0.192829,1.44,inf,0,1.0,0.06,0.0212,0.0,0.7067,0.0,0.4412,0.4
2410,56__476,342,13.68,0.246217,0.225635,1.52,46.547,0,1.0,0.0496,0.0106,0.0,0.6533,0.0,0.5417,0.32
2411,56__1023,293,11.72,0.216339,0.160249,2.6,38.67,0,1.0,0.0654,0.0127,0.0,1.0,0.0,0.0,0.32
2412,56__86,405,16.2,0.229663,0.207356,5.04,inf,0,0.95,0.0401,0.0208,0.0,1.0,0.0,0.2081,0.2
2413,56__1065,316,12.64,0.305875,0.27355,1.12,inf,0,1.0,0.0702,0.0208,0.0,1.0,0.0,0.5721,0.4
2414,56__1758,337,13.48,0.210441,0.154926,11.4,9.028,0,1.0,0.1073,0.0203,0.0,0.5067,0.0,0.3776,0.24
2415,56__1499,395,15.8,0.175915,0.150313,5.8,16.536,0,0.9961,0.1017,0.0298,0.0,0.65,0.0,0.2174,0.32
2416,56__456,398,15.92,0.201532,0.187561,1.92,inf,0,0.95,0.0505,0.0151,0.0,0.88,0.0,0.0,0.36
2417,56__1296,386,15.44,0.219569,0.174789,7.48,29.219,0,0.9485,0.0493,0.0212,0.0001,1.0,0.0,0.3493,0.4
2418,56__255,416,16.64,0.380816,0.219101,10.2,4.793,0,0.9889,0.1003,0.0298,0.0001,1.0,0.4276,0.6334,0.24
2419,56__166,307,12.28,0.18837,0.139201,12.24,23.264,0,1.0,0.0443,0.0207,0.0,0.89,0.0,0.0,0.28
2420,56__504,298,11.92,0.167006,0.157846,11.52,40.983,0,1.0,0.0415,0.0208,0.0,0.7,0.0,0.0,0.16
2421,56__282,333,13.32,0.159628,0.138983,12.44,inf,0,1.0,0.023,0.0067,0.0,0.5933,0.0,0.0,0.28
2422,56__1446,427,17.08,0.166288,0.148545,8.84,inf,0,0.8893,0.023,0.007,0.0,0.7,0.0,0.0,0.28
2423,56__1263,423,16.92,0.279603,0.191779,13.76,inf,0,0.9,0.0289,0.0087,0.0,1.0,0.0,0.8148,0.24
2424,56__723,338,13.52,0.239614,0.199938,0.44,inf,0,1.0,0.0562,0.0146,0.0,0.8533,0.0,0.3676,0.24
2425,56__1254,441,17.64,0.262149,0.236391,0.52,inf,0,0.8579,0.0212,0.0065,0.0,0.9633,0.0,0.5738,0.16
2426,56__1645,382,15.28,0.208571,0.183882,1.6,214.463,0,0.9325,0.0314,0.0171,0.0,0.9833,0.0,0.0,0.24
2427,56__1052,305,12.2,0.202191,0.187859,3.12,70.958,0,1.0,0.0889,0.0142,0.0,0.9067,0.0,0.0,0.4
2428,56__1236,330,13.2,0.308723,0.275521,0.4,inf,0,1.0,0.1295,0.0463,0.0,1.0,0.0,0.6921,0.24
2429,56__735,267,10.68,0.171597,0.140692,9.28,8.661,0,1.0,0.1432,0.0366,0.0,0.5633,0.0,0.2488,0.32
2430,56__1232,266,10.64,0.1862,0.167936,6.4,43.016,0,1.0,0.0686,0.009,0.0,0.7167,0.0,0.0,0.24
2431,56__1240,281,11.24,0.215557,0.161031,2.12,47.109,0,1.0,0.0507,0.0121,0.0,1.0,0.0,0.0,0.2
2432,56__1754,431,17.24,0.2621,0.215427,2.44,33.53,0,0.8797,0.0458,0.015,0.0001,0.9633,0.0,0.475,0.2
2433,56__88,336,13.44,0.218978,0.165407,7.44,16.622,0,1.0,0.0698,0.0206,0.0001,1.0,0.0,0.0,0.2
2434,56__204,411,16.44,0.203585,0.184994,14.92,inf,0,0.9289,0.0272,0.0107,0.0,1.0,0.0,0.0626,0.24
2435,56__1177,422,16.88,0.193119,0.182137,12.16,126.774,0,0.8832,0.0243,0.0172,0.0,0.9367,0.0,0.0,0.2
2436,56__1570,299,11.96,0.214464,0.201558,9.76,42.254,0,1.0,0.0639,0.0102,0.0,1.0,0.0,0.0,0.16
2437,56__1542,307,12.28,0.233698,0.21628,8.48,11.298,0,1.0,0.0529,0.0212,0.0,1.0,0.0,0.1057,0.32
2438,56__110,433,17.32,0.283392,0.25745,3.12,107.6,0,0.8693,0.0358,0.01,0.0,0.7533,0.0,0.7731,0.24
2439,56__592,275,11.0,0.210458,0.193454,2.16,23.922,0,1.0,0.1186,0.0627,0.0,0.9333,0.0,0.0,0.24
2440,56__443,420,16.8,0.194138,0.157047,13.92,inf,0,0.8943,0.0274,0.0087,0.0001,0.8867,0.0,0.0,0.28
2441,56__1398,343,13.72,0.2349,0.214613,3.36,46.358,0,1.0,0.0208,0.0095,0.0,0.78,0.0,0.3967,0.28
2442,56__112,297,11.88,0.210455,0.182843,6.52,32.645,0,1.0,0.0589,0.0078,0.0,0.74,0.0,0.1924,0.24
2443,56__1376,302,12.08,0.176568,0.160324,4.44,51.218,0,1.0,0.0398,0.0207,0.0,0.6267,0.0,0.0,0.32
2444,56__1021,441,17.64,0.207867,0.191802,1.28,809.524,0,0.8586,0.0236,0.0208,0.0,1.0,0.0,0.0,0.28
2445,56__463,421,16.84,0.304862,0.230734,7.32,180.642,0,0.8986,0.0516,0.0199,0.0,1.0,0.0,0.6291,0.32
2446,56__572,331,13.24,0.178992,0.15272,1.6,48.651,0,1.0,0.0364,0.0107,0.0,0.72,0.0,0.0,0.2
2447,56__1591,394,15.76,0.302207,0.188903,3.92,108.425,0,0.9557,0.0339,0.0113,0.0001,1.0,0.0,0.6297,0.28
2448,56__1480,447,17.88,0.20386,0.192059,0.96,inf,0,0.8486,0.0191,0.0054,0.0,1.0,0.0,0.0,0.28
2449,56__610,395,15.8,0.191325,0.155446,15.76,inf,0,0.9579,0.0272,0.0145,0.0,0.9333,0.0,0.0,0.28
2450,56__1077,346,13.84,0.304048,0.272111,3.0,66.161,0,1.0,0.0803,0.0193,0.0,0.7467,0.0,0.8191,0.48
2451,56__1653,309,12.36,0.163921,0.151749,2.68,105.833,0,1.0,0.0423,0.0139,0.0,0.52,0.0,0.1116,0.28
2452,56__765,308,12.32,0.173517,0.155063,9.16,33.07,0,1.0,0.0289,0.0086,0.0,0.6933,0.0,0.0771,0.24
2453,56__812,274,10.96,0.185373,0.170938,4.84,77.781,0,1.0,0.0742,0.0128,0.0,0.7367,0.0,0.0,0.32
2454,56__1500,344,13.76,0.214351,0.172893,3.08,66.738,0,1.0,0.0616,0.0211,0.0001,1.0,0.0,0.1769,0.28
2455,56__1573,265,10.6,0.161345,0.151349,2.4,inf,0,1.0,0.0532,0.0083,0.0,0.53,0.0,0.0,0.24
2456,56__1722,405,16.2,0.263321,0.20122,13.52,11.794,0,0.9475,0.0772,0.0262,0.0,0.66,0.0,0.6888,0.32
2457,56__1036,461,18.44,0.158238,0.136832,14.4,inf,0,0.8507,0.0358,0.0106,0.0001,0.6467,0.0,0.0,0.28
2458,56__1726,354,14.16,0.208536,0.184102,3.76,21.751,0,1.0,0.0557,0.0203,0.0,0.8667,0.0,0.1834,0.32
2459,56__413,297,11.88,0.214132,0.178003,8.8,236.911,0,1.0,0.0429,0.0121,0.0,1.0,0.0,0.0,0.28
2460,56__730,313,12.52,0.292959,0.214962,8.88,10.973,0,1.0,0.1057,0.0208,0.0,1.0,0.0,0.5095,0.36
2461,56__793,297,11.88,0.324781,0.182192,10.08,4.779,0,1.0,0.0549,0.013,0.0,1.0,0.4295,0.4371,0.2
2462,56__616,290,11.6,0.318671,0.17217,0.0,10.494,0,1.0,0.0524,0.0178,0.0,1.0,0.0,0.7169,0.28
2463,56__1293,305,12.2,0.219603,0.169373,0.0,inf,0,1.0,0.0487,0.0098,0.0,0.7333,0.0,0.3164,0.24
2464,56__1058,295,11.8,0.400678,0.211294,4.32,3.199,0,1.0,0.0534,0.01,0.0,1.0,0.6401,0.5586,0.52
2465,56__1520,326,13.04,0.294493,0.264614,10.04,13.302,0,1.0,0.1229,0.0359,0.0,0.7333,0.0,0.7143,0.44
2466,56__651,411,16.44,0.174919,0.163979,9.2,inf,0,0.9257,0.0214,0.0044,0.0,0.7933,0.0,0.0,0.16
2467,56__252,403,16.12,0.24771,0.197111,0.8,inf,0,0.9375,0.0284,0.0089,0.0,0.78,0.0,0.7202,0.32
2468,56__75,416,16.64,0.207895,0.199375,3.4,76.911,0,0.9089,0.0239,0.0096,0.0,1.0,0.0,0.0,0.24
2469,56__961,305,12.2,0.306397,0.255589,8.72,8.447,0,1.0,0.1109,0.0221,0.0,1.0,0.0,0.6466,0.32
2470,56__241,383,15.32,0.266872,0.233775,0.96,inf,0,0.9384,0.0392,0.0132,0.0,1.0,0.0,0.4883,0.36
2471,56__224,249,9.96,0.206907,0.17996,1.88,79.648,0,1.0,0.0973,0.0315,0.0,0.9233,0.0,0.0,0.24
2472,56__1536,401,16.04,0.211702,0.198855,1.44,51.155,0,0.925,0.0511,0.0096,0.0,1.0,0.0,0.0,0.24
2473,56__1399,425,17.0,0.15576,0.133563,5.76,inf,0,0.8879,0.0305,0.0103,0.0,0.5933,0.0,0.0,0.28
2474,56__221,320,12.8,0.381848,0.260402,6.92,5.387,0,1.0,0.0794,0.0288,0.0,1.0,0.3484,0.7297,0.16
2475,56__1597,360,14.4,0.229257,0.189044,13.04,12.58,0,1.0,0.0402,0.0177,0.0,0.84,0.0,0.4826,0.24
2476,56__1113,387,15.48,0.246755,0.217437,14.24,9.151,0,0.9532,0.0317,0.0089,0.0,0.83,0.0,0.7502,0.28
2477,56__1442,447,17.88,0.198845,0.175603,1.6,236.245,0,0.8439,0.0212,0.0208,0.0,1.0,0.0,0.0,0.2
2478,56__480,341,13.64,0.185645,0.162296,11.56,21.93,0,1.0,0.0519,0.0207,0.0,0.6533,0.0,0.126,0.24
2479,56__609,273,10.92,0.181922,0.150508,9.32,16.735,0,1.0,0.0796,0.0205,0.0,0.6633,0.0,0.2283,0.24
2480,56__191,250,10.0,0.205023,0.184315,4.2,inf,0,1.0,0.0886,0.0287,0.0001,0.8767,0.0,0.0,0.36
2481,56__1643,403,16.12,0.186693,0.173237,2.52,inf,0,0.9436,0.0258,0.0208,0.0,0.8667,0.0,0.0,0.2
2482,56__876,361,14.44,0.315495,0.282486,1.96,8.755,0,1.0,0.0886,0.0221,0.0,1.0,0.0,0.7805,0.4
2483,56__782,289,11.56,0.379912,0.213057,6.84,5.688,0,1.0,0.0979,0.0241,0.0,1.0,0.3082,0.6662,0.24
2484,56__1305,407,16.28,0.207056,0.190406,4.16,55.818,0,0.9307,0.0643,0.0181,0.0,1.0,0.0,0.0,0.24
2485,56__1650,310,12.4,0.156903,0.142162,9.76,43.496,0,1.0,0.0444,0.0082,0.0,0.5333,0.0,0.0,0.2
2486,56__1513,312,12.48,0.230128,0.20404,11.04,13.935,0,1.0,0.1129,0.0282,0.0,0.58,0.0,0.4516,0.28
2487,56__1604,395,15.8,0.217217,0.168088,0.04,inf,0,0.9546,0.023,0.0099,0.0,0.6867,0.0,0.3231,0.36
2488,56__1225,292,11.68,0.195151,0.166091,10.64,25.512,0,1.0,0.0443,0.0187,0.0,0.9067,0.0,0.0,0.32
2489,56__703,303,12.12,0.247822,0.218847,6.48,131.381,0,1.0,0.0305,0.0135,0.0,0.5167,0.0,0.591,0.32
2490,56__996,418,16.72,0.165266,0.143247,4.4,67.618,0,0.9039,0.0245,0.02,0.0,0.6667,0.0,0.0,0.24
2491,56__767,429,17.16,0.228442,0.215645,3.16,481.333,0,0.8818,0.0272,0.0099,0.0,1.0,0.0,0.2924,0.2
2492,56__1210,460,18.4,0.255326,0.220959,13.8,inf,0,0.8275,0.1519,0.0515,0.0,0.7933,0.0,0.5634,0.24
2493,56__1453,401,16.04,0.240893,0.171176,9.08,inf,0,0.9446,0.0233,0.0062,0.0,0.7533,0.0,0.5293,0.28
2494,56__1763,292,11.68,0.281948,0.166681,9.24,8.332,0,1.0,0.0706,0.0183,0.0,1.0,0.0,0.5076,0.24
2495,56__1080,457,18.28,0.21099,0.201449,9.68,117.596,0,0.8386,0.0673,0.0132,0.0001,1.0,0.0,0.0062,0.44
2496,56__313,377,15.08,0.357257,0.250109,12.92,7.328,0,1.0,0.1646,0.0278,0.0001,1.0,0.0896,0.8802,0.36
2497,56__1531,402,16.08,0.213522,0.173103,11.2,31.544,0,0.9436,0.0584,0.024,0.0001,1.0,0.0,0.0,0.24
2498,56__512,358,14.32,0.181124,0.156697,11.92,16.903,0,1.0,0.0929,0.024,0.0,0.8,0.0,0.0569,0.2
2499,56__978,303,12.12,0.211671,0.189544,10.36,44.39,0,1.0,0.0472,0.0208,0.0,0.8133,0.0,0.1371,0.28
2500,56__48,347,13.88,0.189524,0.164262,11.8,18.254,0,1.0,0.0381,0.0208,0.0,0.7733,0.0,0.0,0.32
2501,56__1041,415,16.6,0.263815,0.193237,14.28,1526.6,0,0.9129,0.0215,0.02,0.0,1.0,0.0,0.5276,0.4
2502,56__1772,313,12.52,0.260603,0.198374,3.36,12.399,0,1.0,0.0471,0.0185,0.0,1.0,0.0,0.3772,0.32
2503,56__1734,288,11.52,0.194931,0.175626,0.08,73.806,0,1.0,0.0562,0.0211,0.0,0.8,0.0,0.0,0.28
2504,56__1721,313,12.52,0.254068,0.229295,10.6,77.74,0,1.0,0.03,0.0073,0.0,0.85,0.0,0.3895,0.32
2505,56__1420,452,18.08,0.156025,0.141945,14.88,inf,0,0.8357,0.0366,0.0113,0.0,0.69,0.0,0.0871,0.2
2506,56__118,307,12.28,0.30239,0.265515,0.92,23.631,0,1.0,0.2317,0.0462,0.0,0.9333,0.0,0.6095,0.32
2507,56__538,287,11.48,0.196373,0.176727,1.44,inf,0,1.0,0.1134,0.0276,0.0001,0.8733,0.0,0.0,0.2
2508,56__1762,347,13.88,0.200926,0.191313,3.44,42.565,0,1.0,0.0428,0.0102,0.0,0.9133,0.0,0.0,0.28
2509,56__746,315,12.6,0.294339,0.213203,2.36,inf,0,1.0,0.0855,0.0248,0.0001,0.8867,0.0,0.8159,0.28
2510,56__248,302,12.08,0.288174,0.259754,9.04,17.239,0,1.0,0.0972,0.0167,0.0,0.68,0.0,0.7424,0.36
2511,56__532,304,12.16,0.220375,0.194585,10.72,26.772,0,1.0,0.0802,0.017,0.0,0.74,0.0,0.324,0.2
2512,56__107,303,12.12,0.449593,0.214681,2.32,2.067,0,1.0,0.0529,0.0236,0.0,1.0,0.7911,0.7548,0.28
2513,56__16,292,11.68,0.183575,0.133088,1.4,13.002,0,1.0,0.0295,0.0072,0.0,0.7733,0.0,0.0,0.28
2514,56__1178,359,14.36,0.222661,0.198682,11.76,15.706,0,1.0,0.08,0.0208,0.0,0.7267,0.0,0.3603,0.28
2515,56__1479,294,11.76,0.205992,0.167433,2.56,inf,0,1.0,0.0588,0.0233,0.0,0.9267,0.0,0.0,0.28
2516,56__827,297,11.88,0.323533,0.265778,10.72,13.799,0,1.0,0.0446,0.0221,0.0,1.0,0.0,0.6486,0.44
2517,56__560,304,12.16,0.261455,0.238766,5.04,8.392,0,1.0,0.06,0.0173,0.0,0.3633,0.0,0.8307,0.32
2518,56__1273,369,14.76,0.264592,0.216788,0.0,inf,0,1.0,0.0587,0.0156,0.0,1.0,0.0,0.4172,0.12
2519,56__555,316,12.64,0.283642,0.240729,10.8,19.768,0,1.0,0.0614,0.0123,0.0,0.7733,0.0,0.6484,0.32
2520,56__243,335,13.4,0.311095,0.274671,11.12,26.374,0,1.0,0.0807,0.0284,0.0,1.0,0.0,0.5997,0.36
2521,56__614,304,12.16,0.209824,0.166349,10.84,inf,0,1.0,0.0388,0.0105,0.0,1.0,0.0,0.2836,0.28
2522,56__1286,446,17.84,0.225711,0.157962,6.48,inf,0,0.8579,0.0459,0.0154,0.0,0.7067,0.0,0.5228,0.28
2523,56__1370,317,12.68,0.207709,0.161609,5.28,14.035,0,1.0,0.0479,0.0111,0.0,1.0,0.0,0.0,0.2
2524,56__894,315,12.6,0.190745,0.16483,3.04,22.995,0,1.0,0.0472,0.0267,0.0,0.7933,0.0,0.0,0.24
2525,56__1338,342,13.68,0.246509,0.207361,1.4,inf,0,1.0,0.0832,0.0218,0.0,1.0,0.0,0.2664,0.28
2526,56__1351,405,16.2,0.261372,0.227352,3.8,44.956,0,0.9204,0.0364,0.013,0.0,1.0,0.0,0.4579,0.2
2527,56__142,305,12.2,0.262172,0.237567,0.88,58.046,0,1.0,0.0348,0.0097,0.0,0.9667,0.0,0.4097,0.28
2528,56__392,339,13.56,0.421711,0.267214,11.84,5.133,0,1.0,0.2163,0.0325,0.0001,1.0,0.3822,0.7919,0.28
2529,56__434,301,12.04,0.309406,0.243784,2.4,27.9,0,1.0,0.0932,0.0292,0.0,0.8433,0.0,0.6648,0.32
2530,56__80,411,16.44,0.249953,0.231284,4.76,63.597,0,0.9282,0.0287,0.0208,0.0,1.0,0.0,0.3771,0.2
2531,56__1056,305,12.2,0.241001,0.22009,4.88,inf,0,1.0,0.0529,0.0208,0.0,0.7267,0.0,0.355,0.36
2532,56__527,299,11.96,0.212527,0.144431,10.64,48.155,0,1.0,0.0373,0.0093,0.0,0.56,0.0,0.3591,0.16
2533,56__636,429,17.16,0.277188,0.254448,3.16,79.839,0,0.8846,0.0472,0.029,0.0,0.8833,0.0,0.6483,0.2
2534,56__1642,301,12.04,0.229535,0.201234,2.04,59.122,0,1.0,0.0572,0.0208,0.0,0.8667,0.0,0.2122,0.2
2535,56__27,437,17.48,0.172949,0.163095,8.12,89.171,0,0.865,0.0443,0.0145,0.0,0.77,0.0,0.0,0.4
2536,56__1392,293,11.72,0.249774,0.206291,2.12,inf,0,1.0,0.0645,0.0207,0.0,0.6767,0.0,0.5319,0.36
2537,56__737,337,13.48,0.241564,0.205002,3.64,inf,0,1.0,0.0659,0.0191,0.0,0.9,0.0,0.4267,0.24
2538,56__666,323,12.92,0.227844,0.204464,1.56,54.347,0,1.0,0.0489,0.0145,0.0,0.7,0.0,0.3767,0.24
2539,56__1660,309,12.36,0.161073,0.148797,7.48,128.962,0,1.0,0.0586,0.0247,0.0,0.5333,0.0,0.0,0.24
2540,56__1074,331,13.24,0.329919,0.309756,6.68,36.062,0,1.0,0.0572,0.0214,0.0,1.0,0.0,0.6531,0.48
2541,56__311,297,11.88,0.236722,0.18193,6.44,39.466,0,1.0,0.2419,0.0739,0.0003,1.0,0.0,0.0,0.44
2542,56__653,410,16.4,0.182935,0.170324,13.4,inf,0,0.9293,0.0249,0.0091,0.0,0.7867,0.0,0.0888,0.2
2543,56__631,318,12.72,0.174936,0.159593,12.64,inf,0,1.0,0.0603,0.0221,0.0,0.72,0.0,0.0,0.2
2544,56__102,301,12.04,0.182598,0.154521,0.4,inf,0,1.0,0.0843,0.0273,0.0,0.74,0.0,0.0,0.24
2545,56__685,300,12.0,0.184072,0.168599,1.52,111.439,0,1.0,0.044,0.0169,0.0,0.7733,0.0,0.0,0.2
2546,56__936,299,11.96,0.199349,0.185961,2.48,17.538,0,1.0,0.0343,0.0085,0.0,0.9267,0.0,0.0,0.2
2547,56__1605,330,13.2,0.288842,0.255993,7.08,43.852,0,1.0,0.0745,0.0258,0.0,0.8267,0.0,0.6438,0.28
2548,56__1302,395,15.8,0.225583,0.203702,1.44,274.467,0,0.9654,0.0357,0.0123,0.0,0.7667,0.0,0.3269,0.32
2549,56__1463,385,15.4,0.193559,0.166326,0.0,76.458,0,0.9021,0.1401,0.1249,0.0,0.8,0.0,0.0,0.24
2550,56__461,388,15.52,0.318071,0.298802,6.08,192.444,0,0.9583,0.0332,0.0066,0.0,0.9267,0.0,0.7764,0.4
2551,56__1066,457,18.28,0.20566,0.193322,0.88,77.938,0,0.8311,0.0315,0.0088,0.0,1.0,0.0,0.0003,0.4
2552,56__1335,323,12.92,0.199474,0.176034,2.96,inf,0,1.0,0.0879,0.0194,0.0,0.7967,0.0,0.0,0.36
2553,56__829,395,15.8,0.275292,0.230303,1.8,60.302,0,0.9489,0.0384,0.0137,0.0,0.84,0.0,0.5981,0.36
2554,56__1635,292,11.68,0.238783,0.217398,10.68,16.735,0,1.0,0.0887,0.0192,0.0,0.7733,0.0,0.5288,0.24
2555,56__1439,273,10.92,0.309287,0.196739,4.6,7.079,0,1.0,0.0597,0.0215,0.0,1.0,0.1228,0.4957,0.2
2556,56__1523,321,12.84,0.419733,0.340048,0.8,5.583,0,1.0,0.1871,0.0598,0.0,1.0,0.3223,0.8076,0.4
2557,56__1538,389,15.56,0.284497,0.23829,1.88,18.679,0,1.0,0.12,0.0403,0.0,0.6533,0.0,0.746,0.32
2558,56__602,412,16.48,0.289427,0.260013,2.96,inf,0,0.9107,0.0315,0.0171,0.0001,1.0,0.0,0.6072,0.2
2559,56__764,400,16.0,0.202287,0.193268,0.0,171.444,0,0.8961,0.0253,0.0102,0.0,1.0,0.0,0.0,0.16
2560,56__1154,403,16.12,0.267835,0.186364,7.56,inf,0,0.9407,0.0308,0.009,0.0,0.7933,0.0,0.7026,0.36
2561,56__1430,308,12.32,0.217312,0.194334,0.88,60.416,0,1.0,0.0658,0.0103,0.0,1.0,0.0,0.0,0.24
2562,56__1639,295,11.8,0.292037,0.260828,2.88,55.018,0,1.0,0.1644,0.0569,0.0,0.8667,0.0,0.5416,0.24
2563,56__1777,337,13.48,0.170081,0.159848,12.12,35.362,0,1.0,0.0586,0.0237,0.0,0.6867,0.0,0.0228,0.28
2564,56__580,342,13.68,0.207877,0.182986,5.36,inf,0,1.0,0.0247,0.021,0.0,0.9933,0.0,0.0,0.24
2565,56__383,322,12.88,0.131671,0.120583,4.0,inf,0,1.0,0.0586,0.0156,0.0,0.3067,0.0,0.0,0.2
2566,56__531,301,12.04,0.210917,0.188024,0.6,190.673,0,1.0,0.0516,0.0249,0.0,1.0,0.0,0.0,0.16
2567,56__498,282,11.28,0.295773,0.231894,6.52,13.394,0,1.0,0.0583,0.0132,0.0,1.0,0.0,0.7638,0.24
2568,56__1202,288,11.52,0.212132,0.18655,3.76,200.89,0,1.0,0.0465,0.0141,0.0,0.87,0.0,0.0,0.4
2569,56__1389,278,11.12,0.241728,0.200017,1.76,421.231,0,1.0,0.0869,0.021,0.0,0.6833,0.0,0.4707,0.28
2570,56__1105,470,18.8,0.298443,0.259644,4.76,35.067,0,0.81,0.0357,0.0123,0.0,0.8133,0.0,0.7769,0.36
2571,56__1502,318,12.72,0.275843,0.246624,8.96,36.055,0,1.0,0.0445,0.0119,0.0,0.6867,0.0,0.6291,0.32
2572,56__691,396,15.84,0.304926,0.209606,12.24,inf,0,0.9482,0.0281,0.0067,0.0,1.0,0.0,0.7003,0.2
2573,56__1212,334,13.36,0.257328,0.236148,12.16,15.712,0,1.0,0.1029,0.0327,0.0,0.46,0.0,0.7419,0.28
2574,56__230,382,15.28,0.275735,0.236114,13.0,18.396,0,0.9871,0.056,0.0216,0.0,0.8733,0.0,0.6153,0.32
2575,56__126,329,13.16,0.167347,0.160028,8.12,inf,0,1.0,0.0731,0.0211,0.0,0.58,0.0,0.1145,0.28
2576,56__710,319,12.76,0.184689,0.147081,0.64,inf,0,1.0,0.0377,0.0219,0.0,0.6267,0.0,0.1678,0.24
2577,56__1152,310,12.4,0.288915,0.207042,9.72,50.046,0,1.0,0.0613,0.0208,0.0,1.0,0.0,0.4819,0.32
2578,56__727,305,12.2,0.277845,0.177796,1.44,6.918,0,1.0,0.0371,0.0141,0.0,1.0,0.1442,0.5664,0.36
2579,56__1394,328,13.12,0.241807,0.205098,1.08,49.272,0,1.0,0.0443,0.022,0.0,1.0,0.0,0.1926,0.24
2580,56__424,411,16.44,0.2048,0.192615,7.36,inf,0,0.9289,0.0415,0.0197,0.0,1.0,0.0,0.0,0.32
2581,56__660,322,12.88,0.273466,0.24472,5.32,inf,0,1.0,0.0586,0.0208,0.0,0.7867,0.0,0.5571,0.32
2582,56__968,434,17.36,0.306355,0.28481,1.12,68.63,0,0.8786,0.0357,0.0101,0.0,1.0,0.0,0.7298,0.28
2583,56__585,299,11.96,0.212224,0.181151,2.4,inf,0,1.0,0.0538,0.0087,0.0,1.0,0.0,0.0,0.2
2584,56__1129,307,12.28,0.4524,0.268564,9.8,4.227,0,1.0,0.1257,0.0531,0.0001,1.0,0.5031,0.9131,0.24
2585,56__342,427,17.08,0.20834,0.185989,0.32,inf,0,0.8911,0.0261,0.0097,0.0,0.84,0.0,0.3557,0.24
2586,56__1787,167,6.68,0.187913,0.181103,2.84,56.989,0,0.9346,0.0215,0.0068,0.0,0.8967,0.0,0.0,0.2
2587,56__1098,387,15.48,0.306484,0.283408,4.52,27.196,0,0.9993,0.0901,0.0308,0.0,1.0,0.0,0.5793,0.4
2588,56__1199,421,16.84,0.18801,0.16995,15.28,inf,0,0.8871,0.0146,0.0048,0.0,0.8667,0.0,0.0,0.28
2589,56__1443,324,12.96,0.296764,0.175388,10.04,inf,0,1.0,0.0378,0.0148,0.0,0.6867,0.0,0.8405,0.2
2590,56__82,398,15.92,0.188066,0.175653,0.64,inf,0,0.9543,0.0386,0.0167,0.0,0.84,0.0,0.0,0.28
2591,56__1464,278,11.12,0.198557,0.156668,8.64,11.574,0,1.0,0.1259,0.0404,0.0,0.53,0.0,0.366,0.24
2592,56__372,430,17.2,0.189563,0.165516,2.0,31.148,0,0.8564,0.05,0.0249,0.0,0.8967,0.0,0.0,0.28
2593,56__682,271,10.84,0.215647,0.19151,2.16,10.879,0,1.0,0.1373,0.0685,0.0,0.84,0.0,0.15,0.2
2594,56__508,422,16.88,0.270306,0.198905,12.6,149.714,0,0.8947,0.0386,0.0176,0.0001,1.0,0.0,0.5071,0.2
2595,56__1218,401,16.04,0.260434,0.188666,13.44,inf,0,0.9346,0.0316,0.0218,0.0,1.0,0.0,0.47,0.28
2596,56__1728,438,17.52,0.204547,0.185945,1.8,990.545,0,0.8529,0.0258,0.0107,0.0001,1.0,0.0,0.0,0.28
2597,56__1638,313,12.52,0.241334,0.192082,10.88,inf,0,1.0,0.0592,0.0203,0.0,0.9767,0.0,0.4138,0.32
2598,56__1756,306,12.24,0.173843,0.150144,1.52,151.35,0,1.0,0.0658,0.0114,0.0,0.6433,0.0,0.0,0.32
2599,56__1474,292,11.68,0.180405,0.158755,1.08,48.216,0,1.0,0.0426,0.0092,0.0,0.6967,0.0,0.0,0.28
2600,56__1557,325,13.0,0.289828,0.197577,0.44,inf,0,1.0,0.0705,0.0128,0.0,0.8067,0.0,0.7145,0.2
2601,56__491,462,18.48,0.266375,0.213535,4.92,40.612,0,0.8411,0.0301,0.0066,0.0,1.0,0.0,0.4679,0.24
2602,56__897,413,16.52,0.190412,0.16615,13.56,168.643,0,0.9543,0.0507,0.0208,0.0,0.8133,0.0,0.0,0.24
2603,56__1049,436,17.44,0.263358,0.236802,11.68,15.174,0,0.9189,0.0814,0.0215,0.0,0.7567,0.0,0.6136,0.44
2604,56__811,309,12.36,0.214296,0.164863,11.64,80.054,0,1.0,0.0567,0.0153,0.0,1.0,0.0,0.0,0.24
2605,56__105,298,11.92,0.29541,0.224385,1.12,22.099,0,1.0,0.0895,0.0202,0.0001,1.0,0.0,0.5395,0.28
2606,56__1034,444,17.76,0.199093,0.185149,6.76,165.056,0,0.8465,0.0289,0.0093,0.0,1.0,0.0,0.0378,0.32
2607,56__494,318,12.72,0.236673,0.22217,6.32,27.899,0,1.0,0.1458,0.0278,0.0,1.0,0.0,0.1962,0.24
2608,56__1584,398,15.92,0.179991,0.151064,0.08,1656.6,0,0.9071,0.14,0.0833,0.0,0.7133,0.0,0.0,0.24
2609,56__1634,296,11.84,0.239591,0.174931,10.56,8.178,0,1.0,0.1143,0.0461,0.0,1.0,0.0,0.4636,0.28
2610,56__213,303,12.12,0.181817,0.165653,3.8,inf,0,1.0,0.0672,0.016,0.0,0.7267,0.0,0.0,0.16
2611,56__1421,284,11.36,0.164324,0.140542,10.2,149.812,0,1.0,0.0376,0.0204,0.0,0.6,0.0,0.0,0.16
2612,56__843,289,11.56,0.262032,0.237126,6.76,25.411,0,1.0,0.0973,0.0232,0.0,0.75,0.0,0.53,0.32
2613,56__1059,299,11.96,0.290334,0.234636,7.04,59.312,0,1.0,0.112,0.0283,0.0,0.9767,0.0,0.6752,0.52
2614,56__1183,434,17.36,0.165743,0.15708,4.08,inf,0,0.8739,0.0315,0.0082,0.0,0.7333,0.0,0.0,0.24
2615,56__1031,421,16.84,0.311976,0.164579,15.24,inf,0,0.9061,0.0273,0.0094,0.0,0.7733,0.0,0.8986,0.32
2616,56__1147,378,15.12,0.188147,0.167052,8.72,26.763,0,0.9857,0.0316,0.0213,0.0,0.8,0.0,0.1898,0.32
2617,56__1081,363,14.52,0.291532,0.269085,2.28,16.758,0,1.0,0.0583,0.0205,0.0,0.8667,0.0,0.6474,0.4
2618,56__143,424,16.96,0.209414,0.196999,14.96,111.262,0,0.89,0.067,0.0296,0.0,1.0,0.0,0.0,0.32
2619,56__958,251,10.04,0.218697,0.194939,1.04,15.861,0,1.0,0.0622,0.0193,0.0,1.0,0.0,0.1626,0.28
2620,56__1117,433,17.32,0.257493,0.205351,0.0,inf,0,0.8811,0.0212,0.0044,0.0,0.95,0.0,0.4141,0.32
2621,56__556,353,14.12,0.289448,0.266197,11.96,81.935,0,1.0,0.0606,0.0177,0.0,0.8533,0.0,0.6071,0.32
2622,56__320,312,12.48,0.261371,0.18917,9.8,7.055,0,1.0,0.023,0.0073,0.0,0.6867,0.126,0.6653,0.28
2623,56__1764,355,14.2,0.315493,0.283912,3.12,21.571,0,1.0,0.0657,0.0195,0.0,0.8667,0.0,0.7697,0.32
2624,56__638,258,10.32,0.496972,0.243638,7.44,2.341,0,1.0,0.0888,0.0263,0.0001,1.0,0.7545,0.7352,0.16
2625,56__39,294,11.76,0.32296,0.289615,5.04,9.627,0,1.0,0.1686,0.0582,0.0,0.7733,0.0,0.7912,0.4
2626,56__774,284,11.36,0.287626,0.257125,3.48,43.836,0,1.0,0.0371,0.0073,0.0,0.8867,0.0,0.6212,0.28
2627,56__38,316,12.64,0.256161,0.214803,1.6,18.927,0,1.0,0.2086,0.0602,0.0,0.7667,0.0,0.569,0.28
2628,56__472,308,12.32,0.222283,0.197693,8.6,120.689,0,1.0,0.0889,0.0156,0.0,1.0,0.0,0.1047,0.32
2629,56__1537,302,12.08,0.304842,0.271938,5.36,11.993,0,1.0,0.0657,0.0184,0.0,0.98,0.0,0.589,0.28
2630,56__524,301,12.04,0.153261,0.128577,10.92,inf,0,1.0,0.0512,0.0107,0.0,0.5267,0.0,0.0,0.16
2631,56__625,320,12.8,0.224043,0.182057,0.4,inf,0,1.0,0.0317,0.0125,0.0,0.63,0.0,0.5076,0.32
2632,56__101,418,16.72,0.209782,0.201784,15.08,228.807,0,0.9112,0.0532,0.0245,0.0,1.0,0.0,0.0,0.24
2633,56__1257,285,11.4,0.193078,0.168073,10.2,212.352,0,1.0,0.0847,0.015,0.0,0.8,0.0,0.0,0.16
2634,56__732,311,12.44,0.23076,0.206589,8.6,21.051,0,1.0,0.0762,0.017,0.0,0.8,0.0,0.3779,0.28
2635,56__683,412,16.48,0.221066,0.193209,12.52,24.7,0,0.9043,0.0308,0.0081,0.0,1.0,0.0,0.1453,0.16
2636,56__1198,405,16.2,0.221076,0.20252,8.76,94.695,0,0.9314,0.0289,0.0119,0.0,1.0,0.0,0.0734,0.32
2637,56__67,321,12.84,0.153842,0.1439,4.36,39.506,0,1.0,0.0801,0.0208,0.0,0.4867,0.0,0.0,0.28
2638,56__1332,422,16.88,0.246367,0.191637,2.4,inf,0,0.8914,0.0259,0.0101,0.0,0.5467,0.0,0.6893,0.28
2639,56__1016,343,13.72,0.184434,0.159656,2.08,89.443,0,1.0,0.0475,0.0208,0.0,0.8067,0.0,0.0,0.16
2640,56__606,302,12.08,0.203817,0.169988,1.84,138.541,0,1.0,0.0787,0.0339,0.0,0.8867,0.0,0.0,0.24
2641,56__1179,320,12.8,0.167589,0.152802,2.64,42.906,0,1.0,0.0493,0.0074,0.0,0.6133,0.0,0.0591,0.28
2642,56__1486,309,12.36,0.21206,0.195813,3.08,45.836,0,1.0,0.1104,0.0263,0.0,1.0,0.0,0.0,0.16
2643,56__670,237,9.48,0.220393,0.196975,1.88,inf,0,1.0,0.0991,0.0249,0.0,1.0,0.0,0.0,0.2
2644,56__1417,305,12.2,0.269286,0.249519,10.04,25.541,0,1.0,0.0671,0.0258,0.0,0.82,0.0,0.5388,0.28
2645,56__1133,277,11.08,0.199542,0.184746,4.24,16.631,0,1.0,0.1018,0.0256,0.0,0.71,0.0,0.3643,0.24
2646,56__1251,295,11.8,0.279968,0.22525,1.36,25.686,0,1.0,0.0831,0.021,0.0,1.0,0.0,0.6157,0.24
2647,56__1135,295,11.8,0.23525,0.180065,9.72,6.312,0,1.0,0.0653,0.0143,0.0,1.0,0.2251,0.076,0.24
2648,56__1381,302,12.08,0.254023,0.229575,9.56,49.188,0,1.0,0.0764,0.0242,0.0,0.8467,0.0,0.3852,0.28
2649,56__1771,405,16.2,0.187639,0.158228,2.08,inf,0,0.8897,0.0354,0.0173,0.0,0.8533,0.0,0.0,0.32
2650,56__530,282,11.28,0.191836,0.174103,1.76,61.35,0,1.0,0.0219,0.0127,0.0,0.8667,0.0,0.0,0.2
2651,56__95,340,13.6,0.200868,0.149504,8.2,51.542,0,1.0,0.0201,0.0208,0.0,0.4733,0.0,0.4166,0.24
2652,56__240,341,13.64,0.305773,0.271233,1.96,32.304,0,1.0,0.11,0.0301,0.0,1.0,0.0,0.6334,0.36
2653,56__633,289,11.56,0.215938,0.20567,4.08,36.813,0,1.0,0.0717,0.0205,0.0,1.0,0.0,0.0,0.28
2654,56__654,260,10.4,0.214665,0.182614,0.32,36.708,0,1.0,0.0729,0.0314,0.0,1.0,0.0,0.0,0.16
2655,56__901,302,12.08,0.194311,0.16007,0.76,inf,0,1.0,0.0463,0.0171,0.0,0.6267,0.0,0.1636,0.24
2656,56__1045,321,12.84,0.205592,0.194122,2.32,41.89,0,1.0,0.0671,0.0151,0.0,0.8667,0.0,0.0,0.28
2657,56__1312,287,11.48,0.219246,0.166856,8.8,78.007,0,1.0,0.052,0.0109,0.0001,1.0,0.0,0.0,0.36
2658,56__1418,316,12.64,0.349089,0.28147,3.16,4.849,0,1.0,0.0475,0.0213,0.0,1.0,0.4201,0.9472,0.24
2659,56__1143,281,11.24,0.155862,0.147181,2.6,72.569,0,1.0,0.0871,0.0299,0.0,0.5467,0.0,0.0,0.2
2660,56__1452,307,12.28,0.305877,0.283189,8.16,inf,0,1.0,0.12,0.0456,0.0,0.8667,0.0,0.7098,0.32
2661,56__672,290,11.6,0.190845,0.178477,0.84,26.305,0,1.0,0.0493,0.0097,0.0,0.8133,0.0,0.0041,0.16
2662,56__45,288,11.52,0.210219,0.18777,5.52,33.169,0,1.0,0.0645,0.0103,0.0,1.0,0.0,0.0,0.28
2663,56__676,295,11.8,0.208444,0.180931,6.96,inf,0,1.0,0.0373,0.0208,0.0,0.92,0.0,0.0,0.24
2664,56__1449,398,15.92,0.283855,0.203981,12.84,inf,0,0.9532,0.0286,0.0114,0.0001,0.9667,0.0,0.594,0.28
2665,56__640,298,11.92,0.198267,0.162264,0.36,30.862,0,1.0,0.0343,0.0074,0.0,0.9133,0.0,0.0779,0.2
2666,56__271,305,12.2,0.277325,0.230264,6.52,inf,0,1.0,0.0915,0.0221,0.0,0.9667,0.0,0.6391,0.32
2667,56__953,261,10.44,0.198884,0.179619,8.72,18.972,0,1.0,0.1031,0.0365,0.0,0.8267,0.0,0.0,0.28
2668,56__332,408,16.32,0.263042,0.188603,11.92,inf,0,0.9225,0.0334,0.0145,0.0,0.8,0.0,0.5478,0.28
2669,56__1015,287,11.48,0.26941,0.210959,0.04,64.934,0,1.0,0.0515,0.0152,0.0,1.0,0.0,0.5653,0.28
2670,56__820,402,16.08,0.245729,0.205591,8.92,27.818,0,0.9843,0.0709,0.0233,0.0,0.5067,0.0,0.6164,0.4
2671,56__1186,419,16.76,0.229441,0.198091,11.48,58.099,0,0.9036,0.0373,0.0124,0.0,0.88,0.0,0.2629,0.28
2672,56__1459,308,12.32,0.259302,0.198938,8.88,6.806,0,1.0,0.088,0.0317,0.0001,1.0,0.1592,0.2153,0.2
2673,56__985,297,11.88,0.282004,0.244928,10.44,31.0,0,1.0,0.0507,0.0164,0.0,0.7267,0.0,0.6619,0.36
2674,56__1407,356,14.24,0.23336,0.174335,9.24,16.093,0,1.0,0.0972,0.0485,0.0,1.0,0.0,0.1052,0.28
2675,56__923,329,13.16,0.275526,0.25092,6.12,30.843,0,1.0,0.0665,0.013,0.0,0.6933,0.0,0.6272,0.32
2676,56__489,287,11.48,0.211619,0.189221,4.4,17.707,0,1.0,0.0649,0.0201,0.0,0.9533,0.0,0.0,0.24
2677,56__1554,316,12.64,0.211861,0.185522,7.28,260.833,0,1.0,0.1018,0.0381,0.0,0.72,0.0,0.3867,0.2
2678,56__1698,400,16.0,0.304453,0.210124,3.72,inf,0,0.9529,0.027,0.0079,0.0,1.0,0.0,0.7445,0.28
2679,56__1029,313,12.52,0.245686,0.189693,1.24,inf,0,1.0,0.0367,0.0183,0.0,1.0,0.0,0.3014,0.24
2680,56__1603,353,14.12,0.259545,0.229609,7.84,41.012,0,1.0,0.0543,0.0216,0.0,0.7267,0.0,0.4662,0.28
2681,56__187,320,12.8,0.204011,0.168518,2.96,inf,0,1.0,0.062,0.0181,0.0,0.58,0.0,0.4753,0.32
2682,56__183,420,16.8,0.240226,0.213074,2.8,42.492,0,0.9143,0.0493,0.0159,0.0,0.5867,0.0,0.6033,0.28
2683,56__1288,297,11.88,0.214404,0.160135,6.08,34.87,0,1.0,0.0717,0.0208,0.0,1.0,0.0,0.0,0.16
2684,56__1359,325,13.0,0.257534,0.214256,1.24,inf,0,1.0,0.0449,0.0094,0.0,0.8867,0.0,0.4024,0.28
2685,56__478,423,16.92,0.194633,0.179916,1.36,132.969,0,0.8911,0.0367,0.0139,0.0001,0.9367,0.0,0.0,0.28
2686,56__1064,406,16.24,0.308805,0.285985,3.84,110.316,0,0.9125,0.0315,0.0137,0.0001,0.9533,0.0,0.6819,0.48
2687,56__1079,418,16.72,0.215748,0.190841,9.6,inf,0,0.8996,0.0199,0.0067,0.0,1.0,0.0,0.0,0.44
2688,56__259,277,11.08,0.297319,0.182286,6.72,5.948,0,1.0,0.1343,0.0424,0.0,0.4967,0.2736,0.5757,0.28
2689,56__391,293,11.72,0.231452,0.2155,2.72,33.869,0,1.0,0.0586,0.0135,0.0,0.4667,0.0,0.5666,0.36
2690,56__180,324,12.96,0.221747,0.19752,10.44,21.563,0,1.0,0.0757,0.0242,0.0,0.56,0.0,0.4112,0.2
2691,56__1093,392,15.68,0.284885,0.26098,11.28,31.11,0,1.0,0.2057,0.0833,0.0,0.6333,0.0,0.6633,0.4
2692,56__44,303,12.12,0.230768,0.201778,10.0,11.611,0,1.0,0.0437,0.0128,0.0,1.0,0.0,0.4126,0.36
2693,56__1620,436,17.44,0.231524,0.201308,3.6,39.039,0,0.8689,0.0415,0.0208,0.0,0.8333,0.0,0.3871,0.28
2694,56__135,395,15.8,0.250498,0.19038,7.52,inf,0,0.9515,0.0253,0.0171,0.0,1.0,0.0,0.5755,0.28
2695,56__32,303,12.12,0.393781,0.31442,2.6,5.685,0,1.0,0.1166,0.0341,0.0001,1.0,0.3086,0.9638,0.36
2696,56__1501,397,15.88,0.259608,0.178888,1.92,inf,0,0.9593,0.0422,0.0115,0.0001,1.0,0.0,0.7781,0.32
2697,56__323,333,13.32,0.310862,0.269776,1.52,inf,0,1.0,0.0702,0.0208,0.0,0.9133,0.0,0.7321,0.28
2698,56__92,309,12.36,0.154684,0.135371,10.28,23.0,0,1.0,0.0488,0.0142,0.0,0.5067,0.0,0.0,0.24
2699,56__567,328,13.12,0.193753,0.181713,6.8,31.155,0,1.0,0.0517,0.0171,0.0,0.8133,0.0,0.0,0.28
2700,56__845,289,11.56,0.335948,0.306909,2.36,25.138,0,1.0,0.1115,0.0208,0.0,0.9733,0.0,0.7819,0.4
2701,56__1391,419,16.76,0.203267,0.178711,11.96,35.361,0,0.9057,0.0687,0.0295,0.0,0.8233,0.0,0.1791,0.28
2702,56__1281,227,9.08,0.14626,0.128572,0.2,25.314,0,1.0,0.0575,0.0208,0.0,0.4667,0.0,0.0,0.16
2703,56__87,291,11.64,0.216058,0.180796,5.0,10.697,0,1.0,0.0476,0.0188,0.0,1.0,0.0,0.0,0.24
2704,56__26,272,10.88,0.14587,0.126123,6.96,inf,0,1.0,0.0404,0.0208,0.0,0.4033,0.0,0.0,0.28
2705,56__1567,298,11.92,0.312465,0.184005,2.76,5.146,0,1.0,0.0371,0.0208,0.0,1.0,0.3805,0.4145,0.24
2706,56__1248,296,11.84,0.213637,0.165828,1.52,inf,0,1.0,0.0531,0.0111,0.0,1.0,0.0,0.0421,0.16
2707,56__302,281,11.24,0.211713,0.183671,8.76,inf,0,1.0,0.0602,0.0049,0.0,0.9867,0.0,0.0,0.16
2708,56__359,337,13.48,0.319068,0.218097,0.92,inf,0,1.0,0.0514,0.0104,0.0,0.9733,0.0,0.7895,0.2
2709,56__988,388,15.52,0.280928,0.255317,4.76,22.987,0,0.9436,0.039,0.0101,0.0,0.72,0.0,0.7369,0.28
2710,56__1316,290,11.6,0.306038,0.250748,7.24,12.345,0,1.0,0.0687,0.0171,0.0,0.9367,0.0,0.671,0.44
2711,56__1739,267,10.68,0.220226,0.195012,1.4,39.03,0,1.0,0.0987,0.0239,0.0,1.0,0.0,0.0,0.28
2712,56__1226,316,12.64,0.302846,0.212623,1.6,inf,0,1.0,0.0482,0.0098,0.0,1.0,0.0,0.6247,0.24
2713,56__1330,384,15.36,0.256609,0.216589,3.8,230.294,0,0.9366,0.0357,0.0125,0.0001,1.0,0.0,0.364,0.28
2714,56__1735,358,14.32,0.151083,0.138221,10.48,inf,0,1.0,0.0643,0.0175,0.0,0.4667,0.0,0.2543,0.24
2715,56__140,267,10.68,0.223756,0.199134,4.72,13.643,0,1.0,0.0551,0.0178,0.0,0.8767,0.0,0.2814,0.28
2716,56__501,308,12.32,0.192601,0.180412,4.88,45.667,0,1.0,0.0592,0.0154,0.0,0.78,0.0,0.1853,0.2
2717,56__303,314,12.56,0.139189,0.130942,2.24,25.462,0,1.0,0.0505,0.0208,0.0,0.3667,0.0,0.0,0.32
2718,56__577,264,10.56,0.234111,0.184544,8.92,7.397,0,1.0,0.0438,0.0126,0.0,1.0,0.0804,0.0557,0.24
2719,56__864,386,15.44,0.261259,0.225757,6.92,7.938,0,1.0,0.1273,0.0207,0.0,0.54,0.0083,0.7745,0.4
2720,56__1683,381,15.24,0.28133,0.260096,4.52,74.629,0,0.9793,0.0432,0.0165,0.0,0.8533,0.0,0.5907,0.28
2721,56__1306,331,13.24,0.341979,0.323561,11.0,inf,0,1.0,0.1526,0.0346,0.0,1.0,0.0,0.7857,0.4
2722,56__883,324,12.96,0.331647,0.206741,2.96,10.885,0,1.0,0.0891,0.0187,0.0001,1.0,0.0,0.6974,0.4
2723,56__441,350,14.0,0.253001,0.213375,8.92,8.107,0,1.0,0.0758,0.0269,0.0,1.0,0.0,0.5647,0.32
2724,56__733,407,16.28,0.168987,0.154392,15.16,inf,0,0.9436,0.0289,0.0083,0.0,0.7533,0.0,0.0,0.24
2725,56__1171,318,12.72,0.321611,0.292633,2.12,98.857,0,1.0,0.0732,0.0259,0.0,1.0,0.0,0.6072,0.4
2726,56__933,275,11.0,0.236043,0.224257,8.68,76.953,0,1.0,0.0782,0.0183,0.0,0.6067,0.0,0.4917,0.28
2727,56__1427,389,15.56,0.186718,0.155426,1.52,254.598,0,0.9839,0.0381,0.0206,0.0,0.8067,0.0,0.0,0.24
2728,56__139,363,14.52,0.308314,0.245691,13.4,7.53,0,1.0,0.0291,0.0208,0.0,0.9133,0.0627,0.7193,0.24
2729,56__1550,308,12.32,0.271977,0.246198,1.72,24.716,0,1.0,0.1114,0.0195,0.0,0.6333,0.0,0.6731,0.24
2730,56__1665,290,11.6,0.216207,0.208849,10.08,455.641,0,1.0,0.0589,0.0072,0.0,1.0,0.0,0.0,0.24
2731,56__157,344,13.76,0.214415,0.19465,1.64,126.742,0,1.0,0.0398,0.0208,0.0,0.96,0.0,0.0,0.32
2732,56__941,331,13.24,0.223353,0.203942,3.56,23.91,0,1.0,0.0496,0.0157,0.0,0.7333,0.0,0.4459,0.28
2733,56__680,286,11.44,0.311604,0.187619,10.12,8.166,0,1.0,0.05,0.0207,0.0,1.0,0.0,0.7193,0.2
2734,56__1111,330,13.2,0.203684,0.1602,0.36,inf,0,1.0,0.0748,0.0295,0.0,0.7467,0.0,0.1286,0.28
2735,56__8,135,5.4,0.181047,0.16323,3.8,79.31,0,1.0,0.0592,0.0052,0.0,0.4867,0.0,0.2505,0.2
2736,56__742,360,14.4,0.280678,0.192364,6.28,inf,0,0.9725,0.1436,0.1264,0.0,0.7333,0.0,0.7134,0.36
2737,56__1528,298,11.92,0.300049,0.247292,4.32,19.58,0,1.0,0.0888,0.0301,0.0001,1.0,0.0,0.7133,0.32
2738,56__1091,374,14.96,0.325281,0.297114,2.8,25.268,0,1.0,0.0815,0.0308,0.0,0.98,0.0,0.7033,0.44
2739,56__842,286,11.44,0.266672,0.248569,9.28,inf,0,1.0,0.056,0.0208,0.0,0.86,0.0,0.4509,0.36
2740,56__367,280,11.2,0.260215,0.214813,9.44,20.283,0,1.0,0.059,0.0131,0.0,0.9333,0.0,0.3788,0.2
2741,56__1348,372,14.88,0.281744,0.252223,13.8,13.966,0,1.0,0.0353,0.022,0.0,1.0,0.0,0.6255,0.32
2742,56__834,322,12.88,0.270859,0.218784,11.56,7.515,0,1.0,0.0701,0.0226,0.0,1.0,0.0647,0.5652,0.32
2743,56__645,287,11.48,0.173656,0.156984,3.2,inf,0,1.0,0.0618,0.0174,0.0,0.6067,0.0,0.0,0.28
2744,56__1366,456,18.24,0.197046,0.186878,14.44,186.495,0,0.8414,0.0395,0.016,0.0,1.0,0.0,0.0,0.24
2745,56__1336,409,16.36,0.299359,0.202399,2.88,inf,0,0.9239,0.0357,0.0096,0.0,0.8067,0.0,0.8071,0.32
2746,56__412,312,12.48,0.287462,0.224651,6.92,46.576,0,1.0,0.063,0.0185,0.0,1.0,0.0,0.5224,0.24
2747,56__20,234,9.36,0.173154,0.157264,9.0,inf,0,0.8782,0.0301,0.0226,0.0,0.7667,0.0,0.0,0.16
2748,56__1005,302,12.08,0.437624,0.23514,7.6,3.999,0,1.0,0.0947,0.0261,0.0001,1.0,0.5335,0.8191,0.36
2749,56__880,291,11.64,0.205485,0.185853,3.32,14.514,0,1.0,0.0479,0.0208,0.0,0.8133,0.0,0.0,0.4
2750,56__330,396,15.84,0.27611,0.249288,11.88,30.746,0,0.9729,0.0645,0.0243,0.0,0.5733,0.0,0.7271,0.36
2751,56__784,305,12.2,0.165383,0.14986,7.8,60.887,0,1.0,0.0571,0.0208,0.0,0.6067,0.0,0.0,0.24
2752,56__168,307,12.28,0.24085,0.212753,1.76,inf,0,1.0,0.1007,0.0073,0.0,1.0,0.0,0.2803,0.36
2753,56__90,337,13.48,0.31087,0.20985,0.84,218.2,0,1.0,0.0601,0.0263,0.0,1.0,0.0,0.6626,0.2
2754,56__374,280,11.2,0.362551,0.251794,9.64,6.163,0,1.0,0.054,0.0199,0.0,1.0,0.2449,0.726,0.2
2755,56__127,333,13.32,0.328481,0.286762,1.04,inf,0,1.0,0.07,0.0208,0.0,0.9933,0.0,0.7348,0.28
2756,56__1664,294,11.76,0.18848,0.158794,10.28,25.411,0,1.0,0.059,0.0107,0.0,0.42,0.0,0.3734,0.24
2757,56__206,318,12.72,0.170109,0.150842,3.96,inf,0,1.0,0.0895,0.013,0.0,0.5933,0.0,0.0,0.28
2758,56__1192,407,16.28,0.193769,0.176772,1.88,29.436,0,0.9347,0.0362,0.0129,0.0,0.8367,0.0,0.0,0.28
2759,56__969,346,13.84,0.211413,0.17745,0.0,inf,0,0.9344,0.1414,0.1458,0.0,0.94,0.0,0.0,0.24
2760,56__925,305,12.2,0.202726,0.174175,2.64,179.759,0,1.0,0.0387,0.0142,0.0,0.8867,0.0,0.0,0.24
2761,56__775,270,10.8,0.15154,0.137582,9.16,59.099,0,1.0,0.0533,0.0205,0.0,0.5067,0.0,0.0,0.24
2762,56__233,340,13.6,0.269381,0.235405,0.0,inf,0,1.0,0.0479,0.0214,0.0,0.9133,0.0,0.625,0.28
2763,56__1661,354,14.16,0.534034,0.186063,0.8,1.93,2,1.0,0.114,0.0422,0.0,1.0,0.8093,0.8679,0.2
2764,56__546,298,11.92,0.197161,0.173618,5.48,33.797,0,1.0,0.0507,0.0121,0.0,0.6467,0.0,0.2191,0.24
2765,56__939,347,13.88,0.219073,0.17993,1.68,inf,0,1.0,0.0593,0.0208,0.0,1.0,0.0,0.0,0.24
2766,56__1521,454,18.16,0.197633,0.153285,4.36,inf,0,0.8411,0.0258,0.0083,0.0001,0.6667,0.0,0.2681,0.36
2767,56__1121,421,16.84,0.19173,0.15798,14.12,36.379,0,0.9046,0.0742,0.0266,0.0001,0.6333,0.0,0.2226,0.24
2768,56__569,318,12.72,0.219961,0.203282,8.56,8.978,0,1.0,0.1149,0.0334,0.0,0.5333,0.0,0.4952,0.2
2769,56__962,303,12.12,0.301112,0.279489,9.4,41.118,0,1.0,0.07,0.015,0.0,0.8733,0.0,0.6876,0.28
2770,56__1237,400,16.0,0.205832,0.195159,3.92,84.503,0,0.9422,0.0243,0.0107,0.0,1.0,0.0,0.0,0.16
2771,56__457,370,14.8,0.256899,0.236215,2.44,21.099,0,1.0,0.0728,0.0145,0.0,0.7467,0.0,0.5936,0.4
2772,56__370,303,12.12,0.194864,0.164643,8.2,88.121,0,1.0,0.0362,0.0119,0.0,0.8433,0.0,0.0,0.28
2773,56__837,417,16.68,0.272881,0.237312,5.08,18.735,0,0.9222,0.0491,0.0288,0.0,0.9633,0.0,0.62,0.32
2774,56__1317,379,15.16,0.303926,0.28397,13.2,7.635,0,1.0,0.1029,0.0285,0.0,0.8267,0.0487,0.8214,0.32
2775,56__708,287,11.48,0.293747,0.276612,9.32,24.375,0,1.0,0.0592,0.0069,0.0,0.82,0.0,0.7188,0.28
2776,56__517,292,11.68,0.23993,0.216486,10.12,60.065,0,1.0,0.0459,0.0229,0.0,0.7467,0.0,0.4924,0.16
2777,56__911,304,12.16,0.208438,0.195225,9.48,32.78,0,1.0,0.0465,0.0131,0.0,0.9033,0.0,0.2326,0.28
2778,56__507,402,16.08,0.312023,0.214008,6.04,15.99,0,0.9446,0.0472,0.0208,0.0,1.0,0.0,0.7631,0.2
2779,56__120,308,12.32,0.206044,0.189851,3.08,10.595,0,1.0,0.0601,0.0136,0.0,0.64,0.0,0.5657,0.24
2780,56__1680,335,13.4,0.192529,0.161111,5.24,inf,0,1.0,0.0393,0.006,0.0,0.78,0.0,0.0,0.28
2781,56__161,297,11.88,0.289839,0.267954,1.04,68.033,0,1.0,0.0604,0.0208,0.0,0.7333,0.0,0.7262,0.28
2782,56__745,413,16.52,0.282904,0.17687,14.56,480.825,0,0.9104,0.0477,0.0199,0.0,0.9033,0.0,0.6991,0.28
2783,56__928,296,11.84,0.183078,0.154557,1.28,24.431,0,1.0,0.0939,0.012,0.0,0.76,0.0,0.0,0.2
2784,56__442,426,17.04,0.201286,0.190687,2.16,98.133,0,0.8975,0.0315,0.0091,0.0,0.9767,0.0,0.0,0.32
2785,56__1387,341,13.64,0.214388,0.180914,3.2,inf,0,1.0,0.0289,0.0217,0.0,1.0,0.0,0.0,0.32
2786,56__1503,247,9.88,0.253177,0.195553,8.12,7.468,0,1.0,0.1648,0.0397,0.0,0.47,0.0709,0.6062,0.4
2787,56__1378,438,17.52,0.283889,0.256556,15.4,20.144,0,0.8868,0.0461,0.0208,0.0,1.0,0.0,0.5714,0.28
2788,56__1720,425,17.0,0.297454,0.280943,14.64,40.311,0,0.8879,0.0343,0.0117,0.0,0.9633,0.0,0.7397,0.28
2789,56__1051,388,15.52,0.323821,0.287009,13.56,7.683,0,1.0,0.1379,0.0233,0.0,0.8867,0.0422,0.7774,0.52
2790,56__1194,301,12.04,0.181511,0.127843,12.0,inf,0,1.0,0.086,0.0212,0.0,0.72,0.0,0.0,0.4
2791,56__854,408,16.32,0.281643,0.254642,1.52,83.083,0,0.93,0.09,0.0318,0.0,0.64,0.0,0.7084,0.4
2792,56__934,385,15.4,0.261422,0.183532,10.24,inf,0,0.8925,0.1343,0.1458,0.0,0.7933,0.0,0.7795,0.28
2793,56__312,329,13.16,0.285833,0.26309,8.72,12.702,0,1.0,0.203,0.0366,0.0,0.5067,0.0,0.8095,0.44
2794,56__351,317,12.68,0.199357,0.175213,4.68,545.05,0,1.0,0.0386,0.0069,0.0,0.8733,0.0,0.0,0.28
2795,56__627,299,11.96,0.318551,0.295414,8.24,8.349,0,1.0,0.1217,0.0143,0.0,1.0,0.0,0.6834,0.32
2796,56__722,329,13.16,0.209201,0.188211,10.16,71.143,0,1.0,0.0431,0.0193,0.0,0.8867,0.0,0.1348,0.24
2797,56__734,317,12.68,0.220962,0.194262,6.12,85.259,0,1.0,0.0485,0.0295,0.0,0.8733,0.0,0.2141,0.24
2798,56__1011,283,11.32,0.217166,0.179675,9.52,14.453,0,1.0,0.0534,0.0112,0.0,0.8467,0.0,0.1721,0.28
2799,56__189,324,12.96,0.205424,0.187496,11.2,133.405,0,1.0,0.0186,0.0208,0.0,0.82,0.0,0.2198,0.24
2800,56__1176,324,12.96,0.300291,0.264566,0.52,31.66,0,1.0,0.1417,0.0356,0.0,0.8067,0.0,0.7514,0.4
2801,56__453,311,12.44,0.273562,0.244915,7.96,19.158,0,1.0,0.043,0.0214,0.0,0.6,0.0,0.644,0.36
2802,56__557,302,12.08,0.205795,0.184268,6.96,30.311,0,1.0,0.1173,0.0278,0.0,0.8033,0.0,0.0,0.32
2803,56__505,419,16.76,0.198588,0.157368,9.2,82.148,0,0.9064,0.0275,0.0208,0.0,0.9667,0.0,0.0,0.2
2804,56__1025,326,13.04,0.164406,0.136546,0.0,121.203,0,1.0,0.0451,0.0105,0.0,0.6867,0.0,0.0,0.24
2805,56__1748,406,16.24,0.292355,0.271577,7.04,20.796,0,0.9357,0.0364,0.0116,0.0,0.6333,0.0,0.8431,0.36
2806,56__1239,261,10.44,0.210224,0.190787,7.84,11.58,0,1.0,0.0426,0.0065,0.0,0.9933,0.0,0.0,0.24
2807,56__1173,373,14.92,0.257057,0.221044,7.0,40.917,0,1.0,0.0499,0.0198,0.0,1.0,0.0,0.2955,0.28
2808,56__874,448,17.92,0.313358,0.207803,5.08,inf,0,0.8396,0.0277,0.0128,0.0,1.0,0.0,0.7438,0.36
2809,56__629,265,10.6,0.214085,0.197754,2.92,25.819,0,1.0,0.06,0.0244,0.0,0.7267,0.0,0.3705,0.24
2810,56__1460,308,12.32,0.358086,0.23503,9.88,3.922,0,1.0,0.0714,0.0205,0.0,1.0,0.5437,0.6519,0.28
2811,56__29,409,16.36,0.290297,0.187868,14.12,inf,0,0.925,0.0258,0.0195,0.0,0.82,0.0,0.7859,0.4
2812,56__471,339,13.56,0.222108,0.200212,5.16,43.025,0,1.0,0.0586,0.0229,0.0,1.0,0.0,0.0,0.32
2813,56__428,293,11.72,0.289586,0.256444,4.0,59.167,0,1.0,0.0758,0.0195,0.0,0.93,0.0,0.5597,0.36
2814,56__445,407,16.28,0.300954,0.242592,7.2,25.587,0,0.9314,0.0395,0.0126,0.0,1.0,0.0,0.7795,0.36
2815,56__1496,294,11.76,0.287319,0.223991,9.88,7.372,0,1.0,0.1357,0.0236,0.0,0.6467,0.0837,0.6945,0.44
2816,56__451,420,16.8,0.236893,0.190617,2.76,78.526,0,0.9154,0.0303,0.0088,0.0,0.9833,0.0,0.2202,0.4
2817,56__1783,336,13.44,0.172486,0.15094,3.08,inf,0,1.0,0.05,0.0203,0.0,0.68,0.0,0.0,0.24
2818,56__1710,304,12.16,0.164223,0.148127,10.52,inf,0,1.0,0.0461,0.0102,0.0,0.6,0.0,0.0,0.28
2819,56__1167,370,14.8,0.208092,0.188046,13.0,22.81,0,1.0,0.0461,0.0133,0.0,0.9333,0.0,0.0,0.36
2820,56__1318,328,13.12,0.326816,0.276192,10.92,9.193,0,1.0,0.1043,0.03,0.0001,1.0,0.0,0.9143,0.36
2821,56__346,260,10.4,0.292538,0.183181,8.76,6.179,0,1.0,0.1247,0.0127,0.0,0.4967,0.2428,0.514,0.32
2822,56__657,319,12.76,0.176445,0.164603,5.76,inf,0,1.0,0.0562,0.0113,0.0,0.7067,0.0,0.0764,0.2
2823,56__1215,450,18.0,0.264174,0.231915,15.48,15.457,0,0.8454,0.1189,0.0418,0.0001,1.0,0.0,0.4583,0.16
2824,56__1388,328,13.12,0.195631,0.175434,2.68,inf,0,1.0,0.0372,0.0087,0.0,0.86,0.0,0.0033,0.24
2825,56__390,294,11.76,0.310836,0.242833,9.12,18.727,0,1.0,0.0574,0.0119,0.0,1.0,0.0,0.6553,0.24
2826,56__1342,348,13.92,0.30968,0.294054,9.8,18.025,0,1.0,0.0672,0.0336,0.0,0.8,0.0,0.8352,0.32
2827,56__295,293,11.72,0.150637,0.130124,10.36,30.926,0,1.0,0.0667,0.0208,0.0,0.4333,0.0,0.0797,0.2
2828,56__1595,411,16.44,0.292522,0.233097,4.64,170.706,0,0.9175,0.04,0.0174,0.0,0.91,0.0,0.7631,0.28
2829,56__1422,450,18.0,0.199867,0.187107,12.84,94.327,0,0.8325,0.0286,0.0101,0.0,0.87,0.0,0.1567,0.24
2830,56__373,316,12.64,0.23379,0.183084,3.48,208.208,0,1.0,0.0632,0.0173,0.0,0.98,0.0,0.1772,0.2
2831,56__69,324,12.96,0.303547,0.264972,8.52,48.703,0,1.0,0.0743,0.0153,0.0,1.0,0.0,0.731,0.24
2832,56__382,276,11.04,0.168156,0.153542,7.0,1169.48,0,1.0,0.0514,0.0208,0.0,0.6333,0.0,0.0,0.2
2833,56__798,315,12.6,0.317171,0.168159,11.48,13.776,0,1.0,0.0414,0.0127,0.0,1.0,0.0,0.7519,0.24
2834,56__1243,381,15.24,0.191271,0.155829,13.56,344.408,0,1.0,0.0545,0.0209,0.0,0.8267,0.0,0.0,0.2
2835,56__432,413,16.52,0.128098,0.111842,5.32,49.068,0,0.9068,0.0643,0.0204,0.0,0.32,0.0,0.0,0.24
2836,56__821,317,12.68,0.273133,0.236779,4.4,14.861,0,1.0,0.0852,0.0208,0.0,1.0,0.0,0.5681,0.32
2837,56__1127,345,13.8,0.194854,0.17052,2.28,19.435,0,1.0,0.0887,0.0286,0.0,0.86,0.0,0.0,0.24
2838,56__12,142,5.68,0.21181,0.196421,2.16,inf,0,0.8069,0.0415,0.017,0.0001,1.0,0.0,0.1802,0.16
2839,56__1151,332,13.28,0.274417,0.192575,9.28,inf,0,1.0,0.0471,0.011,0.0,0.6467,0.0,0.7472,0.32
2840,56__226,428,17.12,0.18077,0.167597,10.6,inf,0,0.8814,0.0245,0.0082,0.0,0.8267,0.0,0.0,0.28
2841,56__1727,301,12.04,0.28986,0.25995,5.68,10.715,0,1.0,0.1175,0.0208,0.0,0.8833,0.0,0.5767,0.4
2842,56__1280,432,17.28,0.233303,0.217748,14.2,61.658,0,0.8814,0.0348,0.0119,0.0,1.0,0.0,0.259,0.28
2843,56__1547,414,16.56,0.250552,0.22343,3.32,inf,0,0.9257,0.0543,0.0236,0.0,1.0,0.0,0.3107,0.24
2844,56__201,308,12.32,0.191223,0.172249,1.12,23.837,0,1.0,0.0378,0.0208,0.0,0.8733,0.0,0.0,0.24
2845,56__1238,396,15.84,0.244158,0.212849,13.08,28.338,0,0.9639,0.0418,0.0121,0.0,1.0,0.0,0.2878,0.2
2846,56__333,328,13.12,0.216165,0.167968,12.04,65.44,0,1.0,0.085,0.0204,0.0,1.0,0.0,0.0305,0.28
2847,56__40,408,16.32,0.180875,0.145446,1.96,69.071,0,0.9522,0.0491,0.0122,0.0,0.6333,0.0,0.1855,0.32
2848,56__1410,354,14.16,0.282189,0.211407,9.0,8.775,0,1.0,0.0776,0.0282,0.0001,1.0,0.0,0.5617,0.24
2849,56__1120,430,17.2,0.264183,0.242248,2.44,33.653,0,0.8954,0.0514,0.0208,0.0,0.7633,0.0,0.671,0.32
2850,56__763,303,12.12,0.189831,0.174118,5.72,inf,0,1.0,0.0459,0.0122,0.0,0.8167,0.0,0.0,0.16
2851,56__917,282,11.28,0.194512,0.181496,3.64,20.153,0,1.0,0.0629,0.015,0.0,0.8333,0.0,0.0,0.24
2852,56__301,407,16.28,0.216885,0.202413,8.88,925.214,0,0.9296,0.0432,0.0194,0.0,1.0,0.0,0.0,0.4
2853,56__1599,345,13.8,0.187009,0.17038,6.24,16.547,0,1.0,0.0263,0.0208,0.0,0.7733,0.0,0.0,0.28
2854,56__824,394,15.76,0.289499,0.250232,13.8,30.444,0,0.9643,0.0332,0.0104,0.0,0.92,0.0,0.6057,0.4
2855,56__940,435,17.4,0.190594,0.164648,1.56,inf,0,0.8754,0.0258,0.0088,0.0,0.9,0.0,0.0,0.24
2856,56__792,312,12.48,0.493458,0.295761,11.8,3.739,0,1.0,0.0934,0.0168,0.0,1.0,0.5682,0.8872,0.32
2857,56__687,264,10.56,0.282207,0.20279,9.04,7.086,0,1.0,0.06,0.0143,0.0,0.8467,0.1219,0.4103,0.2
2858,56__1272,320,12.8,0.231856,0.194035,10.32,11.509,0,1.0,0.1325,0.0266,0.0,0.6133,0.0,0.4343,0.12
2859,56__1613,279,11.16,0.384981,0.209214,7.36,3.259,0,1.0,0.039,0.0163,0.0,1.0,0.6322,0.4698,0.28
2860,56__30,285,11.4,0.321805,0.177664,0.0,inf,0,1.0,0.0929,0.0272,0.0001,1.0,0.0,0.85,0.32
2861,56__588,439,17.56,0.278127,0.236936,6.36,8.095,0,0.8693,0.0805,0.0299,0.0,0.56,0.0,0.8672,0.32
2862,56__1320,285,11.4,0.253564,0.231524,1.36,18.558,0,1.0,0.1314,0.0293,0.0,0.4367,0.0,0.7203,0.32
2863,56__421,434,17.36,0.216979,0.189489,2.0,inf,0,0.8872,0.036,0.0111,0.0,1.0,0.0,0.1698,0.28
2864,56__1687,273,10.92,0.303875,0.239299,5.04,6.302,0,1.0,0.2187,0.0679,0.0,0.88,0.2264,0.5719,0.28
2865,56__1193,337,13.48,0.296606,0.274752,12.08,22.297,0,1.0,0.0642,0.0157,0.0,0.82,0.0,0.715,0.28
2866,56__1304,329,13.16,0.324539,0.293117,2.48,inf,0,1.0,0.0933,0.0208,0.0,1.0,0.0,0.7443,0.4
2867,56__1579,404,16.16,0.206259,0.193456,0.24,2857.0,0,0.9311,0.0256,0.0194,0.0,1.0,0.0,0.0,0.2
2868,56__717,306,12.24,0.239647,0.199606,10.72,11.335,0,1.0,0.1289,0.0351,0.0,0.7233,0.0,0.5467,0.2
2869,56__622,287,11.48,0.196405,0.188443,4.0,inf,0,1.0,0.0901,0.0376,0.0,0.8433,0.0,0.0419,0.24
2870,56__125,371,14.84,0.183651,0.16695,2.0,59.186,0,1.0,0.0557,0.0118,0.0,0.3733,0.0,0.3507,0.24
2871,56__318,426,17.04,0.151455,0.132415,14.48,inf,0,0.8911,0.0205,0.0061,0.0,0.5533,0.0,0.0,0.28
2872,56__9,136,5.44,0.192198,0.178832,4.48,42.077,0,1.0,0.0454,0.0099,0.0,0.8467,0.0,0.0,0.16
2873,56__1562,376,15.04,0.208791,0.168495,8.24,29.009,0,1.0,0.062,0.0174,0.0,1.0,0.0,0.0,0.24
2874,56__1753,311,12.44,0.236118,0.211192,1.36,inf,0,1.0,0.0772,0.027,0.0,0.94,0.0,0.3524,0.32
2875,56__96,293,11.72,0.28622,0.23923,8.08,27.625,0,1.0,0.088,0.0296,0.0003,1.0,0.0,0.7326,0.24
2876,56__909,371,14.84,0.299741,0.268273,11.16,7.69,0,1.0,0.0869,0.0282,0.0,0.9933,0.0413,0.7217,0.28
2877,56__297,396,15.84,0.208133,0.182737,3.4,61.967,0,0.9511,0.0271,0.0127,0.0,0.9633,0.0,0.0,0.36
2878,56__1649,371,14.84,0.290257,0.257667,2.16,54.692,0,1.0,0.0543,0.0239,0.0,0.7333,0.0,0.6767,0.28
2879,56__642,324,12.96,0.219755,0.208984,6.76,inf,0,1.0,0.0529,0.0099,0.0,1.0,0.0,0.0612,0.24
2880,56__376,299,11.96,0.268033,0.193692,2.32,54.181,0,1.0,0.0487,0.0092,0.0,1.0,0.0,0.4107,0.16
2881,56__945,292,11.68,0.28175,0.247191,9.56,43.307,0,1.0,0.0334,0.011,0.0,0.94,0.0,0.5009,0.24
2882,56__404,429,17.16,0.181724,0.165865,15.52,inf,0,0.8868,0.0247,0.0053,0.0,0.7667,0.0,0.0,0.28
2883,56__1230,307,12.28,0.189346,0.171868,10.6,29.787,0,1.0,0.0618,0.0116,0.0,0.76,0.0,0.2017,0.24
2884,56__1228,358,14.32,0.178021,0.139647,13.48,25.247,0,1.0,0.0374,0.0162,0.0,0.76,0.0,0.0,0.2
2885,56__1115,291,11.64,0.220975,0.168601,1.52,129.676,0,1.0,0.0447,0.0097,0.0,1.0,0.0,0.0,0.32
2886,56__195,330,13.2,0.217221,0.193831,12.84,inf,0,1.0,0.0493,0.0138,0.0,1.0,0.0,0.0,0.32
2887,56__1694,402,16.08,0.218898,0.196492,12.48,30.143,0,0.9376,0.0281,0.0125,0.0,1.0,0.0,0.1483,0.28
2888,56__972,434,17.36,0.186919,0.160862,1.28,inf,0,0.915,0.0743,0.0189,0.0,0.7133,0.0,0.1953,0.36
2889,56__21,281,11.24,0.211901,0.198452,2.0,112.344,0,1.0,0.0322,0.0086,0.0,1.0,0.0,0.0,0.28
2890,56__772,440,17.6,0.28321,0.255267,2.2,20.442,0,0.9168,0.0815,0.012,0.0,0.97,0.0,0.5678,0.28
2891,56__1383,440,17.6,0.260806,0.241627,14.48,72.273,0,0.8507,0.0343,0.0166,0.0,1.0,0.0,0.3848,0.28
2892,56__1590,282,11.28,0.219425,0.179701,7.76,inf,0,1.0,0.0635,0.0225,0.0,1.0,0.0,0.0,0.24
2893,56__197,296,11.84,0.211118,0.153579,11.48,inf,0,1.0,0.042,0.0104,0.0,1.0,0.0,0.0,0.32
2894,56__1231,315,12.6,0.382256,0.208626,10.36,4.948,0,1.0,0.0858,0.0203,0.0,1.0,0.4069,0.5928,0.2
2895,56__1078,365,14.6,0.351773,0.307352,2.76,inf,0,1.0,0.0801,0.0284,0.0,1.0,0.0,0.8391,0.36
2896,56__1126,291,11.64,0.193768,0.1452,10.68,21.953,0,1.0,0.0648,0.0128,0.0,0.8067,0.0,0.0,0.24
2897,56__1042,469,18.76,0.245972,0.219714,8.76,39.6,0,0.8354,0.0477,0.0127,0.0,0.7133,0.0,0.5764,0.32
2898,56__702,347,13.88,0.257869,0.241556,4.08,20.955,0,1.0,0.0617,0.0108,0.0,0.78,0.0,0.5752,0.32
2899,56__1310,433,17.32,0.142135,0.130677,10.96,inf,0,0.8882,0.0336,0.0087,0.0,0.4933,0.0,0.0,0.32
2900,56__406,310,12.4,0.204006,0.172215,10.96,51.762,0,1.0,0.0669,0.0196,0.0,0.97,0.0,0.0,0.16
2901,56__1099,473,18.92,0.27353,0.242604,16.84,16.488,0,0.7879,0.0929,0.0243,0.0,0.8867,0.0,0.6138,0.36
2902,56__1009,426,17.04,0.322007,0.207186,13.72,inf,0,0.8832,0.0645,0.0304,0.0001,1.0,0.0,0.8631,0.28
2903,56__212,337,13.48,0.268453,0.239033,4.84,61.2,0,1.0,0.0375,0.0077,0.0,0.84,0.0,0.5278,0.24
2904,56__1303,280,11.2,0.257521,0.231915,3.72,20.947,0,1.0,0.1129,0.0245,0.0,0.5567,0.0,0.6448,0.32
2905,56__363,450,18.0,0.207135,0.193527,14.52,76.636,0,0.8511,0.0298,0.0101,0.0,1.0,0.0,0.0698,0.24
2906,56__1644,410,16.4,0.290666,0.261143,10.48,9.073,0,0.9021,0.043,0.0099,0.0,1.0,0.0,0.8319,0.28
2907,56__1268,436,17.44,0.199795,0.193834,6.16,311.231,0,0.8768,0.0205,0.0046,0.0,1.0,0.0,0.0,0.16
2908,56__237,319,12.76,0.246156,0.230674,1.16,47.833,0,1.0,0.0203,0.0076,0.0,0.7467,0.0,0.5422,0.2
2909,56__1089,487,19.48,0.269041,0.241737,4.72,68.898,0,0.7929,0.0945,0.0345,0.0,1.0,0.0,0.5498,0.4
2910,56__462,373,14.92,0.33532,0.220166,7.32,16.435,0,1.0,0.0956,0.0183,0.0001,1.0,0.0,0.7164,0.44
2911,56__414,288,11.52,0.204551,0.175937,10.28,303.429,0,1.0,0.0532,0.0098,0.0,0.8333,0.0,0.0,0.32
2912,56__866,368,14.72,0.314711,0.28772,1.68,inf,0,1.0,0.1166,0.0541,0.0002,0.86,0.0,0.949,0.32
2913,56__1035,312,12.48,0.243673,0.200649,9.56,282.083,0,1.0,0.0801,0.014,0.0,0.6733,0.0,0.454,0.4
2914,56__57,298,11.92,0.200521,0.12495,0.0,inf,0,1.0,0.0301,0.0096,0.0,0.9567,0.0,0.0,0.32
2915,56__591,334,13.36,0.251801,0.232492,3.2,21.492,0,1.0,0.1186,0.042,0.0,0.78,0.0,0.4805,0.24
2916,56__1319,307,12.28,0.223485,0.201352,10.92,34.981,0,1.0,0.1555,0.0318,0.0,1.0,0.0,0.0,0.36
2917,56__1181,328,13.12,0.226251,0.190296,2.24,11.465,0,1.0,0.0409,0.0062,0.0,1.0,0.0,0.4326,0.24
2918,56__1534,320,12.8,0.199306,0.179931,10.56,205.807,0,1.0,0.0429,0.0152,0.0,0.8467,0.0,0.0,0.28
2919,56__193,287,11.48,0.215392,0.205296,2.72,22.23,0,1.0,0.0307,0.0051,0.0,1.0,0.0,0.0,0.2
2920,56__844,367,14.68,0.291926,0.238658,0.0,inf,0,0.9464,0.1414,0.1268,0.0,0.8467,0.0,0.5729,0.36
2921,56__55,436,17.44,0.29718,0.25539,2.56,24.85,0,0.864,0.0423,0.0208,0.0001,1.0,0.0,0.7416,0.28
2922,56__1131,290,11.6,0.217807,0.17087,2.52,8.291,0,1.0,0.0677,0.0137,0.0,1.0,0.0,0.0,0.2
2923,56__94,291,11.64,0.238141,0.185568,10.44,9.007,0,1.0,0.1075,0.0419,0.0,0.5733,0.0,0.5684,0.2
2924,56__877,370,14.8,0.383501,0.267979,13.88,6.628,0,1.0,0.0603,0.0214,0.0,1.0,0.1829,0.8314,0.36
2925,56__1700,300,12.0,0.264526,0.246509,4.72,40.87,0,1.0,0.0758,0.0149,0.0,0.6967,0.0,0.5759,0.32
2926,56__686,262,10.48,0.206741,0.183974,2.12,inf,0,1.0,0.0818,0.0189,0.0,0.9033,0.0,0.0,0.2
2927,56__429,254,10.16,0.211448,0.194539,7.36,21.509,0,1.0,0.0631,0.0127,0.0,0.9267,0.0,0.0,0.32
2928,56__486,303,12.12,0.287325,0.22692,9.88,7.741,0,1.0,0.1011,0.0243,0.0002,1.0,0.0346,0.5172,0.24
2929,56__623,462,18.48,0.219395,0.197211,11.12,inf,0,0.8482,0.0548,0.0182,0.0001,0.8167,0.0,0.4238,0.24
2930,56__528,313,12.52,0.162769,0.152068,6.16,254.444,0,1.0,0.0473,0.0101,0.0,0.64,0.0,0.0,0.16
2931,56__319,384,15.36,0.289373,0.249222,4.76,23.607,0,1.0,0.101,0.0285,0.0,1.0,0.0,0.524,0.32
2932,56__1699,295,11.8,0.223145,0.177591,4.16,10.759,0,1.0,0.0741,0.0293,0.0001,1.0,0.0,0.0376,0.32
2933,56__886,302,12.08,0.215398,0.203602,2.16,27.62,0,1.0,0.023,0.008,0.0,1.0,0.0,0.0,0.28
2934,56__11,150,6.0,0.170016,0.155572,5.36,inf,0,0.8868,0.0502,0.0211,0.0,0.7333,0.0,0.0,0.2
2935,56__778,321,12.84,0.306341,0.205222,3.68,inf,0,1.0,0.0315,0.0112,0.0,0.9867,0.0,0.7407,0.28
2936,56__1343,348,13.92,0.212563,0.194354,3.96,31.012,0,1.0,0.0351,0.0167,0.0,0.24,0.0,0.6148,0.28
2937,56__872,397,15.88,0.290469,0.263337,6.32,20.361,0,0.9701,0.0611,0.021,0.0,0.8067,0.0,0.6931,0.28
2938,56__943,264,10.56,0.18568,0.159709,0.96,28.837,0,1.0,0.0649,0.0178,0.0,0.8533,0.0,0.0,0.24
2939,56__899,456,18.24,0.196681,0.187748,16.32,514.868,0,0.8321,0.0371,0.0161,0.0,1.0,0.0,0.0,0.28
2940,56__350,406,16.24,0.289499,0.227496,2.52,7.136,0,0.9229,0.0422,0.0087,0.0,1.0,0.1152,0.7422,0.24
2941,56__659,344,13.76,0.461375,0.276689,11.32,3.204,0,1.0,0.0998,0.0271,0.0001,1.0,0.6395,0.7936,0.24
2942,56__1227,315,12.6,0.195201,0.171722,11.56,inf,0,1.0,0.0454,0.007,0.0,0.8733,0.0,0.1578,0.2
2943,56__34,286,11.44,0.328727,0.266043,5.28,34.855,0,1.0,0.1229,0.0362,0.0,1.0,0.0,0.6712,0.4
2944,56__425,299,11.96,0.191568,0.176817,11.28,54.591,0,1.0,0.0505,0.0133,0.0,0.7833,0.0,0.0,0.28
2945,56__619,400,16.0,0.267962,0.234483,14.96,18.713,0,0.9497,0.0266,0.0098,0.0,0.7733,0.0,0.7014,0.24
2946,56__239,329,13.16,0.267492,0.244018,2.4,33.911,0,1.0,0.1261,0.0396,0.0,0.9,0.0,0.4117,0.32
2947,56__1408,312,12.48,0.176723,0.1642,1.4,42.472,0,1.0,0.0444,0.0087,0.0,0.68,0.0,0.0584,0.24
2948,56__779,304,12.16,0.315877,0.272337,5.44,inf,0,1.0,0.0657,0.0135,0.0,1.0,0.0,0.6512,0.28
2949,56__1589,401,16.04,0.245854,0.188652,0.0,inf,0,0.95,0.0245,0.007,0.0,0.8333,0.0,0.5112,0.24
2950,56__37,418,16.72,0.230991,0.199688,14.12,25.378,0,0.9257,0.0386,0.0113,0.0,0.9033,0.0,0.2817,0.28
2951,56__335,347,13.88,0.297977,0.228553,10.68,8.064,0,1.0,0.0546,0.0111,0.0,1.0,0.0,0.6248,0.44
2952,56__334,295,11.8,0.216772,0.156089,10.92,inf,0,1.0,0.1092,0.0368,0.0,1.0,0.0,0.0,0.44
2953,56__758,299,11.96,0.198007,0.155549,1.96,177.121,0,1.0,0.0548,0.008,0.0,0.8667,0.0,0.0,0.2
2954,56__1158,352,14.08,0.205976,0.182634,2.12,inf,0,1.0,0.0658,0.0208,0.0,0.9133,0.0,0.0,0.32
2955,56__1134,289,11.56,0.293525,0.213989,8.04,14.7,0,1.0,0.1068,0.0296,0.0001,1.0,0.0,0.5293,0.12
2956,56__338,433,17.32,0.202109,0.193035,2.8,inf,0,0.8268,0.0398,0.0208,0.0,1.0,0.0,0.0,0.36
2957,56__1778,332,13.28,0.269625,0.190597,2.0,inf,0,1.0,0.0489,0.0162,0.0,0.9067,0.0,0.6434,0.32
2958,56__1289,360,14.4,0.247797,0.176485,3.72,inf,0,1.0,0.036,0.0184,0.0,0.8133,0.0,0.5491,0.28
2959,56__269,305,12.2,0.221724,0.18837,1.92,inf,0,1.0,0.0524,0.0206,0.0,1.0,0.0,0.0,0.32
2960,56__1781,356,14.24,0.232015,0.221124,12.56,33.349,0,0.8379,0.0199,0.005,0.0,1.0,0.0,0.3155,0.24
2961,56__900,273,10.92,0.234929,0.210993,9.48,10.628,0,1.0,0.0527,0.0237,0.0,1.0,0.0,0.1402,0.24
2962,56__121,379,15.16,0.234812,0.197413,0.64,inf,0,1.0,0.0461,0.0061,0.0,1.0,0.0,0.2014,0.2
2963,56__1295,301,12.04,0.282221,0.258684,4.64,17.605,0,1.0,0.052,0.0172,0.0,0.56,0.0,0.804,0.28
2964,56__1412,291,11.64,0.201361,0.170606,11.6,34.482,0,1.0,0.0371,0.0073,0.0,0.93,0.0,0.0,0.32
2965,56__1145,400,16.0,0.205071,0.183687,0.88,inf,0,0.9471,0.0287,0.0069,0.0,1.0,0.0,0.0,0.2
2966,56__235,402,16.08,0.167155,0.127572,11.2,inf,0,0.9629,0.038,0.0086,0.0,0.4067,0.0,0.2298,0.32
2967,56__426,293,11.72,0.250928,0.229207,10.84,18.254,0,1.0,0.0774,0.0225,0.0,0.4033,0.0,0.7262,0.36
2968,56__1575,338,13.52,0.295798,0.210863,0.64,inf,0,1.0,0.0729,0.0375,0.0,0.9,0.0,0.6953,0.2
2969,56__770,433,17.32,0.290372,0.274079,13.36,135.2,0,0.8632,0.0287,0.0171,0.0,1.0,0.0,0.6053,0.28
2970,56__1364,452,18.08,0.174499,0.121566,17.32,inf,0,0.8596,0.038,0.0083,0.0001,0.8,0.0,0.0,0.24
2971,56__990,281,11.24,0.235314,0.188454,9.8,20.47,0,1.0,0.0714,0.0124,0.0,1.0,0.0,0.3248,0.28
2972,56__285,334,13.36,0.222202,0.208631,7.4,52.167,0,1.0,0.05,0.0201,0.0,0.5,0.0,0.469,0.28
2973,56__1185,306,12.24,0.155759,0.141571,0.32,413.375,0,1.0,0.063,0.0174,0.0,0.5333,0.0,0.0,0.32
2974,56__172,376,15.04,0.299221,0.264083,8.52,18.804,0,1.0,0.0643,0.023,0.0,0.72,0.0,0.7538,0.36
2975,56__1206,281,11.24,0.292133,0.264626,8.92,13.584,0,1.0,0.0734,0.0208,0.0,0.85,0.0,0.7034,0.36
2976,56__1207,301,12.04,0.192668,0.176088,4.56,244.883,0,1.0,0.0398,0.0112,0.0,0.7667,0.0,0.0,0.32
2977,56__299,337,13.48,0.254324,0.18047,6.04,inf,0,1.0,0.0407,0.0061,0.0,0.7933,0.0,0.6112,0.2
2978,56__822,402,16.08,0.278813,0.25577,6.4,34.114,0,0.9639,0.052,0.0162,0.0,0.62,0.0,0.7852,0.36
2979,56__1112,378,15.12,0.262236,0.201313,11.2,15.29,0,1.0,0.1852,0.0464,0.0001,0.92,0.0,0.396,0.28
2980,56__549,387,15.48,0.302273,0.237036,8.12,12.709,0,0.9786,0.0315,0.0133,0.0,0.86,0.0,0.761,0.32
2981,56__1489,311,12.44,0.211415,0.165004,6.88,211.649,0,1.0,0.0457,0.0092,0.0,1.0,0.0,0.0,0.2
2982,56__769,408,16.32,0.187729,0.160546,16.28,39.204,0,0.9375,0.0263,0.0068,0.0,0.9,0.0,0.0,0.16
2983,56__713,319,12.76,0.297831,0.275804,4.44,20.16,0,1.0,0.1486,0.0242,0.0,0.59,0.0,0.8326,0.24
2984,56__292,285,11.4,0.215182,0.202853,4.36,inf,0,1.0,0.0675,0.0211,0.0,0.9867,0.0,0.0,0.36
2985,56__950,287,11.48,0.210725,0.169797,10.64,inf,0,1.0,0.0493,0.0132,0.0,1.0,0.0,0.0,0.24
2986,56__1656,275,11.0,0.17579,0.152565,10.4,72.136,0,1.0,0.0459,0.0208,0.0,0.6633,0.0,0.0,0.32
2987,56__664,327,13.08,0.16342,0.147934,1.44,133.58,0,1.0,0.0558,0.0072,0.0,0.6533,0.0,0.0,0.12
2988,56__696,285,11.4,0.208945,0.167534,9.4,inf,0,1.0,0.039,0.011,0.0,1.0,0.0,0.0,0.28
2989,56__274,247,9.88,0.21882,0.184423,5.64,16.536,0,1.0,0.0919,0.0206,0.0,1.0,0.0,0.0,0.24
2990,56__535,424,16.96,0.317555,0.229105,11.2,208.82,0,0.8864,0.0258,0.0206,0.0,1.0,0.0,0.8686,0.28
2991,56__1651,421,16.84,0.207389,0.181465,2.68,102.579,0,0.9,0.0373,0.0078,0.0,0.6,0.0,0.3719,0.2
2992,56__231,316,12.64,0.189154,0.170366,10.52,41.365,0,1.0,0.0348,0.0066,0.0,0.7667,0.0,0.0,0.28
2993,56__1483,310,12.4,0.356119,0.229596,11.36,4.795,0,1.0,0.1419,0.0344,0.0001,0.8667,0.4273,0.6253,0.32
2994,56__85,398,15.92,0.232035,0.203515,13.96,25.87,0,0.9346,0.038,0.0117,0.0001,0.9367,0.0,0.3172,0.28
2995,56__1504,326,13.04,0.243263,0.198205,1.2,449.0,0,1.0,0.1029,0.0236,0.0,0.9,0.0,0.4959,0.36
2996,56__500,270,10.8,0.282973,0.236081,0.56,inf,0,1.0,0.042,0.0175,0.0,1.0,0.0,0.4769,0.24
2997,56__1019,294,11.76,0.197517,0.180456,10.52,inf,0,1.0,0.0387,0.0234,0.0,0.8867,0.0,0.0,0.24
2998,56__1124,399,15.96,0.193932,0.169062,1.4,328.085,0,0.9475,0.0343,0.0146,0.0,0.8333,0.0,0.0,0.32
2999,56__1003,303,12.12,0.242574,0.217812,8.48,105.488,0,1.0,0.0858,0.0338,0.0,0.8267,0.0,0.3872,0.4
3000,56__975,425,17.0,0.198571,0.175782,4.64,106.692,0,0.8518,0.0729,0.0263,0.0,0.5333,0.0,0.3372,0.4
3001,56__738,433,17.32,0.20672,0.163082,0.48,inf,0,0.8847,0.0271,0.0124,0.0,0.6333,0.0,0.4126,0.36
3002,56__841,402,16.08,0.315563,0.263506,5.28,27.397,0,0.9557,0.0675,0.0194,0.0,0.9667,0.0,0.755,0.4
3003,56__260,320,12.8,0.204933,0.178658,10.96,28.06,0,1.0,0.0748,0.0204,0.0,0.8867,0.0,0.0,0.28
3004,56__895,260,10.4,0.197215,0.161585,1.68,37.612,0,1.0,0.1086,0.0171,0.0,0.7033,0.0,0.1786,0.32
3005,56__1250,355,14.2,0.257743,0.175074,4.16,inf,0,1.0,0.0488,0.0167,0.0,0.5533,0.0,0.6747,0.2
3006,56__1369,267,10.68,0.20154,0.17994,10.64,99.881,0,1.0,0.0529,0.01,0.0,0.9433,0.0,0.0,0.24
3007,56__114,330,13.2,0.18625,0.170154,3.96,11.719,0,1.0,0.0616,0.0195,0.0,0.7133,0.0,0.0,0.24
3008,56__1581,408,16.32,0.254129,0.219612,1.64,74.682,0,0.9336,0.0445,0.0208,0.0,0.8033,0.0,0.486,0.2
3009,56__1255,294,11.76,0.202251,0.190144,1.92,53.375,0,1.0,0.0202,0.0208,0.0,0.9467,0.0,0.0,0.16
3010,56__181,292,11.68,0.172731,0.154583,3.84,41.691,0,1.0,0.1115,0.0362,0.0,0.5933,0.0,0.0,0.36
3011,56__762,408,16.32,0.272468,0.244983,0.04,46.615,0,0.8321,0.1357,0.125,0.0,0.8333,0.0,0.6552,0.2
3012,56__641,268,10.72,0.196482,0.131264,0.0,19.29,0,1.0,0.0357,0.007,0.0,0.9067,0.0,0.0,0.12
3013,56__50,303,12.12,0.212539,0.164287,5.44,473.319,0,1.0,0.0645,0.0259,0.0,1.0,0.0,0.0,0.24
3014,56__360,404,16.16,0.244741,0.224366,13.36,62.197,0,0.9482,0.0476,0.0103,0.0001,1.0,0.0,0.2409,0.24
3015,56__1564,459,18.36,0.250692,0.186884,4.04,inf,0,0.8718,0.0774,0.0189,0.0,0.8667,0.0,0.4948,0.28
3016,56__1558,302,12.08,0.259597,0.172733,8.44,39.32,0,1.0,0.0388,0.0087,0.0,0.5067,0.0,0.8472,0.28
3017,56__355,285,11.4,0.347201,0.24732,2.36,9.083,0,1.0,0.1545,0.0347,0.0,0.9133,0.0,0.8893,0.28
3018,56__1744,470,18.8,0.202898,0.181939,16.36,inf,0,0.8114,0.0364,0.011,0.0,1.0,0.0,0.0,0.32
3019,56__315,385,15.4,0.273302,0.244167,7.36,35.286,0,1.0,0.1015,0.0293,0.0,0.8133,0.0,0.6259,0.24
3020,56__219,336,13.44,0.250343,0.211828,0.32,inf,0,1.0,0.0243,0.0077,0.0,0.7333,0.0,0.6264,0.16
3021,56__914,309,12.36,0.192916,0.178938,5.28,inf,0,1.0,0.0459,0.0181,0.0,0.8,0.0,0.0,0.2
3022,56__561,319,12.76,0.24905,0.23268,5.88,108.522,0,1.0,0.0914,0.0244,0.0,0.96,0.0,0.3334,0.32
3023,56__748,273,10.92,0.173292,0.14276,10.76,91.355,0,1.0,0.0373,0.0285,0.0,0.73,0.0,0.0,0.28
3024,56__699,290,11.6,0.199732,0.186225,1.12,inf,0,1.0,0.0348,0.0171,0.0,0.9033,0.0,0.0262,0.2
3025,56__1128,438,17.52,0.25317,0.227708,0.76,199.65,0,0.8579,0.0275,0.0135,0.0,1.0,0.0,0.3507,0.2
3026,56__123,375,15.0,0.235782,0.219183,2.88,55.672,0,1.0,0.0574,0.018,0.0,0.6867,0.0,0.4383,0.24
3027,56__229,397,15.88,0.303286,0.216832,3.88,inf,0,0.9579,0.0704,0.0182,0.0,1.0,0.0,0.7219,0.32
3028,56__970,346,13.84,0.175865,0.14297,12.44,167.737,0,1.0,0.0343,0.0081,0.0,0.6967,0.0,0.0,0.28
3029,56__1262,318,12.72,0.258873,0.228016,7.2,32.59,0,1.0,0.0945,0.0325,0.0,0.28,0.0,0.8243,0.24
3030,56__684,367,14.68,0.183835,0.16361,1.32,25.837,0,1.0,0.0434,0.0112,0.0,0.6933,0.0,0.1664,0.2
3031,56__935,306,12.24,0.262504,0.172233,10.64,20.407,0,1.0,0.0648,0.0273,0.0001,1.0,0.0,0.3481,0.28
3032,56__1386,308,12.32,0.195252,0.16383,9.24,inf,0,1.0,0.0555,0.0208,0.0,0.86,0.0,0.0,0.24
3033,56__42,396,15.84,0.163833,0.14547,14.84,155.556,0,0.9682,0.0289,0.0067,0.0,0.6333,0.0,0.0,0.16
3034,56__1606,334,13.36,0.333095,0.307046,6.8,25.021,0,1.0,0.1772,0.0638,0.0,0.9267,0.0,0.839,0.24
3035,56__890,311,12.44,0.19742,0.158165,0.96,14.924,0,1.0,0.1144,0.0385,0.0,0.58,0.0,0.3972,0.28
3036,56__1679,319,12.76,0.288871,0.273742,10.24,20.889,0,1.0,0.0715,0.0208,0.0,0.8,0.0,0.6938,0.36
3037,56__1284,320,12.8,0.283692,0.204035,9.0,53.347,0,1.0,0.043,0.0074,0.0,1.0,0.0,0.7379,0.2
3038,56__141,306,12.24,0.167349,0.14304,1.44,51.565,0,1.0,0.0472,0.0208,0.0,0.6667,0.0,0.0,0.28
3039,56__584,435,17.4,0.227886,0.199099,14.88,40.36,0,0.9054,0.1092,0.0378,0.0,0.5533,0.0,0.6538,0.32
3040,56__1730,278,11.12,0.219095,0.200483,0.76,17.572,0,1.0,0.1057,0.0346,0.0,1.0,0.0,0.0,0.24
3041,56__455,397,15.88,0.212603,0.190468,2.56,inf,0,0.9068,0.0357,0.0111,0.0,0.7667,0.0,0.2605,0.32
3042,56__607,442,17.68,0.20222,0.196278,8.16,inf,0,0.8418,0.0162,0.0067,0.0,1.0,0.0,0.0,0.24
3043,56__1044,463,18.52,0.275412,0.243642,10.56,14.012,0,0.8346,0.1244,0.041,0.0,0.56,0.0,0.8478,0.36
3044,56__1779,329,13.16,0.352149,0.304351,0.24,6.589,0,1.0,0.1214,0.0215,0.0,0.8933,0.1881,0.7721,0.32
3045,56__249,298,11.92,0.26422,0.159781,0.0,inf,0,1.0,0.0657,0.034,0.0,0.5967,0.0,0.7822,0.32
3046,56__832,296,11.84,0.243597,0.198769,10.16,16.075,0,1.0,0.0786,0.0185,0.0,0.9467,0.0,0.1886,0.36
3047,56__860,428,17.12,0.214601,0.205043,8.2,252.426,0,0.8804,0.0489,0.0238,0.0,1.0,0.0,0.0,0.4
3048,56__761,326,13.04,0.210268,0.191927,1.24,572.0,0,1.0,0.0362,0.0087,0.0,0.9667,0.0,0.0507,0.16
3049,56__675,322,12.88,0.171252,0.154036,3.28,48.16,0,1.0,0.0486,0.013,0.0,0.6767,0.0,0.0,0.2
3050,56__871,346,13.84,0.260291,0.221678,1.68,36.972,0,1.0,0.0858,0.0226,0.0,0.4367,0.0,0.7159,0.36
3051,56__217,336,13.44,0.226405,0.19223,5.12,inf,0,1.0,0.0253,0.0113,0.0,0.8267,0.0,0.3476,0.24
3052,56__1371,305,12.2,0.216331,0.201448,8.2,22.109,0,1.0,0.0472,0.0127,0.0,0.6267,0.0,0.3738,0.24
3053,56__870,392,15.68,0.206427,0.186615,13.32,21.188,0,0.9554,0.0576,0.022,0.0,0.6667,0.0,0.3738,0.24
3054,56__1118,326,13.04,0.196113,0.181501,11.48,22.269,0,1.0,0.0586,0.0183,0.0,0.8533,0.0,0.0,0.32
3055,56__1714,439,17.56,0.285449,0.155888,13.84,inf,0,0.845,0.0233,0.0105,0.0001,0.6067,0.0,0.8591,0.36
3056,56__1341,345,13.8,0.251153,0.196882,11.44,38.321,0,1.0,0.0857,0.0417,0.0,0.6067,0.0,0.5333,0.28
3057,56__1455,433,17.32,0.180545,0.154373,2.56,inf,0,0.8871,0.0545,0.0202,0.0001,0.8533,0.0,0.044,0.2
3058,56__1382,320,12.8,0.284159,0.25972,3.32,29.723,0,1.0,0.0472,0.0236,0.0,0.9267,0.0,0.5826,0.32
3059,56__147,280,11.2,0.161308,0.139236,1.52,inf,0,1.0,0.0486,0.0208,0.0,0.5033,0.0,0.0,0.28
3060,56__1208,347,13.88,0.222833,0.200396,12.44,14.244,0,1.0,0.0631,0.0276,0.0,0.8333,0.0,0.4628,0.28
3061,56__1543,402,16.08,0.210421,0.195906,4.44,220.395,0,0.9407,0.03,0.0085,0.0,1.0,0.0,0.0,0.24
3062,56__1139,293,11.72,0.254447,0.227627,1.08,inf,0,1.0,0.042,0.0206,0.0,0.6633,0.0,0.5966,0.2
3063,56__482,357,14.28,0.165321,0.153319,8.56,inf,0,1.0,0.0472,0.0151,0.0,0.6267,0.0,0.0,0.32
3064,56__438,367,14.68,0.170552,0.140784,0.16,47.708,0,1.0,0.0273,0.0059,0.0,0.7333,0.0,0.0,0.2
3065,56__448,328,13.12,0.290875,0.180212,4.0,6.527,0,1.0,0.1754,0.0485,0.0,1.0,0.1965,0.5422,0.32
3066,56__695,303,12.12,0.188706,0.17481,1.0,36.213,0,1.0,0.0348,0.0223,0.0,0.8333,0.0,0.0,0.2
3067,56__433,425,17.0,0.258233,0.23822,14.48,43.772,0,0.905,0.0465,0.0172,0.0,1.0,0.0,0.3636,0.32
3068,56__1214,319,12.76,0.186021,0.169477,11.04,12.176,0,1.0,0.0376,0.0091,0.0,0.7,0.0,0.1674,0.24
3069,56__1094,358,14.32,0.323216,0.244988,8.64,6.967,0,1.0,0.1876,0.0392,0.0,0.98,0.1378,0.6855,0.4
3070,56__1033,310,12.4,0.261141,0.242302,4.64,inf,0,1.0,0.0688,0.0178,0.0,1.0,0.0,0.7445,0.36
3071,56__818,278,11.12,0.270711,0.248271,0.0,213.4,0,1.0,0.119,0.0278,0.0,0.8033,0.0,0.6274,0.32
3072,56__1047,405,16.2,0.278218,0.251806,5.84,31.7,0,0.9422,0.0389,0.0104,0.0,1.0,0.0,0.5572,0.48
3073,56__450,398,15.92,0.216256,0.162372,1.24,inf,0,0.9532,0.0243,0.0069,0.0,0.5733,0.0,0.5438,0.36
3074,56__1774,310,12.4,0.150955,0.140052,10.92,inf,0,1.0,0.0657,0.0217,0.0,0.51,0.0,0.0,0.32
3075,56__1553,308,12.32,0.286064,0.245891,1.28,17.468,0,1.0,0.0401,0.0095,0.0,0.8667,0.0,0.5964,0.2
3076,56__46,298,11.92,0.173827,0.134673,0.0,56.407,0,1.0,0.0631,0.0208,0.0,0.7067,0.0,0.0,0.24
3077,56__1415,441,17.64,0.193588,0.172678,5.24,113.096,0,0.8493,0.0146,0.0057,0.0,0.97,0.0,0.0,0.24
3078,56__300,285,11.4,0.212673,0.161088,7.76,1186.0,0,1.0,0.0642,0.0097,0.0,1.0,0.0,0.0,0.2
3079,56__749,318,12.72,0.378166,0.204951,7.52,5.014,0,1.0,0.078,0.0158,0.0,1.0,0.3982,0.5422,0.24
3080,56__1367,307,12.28,0.196682,0.168335,11.56,73.087,0,1.0,0.0543,0.0069,0.0,0.84,0.0,0.0,0.2
3081,56__859,296,11.84,0.281781,0.246771,1.56,26.415,0,1.0,0.0603,0.0195,0.0,0.94,0.0,0.5279,0.36
3082,56__1095,288,11.52,0.209968,0.179334,2.68,inf,0,1.0,0.0786,0.0183,0.0,0.4367,0.0,0.4036,0.48
3083,56__1362,282,11.28,0.293068,0.209451,4.92,5.86,0,1.0,0.0699,0.0166,0.0,1.0,0.2854,0.534,0.2
3084,56__61,334,13.36,0.189183,0.17203,10.8,19.821,0,1.0,0.1015,0.0308,0.0,0.7667,0.0,0.0716,0.24
3085,56__1333,323,12.92,0.26507,0.212202,11.2,27.71,0,1.0,0.047,0.0243,0.0,1.0,0.0,0.3476,0.32
3086,56__381,285,11.4,0.194915,0.174216,9.44,16.153,0,1.0,0.0348,0.0088,0.0,0.79,0.0,0.0628,0.24
3087,56__587,407,16.28,0.207437,0.197989,14.68,114.645,0,0.9239,0.0219,0.0208,0.0,1.0,0.0,0.0,0.24
3088,56__747,415,16.6,0.179685,0.159704,1.92,86.404,0,0.9104,0.0263,0.0208,0.0,0.8533,0.0,0.0,0.24
3089,56__258,322,12.88,0.380246,0.237141,5.52,3.948,0,1.0,0.0684,0.0287,0.0001,1.0,0.5403,0.8772,0.28
3090,56__847,301,12.04,0.207649,0.184652,0.64,inf,0,1.0,0.0371,0.0115,0.0,0.6433,0.0,0.2976,0.32
3091,56__440,299,11.96,0.31985,0.292572,2.8,21.151,0,1.0,0.0814,0.026,0.0,0.93,0.0,0.7391,0.44
3092,56__1608,250,10.0,0.213216,0.181322,8.84,inf,0,1.0,0.0457,0.0146,0.0,0.97,0.0,0.0,0.32
3093,56__1580,301,12.04,0.212573,0.202368,5.52,inf,0,1.0,0.1029,0.0209,0.0,0.98,0.0,0.0,0.24
3094,56__273,427,17.08,0.182303,0.163246,9.84,inf,0,0.9018,0.0429,0.0208,0.0,0.8467,0.0,0.0,0.28
3095,56__534,401,16.04,0.298958,0.179572,6.28,100.933,0,0.9418,0.0412,0.0132,0.0001,1.0,0.0,0.6569,0.24
3096,56__1671,420,16.8,0.197077,0.18138,14.64,inf,0,0.8997,0.0801,0.0342,0.0,0.95,0.0,0.0,0.2
3097,56__896,259,10.36,0.323477,0.30042,9.2,20.352,0,1.0,0.1,0.024,0.0,1.0,0.0,0.6703,0.28
3098,56__1785,295,11.8,0.20798,0.179599,10.28,15.25,0,1.0,0.0552,0.0184,0.0,0.7667,0.0,0.1684,0.28
3099,56__1667,288,11.52,0.247188,0.213736,9.92,17.37,0,1.0,0.1157,0.0301,0.0,0.5733,0.0,0.5147,0.24
3100,56__1582,311,12.44,0.214912,0.185474,9.4,253.607,0,1.0,0.0343,0.0085,0.0,1.0,0.0,0.0,0.24
3101,56__28,333,13.32,0.295297,0.187223,6.88,inf,0,1.0,0.0929,0.0117,0.0,0.6333,0.0,0.8014,0.36
3102,56__286,261,10.44,0.184419,0.173987,8.64,113.717,0,1.0,0.0457,0.0208,0.0,0.7967,0.0,0.0174,0.28
3103,56__1285,294,11.76,0.216585,0.167905,10.12,297.625,0,1.0,0.0668,0.0278,0.0,1.0,0.0,0.0,0.2
3104,56__1269,275,11.0,0.148604,0.122066,1.72,15.752,0,1.0,0.0873,0.0183,0.0,0.4533,0.0,0.0,0.2
3105,56__488,462,18.48,0.199566,0.159562,1.08,inf,0,0.8546,0.1002,0.0332,0.0,0.7333,0.0,0.1883,0.2
3106,56__1533,309,12.36,0.223587,0.18772,0.88,43.222,0,1.0,0.0459,0.0208,0.0,1.0,0.0,0.0,0.32
3107,56__493,268,10.72,0.192953,0.175465,9.8,28.664,0,1.0,0.0672,0.0101,0.0,0.82,0.0,0.0,0.24
3108,56__124,328,13.12,0.204408,0.183229,2.0,inf,0,1.0,0.0587,0.014,0.0,0.8733,0.0,0.0,0.28
3109,56__523,299,11.96,0.15746,0.136115,10.92,21.298,0,1.0,0.0872,0.0392,0.0,0.5267,0.0,0.0,0.2
3110,56__766,267,10.68,0.168839,0.155635,0.44,43.656,0,1.0,0.0731,0.0208,0.0,0.6667,0.0,0.0,0.24
3111,56__881,339,13.56,0.246128,0.197945,10.2,11.179,0,1.0,0.1,0.0396,0.0,0.87,0.0,0.4093,0.32
3112,56__137,284,11.36,0.221697,0.171966,5.28,inf,0,1.0,0.0697,0.0216,0.0001,1.0,0.0,0.0,0.28
3113,56__1574,293,11.72,0.279605,0.214421,2.24,48.043,0,1.0,0.0429,0.0099,0.0,1.0,0.0,0.4717,0.16
3114,56__76,402,16.08,0.180553,0.158638,1.64,inf,0,0.9622,0.0411,0.0208,0.0,0.76,0.0,0.0,0.28
3115,56__1242,301,12.04,0.207374,0.154147,0.12,19.981,0,1.0,0.074,0.0122,0.0,1.0,0.0,0.0,0.12
3116,56__1788,159,6.36,0.210165,0.204682,0.84,23.613,0,1.0,0.0275,0.0045,0.0,1.0,0.0,0.0,0.12
3117,56__328,396,15.84,0.212193,0.170136,0.0,inf,0,0.9543,0.0277,0.0208,0.0,0.8267,0.0,0.3786,0.4
3118,56__984,298,11.92,0.30293,0.278958,9.32,57.885,0,1.0,0.0667,0.0208,0.0,0.7733,0.0,0.7814,0.4
3119,56__415,322,12.88,0.207684,0.180876,6.04,74.583,0,1.0,0.0663,0.0124,0.0,0.78,0.0,0.1755,0.24
3120,56__308,343,13.72,0.221542,0.182791,10.68,inf,0,1.0,0.0674,0.0219,0.0001,1.0,0.0,0.044,0.32
3121,56__1621,296,11.84,0.315425,0.270782,9.2,11.349,0,1.0,0.0863,0.0175,0.0,0.96,0.0,0.66,0.36
3122,56__1054,344,13.76,0.258393,0.22794,1.0,inf,0,1.0,0.0661,0.0085,0.0,0.8533,0.0,0.4552,0.4
3123,56__780,247,9.88,0.482273,0.236094,3.08,2.834,0,1.0,0.1503,0.0215,0.0,0.7667,0.6888,0.88,0.24
3124,56__305,399,15.96,0.322672,0.252868,0.16,16.207,0,0.9464,0.0385,0.0208,0.0001,1.0,0.0,0.8536,0.4
3125,56__582,405,16.2,0.203093,0.180593,4.44,173.821,0,0.9345,0.0461,0.015,0.0,1.0,0.0,0.0,0.2
3126,56__72,367,14.68,0.20414,0.139037,0.08,inf,0,0.9529,0.1373,0.1248,0.0,0.74,0.0,0.056,0.28
3127,56__783,355,14.2,0.194189,0.146016,0.0,332.5,0,0.9686,0.1365,0.1243,0.0001,0.76,0.0,0.0,0.2
3128,56__839,284,11.36,0.211457,0.181714,0.96,83.495,0,1.0,0.0715,0.0163,0.0,0.9267,0.0,0.0,0.36
3129,56__1092,278,11.12,0.22043,0.184339,8.8,14.722,0,1.0,0.0449,0.0122,0.0,0.6633,0.0,0.3043,0.44
3130,56__225,285,11.4,0.20691,0.164939,11.32,6.634,0,1.0,0.0472,0.0154,0.0,1.0,0.1821,0.3012,0.2
3131,56__751,405,16.2,0.283338,0.263085,14.24,26.72,0,0.9318,0.0259,0.0077,0.0,0.9633,0.0,0.66,0.24
3132,56__1153,295,11.8,0.217943,0.156907,4.48,inf,0,1.0,0.0454,0.0093,0.0,1.0,0.0,0.0,0.24
3133,56__562,317,12.68,0.310574,0.275515,1.64,20.35,0,1.0,0.1617,0.0283,0.0,1.0,0.0,0.6566,0.28
3134,56__316,329,13.16,0.313563,0.270163,11.16,18.619,0,1.0,0.0844,0.029,0.0,0.94,0.0,0.6669,0.36
3135,56__1271,338,13.52,0.168884,0.139619,4.8,inf,0,1.0,0.0215,0.0094,0.0,0.6533,0.0,0.1012,0.16
3136,56__405,324,12.96,0.224217,0.205694,0.0,inf,0,1.0,0.055,0.0087,0.0,0.5467,0.0,0.465,0.28
3137,56__394,300,12.0,0.217749,0.183923,9.84,13.843,0,1.0,0.1715,0.0492,0.0,0.78,0.0,0.2669,0.24
3138,56__186,312,12.48,0.2754,0.248349,6.92,11.337,0,1.0,0.0503,0.0203,0.0,0.7533,0.0,0.6,0.32
3139,56__395,310,12.4,0.176483,0.158858,10.04,34.538,0,1.0,0.0423,0.0071,0.0,0.6333,0.0,0.0466,0.28
3140,56__420,394,15.76,0.32541,0.228649,0.0,inf,0,0.949,0.0505,0.0205,0.0,1.0,0.0,0.7681,0.36
3141,56__304,412,16.48,0.195784,0.181563,14.44,inf,0,0.9204,0.0259,0.0234,0.0,0.84,0.0,0.0,0.4
3142,56__1260,240,9.6,0.181586,0.145065,1.12,13.234,0,1.0,0.0438,0.0171,0.0,0.7467,0.0,0.0,0.12
3143,56__980,356,14.24,0.243374,0.224759,4.6,23.212,0,1.0,0.0811,0.0256,0.0,0.5867,0.0,0.6034,0.4
3144,56__1476,354,14.16,0.239263,0.203829,12.2,13.914,0,1.0,0.0832,0.0136,0.0,0.8667,0.0,0.325,0.24
3145,56__1750,425,17.0,0.338929,0.263597,14.0,7.228,0,0.9196,0.1015,0.035,0.0001,1.0,0.1029,0.8971,0.32
3146,56__1610,434,17.36,0.16279,0.151573,6.24,inf,0,0.8764,0.0306,0.0208,0.0001,0.7133,0.0,0.0,0.24
3147,56__884,344,13.76,0.276537,0.222158,3.92,31.768,0,1.0,0.0715,0.0179,0.0,0.54,0.0,0.8859,0.36
3148,56__596,313,12.52,0.285773,0.250157,9.64,12.712,0,1.0,0.1101,0.03,0.0,0.8133,0.0,0.6955,0.36
3149,56__134,307,12.28,0.267577,0.229004,6.6,13.044,0,1.0,0.0505,0.0133,0.0,0.94,0.0,0.385,0.28
3150,56__526,308,12.32,0.211719,0.171759,7.44,18.095,0,1.0,0.0412,0.0208,0.0,1.0,0.0,0.0,0.16
3151,56__1435,334,13.36,0.295466,0.272805,4.28,57.974,0,1.0,0.0543,0.0165,0.0,0.9067,0.0,0.6538,0.28
3152,56__773,255,10.2,0.217187,0.205921,1.48,114.152,0,1.0,0.0743,0.0225,0.0,1.0,0.0,0.0,0.24
3153,56__1447,301,12.04,0.312568,0.248657,1.16,66.658,0,1.0,0.0829,0.0333,0.0,1.0,0.0,0.6005,0.28
3154,56__84,256,10.24,0.218927,0.196454,2.92,18.803,0,1.0,0.0601,0.0265,0.0,1.0,0.0,0.0,0.24
3155,56__724,257,10.28,0.230029,0.163473,0.72,132.862,0,1.0,0.1429,0.0584,0.0,1.0,0.0,0.0,0.28
3156,56__1525,298,11.92,0.344004,0.262717,9.08,6.088,0,1.0,0.2359,0.0589,0.0,0.7467,0.255,0.8231,0.28
3157,56__377,296,11.84,0.21888,0.176632,0.12,34.726,0,1.0,0.1416,0.0444,0.0,1.0,0.0,0.0,0.36
3158,56__1461,325,13.0,0.283929,0.250268,5.76,7.6,0,1.0,0.039,0.0075,0.0,0.7533,0.0534,0.766,0.28
3159,56__529,423,16.92,0.203145,0.196056,16.12,114.922,0,0.8929,0.0647,0.0322,0.0,1.0,0.0,0.0,0.2
3160,56__903,319,12.76,0.21578,0.14636,4.36,28.799,0,1.0,0.1185,0.0278,0.0,1.0,0.0,0.0,0.24
3161,56__1325,361,14.44,0.224803,0.207324,2.72,20.336,0,1.0,0.0308,0.0069,0.0,1.0,0.0,0.0,0.36
3162,56__17,369,14.76,0.205289,0.196042,10.6,68.086,0,0.9279,0.0222,0.0063,0.0,1.0,0.0,0.0,0.24
3163,56__490,316,12.64,0.222918,0.192321,1.28,20.504,0,1.0,0.0615,0.0208,0.0,1.0,0.0,0.0,0.28
3164,56__1353,452,18.08,0.189882,0.172274,6.76,751.08,0,0.8357,0.0277,0.0098,0.0,0.9367,0.0,0.0,0.2
3165,56__1244,309,12.36,0.191374,0.179517,11.24,1141.516,0,1.0,0.056,0.0208,0.0,0.86,0.0,0.0,0.16
3166,56__1625,398,15.92,0.225132,0.194135,13.68,44.78,0,0.9568,0.0566,0.0146,0.0,0.6367,0.0,0.4003,0.28
3167,56__1261,395,15.8,0.210065,0.16314,10.96,inf,0,0.9614,0.0518,0.0208,0.0001,1.0,0.0,0.0,0.2
3168,56__760,294,11.76,0.167233,0.160087,9.04,44.725,0,1.0,0.0445,0.0094,0.0,0.64,0.0,0.0,0.2
3169,56__1670,386,15.44,0.231166,0.162643,5.64,inf,0,0.9907,0.0364,0.0056,0.0,0.56,0.0,0.6667,0.28
3170,56__74,399,15.96,0.223329,0.17777,6.24,inf,0,0.9414,0.0239,0.0085,0.0,0.8333,0.0,0.3648,0.28
3171,56__53,347,13.88,0.2367,0.217143,4.96,71.927,0,1.0,0.0454,0.0208,0.0,0.5733,0.0,0.5428,0.36
3172,56__251,480,19.2,0.228356,0.19751,15.4,28.77,0,0.8282,0.0957,0.025,0.0001,0.8333,0.0,0.3978,0.24
3173,56__324,338,13.52,0.31664,0.294877,11.68,53.464,0,1.0,0.0643,0.0155,0.0,0.8733,0.0,0.7829,0.32
3174,56__177,331,13.24,0.257383,0.217183,0.0,inf,0,1.0,0.0884,0.0187,0.0,0.8533,0.0,0.6771,0.28
3175,56__495,304,12.16,0.1813,0.16626,3.64,inf,0,1.0,0.0468,0.0094,0.0,0.7133,0.0,0.0,0.24
3176,56__852,406,16.24,0.339296,0.309129,1.8,180.5,0,0.9529,0.0771,0.018,0.0,1.0,0.0,0.8121,0.4
3177,56__1767,327,13.08,0.341191,0.196472,7.04,7.208,0,1.0,0.0856,0.0241,0.0,1.0,0.1056,0.6981,0.24
3178,56__677,313,12.52,0.252557,0.197758,11.32,11.368,0,1.0,0.0916,0.0401,0.0001,1.0,0.0,0.4488,0.16
3179,56__1618,399,15.96,0.199935,0.17889,2.12,484.677,0,0.945,0.0274,0.0097,0.0,0.9267,0.0,0.0343,0.24
3180,56__1043,449,17.96,0.302765,0.279729,15.8,41.895,0,0.8425,0.0529,0.0179,0.0,1.0,0.0,0.6386,0.44
3181,56__234,321,12.84,0.167092,0.144068,8.32,252.088,0,1.0,0.0386,0.0133,0.0,0.6067,0.0,0.0,0.2
3182,56__669,310,12.4,0.216772,0.205282,1.76,inf,0,1.0,0.0594,0.016,0.0,1.0,0.0,0.0,0.24
3183,56__904,395,15.8,0.262565,0.189337,4.72,inf,0,0.9547,0.0219,0.0072,0.0,0.9933,0.0,0.3779,0.28
3184,56__129,453,18.12,0.144646,0.1191,6.36,inf,0,0.8693,0.0406,0.0208,0.0001,0.58,0.0,0.0,0.28
3185,56__1349,307,12.28,0.196215,0.172659,1.92,18.285,0,1.0,0.0707,0.0164,0.0,0.7733,0.0,0.0,0.32
3186,56__62,309,12.36,0.180412,0.156993,11.2,inf,0,1.0,0.0766,0.0139,0.0,0.6467,0.0,0.0,0.28
3187,56__833,379,15.16,0.261668,0.232839,12.84,25.436,0,1.0,0.0815,0.0235,0.0,1.0,0.0,0.3393,0.32
3188,56__1424,228,9.12,0.199168,0.18268,5.32,8.73,0,1.0,0.1658,0.0267,0.0,0.7633,0.0,0.0,0.32
3189,56__1555,287,11.48,0.285566,0.191658,1.08,9.39,0,1.0,0.126,0.031,0.0001,1.0,0.0,0.6774,0.24
3190,56__1211,301,12.04,0.253674,0.218723,7.36,64.452,0,1.0,0.0688,0.0227,0.0,0.8667,0.0,0.3588,0.28
3191,56__1718,423,16.92,0.271475,0.24296,1.36,inf,0,0.8904,0.0546,0.0279,0.0,0.97,0.0,0.5452,0.32
3192,56__533,404,16.16,0.276489,0.178496,14.44,inf,0,0.9422,0.0287,0.0063,0.0,0.9467,0.0,0.6152,0.2
3193,56__254,323,12.92,0.304065,0.226631,7.64,28.457,0,1.0,0.063,0.0289,0.0001,1.0,0.0,0.7966,0.36
3194,56__1431,334,13.36,0.187132,0.15675,5.92,inf,0,1.0,0.0487,0.0123,0.0,0.8067,0.0,0.0,0.24
3195,56__1485,451,18.04,0.211504,0.190543,15.44,212.476,0,0.8465,0.0312,0.0097,0.0,0.93,0.0,0.2697,0.28
3196,56__581,326,13.04,0.210293,0.189277,5.72,24.62,0,1.0,0.058,0.0129,0.0,0.8,0.0,0.284,0.2
3197,56__148,340,13.6,0.178772,0.166835,1.56,52.772,0,1.0,0.0757,0.013,0.0,0.6667,0.0,0.0,0.32
3198,56__1184,444,17.76,0.201008,0.189761,3.2,inf,0,0.8518,0.023,0.0188,0.0,1.0,0.0,0.0,0.2
3199,56__971,307,12.28,0.261737,0.240617,2.36,inf,0,1.0,0.0902,0.0246,0.0,1.0,0.0,0.3186,0.24
3200,56__594,319,12.76,0.186214,0.146971,1.36,inf,0,1.0,0.0729,0.0137,0.0,0.7733,0.0,0.0,0.36
3201,56__1075,324,12.96,0.560763,0.337526,2.44,1.658,10,1.0,0.1319,0.0422,0.0001,1.0,0.8456,0.9072,0.48
3202,56__343,453,18.12,0.20701,0.195176,1.6,65.761,0,0.8282,0.0538,0.0202,0.0,1.0,0.0,0.0,0.32
3203,56__496,312,12.48,0.263719,0.223973,11.0,18.486,0,1.0,0.1002,0.019,0.0,0.8667,0.0,0.4562,0.28
3204,56__364,290,11.6,0.223028,0.183547,2.4,94.516,0,1.0,0.1372,0.0299,0.0,1.0,0.0,0.0,0.28
3205,56__423,385,15.4,0.328917,0.291453,7.96,9.089,0,1.0,0.1015,0.0191,0.0,0.98,0.0,0.7748,0.36
3206,56__1475,346,13.84,0.319164,0.268938,11.96,9.568,0,1.0,0.0877,0.028,0.0,1.0,0.0,0.8662,0.32
3207,56__568,395,15.8,0.281585,0.264058,3.64,238.143,0,0.948,0.0428,0.0307,0.0002,1.0,0.0,0.4733,0.24
3208,56__348,318,12.72,0.280435,0.248549,9.72,657.8,0,1.0,0.0431,0.0208,0.0,1.0,0.0,0.5024,0.24
3209,56__63,428,17.12,0.240276,0.225701,11.6,100.543,0,0.88,0.0316,0.0116,0.0,1.0,0.0,0.2507,0.24
3210,56__1344,408,16.32,0.200185,0.188692,12.24,123.829,0,0.9346,0.0263,0.0089,0.0,0.96,0.0,0.0,0.28
3211,56__1106,364,14.56,0.269791,0.237001,13.44,10.81,0,1.0,0.2015,0.0463,0.0,0.9333,0.0,0.5353,0.36
3212,56__1063,452,18.08,0.189711,0.175726,5.68,58.45,0,0.8593,0.0386,0.0068,0.0,0.7933,0.0,0.046,0.48
3213,56__198,409,16.36,0.214417,0.192845,14.12,inf,0,0.9318,0.0274,0.0059,0.0,0.8267,0.0,0.3081,0.2
3214,56__218,349,13.96,0.191036,0.171116,3.64,19.817,0,1.0,0.0222,0.0148,0.0,0.8533,0.0,0.0,0.2
3215,56__1631,243,9.72,0.175364,0.162023,3.24,35.299,0,1.0,0.0475,0.0125,0.0,0.5967,0.0,0.0,0.32
3216,56__1365,395,15.8,0.206549,0.172632,2.88,inf,0,0.9689,0.0381,0.0206,0.0,1.0,0.0,0.0,0.24
3217,56__417,396,15.84,0.184906,0.158938,0.0,403.905,0,0.9361,0.1372,0.0866,0.0,0.7667,0.0,0.0,0.24
3218,56__956,399,15.96,0.273443,0.180269,11.16,inf,0,0.9579,0.0371,0.0162,0.0,0.7667,0.0,0.735,0.28
3219,56__853,293,11.72,0.295722,0.244239,0.96,inf,0,1.0,0.1615,0.0389,0.0,1.0,0.0,0.4172,0.44
3220,56__836,384,15.36,0.234456,0.215604,7.56,72.783,0,1.0,0.0859,0.0231,0.0,0.5933,0.0,0.4674,0.32
3221,56__322,276,11.04,0.217529,0.19557,8.72,25.318,0,1.0,0.0776,0.0157,0.0,0.8633,0.0,0.1543,0.36
3222,56__113,408,16.32,0.2261,0.198398,4.6,73.733,0,0.9079,0.0277,0.0093,0.0,1.0,0.0,0.16,0.28
3223,56__851,294,11.76,0.184986,0.165126,8.0,41.492,0,1.0,0.0673,0.0173,0.0,0.7,0.0,0.0,0.32
3224,56__77,299,11.96,0.21844,0.171683,0.92,inf,0,1.0,0.0717,0.0103,0.0,1.0,0.0,0.4293,0.28
3225,56__1322,411,16.44,0.201867,0.18406,0.96,95.895,0,0.9286,0.0285,0.0208,0.0,1.0,0.0,0.0,0.24
3226,56__436,376,15.04,0.190274,0.173226,1.88,60.575,0,1.0,0.0236,0.0079,0.0,0.7467,0.0,0.1726,0.32
3227,56__327,413,16.52,0.214169,0.203501,2.92,294.489,0,0.9139,0.0587,0.0226,0.0001,1.0,0.0,0.0,0.32
3228,56__1024,376,15.04,0.25205,0.158479,4.08,inf,0,0.95,0.0317,0.0081,0.0,0.6733,0.0,0.5902,0.32
3229,56__1166,369,14.76,0.323738,0.296639,5.28,51.533,0,1.0,0.14,0.0406,0.0,0.9733,0.0,0.7703,0.4
3230,56__879,364,14.56,0.314315,0.287761,3.16,9.557,0,1.0,0.1115,0.039,0.0,0.8333,0.0,0.8347,0.4
3231,56__116,304,12.16,0.253803,0.208823,2.52,inf,0,1.0,0.1914,0.034,0.0,0.8667,0.0,0.3474,0.24
3232,56__1755,392,15.68,0.328432,0.23452,1.12,14.32,0,0.9625,0.0263,0.0065,0.0,1.0,0.0,0.8298,0.24
3233,56__13,186,7.44,0.29019,0.256985,3.36,inf,0,0.7914,0.0205,0.0062,0.0,1.0,0.0,0.6781,0.16
3234,56__358,297,11.88,0.285633,0.237668,0.68,14.201,0,1.0,0.0519,0.0224,0.0,1.0,0.0,0.7147,0.28
3235,56__1357,450,18.0,0.223464,0.194902,4.72,115.778,0,0.8382,0.0437,0.0207,0.0,0.97,0.0,0.1828,0.32
3236,56__1265,437,17.48,0.226346,0.194228,0.12,inf,0,0.8954,0.0445,0.0111,0.0,0.72,0.0,0.5122,0.2
3237,56__242,479,19.16,0.180892,0.131431,13.6,inf,0,0.83,0.1062,0.032,0.0001,0.54,0.0,0.4529,0.28
3238,56__857,328,13.12,0.217969,0.168015,5.52,inf,0,1.0,0.0437,0.012,0.0,1.0,0.0,0.0,0.32
3239,56__809,314,12.56,0.260442,0.230022,10.56,59.689,0,1.0,0.0744,0.0078,0.0,0.6267,0.0,0.581,0.36
3240,56__1759,272,10.88,0.187519,0.171259,8.68,21.631,0,1.0,0.0415,0.0176,0.0,0.7333,0.0,0.0,0.28
3241,56__721,402,16.08,0.211536,0.201261,1.88,98.85,0,0.9382,0.0301,0.0206,0.0,1.0,0.0,0.0,0.24
3242,56__100,265,10.6,0.225157,0.163421,0.28,59.448,0,1.0,0.0483,0.0208,0.0,0.8033,0.0,0.5405,0.28
3243,56__352,445,17.8,0.179976,0.148561,0.84,58.973,0,0.8454,0.0286,0.0095,0.0,0.7633,0.0,0.1324,0.2
3244,56__384,304,12.16,0.255247,0.200827,6.28,8.36,0,1.0,0.0397,0.0078,0.0,1.0,0.0,0.6124,0.28
3245,56__869,377,15.08,0.324263,0.287962,6.12,13.213,0,1.0,0.12,0.0244,0.0,0.9533,0.0,0.7424,0.4
3246,56__1174,375,15.0,0.255696,0.232803,4.16,15.369,0,1.0,0.1073,0.0246,0.0,0.56,0.0,0.6738,0.28
3247,56__921,325,13.0,0.172324,0.158253,9.44,inf,0,1.0,0.0576,0.02,0.0,0.5733,0.0,0.0,0.32
3248,56__459,287,11.48,0.165413,0.153734,7.04,13.051,0,1.0,0.1001,0.0288,0.0,0.4967,0.0,0.0,0.4
3249,56__979,406,16.24,0.203276,0.191232,2.2,inf,0,0.9311,0.0461,0.0177,0.0,0.93,0.0,0.0,0.36
3250,56__1681,380,15.2,0.167515,0.15215,13.0,92.639,0,0.9904,0.0289,0.0115,0.0,0.5667,0.0,0.116,0.24
3251,56__1678,318,12.72,0.301316,0.264784,10.44,17.978,0,1.0,0.0858,0.0284,0.0,0.68,0.0,0.7803,0.36
3252,56__1110,427,17.08,0.20528,0.193043,5.52,70.8,0,0.8804,0.0372,0.02,0.0,1.0,0.0,0.0,0.32
3253,56__1321,313,12.52,0.205946,0.164511,0.76,inf,0,1.0,0.0701,0.0123,0.0,0.75,0.0,0.1674,0.28
3254,56__369,406,16.24,0.210112,0.193309,4.56,inf,0,0.9311,0.0263,0.0208,0.0,1.0,0.0,0.0,0.24
3255,56__1559,307,12.28,0.312139,0.225525,0.0,31.696,0,1.0,0.1174,0.0361,0.0,1.0,0.0,0.6312,0.24
3256,56__146,312,12.48,0.247526,0.231506,1.28,inf,0,1.0,0.0524,0.0191,0.0,0.6067,0.0,0.7643,0.24
3257,56__79,295,11.8,0.291401,0.254265,1.04,58.073,0,1.0,0.0967,0.0208,0.0,0.7667,0.0,0.6374,0.36
3258,56__621,442,17.68,0.20417,0.194826,5.44,77.087,0,0.8646,0.0245,0.0081,0.0,1.0,0.0,0.0,0.24
3259,56__1428,293,11.72,0.22202,0.203187,1.04,inf,0,1.0,0.1139,0.0348,0.0,1.0,0.0,0.0,0.24
3260,56__479,306,12.24,0.274149,0.247198,2.4,24.083,0,1.0,0.0461,0.0202,0.0,0.78,0.0,0.5771,0.28
3261,56__1014,321,12.84,0.331669,0.20891,10.08,inf,0,1.0,0.0602,0.0293,0.0001,1.0,0.0,0.7681,0.28
3262,56__1510,402,16.08,0.278337,0.23285,3.12,inf,0,0.8511,0.1329,0.1268,0.0,0.92,0.0,0.8083,0.36
3263,56__47,429,17.16,0.192654,0.17928,15.4,384.722,0,0.8772,0.0449,0.02,0.0,0.8967,0.0,0.0,0.28
3264,56__270,426,17.04,0.203097,0.19329,6.76,174.279,0,0.8846,0.0272,0.0151,0.0,1.0,0.0,0.0,0.28
3265,56__1696,320,12.8,0.215635,0.194218,5.84,28.335,0,1.0,0.0735,0.0363,0.0,0.7067,0.0,0.3217,0.32
3266,56__1030,389,15.56,0.245929,0.180511,0.0,inf,0,0.9482,0.0519,0.0161,0.0,0.92,0.0,0.6698,0.36
3267,56__957,295,11.8,0.173422,0.161134,10.96,58.909,0,1.0,0.0516,0.0208,0.0,0.6533,0.0,0.0,0.2
3268,56__1741,270,10.8,0.444675,0.260528,6.2,3.454,0,1.0,0.1113,0.0232,0.0002,1.0,0.6062,0.7564,0.24
3269,56__1672,321,12.84,0.214649,0.175055,6.52,inf,0,1.0,0.0672,0.0215,0.0001,1.0,0.0,0.0183,0.24
3270,56__1706,321,12.84,0.242562,0.172361,3.44,inf,0,1.0,0.0351,0.0092,0.0,1.0,0.0,0.2576,0.32
3271,56__492,268,10.72,0.173669,0.16212,6.4,inf,0,1.0,0.0774,0.0101,0.0,0.6367,0.0,0.0,0.28
3272,56__799,295,11.8,0.230384,0.202421,6.44,27.189,0,1.0,0.0543,0.0191,0.0,0.8667,0.0,0.265,0.24
3273,56__992,348,13.92,0.259659,0.215948,11.12,28.067,0,1.0,0.081,0.0175,0.0,0.9933,0.0,0.396,0.28
3274,56__133,423,16.92,0.255744,0.217763,16.16,35.3,0,0.8772,0.0515,0.0104,0.0001,0.66,0.0,0.6495,0.28
3275,56__1028,441,17.64,0.200942,0.191979,2.88,148.86,0,0.8582,0.03,0.0101,0.0,1.0,0.0,0.0,0.24
3276,56__705,293,11.72,0.21978,0.196701,9.64,561.935,0,1.0,0.0569,0.0117,0.0,1.0,0.0,0.0,0.28
3277,56__289,290,11.6,0.188387,0.156824,0.0,inf,0,1.0,0.0373,0.0183,0.0,0.5567,0.0,0.479,0.32
3278,56__1725,427,17.08,0.237878,0.199211,7.12,72.711,0,0.8939,0.0489,0.0164,0.0,0.7167,0.0,0.4917,0.24
3279,56__1157,393,15.72,0.202787,0.163009,0.72,inf,0,0.9747,0.0364,0.0085,0.0,1.0,0.0,0.0,0.32
3280,56__1769,351,14.04,0.152219,0.141016,8.64,82.922,0,1.0,0.0357,0.0086,0.0,0.4733,0.0,0.0,0.28
3281,56__1229,311,12.44,0.24917,0.22558,1.52,38.25,0,1.0,0.0444,0.0122,0.0,0.7133,0.0,0.5086,0.2
3282,56__1380,321,12.84,0.28267,0.255379,8.44,23.047,0,1.0,0.0472,0.0174,0.0,0.8733,0.0,0.4931,0.32
3283,56__1434,406,16.24,0.177534,0.163428,16.2,inf,0,0.9368,0.0259,0.0208,0.0,0.7733,0.0,0.0,0.16
3284,56__915,460,18.4,0.324599,0.311954,16.92,36.444,0,0.8147,0.0261,0.0101,0.0,1.0,0.0,0.8324,0.32
3285,56__1136,276,11.04,0.254337,0.225473,1.96,25.105,0,1.0,0.0447,0.0263,0.0,0.8367,0.0,0.4919,0.2
3286,56__790,428,17.12,0.249156,0.216727,2.56,145.13,0,0.8961,0.0429,0.0163,0.0,0.82,0.0,0.5153,0.28
3287,56__481,437,17.48,0.285984,0.247418,3.6,136.25,0,0.8822,0.05,0.0208,0.0001,1.0,0.0,0.474,0.36
3288,56__179,425,17.0,0.194254,0.150035,2.04,inf,0,0.9211,0.0518,0.0133,0.0001,0.9533,0.0,0.0,0.32
3289,56__51,383,15.32,0.280429,0.17988,3.84,inf,0,0.9566,0.0614,0.023,0.0001,1.0,0.0,0.6393,0.24
3290,56__1508,335,13.4,0.300011,0.212406,6.8,47.575,0,1.0,0.0645,0.0181,0.0,1.0,0.0,0.7814,0.36
3291,56__341,305,12.2,0.279361,0.226163,10.68,10.482,0,1.0,0.1262,0.0253,0.0,1.0,0.0,0.4505,0.28
3292,56__1616,409,16.36,0.246508,0.182457,3.48,inf,0,0.94,0.0398,0.0206,0.0,0.8733,0.0,0.5128,0.32
3293,56__1224,280,11.2,0.204186,0.139847,11.16,inf,0,1.0,0.0805,0.0209,0.0,0.9267,0.0,0.0,0.24
3294,56__1374,267,10.68,0.237324,0.20857,1.08,22.76,0,1.0,0.0918,0.0226,0.0,0.8633,0.0,0.3841,0.28
3295,56__1709,293,11.72,0.303954,0.208585,4.44,7.518,0,1.0,0.11,0.0328,0.0,0.7233,0.0642,0.7229,0.32
3296,56__1116,424,16.96,0.203688,0.158766,13.72,17.777,0,0.8679,0.0737,0.0208,0.0,0.9133,0.0,0.0722,0.24
3297,56__1279,305,12.2,0.428967,0.222773,2.76,3.499,0,1.0,0.0513,0.0162,0.0,1.0,0.6002,0.8414,0.2
3298,56__1473,329,13.16,0.198067,0.173692,3.84,61.053,0,1.0,0.038,0.0223,0.0,0.8333,0.0,0.0,0.28
3299,56__298,330,13.2,0.218985,0.186922,10.72,177.146,0,1.0,0.1095,0.0251,0.0,1.0,0.0,0.0,0.36
3300,56__1125,430,17.2,0.171841,0.154086,17.12,136.25,0,0.8711,0.0298,0.0208,0.0,0.8467,0.0,0.0,0.24
3301,56__173,405,16.2,0.187062,0.152327,15.36,inf,0,0.9372,0.0393,0.0192,0.0001,0.9033,0.0,0.0,0.28
3302,56__506,289,11.56,0.234908,0.206293,1.04,inf,0,1.0,0.0358,0.005,0.0,0.96,0.0,0.1629,0.24
3303,56__946,290,11.6,0.299883,0.276282,2.68,11.944,0,1.0,0.0702,0.0291,0.0,0.6133,0.0,0.8983,0.24
3304,56__813,328,13.12,0.169811,0.149132,7.92,inf,0,1.0,0.0572,0.0214,0.0,0.6333,0.0,0.0,0.24
3305,56__1702,405,16.2,0.274377,0.241089,10.68,150.125,0,0.9339,0.0358,0.0173,0.0,0.7333,0.0,0.6252,0.36
3306,56__1583,243,9.72,0.150539,0.136859,9.48,16.214,0,1.0,0.0576,0.0208,0.0,0.5133,0.0,0.0,0.2
3307,56__247,435,17.4,0.265541,0.222849,10.56,10.303,0,0.8218,0.14,0.1455,0.0001,0.7,0.0,0.7055,0.24
3308,56__521,266,10.64,0.197131,0.182686,3.24,20.882,0,1.0,0.0973,0.028,0.0,0.8467,0.0,0.0,0.12
3309,56__1276,284,11.36,0.187414,0.176044,2.52,inf,0,1.0,0.0634,0.0175,0.0,0.7967,0.0,0.0,0.2
3310,56__1072,331,13.24,0.311378,0.276423,2.16,66.812,0,1.0,0.1008,0.0249,0.0,0.8867,0.0,0.6736,0.52
3311,56__93,314,12.56,0.240161,0.213997,1.56,1001.8,0,1.0,0.0477,0.015,0.0,1.0,0.0,0.1755,0.28
3312,56__1354,355,14.2,0.198445,0.158242,1.16,26.049,0,1.0,0.0387,0.0092,0.0,0.84,0.0,0.0,0.24
3313,56__281,430,17.2,0.261744,0.243191,8.92,52.074,0,0.8793,0.035,0.0111,0.0,1.0,0.0,0.4041,0.32
3314,56__1629,310,12.4,0.301377,0.281937,10.88,17.097,0,1.0,0.0846,0.0231,0.0,0.98,0.0,0.7428,0.24
3315,56__1037,331,13.24,0.251765,0.169935,10.4,7.095,0,1.0,0.155,0.0323,0.0,0.9667,0.1207,0.3169,0.36
3316,56__759,328,13.12,0.186172,0.164161,0.04,inf,0,1.0,0.0431,0.0208,0.0,0.7867,0.0,0.0,0.2
3317,56__1164,303,12.12,0.345143,0.304922,11.08,14.28,0,1.0,0.0691,0.0244,0.0,1.0,0.0,0.8509,0.36
3318,56__1548,309,12.36,0.195519,0.185398,8.52,71.078,0,1.0,0.0687,0.0196,0.0,0.8067,0.0,0.0,0.24
3319,56__1282,289,11.56,0.187683,0.165879,6.68,102.655,0,1.0,0.0872,0.0223,0.0,0.84,0.0,0.0,0.16
3320,56__115,353,14.12,0.218279,0.175075,1.6,31.228,0,1.0,0.0628,0.01,0.0,1.0,0.0,0.0,0.24
3321,56__71,381,15.24,0.26175,0.184358,3.68,inf,0,0.9929,0.1772,0.0499,0.0,0.8133,0.0,0.6186,0.32
3322,56__1717,315,12.6,0.245719,0.222462,2.52,42.684,0,1.0,0.063,0.0182,0.0,0.59,0.0,0.5753,0.32
3323,56__1395,298,11.92,0.296152,0.26148,6.32,18.18,0,1.0,0.0594,0.0231,0.0,1.0,0.0,0.5564,0.32
3324,56__1061,400,16.0,0.210927,0.191964,12.36,inf,0,0.955,0.0351,0.0083,0.0,1.0,0.0,0.0,0.36
3325,56__329,300,12.0,0.208654,0.140898,2.96,8.639,0,1.0,0.1157,0.0162,0.0,1.0,0.0,0.0395,0.24
3326,56__1426,255,10.2,0.168059,0.158548,1.72,22.56,0,1.0,0.0734,0.0212,0.0,0.6267,0.0,0.0,0.2
3327,56__1004,305,12.2,0.303533,0.273163,1.36,19.307,0,1.0,0.0843,0.0287,0.0,0.8067,0.0,0.7614,0.36
3328,56__806,380,15.2,0.155412,0.126365,0.84,668.937,0,0.9519,0.0337,0.0118,0.0001,0.6333,0.0,0.0,0.32
3329,56__1267,274,10.96,0.170452,0.13835,3.84,inf,0,1.0,0.0532,0.0151,0.0,0.5333,0.0,0.1774,0.2
3330,56__1565,297,11.88,0.298755,0.246612,9.96,22.388,0,1.0,0.063,0.012,0.0,1.0,0.0,0.5431,0.24
3331,56__1290,272,10.88,0.214932,0.173914,1.36,19.358,0,1.0,0.0551,0.0206,0.0,1.0,0.0,0.0,0.24
3332,56__817,426,17.04,0.336221,0.226026,14.56,inf,0,0.8857,0.0493,0.0187,0.0,1.0,0.0,0.8648,0.4
3333,56__595,275,11.0,0.307963,0.270618,0.0,inf,0,1.0,0.0409,0.0124,0.0,1.0,0.0,0.6697,0.2
3334,56__97,425,17.0,0.18667,0.173801,5.48,inf,0,0.8864,0.0245,0.007,0.0,0.9067,0.0,0.0,0.28
3335,56__1457,286,11.44,0.399223,0.192068,0.92,2.465,0,1.0,0.0957,0.0195,0.0001,1.0,0.738,0.5891,0.28
3336,56__416,304,12.16,0.311391,0.226934,4.4,164.313,0,1.0,0.0691,0.0172,0.0,1.0,0.0,0.5848,0.28
3337,56__345,385,15.4,0.197557,0.186874,3.92,123.789,0,0.9861,0.0263,0.009,0.0,0.8867,0.0,0.0,0.28
3338,56__1372,455,18.2,0.298458,0.26871,2.12,29.068,0,0.8596,0.0729,0.0208,0.0,0.93,0.0,0.6922,0.24
3339,56__209,333,13.32,0.272063,0.248137,1.12,53.073,0,1.0,0.0704,0.0199,0.0,1.0,0.0,0.5381,0.24
3340,56__266,426,17.04,0.244745,0.229297,5.2,101.417,0,0.8897,0.0443,0.0144,0.0,0.84,0.0,0.4216,0.28
3341,56__1393,350,14.0,0.227001,0.204498,8.36,inf,0,1.0,0.0271,0.0208,0.0,0.8,0.0,0.3536,0.28
3342,56__1108,377,15.08,0.288019,0.261422,7.96,29.089,0,1.0,0.15,0.035,0.0,0.9,0.0,0.6595,0.4
3343,56__284,389,15.56,0.217965,0.201496,6.96,510.692,0,0.9815,0.0343,0.0208,0.0,1.0,0.0,0.0,0.36
3344,56__287,381,15.24,0.324462,0.297176,2.4,12.617,0,0.9764,0.0434,0.0205,0.0001,1.0,0.0,0.8578,0.32
3345,56__167,367,14.68,0.388718,0.308587,11.12,7.013,0,1.0,0.1586,0.029,0.0,1.0,0.1316,0.8557,0.32
3346,56__497,260,10.4,0.188414,0.174574,1.68,38.256,0,1.0,0.0558,0.0162,0.0,0.7767,0.0,0.0,0.28
3347,56__663,344,13.76,0.191923,0.163699,4.88,19.634,0,1.0,0.0916,0.0155,0.0,0.7833,0.0,0.1093,0.2
3348,56__1201,381,15.24,0.206512,0.168708,3.44,104.165,0,0.9872,0.0443,0.0217,0.0,0.9867,0.0,0.0,0.32
3349,56__1654,333,13.32,0.219765,0.197341,1.16,13.724,0,1.0,0.0954,0.0201,0.0,1.0,0.0,0.0,0.28
3350,56__73,308,12.32,0.257117,0.195273,10.92,17.642,0,1.0,0.0868,0.0149,0.0001,1.0,0.0,0.5802,0.28
3351,56__930,281,11.24,0.22041,0.204019,2.6,954.214,0,1.0,0.0545,0.0179,0.0,1.0,0.0,0.0,0.28
3352,56__277,286,11.44,0.172948,0.16075,0.08,45.034,0,1.0,0.0691,0.012,0.0,0.6933,0.0,0.0467,0.24
3353,56__389,316,12.64,0.302246,0.27399,12.32,18.508,0,1.0,0.0985,0.0313,0.0,0.7667,0.0,0.8536,0.32
3354,56__109,310,12.4,0.337467,0.294432,2.32,57.76,0,1.0,0.1129,0.0233,0.0,1.0,0.0,0.79,0.28
3355,56__293,297,11.88,0.321986,0.250608,2.56,8.47,0,1.0,0.0885,0.0273,0.0,1.0,0.0,0.8931,0.32
3356,56__1673,283,11.32,0.158268,0.144115,9.4,33.242,0,1.0,0.0404,0.0114,0.0,0.58,0.0,0.0,0.2
3357,56__835,470,18.8,0.167925,0.146966,5.28,67.805,0,0.7914,0.0475,0.0154,0.0,0.6667,0.0,0.0979,0.36
3358,56__1572,309,12.36,0.211689,0.196521,2.8,inf,0,1.0,0.035,0.0105,0.0,0.9467,0.0,0.0,0.24
3359,56__1109,345,13.8,0.236324,0.207936,10.48,15.552,0,1.0,0.1909,0.0408,0.0,0.9533,0.0,0.2448,0.4
3360,56__1397,321,12.84,0.24726,0.228316,10.88,22.756,0,1.0,0.0358,0.0208,0.0,0.7133,0.0,0.5722,0.32
3361,56__257,441,17.64,0.25269,0.227097,0.48,inf,0,0.8639,0.0372,0.0208,0.0,1.0,0.0,0.3259,0.28
3362,56__223,401,16.04,0.212188,0.202242,3.08,46.826,0,0.9957,0.0586,0.0087,0.0,1.0,0.0,0.0,0.2
3363,56__1197,331,13.24,0.208798,0.193013,9.0,45.064,0,1.0,0.0308,0.0079,0.0,0.8,0.0,0.2426,0.28
3364,56__712,284,11.36,0.145089,0.131541,4.48,202.781,0,1.0,0.0672,0.0151,0.0,0.4,0.0,0.0,0.28
3365,56__1258,440,17.6,0.210787,0.200049,10.48,75.861,0,0.8393,0.023,0.0215,0.0,1.0,0.0,0.1255,0.2
3366,56__236,338,13.52,0.30864,0.279242,12.36,10.623,0,1.0,0.0468,0.0211,0.0,1.0,0.0,0.7795,0.28
3367,56__1689,327,13.08,0.209727,0.188092,1.2,inf,0,1.0,0.0348,0.0191,0.0,0.5067,0.0,0.3878,0.28
3368,56__1588,283,11.32,0.21724,0.186046,2.04,378.298,0,1.0,0.0964,0.012,0.0,1.0,0.0,0.0,0.24
3369,56__803,303,12.12,0.226482,0.184329,7.52,19.749,0,1.0,0.062,0.0164,0.0,1.0,0.0,0.2378,0.24
3370,56__787,395,15.8,0.192575,0.165392,3.48,inf,0,0.9629,0.0326,0.0208,0.0,0.8667,0.0,0.0,0.2
3371,56__662,281,11.24,0.209142,0.197755,1.8,inf,0,1.0,0.0489,0.01,0.0,0.98,0.0,0.0,0.24
3372,56__169,398,15.92,0.281956,0.246096,1.52,56.632,0,0.9265,0.0358,0.0217,0.0,0.7467,0.0,0.6743,0.36
3373,56__1130,284,11.36,0.214785,0.205534,8.96,43.646,0,1.0,0.0315,0.0208,0.0,1.0,0.0,0.0,0.24
3374,56__805,283,11.32,0.222871,0.164366,8.76,69.723,0,1.0,0.0821,0.0342,0.0001,1.0,0.0,0.0,0.24
3375,56__1715,299,11.96,0.258185,0.234833,4.48,75.138,0,1.0,0.0535,0.0114,0.0,1.0,0.0,0.3259,0.28
3376,56__1287,399,15.96,0.190434,0.17787,8.08,54.141,0,0.9482,0.0271,0.008,0.0,0.8367,0.0,0.0,0.28
3377,56__56,352,14.08,0.2948,0.272635,6.96,38.973,0,1.0,0.0702,0.0166,0.0,1.0,0.0,0.5779,0.36
3378,56__1360,263,10.52,0.174165,0.165133,1.0,inf,0,1.0,0.0622,0.0099,0.0,0.63,0.0,0.0,0.32
3379,56__1356,325,13.0,0.180343,0.154574,11.56,inf,0,1.0,0.0431,0.0125,0.0,0.78,0.0,0.0,0.24
3380,56__388,371,14.84,0.176278,0.162916,11.96,38.656,0,1.0,0.0336,0.0113,0.0,0.7233,0.0,0.0,0.24
3381,56__1266,272,10.88,0.324368,0.158661,0.24,4.087,0,1.0,0.2758,0.0757,0.0001,1.0,0.5218,0.1164,0.2
3382,56__1450,304,12.16,0.309606,0.274499,1.4,inf,0,1.0,0.0829,0.0132,0.0,0.8867,0.0,0.7117,0.28
3383,56__138,406,16.24,0.209694,0.178034,1.04,inf,0,0.9443,0.0263,0.0208,0.0,0.7333,0.0,0.416,0.28
3384,56__1119,366,14.64,0.258314,0.221192,11.44,14.14,0,1.0,0.1272,0.0289,0.0,0.8933,0.0,0.4867,0.28
3385,56__771,286,11.44,0.24734,0.213715,10.32,19.1,0,1.0,0.0329,0.0118,0.0,0.8467,0.0,0.4619,0.24
3386,56__1013,243,9.72,0.178546,0.158136,7.6,80.163,0,1.0,0.0772,0.0311,0.0,0.73,0.0,0.0,0.32
3387,56__14,257,10.28,0.18601,0.170629,7.4,22.317,0,0.8904,0.0606,0.0255,0.0,0.7967,0.0,0.1686,0.2
3388,56__797,409,16.36,0.181997,0.161455,14.52,84.221,0,0.9332,0.0259,0.007,0.0,0.8,0.0,0.0,0.28
3389,56__1007,321,12.84,0.233879,0.166001,0.6,13.227,0,1.0,0.0636,0.0208,0.0,0.8733,0.0,0.3072,0.24
3390,56__483,438,17.52,0.311158,0.291944,3.88,30.91,0,0.8682,0.0491,0.0104,0.0,1.0,0.0,0.7016,0.36
3391,56__1161,311,12.44,0.190361,0.174798,2.88,inf,0,1.0,0.0659,0.0171,0.0,0.8067,0.0,0.0,0.36
3392,56__1646,422,16.88,0.230689,0.208969,1.0,20.199,0,0.9175,0.0401,0.0082,0.0,0.6733,0.0,0.5802,0.24
3393,56__165,241,9.64,0.188451,0.162017,8.32,32.776,0,1.0,0.0589,0.0234,0.0,0.7433,0.0,0.0,0.32
3394,56__379,316,12.64,0.237723,0.18172,1.76,inf,0,1.0,0.0515,0.0226,0.0,0.4733,0.0,0.7162,0.16
3395,56__1569,320,12.8,0.319894,0.281682,3.44,30.912,0,1.0,0.0561,0.0229,0.0,0.9267,0.0,0.7434,0.24
3396,56__1780,325,13.0,0.191004,0.167218,2.12,inf,0,1.0,0.1388,0.0318,0.0,0.6933,0.0,0.0,0.32
3397,56__178,403,16.12,0.234307,0.205296,3.36,38.026,0,0.9536,0.0588,0.0215,0.0,1.0,0.0,0.3378,0.32
3398,56__643,313,12.52,0.181444,0.154981,0.12,57.668,0,1.0,0.0445,0.0099,0.0,0.7667,0.0,0.0,0.24
3399,56__918,305,12.2,0.18566,0.163843,6.56,34.013,0,1.0,0.0461,0.0066,0.0,0.7533,0.0,0.0,0.24
3400,56__1514,443,17.72,0.19636,0.174917,6.0,inf,0,0.8614,0.0293,0.0099,0.0,0.9333,0.0,0.0,0.4
3401,56__728,290,11.6,0.238024,0.155938,0.52,13.701,0,1.0,0.0648,0.0199,0.0,0.7533,0.0,0.4974,0.24
3402,56__1448,233,9.32,0.204296,0.178279,5.4,83.022,0,1.0,0.0719,0.0122,0.0,0.8767,0.0,0.0,0.24
3403,56__1334,350,14.0,0.356461,0.317224,9.4,10.588,0,1.0,0.1557,0.0349,0.0,1.0,0.0,0.8319,0.28
3404,56__711,318,12.72,0.321728,0.287981,6.96,9.303,0,1.0,0.1115,0.0195,0.0,0.9833,0.0,0.7278,0.24
3405,56__814,274,10.96,0.275761,0.260533,4.8,237.125,0,1.0,0.0714,0.0208,0.0,0.6167,0.0,0.724,0.32
3406,56__1768,265,10.6,0.43305,0.263194,7.28,4.024,0,1.0,0.1586,0.0384,0.0,0.7567,0.5302,0.8479,0.24
3407,56__634,333,13.32,0.191719,0.179691,10.92,inf,0,1.0,0.0291,0.0056,0.0,0.84,0.0,0.0,0.28
3408,56__1445,281,11.24,0.228273,0.17348,9.16,inf,0,1.0,0.1787,0.0461,0.0001,1.0,0.0,0.0,0.24
3409,56__964,432,17.28,0.204589,0.135737,14.2,588.286,0,0.8811,0.0256,0.0206,0.0,0.6133,0.0,0.5443,0.28
3410,56__1703,410,16.4,0.226471,0.199557,1.24,inf,0,0.9275,0.0443,0.0152,0.0,0.9233,0.0,0.1784,0.28
3411,56__1707,412,16.48,0.251942,0.239752,5.0,78.444,0,0.9122,0.0247,0.0206,0.0,1.0,0.0,0.3057,0.32
3412,56__1122,356,14.24,0.228093,0.184654,10.28,14.51,0,1.0,0.1914,0.0508,0.0,0.6867,0.0,0.4124,0.24
3413,56__307,409,16.36,0.271233,0.250374,4.2,71.56,0,0.9189,0.0289,0.0094,0.0,0.64,0.0,0.7362,0.44
3414,56__317,281,11.24,0.221714,0.166831,5.32,18.855,0,1.0,0.066,0.0204,0.0,1.0,0.0,0.0,0.32
3415,56__551,433,17.32,0.246103,0.214022,15.44,44.955,0,0.8793,0.033,0.0188,0.0,0.6467,0.0,0.565,0.28
3416,56__855,390,15.6,0.282795,0.204451,7.96,inf,0,0.9154,0.044,0.0153,0.0,1.0,0.0,0.5841,0.36
3417,56__156,359,14.36,0.196904,0.162216,14.32,16.269,0,1.0,0.04,0.0057,0.0,0.89,0.0,0.0,0.32
3418,56__1695,457,18.28,0.176038,0.15029,1.88,inf,0,0.8271,0.0331,0.0208,0.0,0.6933,0.0,0.1622,0.28
3419,56__1587,325,13.0,0.27121,0.227258,2.76,38.375,0,1.0,0.0489,0.0144,0.0,1.0,0.0,0.4222,0.2
3420,56__1278,253,10.12,0.325816,0.183424,1.56,7.158,0,1.0,0.0762,0.0104,0.0001,1.0,0.1123,0.6016,0.2
3421,56__559,337,13.48,0.261486,0.222065,12.12,9.839,0,1.0,0.0243,0.0086,0.0,1.0,0.0,0.4657,0.28
3422,56__1662,306,12.24,0.297459,0.27529,10.52,10.695,0,1.0,0.0331,0.0078,0.0,1.0,0.0,0.71,0.24
3423,56__1002,309,12.36,0.173044,0.146249,2.28,20.263,0,1.0,0.0644,0.0158,0.0,0.5833,0.0,0.0,0.28
3424,56__403,318,12.72,0.21637,0.192669,1.76,62.807,0,1.0,0.053,0.0122,0.0,0.9067,0.0,0.1381,0.24
3425,56__1107,315,12.6,0.174198,0.154668,4.52,17.886,0,1.0,0.0434,0.0099,0.0,0.6267,0.0,0.0,0.32
3426,56__1701,270,10.8,0.31755,0.190867,2.12,8.36,0,1.0,0.1432,0.0317,0.0,0.8267,0.0,0.7531,0.32
3427,56__1055,458,18.32,0.168956,0.148301,15.4,36.523,0,0.8146,0.0373,0.0149,0.0,0.4533,0.0,0.2714,0.24
3428,56__1658,344,13.76,0.210917,0.202459,11.4,393.937,0,1.0,0.0334,0.0073,0.0,1.0,0.0,0.0,0.16
3429,56__296,289,11.56,0.214492,0.175285,9.68,11.115,0,1.0,0.0547,0.0208,0.0,1.0,0.0,0.0,0.16
3430,56__667,437,17.48,0.188556,0.165533,8.04,inf,0,0.8671,0.0263,0.0106,0.0001,0.9733,0.0,0.0,0.24
3431,56__519,265,10.6,0.213642,0.195616,9.64,10.879,0,1.0,0.0308,0.0137,0.0,1.0,0.0,0.276,0.16
3432,56__215,306,12.24,0.300747,0.206286,7.24,10.31,0,1.0,0.0832,0.0229,0.0001,1.0,0.0,0.6741,0.2
3433,56__1736,330,13.2,0.203625,0.190484,6.76,16.945,0,1.0,0.0758,0.0087,0.0,0.9,0.0,0.0278,0.32
3434,56__452,383,15.32,0.290756,0.23474,1.4,14.703,0,0.9811,0.0515,0.0233,0.0,1.0,0.0,0.6824,0.4
3435,56__1467,295,11.8,0.204426,0.187772,11.08,154.905,0,1.0,0.0472,0.0208,0.0,0.9367,0.0,0.2209,0.24
3436,56__89,408,16.32,0.202569,0.195341,1.28,inf,0,0.9025,0.0287,0.0087,0.0,1.0,0.0,0.0,0.28
3437,56__536,408,16.32,0.249873,0.196964,3.56,inf,0,0.9382,0.0341,0.0076,0.0,0.9533,0.0,0.399,0.16
3438,56__1482,296,11.84,0.210172,0.176817,0.08,inf,0,1.0,0.059,0.0241,0.0,0.77,0.0,0.2114,0.32
3439,56__781,264,10.56,0.156952,0.150248,1.4,43.784,0,1.0,0.0496,0.0072,0.0,0.53,0.0,0.0,0.28
3440,56__411,323,12.92,0.247607,0.209933,0.4,inf,0,1.0,0.0461,0.0113,0.0,1.0,0.0,0.459,0.28
3441,56__1568,303,12.12,0.314952,0.292776,3.48,16.297,0,1.0,0.0948,0.028,0.0,1.0,0.0,0.6052,0.28
3442,56__1433,334,13.36,0.332068,0.317059,4.8,19.059,0,1.0,0.0786,0.0264,0.0,1.0,0.0,0.7745,0.28
3443,56__993,303,12.12,0.218005,0.179462,4.2,inf,0,1.0,0.0372,0.0208,0.0,0.6733,0.0,0.2845,0.32
3444,56__1326,312,12.48,0.276946,0.25033,7.16,30.142,0,1.0,0.1,0.0189,0.0,0.9233,0.0,0.4502,0.32
3445,56__995,269,10.76,0.205003,0.159083,9.48,23.56,0,1.0,0.0643,0.0102,0.0,0.8767,0.0,0.2019,0.32
3446,56__898,252,10.08,0.244575,0.218193,8.48,35.212,0,1.0,0.0915,0.0202,0.0,0.85,0.0,0.3703,0.28
3447,56__1339,341,13.64,0.191459,0.161676,10.76,17.049,0,1.0,0.0506,0.014,0.0,0.76,0.0,0.0859,0.24
3448,56__1766,421,16.84,0.208555,0.195518,1.48,74.902,0,0.9025,0.0686,0.0272,0.0,1.0,0.0,0.0,0.24
3449,56__36,281,11.24,0.328469,0.257206,5.28,10.03,0,1.0,0.098,0.0288,0.0,1.0,0.0,0.784,0.4
3450,56__838,306,12.24,0.209037,0.173527,10.52,21.004,0,1.0,0.0449,0.0108,0.0,0.8467,0.0,0.1809,0.32
3451,56__347,321,12.84,0.330525,0.311988,3.96,23.543,0,1.0,0.0516,0.0116,0.0,1.0,0.0,0.7729,0.32
3452,56__794,288,11.52,0.227471,0.204187,10.64,inf,0,1.0,0.0771,0.0136,0.0,1.0,0.0,0.0,0.32
3453,56__279,437,17.48,0.229854,0.204637,0.76,inf,0,0.9079,0.0516,0.0138,0.0,0.88,0.0,0.4453,0.32
3454,56__1082,392,15.68,0.329049,0.317719,3.64,12.839,0,0.9246,0.0631,0.023,0.0,0.9,0.0,0.8991,0.48
3455,56__1274,435,17.4,0.202015,0.181346,2.28,180.934,0,0.8715,0.0385,0.0195,0.0001,1.0,0.0,0.0,0.16
3456,56__469,376,15.04,0.333157,0.309768,1.6,8.864,0,1.0,0.1021,0.0157,0.0,0.9,0.0,0.8776,0.36
3457,56__1544,287,11.48,0.190751,0.160622,9.44,20.418,0,1.0,0.0373,0.0108,0.0,0.6533,0.0,0.1314,0.24
3458,56__1529,417,16.68,0.279052,0.195581,1.92,548.75,0,0.9057,0.0572,0.0241,0.0,0.97,0.0,0.5455,0.24
3459,56__1358,304,12.16,0.251748,0.219227,9.4,10.386,0,1.0,0.0526,0.0229,0.0,0.48,0.0,0.7338,0.32
3460,56__473,415,16.6,0.173777,0.158601,1.88,inf,0,0.9114,0.1102,0.0444,0.0,0.7333,0.0,0.0509,0.24
3461,56__175,368,14.72,0.338856,0.297122,13.32,8.614,0,1.0,0.05,0.0076,0.0,1.0,0.0,0.834,0.28
3462,56__1637,304,12.16,0.288922,0.240649,0.6,696.6,0,1.0,0.1217,0.0311,0.0,0.86,0.0,0.6362,0.32
3463,56__541,293,11.72,0.296409,0.192044,3.88,4.773,0,1.0,0.066,0.0228,0.0,1.0,0.4303,0.2941,0.28
3464,56__1659,462,18.48,0.217803,0.141166,13.8,inf,0,0.8111,0.0229,0.0086,0.0,0.6067,0.0,0.5626,0.24
3465,56__1300,275,11.0,0.290081,0.2625,1.88,78.302,0,1.0,0.0643,0.0208,0.0,0.87,0.0,0.6483,0.32
3466,56__658,374,14.96,0.196909,0.155839,12.12,19.747,0,1.0,0.0301,0.0084,0.0,0.8567,0.0,0.1821,0.2
3467,56__718,330,13.2,0.20956,0.190721,2.44,53.434,0,1.0,0.0336,0.0126,0.0,0.9267,0.0,0.0,0.24
3468,56__1175,325,13.0,0.312518,0.285808,0.0,80.125,0,1.0,0.0693,0.0171,0.0,1.0,0.0,0.7084,0.36
3469,56__1549,325,13.0,0.216658,0.192751,9.92,inf,0,1.0,0.0308,0.0068,0.0,1.0,0.0,0.0,0.28
3470,56__1057,455,18.2,0.229706,0.188582,1.6,inf,0,0.8236,0.0364,0.0115,0.0,1.0,0.0,0.2353,0.28
3471,56__1518,368,14.72,0.297235,0.254462,6.24,136.789,0,1.0,0.0538,0.0208,0.0,0.92,0.0,0.596,0.4
3472,56__511,370,14.8,0.220737,0.17527,0.0,68.557,0,0.9561,0.142,0.1038,0.0,0.7333,0.0,0.3824,0.2
3473,56__548,284,11.36,0.263783,0.210934,1.72,inf,0,1.0,0.0915,0.0178,0.0,0.9267,0.0,0.4119,0.28
3474,56__163,384,15.36,0.280329,0.194171,4.64,inf,0,0.999,0.0364,0.0096,0.0,1.0,0.0,0.5433,0.28
3475,56__119,227,9.08,0.177397,0.160531,2.64,8.93,0,1.0,0.1543,0.0205,0.0,0.6367,0.0,0.0,0.32
3476,56__716,286,11.44,0.236738,0.217409,10.32,inf,0,1.0,0.0629,0.0126,0.0,0.82,0.0,0.5205,0.24
3477,56__1593,342,13.68,0.395041,0.221948,1.36,5.475,0,1.0,0.0537,0.0099,0.0,1.0,0.3367,0.8617,0.2
3478,56__288,261,10.44,0.220719,0.213658,5.16,30.176,0,1.0,0.0636,0.0062,0.0,1.0,0.0,0.0,0.28
3479,56__882,453,18.12,0.198646,0.179765,16.4,92.112,0,0.8597,0.0376,0.0114,0.0,1.0,0.0,0.0,0.32
3480,56__1488,428,17.12,0.275202,0.232727,14.32,24.597,0,0.8736,0.0479,0.0257,0.0,1.0,0.0,0.47,0.4
3481,56__1462,270,10.8,0.218907,0.191855,3.32,39.545,0,1.0,0.0305,0.0045,0.0,1.0,0.0,0.0,0.28
3482,56__892,240,9.6,0.208654,0.16525,8.12,8.924,0,1.0,0.236,0.0348,0.0,0.67,0.0,0.1143,0.32
3483,56__1708,397,15.88,0.264751,0.197993,4.8,inf,0,0.9539,0.0226,0.0071,0.0,0.96,0.0,0.449,0.32
3484,56__1494,342,13.68,0.272109,0.222639,0.0,53.19,0,1.0,0.1401,0.0693,0.0,0.8667,0.0,0.4766,0.24
3485,56__354,301,12.04,0.213933,0.152552,6.32,11.72,0,1.0,0.0637,0.0129,0.0001,1.0,0.0,0.0,0.24
3486,56__1676,321,12.84,0.301331,0.278721,11.08,46.114,0,1.0,0.0902,0.0236,0.0,1.0,0.0,0.4966,0.32
3487,56__558,426,17.04,0.18181,0.158706,13.76,79.855,0,0.8711,0.0289,0.0113,0.0001,0.6533,0.0,0.2095,0.28
3488,56__437,295,11.8,0.192307,0.160704,10.32,30.032,0,1.0,0.0429,0.0131,0.0,0.4167,0.0,0.2764,0.32
3489,56__938,435,17.4,0.197096,0.176479,1.52,98.896,0,0.8707,0.0301,0.0162,0.0,1.0,0.0,0.0,0.24
3490,56__715,343,13.72,0.211425,0.195242,10.52,87.186,0,1.0,0.0533,0.0107,0.0,1.0,0.0,0.0,0.24
3491,56__1096,379,15.16,0.313827,0.288476,6.4,38.791,0,0.9811,0.0219,0.01,0.0,1.0,0.0,0.6012,0.4
3492,56__340,315,12.6,0.376631,0.21492,6.64,4.757,0,1.0,0.1054,0.0227,0.0001,1.0,0.4324,0.4614,0.24
3493,56__276,392,15.68,0.280289,0.258455,2.08,inf,0,0.9839,0.0532,0.0145,0.0,0.9933,0.0,0.4926,0.28
3494,56__435,297,11.88,0.185619,0.161652,11.16,inf,0,1.0,0.0416,0.0084,0.0,0.7533,0.0,0.0,0.28
3495,56__103,403,16.12,0.232927,0.17755,0.0,inf,0,0.935,0.0286,0.0171,0.0,0.8867,0.0,0.3321,0.28
3496,56__1697,300,12.0,0.198486,0.17634,3.88,inf,0,1.0,0.0482,0.0151,0.0,0.8233,0.0,0.0,0.36
3497,56__470,299,11.96,0.289769,0.264972,9.52,26.061,0,1.0,0.0614,0.0181,0.0,0.94,0.0,0.5045,0.4
3498,56__1067,319,12.76,0.321526,0.270697,3.2,inf,0,1.0,0.1217,0.0262,0.0,0.8267,0.0,0.7834,0.48
3499,56__1347,419,16.76,0.228588,0.205172,3.76,inf,0,0.9211,0.0717,0.0318,0.0,0.8733,0.0,0.3628,0.28
3500,56__176,320,12.8,0.273958,0.254382,7.72,20.495,0,1.0,0.1075,0.0264,0.0,0.6,0.0,0.7369,0.36
3501,56__756,308,12.32,0.209659,0.174519,9.76,25.061,0,1.0,0.0718,0.0203,0.0,1.0,0.0,0.0,0.16
3502,56__422,291,11.64,0.204516,0.177248,10.4,inf,0,1.0,0.0529,0.0208,0.0,0.9067,0.0,0.0,0.28
3503,56__681,323,12.92,0.332832,0.22016,3.12,6.893,0,1.0,0.1452,0.0362,0.0002,1.0,0.1475,0.649,0.2
3504,56__1770,459,18.36,0.283463,0.232325,0.6,inf,0,0.82,0.0471,0.0188,0.0,1.0,0.0,0.5929,0.28
3505,56__637,322,12.88,0.305265,0.273072,1.6,14.648,0,1.0,0.0511,0.0113,0.0,0.9,0.0,0.7031,0.2
3506,56__402,310,12.4,0.193286,0.176671,2.16,218.61,0,1.0,0.0716,0.0193,0.0,0.7933,0.0,0.0,0.2
3507,56__776,297,11.88,0.442004,0.211981,2.88,2.215,0,1.0,0.0586,0.0199,0.0,1.0,0.7714,0.6131,0.28
3508,56__1729,370,14.8,0.215519,0.205315,12.68,inf,0,1.0,0.0261,0.0093,0.0,1.0,0.0,0.0,0.28
3509,56__263,310,12.4,0.293349,0.2141,6.12,17.114,0,1.0,0.0872,0.0231,0.0001,1.0,0.0,0.5926,0.24
3510,56__989,331,13.24,0.351811,0.304173,4.72,12.124,0,1.0,0.2758,0.0738,0.0,1.0,0.0,0.6976,0.28
3511,56__130,331,13.24,0.283704,0.236692,1.16,30.662,0,1.0,0.063,0.022,0.0,0.7067,0.0,0.6702,0.28
3512,56__1782,351,14.04,0.256874,0.224141,0.36,inf,0,1.0,0.0805,0.02,0.0,0.8533,0.0,0.6629,0.24
3513,56__603,308,12.32,0.191439,0.174987,12.16,inf,0,1.0,0.0437,0.0158,0.0,0.8533,0.0,0.0,0.24
3514,56__1423,312,12.48,0.174214,0.159114,10.36,29.007,0,1.0,0.0538,0.0117,0.0,0.6933,0.0,0.0,0.28
3515,56__1719,401,16.04,0.326825,0.280248,5.52,53.233,0,0.9679,0.053,0.015,0.0,0.9667,0.0,0.761,0.4
3516,56__246,332,13.28,0.200983,0.170428,4.48,inf,0,1.0,0.0834,0.0237,0.0,1.0,0.0,0.0,0.24
3517,56__795,323,12.92,0.267095,0.227193,4.28,inf,0,1.0,0.0836,0.0185,0.0,0.8733,0.0,0.4795,0.24
3518,56__357,451,18.04,0.199974,0.192331,16.24,205.933,0,0.8404,0.0312,0.02,0.0,1.0,0.0,0.0,0.24
3519,56__1527,212,8.48,0.270093,0.205327,6.52,10.164,0,1.0,0.5729,0.1583,0.0,0.9967,0.0,0.0,0.28
3520,56__626,281,11.24,0.163706,0.150825,3.72,41.833,0,1.0,0.0787,0.0209,0.0,0.5467,0.0,0.0,0.24
3521,56__639,257,10.28,0.248247,0.174268,6.24,5.697,0,1.0,0.0591,0.0093,0.0,1.0,0.307,0.1359,0.2
3522,56__1686,381,15.24,0.30259,0.270618,1.32,26.169,0,1.0,0.0443,0.0112,0.0,0.8667,0.0,0.7386,0.28
3523,56__220,346,13.84,0.277777,0.239825,0.0,inf,0,1.0,0.0418,0.0129,0.0,0.7267,0.0,0.6816,0.24
3524,56__1541,299,11.96,0.207487,0.189525,10.68,45.732,0,1.0,0.0543,0.0138,0.0,0.9067,0.0,0.0,0.24
3525,56__207,446,17.84,0.290133,0.260188,2.08,254.545,0,0.8393,0.0322,0.0125,0.0001,1.0,0.0,0.6241,0.24
3526,56__944,413,16.52,0.192308,0.168243,11.28,36.532,0,0.91,0.0317,0.01,0.0,0.74,0.0,0.2022,0.24
3527,56__615,421,16.84,0.204309,0.177264,16.04,inf,0,0.9336,0.0517,0.0128,0.0,0.9867,0.0,0.0,0.24
3528,56__1626,307,12.28,0.235987,0.212567,6.4,227.773,0,1.0,0.0857,0.0172,0.0,1.0,0.0,0.1745,0.32
3529,56__1784,305,12.2,0.260425,0.223907,10.68,18.29,0,1.0,0.0872,0.0223,0.0,0.84,0.0,0.4178,0.24
3530,56__1655,352,14.08,0.272,0.253564,1.08,44.645,0,1.0,0.0601,0.0219,0.0,1.0,0.0,0.4738,0.2
3531,56__575,413,16.52,0.142847,0.127621,7.48,297.174,0,0.9218,0.0287,0.0109,0.0001,0.4933,0.0,0.0,0.2
3532,56__949,442,17.68,0.195536,0.175749,3.68,inf,0,0.8632,0.036,0.0089,0.0,1.0,0.0,0.0,0.2
3533,56__907,456,18.24,0.199198,0.183593,1.32,94.905,0,0.8193,0.0371,0.0221,0.0,1.0,0.0,0.0057,0.24
3534,56__599,388,15.52,0.207492,0.17939,11.76,162.635,0,0.9293,0.0606,0.0169,0.0,1.0,0.0,0.0,0.24
3535,56__1247,316,12.64,0.142715,0.129975,11.48,inf,0,1.0,0.0472,0.0226,0.0,0.4133,0.0,0.0,0.2
3536,56__1470,250,10.0,0.469293,0.237076,7.08,3.092,0,1.0,0.1808,0.0313,0.0001,1.0,0.6544,0.8733,0.28
3537,56__858,453,18.12,0.158273,0.140677,4.08,90.39,0,0.835,0.03,0.0108,0.0,0.6,0.0,0.0,0.4
3538,56__937,279,11.16,0.176275,0.166634,4.16,57.0,0,1.0,0.0714,0.0241,0.0,0.6933,0.0,0.0,0.24
3539,56__1292,265,10.6,0.26033,0.178791,0.0,88.875,0,1.0,0.0297,0.0125,0.0,0.8967,0.0,0.4334,0.28
3540,56__446,348,13.92,0.220261,0.163515,3.24,50.981,0,1.0,0.0507,0.0129,0.0001,1.0,0.0,0.0,0.32
3541,56__401,294,11.76,0.132056,0.126728,9.96,inf,0,1.0,0.0838,0.0131,0.0,0.34,0.0,0.0,0.24
3542,56__786,404,16.16,0.200644,0.180853,14.92,inf,0,0.8883,0.0303,0.0109,0.0,1.0,0.0,0.0,0.24
3543,56__1217,286,11.44,0.269886,0.194943,4.64,95.318,0,1.0,0.1343,0.0338,0.0,0.4033,0.0,0.7857,0.28
3544,56__1517,263,10.52,0.163119,0.146275,9.24,34.043,0,1.0,0.0729,0.013,0.0,0.5367,0.0,0.0,0.28
3545,56__810,469,18.76,0.192125,0.168364,1.28,inf,0,0.8104,0.0179,0.0055,0.0,1.0,0.0,0.0,0.28
3546,56__1299,427,17.08,0.242674,0.133119,14.92,160.121,0,0.8893,0.0313,0.0285,0.0001,0.6733,0.0,0.785,0.36
3547,56__1441,311,12.44,0.211725,0.188001,8.04,41.052,0,1.0,0.0479,0.0089,0.0,0.9667,0.0,0.0,0.24
3548,56__458,421,16.84,0.236165,0.212905,13.0,inf,0,0.9264,0.0457,0.0219,0.0,0.6,0.0,0.5616,0.36
3549,56__700,353,14.12,0.186701,0.162611,12.16,17.153,0,1.0,0.0731,0.0167,0.0,0.5933,0.0,0.2022,0.24
3550,56__1745,413,16.52,0.219823,0.203084,8.2,inf,0,0.9161,0.036,0.0208,0.0,0.5867,0.0,0.4338,0.28
3551,56__1425,320,12.8,0.192297,0.156547,1.72,inf,0,1.0,0.0562,0.0083,0.0,0.8133,0.0,0.0,0.2
3552,56__1532,397,15.88,0.271709,0.221553,0.84,inf,0,0.9664,0.0773,0.0178,0.0,0.7667,0.0,0.6103,0.32
3553,56__339,393,15.72,0.229478,0.186911,12.56,25.461,0,0.9697,0.0377,0.0208,0.0,0.9733,0.0,0.2531,0.24
3554,56__518,238,9.52,0.132668,0.109931,0.52,inf,0,1.0,0.0348,0.0077,0.0,0.3567,0.0,0.0,0.2
3555,56__1406,407,16.28,0.322375,0.236841,6.36,6.526,0,0.9279,0.0689,0.0169,0.0001,1.0,0.1966,0.8207,0.32
3556,56__1233,421,16.84,0.162314,0.150116,2.04,153.034,0,0.8993,0.0201,0.006,0.0,0.6933,0.0,0.0,0.24
3557,56__1522,363,14.52,0.218412,0.179392,3.2,33.009,0,1.0,0.0447,0.0185,0.0,0.5467,0.0,0.4079,0.4
3558,56__1677,379,15.16,0.273176,0.23803,2.04,25.34,0,0.9929,0.043,0.0146,0.0,0.78,0.0,0.6379,0.32
3559,56__398,331,13.24,0.165461,0.148745,3.44,27.572,0,1.0,0.0322,0.0208,0.0,0.5967,0.0,0.0,0.2
3560,56__1188,409,16.36,0.284594,0.240899,14.52,33.107,0,0.9379,0.0378,0.0208,0.0,0.9333,0.0,0.5595,0.36
3561,56__1640,336,13.44,0.247807,0.213871,1.76,inf,0,1.0,0.033,0.0083,0.0,1.0,0.0,0.355,0.24
3562,56__808,317,12.68,0.212223,0.175708,11.88,inf,0,1.0,0.046,0.0055,0.0,0.96,0.0,0.0,0.36
3563,56__418,360,14.4,0.251571,0.195017,6.04,inf,0,1.0,0.0249,0.0097,0.0,0.88,0.0,0.4386,0.28
3564,56__397,417,16.68,0.226999,0.165273,10.0,inf,0,0.9404,0.0529,0.0133,0.0,0.6867,0.0,0.564,0.28
3565,56__431,366,14.64,0.205052,0.170865,2.76,35.286,0,0.9922,0.033,0.0208,0.0,0.8933,0.0,0.0,0.36
3566,56__1411,417,16.68,0.157865,0.134159,16.56,803.385,0,0.9108,0.0275,0.0079,0.0,0.6667,0.0,0.0,0.28
3567,56__1437,331,13.24,0.283452,0.25624,1.84,24.873,0,1.0,0.0857,0.0186,0.0,1.0,0.0,0.6224,0.24
3568,56__1328,352,14.08,0.289582,0.258251,3.96,17.309,0,1.0,0.0732,0.0208,0.0,0.8133,0.0,0.7347,0.28
3569,56__1088,458,18.32,0.226738,0.197527,7.64,87.286,0,0.8182,0.0343,0.011,0.0,0.69,0.0,0.4145,0.4
3570,56__65,399,15.96,0.203034,0.173375,14.24,33.5,0,0.9504,0.0319,0.0108,0.0001,0.94,0.0,0.0,0.2
3571,56__232,399,15.96,0.203424,0.186892,7.64,113.836,0,0.9464,0.0316,0.0208,0.0,0.9567,0.0,0.0,0.24
3572,56__150,403,16.12,0.253953,0.222872,13.84,22.006,0,0.9568,0.0586,0.0103,0.0,1.0,0.0,0.4478,0.24
3573,56__399,255,10.2,0.224031,0.207718,1.24,20.452,0,1.0,0.0939,0.0242,0.0,1.0,0.0,0.0,0.28
3574,56__1711,408,16.32,0.3168,0.30125,9.32,27.483,0,0.9411,0.0431,0.0173,0.0,1.0,0.0,0.7353,0.36
3575,56__1585,310,12.4,0.219026,0.205726,10.72,43.266,0,1.0,0.0691,0.0126,0.0,1.0,0.0,0.1493,0.16
3576,56__1497,271,10.84,0.275763,0.231071,9.76,7.132,0,1.0,0.2415,0.05,0.0,0.6567,0.1157,0.6502,0.44
3577,56__1234,323,12.92,0.275727,0.215079,1.52,12.936,0,1.0,0.0277,0.0106,0.0,0.68,0.0,0.6697,0.24
3578,56__908,312,12.48,0.262014,0.240356,1.6,inf,0,1.0,0.0422,0.0149,0.0,0.61,0.0,0.6912,0.28
3579,56__743,273,10.92,0.323559,0.222667,2.24,21.767,0,1.0,0.0515,0.0072,0.0,1.0,0.0,0.6991,0.4
3580,56__205,294,11.76,0.205751,0.198244,10.04,26.241,0,1.0,0.0376,0.0133,0.0,0.9533,0.0,0.0,0.24
3581,56__566,334,13.36,0.18732,0.131931,12.88,109.677,0,1.0,0.0719,0.0134,0.0,0.8,0.0,0.0,0.2
3582,56__52,445,17.8,0.247103,0.156863,9.72,inf,0,0.8521,0.0202,0.0082,0.0,0.6667,0.0,0.7593,0.28
3583,56__1377,299,11.96,0.166889,0.153542,6.12,40.07,0,1.0,0.0454,0.0094,0.0,0.58,0.0,0.0,0.24
3584,56__665,148,5.92,0.167211,0.153102,0.0,inf,0,1.0,0.1673,0.0352,0.0,0.53,0.0,0.0,0.28
3585,56__1313,396,15.84,0.281641,0.248327,13.52,28.915,0,0.9672,0.0486,0.0175,0.0,1.0,0.0,0.5374,0.36
3586,56__1511,342,13.68,0.274326,0.206196,6.56,18.522,0,1.0,0.0718,0.021,0.0,0.5467,0.0,0.8171,0.32
3587,56__144,374,14.96,0.159372,0.134976,12.88,33.308,0,1.0,0.0315,0.0114,0.0,0.58,0.0,0.0,0.2
3588,56__54,348,13.92,0.296357,0.269462,13.16,72.778,0,1.0,0.0545,0.0185,0.0,0.6933,0.0,0.8221,0.32
3589,56__164,415,16.6,0.281884,0.186658,11.84,inf,0,0.9225,0.0429,0.0172,0.0,0.76,0.0,0.7429,0.36
3590,56__973,312,12.48,0.176889,0.167599,7.16,inf,0,1.0,0.035,0.0194,0.0,0.7,0.0,0.0,0.28
3591,56__1458,452,18.08,0.199407,0.184066,3.44,191.718,0,0.8304,0.0243,0.0083,0.0,1.0,0.0,0.0,0.28
3592,56__1576,262,10.48,0.255536,0.157132,0.04,9.792,0,1.0,0.0972,0.024,0.0,0.5467,0.0,0.5959,0.2
3593,56__1076,460,18.4,0.272341,0.246338,13.8,16.051,0,0.8364,0.0929,0.0305,0.0,1.0,0.0,0.5507,0.36
3594,56__1368,453,18.12,0.280416,0.252461,6.0,40.417,0,0.8415,0.0297,0.0071,0.0,0.9567,0.0,0.6617,0.24
3595,56__1561,307,12.28,0.296293,0.255411,0.8,inf,0,1.0,0.0406,0.0148,0.0,0.9533,0.0,0.5603,0.28
3596,56__227,314,12.56,0.19881,0.1501,1.12,inf,0,1.0,0.0618,0.0143,0.0,0.74,0.0,0.1629,0.2
3597,56__1444,232,9.28,0.191198,0.161529,6.24,inf,0,1.0,0.0743,0.0208,0.0,0.79,0.0,0.0,0.24
3598,56__768,304,12.16,0.195109,0.178391,1.2,109.39,0,1.0,0.0461,0.0187,0.0,0.8867,0.0,0.0,0.16
3599,56__720,295,11.8,0.327042,0.297987,1.68,10.483,0,1.0,0.0743,0.0208,0.0,0.9767,0.0,0.8255,0.28
3600,56__1301,328,13.12,0.261908,0.201517,0.72,inf,0,1.0,0.0826,0.0208,0.0001,1.0,0.0,0.56,0.32
3601,56__1539,393,15.72,0.285773,0.216277,13.72,12.552,0,0.9259,0.0345,0.011,0.0001,1.0,0.0,0.5641,0.2
3602,56__386,322,12.88,0.229514,0.207391,6.72,86.526,0,1.0,0.0558,0.0139,0.0,0.5067,0.0,0.4776,0.28
3603,56__499,257,10.28,0.156016,0.143862,2.92,77.156,0,1.0,0.0364,0.0221,0.0,0.48,0.0,0.0,0.28
3604,56__400,335,13.4,0.252222,0.208055,2.12,inf,0,1.0,0.0375,0.0208,0.0,1.0,0.0,0.5228,0.24
3605,56__1308,385,15.4,0.258033,0.178593,11.88,inf,0,0.9286,0.0531,0.0129,0.0,1.0,0.0,0.6378,0.36
3606,56__1385,266,10.64,0.208652,0.187144,1.36,186.214,0,1.0,0.1359,0.061,0.0,0.89,0.0,0.0,0.24
3607,56__1283,322,12.88,0.160815,0.147361,11.32,28.967,0,1.0,0.0731,0.0096,0.0,0.5933,0.0,0.0,0.28
3608,56__99,306,12.24,0.393547,0.193402,10.68,3.377,0,1.0,0.0821,0.0295,0.0,1.0,0.6164,0.77,0.24
3609,56__574,401,16.04,0.205966,0.194614,3.56,326.395,0,0.9407,0.0211,0.0199,0.0,0.9833,0.0,0.0,0.24
3610,56__1484,300,12.0,0.23597,0.218066,1.68,68.853,0,1.0,0.0601,0.0205,0.0,0.4433,0.0,0.6369,0.32
3611,56__791,325,13.0,0.192733,0.177717,9.36,inf,0,1.0,0.0677,0.0109,0.0,0.7933,0.0,0.0,0.32
3612,56__1630,333,13.32,0.207188,0.193236,11.4,15.06,0,1.0,0.0459,0.0067,0.0,0.94,0.0,0.0,0.32
3613,56__553,320,12.8,0.195007,0.176227,3.6,inf,0,1.0,0.0591,0.0238,0.0,0.7,0.0,0.3753,0.32
3614,56__1492,430,17.2,0.277765,0.25056,9.52,35.39,0,0.9,0.0407,0.0206,0.0,1.0,0.0,0.4891,0.28
3615,56__1545,349,13.96,0.185516,0.170144,2.6,28.4,0,1.0,0.0223,0.0133,0.0,0.8267,0.0,0.0,0.2
3616,56__1712,310,12.4,0.25634,0.227782,3.2,90.765,0,1.0,0.0387,0.0119,0.0,1.0,0.0,0.5114,0.32
3617,56__611,442,17.68,0.263743,0.246996,9.32,72.898,0,0.8389,0.0277,0.0095,0.0,1.0,0.0,0.4419,0.24
3618,56__325,337,13.48,0.339859,0.303238,11.8,8.563,0,1.0,0.1143,0.0332,0.0,0.9,0.0,0.8879,0.36
3619,56__1409,314,12.56,0.323094,0.294607,6.28,29.173,0,1.0,0.0907,0.0361,0.0,0.9733,0.0,0.7845,0.24
3620,56__1160,295,11.8,0.235569,0.187286,0.72,162.321,0,1.0,0.0667,0.0208,0.0,0.87,0.0,0.2886,0.36
3621,56__1578,311,12.44,0.278791,0.248757,10.76,14.241,0,1.0,0.0247,0.0073,0.0,1.0,0.0,0.5909,0.2
3622,56__891,400,16.0,0.185493,0.163776,4.44,inf,0,0.8922,0.0277,0.0109,0.0,0.8533,0.0,0.0,0.24
3623,56__1384,314,12.56,0.275368,0.248182,2.88,12.059,0,1.0,0.0423,0.0196,0.0,0.6333,0.0,0.7907,0.28
3624,56__848,446,17.84,0.14547,0.125849,16.12,52.5,0,0.8514,0.0502,0.0189,0.0,0.5067,0.0,0.0,0.36
3625,56__543,303,12.12,0.243947,0.162162,1.56,6.346,0,1.0,0.0441,0.0127,0.0,0.6467,0.2205,0.5136,0.24
3626,56__98,438,17.52,0.261051,0.200398,0.24,64.969,0,0.885,0.0573,0.0215,0.0,0.7067,0.0,0.6809,0.28
3627,56__83,305,12.2,0.248091,0.22854,3.84,inf,0,1.0,0.0849,0.0193,0.0,0.7867,0.0,0.454,0.28
3628,56__1586,320,12.8,0.250633,0.224697,1.28,inf,0,1.0,0.0914,0.0198,0.0,0.9267,0.0,0.4216,0.16
3629,56__997,395,15.8,0.236708,0.209774,1.76,17.687,0,1.0,0.1144,0.0281,0.0,0.6533,0.0,0.4598,0.32
3630,56__68,304,12.16,0.187751,0.161682,0.88,136.323,0,1.0,0.0395,0.0077,0.0,0.8133,0.0,0.0,0.24
3631,56__1775,419,16.76,0.259972,0.247704,2.44,36.131,0,0.8439,0.0272,0.0076,0.0,0.8233,0.0,0.6269,0.24
3632,56__754,318,12.72,0.152156,0.132146,1.84,68.94,0,1.0,0.0392,0.0134,0.0,0.54,0.0,0.0,0.2
3633,56__709,323,12.92,0.28769,0.249449,11.24,15.727,0,1.0,0.1072,0.0291,0.0,0.8767,0.0,0.6747,0.28
3634,56__444,358,14.32,0.242793,0.199063,4.72,32.505,0,1.0,0.0661,0.0242,0.0,0.8,0.0,0.3603,0.32
3635,56__983,360,14.4,0.276219,0.259853,11.36,7.451,0,1.0,0.1072,0.0261,0.0,0.4533,0.0732,0.8733,0.32
3636,56__1403,452,18.08,0.283733,0.203486,12.32,inf,0,0.8321,0.0243,0.0245,0.0001,1.0,0.0,0.6488,0.28
3637,56__731,315,12.6,0.283556,0.263282,9.16,146.556,0,1.0,0.0546,0.0101,0.0,0.53,0.0,0.8176,0.36
3638,56__1090,386,15.44,0.329886,0.28741,1.08,12.685,0,1.0,0.1259,0.0519,0.0,0.8467,0.0,0.8552,0.48
3639,56__948,318,12.72,0.21478,0.162884,0.96,inf,0,1.0,0.1657,0.0452,0.0,0.9133,0.0,0.0,0.16
3640,56__15,266,10.64,0.34083,0.232829,6.48,5.696,0,0.9896,0.0468,0.0141,0.0001,1.0,0.3072,0.7567,0.24
3641,56__35,276,11.04,0.34081,0.290425,7.12,6.428,0,1.0,0.0936,0.0425,0.0,0.8567,0.2096,0.8302,0.4
3642,56__554,359,14.36,0.214783,0.188341,0.0,inf,0,1.0,0.0233,0.0061,0.0,0.8333,0.0,0.2562,0.32
3643,56__1773,425,17.0,0.320838,0.296615,1.88,25.918,0,0.8936,0.039,0.0153,0.0,0.9333,0.0,0.8314,0.36
3644,56__1249,421,16.84,0.281915,0.179643,13.96,inf,0,0.8961,0.0216,0.0075,0.0,0.9033,0.0,0.7031,0.2
3645,56__314,340,13.6,0.333127,0.309778,8.08,9.603,0,1.0,0.073,0.026,0.0,0.8733,0.0,0.864,0.4
3646,56__208,293,11.72,0.276676,0.230852,9.56,28.112,0,1.0,0.0566,0.012,0.0,0.7867,0.0,0.5966,0.24
3647,56__1275,285,11.4,0.213935,0.180554,0.88,11.352,0,1.0,0.0808,0.0125,0.0001,1.0,0.0,0.0,0.2
3648,56__1038,316,12.64,0.275818,0.259434,3.52,79.053,0,1.0,0.1273,0.0179,0.0,0.7333,0.0,0.6586,0.4
3649,56__1535,352,14.08,0.549053,0.289096,5.08,2.23,0,1.0,0.16,0.0515,0.0002,1.0,0.7693,0.9478,0.28
3650,56__570,309,12.36,0.252093,0.204652,10.96,13.299,0,1.0,0.0348,0.0208,0.0,0.7467,0.0,0.4903,0.24
3651,56__698,433,17.32,0.192002,0.181187,15.2,79.137,0,0.8807,0.04,0.011,0.0,0.93,0.0,0.0,0.28
3652,56__583,291,11.64,0.195888,0.174317,7.0,11.351,0,1.0,0.0529,0.0144,0.0,0.78,0.0,0.4157,0.2
3653,56__1150,428,17.12,0.20753,0.197051,9.28,inf,0,0.8832,0.0236,0.0141,0.0,1.0,0.0,0.0,0.32
3654,56__516,356,14.24,0.1808,0.1275,0.0,16.216,0,1.0,0.0541,0.0158,0.0,0.82,0.0,0.1579,0.12
3655,56__597,314,12.56,0.244199,0.206481,9.12,15.952,0,1.0,0.1514,0.0367,0.0,0.3933,0.0,0.6205,0.24
3656,56__1551,415,16.6,0.29352,0.274807,15.2,32.973,0,0.9114,0.0491,0.0149,0.0,1.0,0.0,0.6388,0.24
3657,56__64,308,12.32,0.274753,0.24229,10.96,25.239,0,1.0,0.0444,0.0212,0.0,0.56,0.0,0.7607,0.28
3658,56__1331,350,14.0,0.289573,0.2445,1.0,56.898,0,1.0,0.0907,0.0252,0.0,1.0,0.0,0.4693,0.28
3659,56__294,302,12.08,0.239604,0.197647,10.92,9.776,0,1.0,0.1043,0.0196,0.0,0.7867,0.0,0.5191,0.2
3660,56__1048,337,13.48,0.296221,0.235127,1.72,inf,0,1.0,0.0659,0.0162,0.0,1.0,0.0,0.5666,0.4
3661,56__104,384,15.36,0.309577,0.218915,10.92,10.026,0,0.9408,0.0866,0.0396,0.0005,1.0,0.0,0.7633,0.28
3662,56__1704,303,12.12,0.290926,0.18029,3.08,23.502,0,1.0,0.0682,0.0191,0.0,1.0,0.0,0.4933,0.28
3663,56__1627,433,17.32,0.178902,0.150298,0.8,119.771,0,0.8639,0.0358,0.0084,0.0,0.6933,0.0,0.1183,0.24
3664,56__1256,440,17.6,0.268951,0.248666,4.4,63.442,0,0.8661,0.033,0.0102,0.0,1.0,0.0,0.5226,0.12
3665,56__1195,336,13.44,0.266863,0.243695,11.96,13.583,0,1.0,0.0517,0.0097,0.0,0.4067,0.0,0.8441,0.24
3666,56__1050,293,11.72,0.302582,0.231026,10.04,38.949,0,1.0,0.0633,0.0225,0.0001,1.0,0.0,0.4747,0.48
3667,56__378,285,11.4,0.404476,0.247779,7.84,5.759,0,1.0,0.1373,0.029,0.0,1.0,0.2988,0.856,0.2
3668,56__741,280,11.2,0.222426,0.16279,7.2,49.372,0,1.0,0.0583,0.0181,0.0001,1.0,0.0,0.0588,0.36
3669,56__262,425,17.0,0.221304,0.200286,14.08,42.5,0,0.8893,0.0329,0.0252,0.0,1.0,0.0,0.1417,0.24
3670,56__922,328,13.12,0.170317,0.152065,1.84,inf,0,1.0,0.0546,0.0125,0.0,0.6333,0.0,0.0509,0.2
3671,56__1182,336,13.44,0.263841,0.149965,1.68,25.617,0,1.0,0.0786,0.0211,0.0001,0.7467,0.0,0.5372,0.24
3672,56__542,427,17.08,0.185697,0.165045,10.68,263.0,0,0.88,0.0402,0.0208,0.0,0.8767,0.0,0.0,0.2
3673,56__1757,403,16.12,0.267954,0.172187,2.0,inf,0,0.9386,0.0322,0.0087,0.0,0.94,0.0,0.5593,0.24
3674,56__1416,280,11.2,0.180443,0.16251,0.8,inf,0,1.0,0.0715,0.0128,0.0,0.7133,0.0,0.0,0.32
3675,56__1516,329,13.16,0.335408,0.316436,5.04,12.975,0,1.0,0.0458,0.014,0.0,1.0,0.0,0.784,0.4
3676,56__1405,285,11.4,0.278737,0.235875,0.92,19.548,0,1.0,0.0881,0.0208,0.0,0.96,0.0,0.524,0.32
3677,56__49,287,11.48,0.17939,0.167837,7.36,67.967,0,1.0,0.0677,0.0221,0.0,0.7367,0.0,0.0,0.36
3678,56__906,288,11.52,0.240358,0.213093,10.44,12.356,0,1.0,0.051,0.0106,0.0,0.8733,0.0,0.4559,0.24
3679,56__309,405,16.2,0.265296,0.245821,13.76,39.824,0,0.9404,0.053,0.0214,0.0,0.4,0.0,0.8171,0.44
3680,56__1571,294,11.76,0.214959,0.205115,8.76,70.678,0,1.0,0.0757,0.0258,0.0,1.0,0.0,0.0,0.16
3681,56__537,261,10.44,0.214637,0.165533,3.16,22.769,0,1.0,0.0966,0.0167,0.0,1.0,0.0,0.0,0.2
3682,56__1713,409,16.36,0.21086,0.178016,15.0,inf,0,0.9233,0.0298,0.0075,0.0001,1.0,0.0,0.0,0.36
3683,56__1204,340,13.6,0.272256,0.233003,1.28,inf,0,1.0,0.0417,0.0208,0.0,0.7867,0.0,0.5862,0.32
3684,56__43,418,16.72,0.25441,0.233294,8.08,42.695,0,0.9332,0.0527,0.0164,0.0,0.8767,0.0,0.4826,0.28
3685,56__1692,325,13.0,0.154608,0.141235,2.72,93.016,0,1.0,0.033,0.0118,0.0,0.4333,0.0,0.094,0.28
3686,56__385,379,15.16,0.174081,0.153669,9.64,inf,0,1.0,0.0921,0.0301,0.0,0.6467,0.0,0.0,0.32
3687,56__725,340,13.6,0.270832,0.249122,10.56,47.634,0,1.0,0.1371,0.0456,0.0,0.9267,0.0,0.4898,0.28
3688,56__1478,356,14.24,0.289444,0.258831,10.44,36.265,0,1.0,0.0961,0.0233,0.0,1.0,0.0,0.534,0.24
3689,56__593,267,10.68,0.165453,0.143025,4.6,32.487,0,1.0,0.05,0.0134,0.0,0.61,0.0,0.0,0.24
3690,56__959,323,12.92,0.300949,0.228144,3.2,inf,0,1.0,0.062,0.0134,0.0001,1.0,0.0,0.8262,0.24
3691,56__283,435,17.4,0.250858,0.223219,3.2,37.712,0,0.8775,0.0317,0.0064,0.0,0.6867,0.0,0.6091,0.36
3692,56__153,291,11.64,0.179091,0.167146,1.88,44.988,0,1.0,0.0319,0.0208,0.0,0.72,0.0,0.0,0.24
3693,56__1498,319,12.76,0.222497,0.1955,0.32,54.236,0,1.0,0.0367,0.0086,0.0,0.8867,0.0,0.435,0.32
3694,56__815,392,15.68,0.219328,0.172103,14.68,inf,0,0.9154,0.0872,0.0291,0.0001,1.0,0.0,0.4534,0.4
3695,56__1159,433,17.32,0.216127,0.20537,7.6,337.941,0,0.8757,0.0263,0.0152,0.0,1.0,0.0,0.0538,0.32
3696,56__31,282,11.28,0.220243,0.163282,10.52,inf,0,1.0,0.0529,0.0141,0.0,1.0,0.0,0.0,0.32
3697,56__1340,299,11.96,0.196755,0.175308,1.68,15.887,0,1.0,0.1133,0.0173,0.0,0.75,0.0,0.2612,0.24
3698,56__70,285,11.4,0.254358,0.190764,0.8,11.091,0,1.0,0.1062,0.0223,0.0,1.0,0.0,0.4955,0.32
3699,56__192,406,16.24,0.173732,0.154719,3.0,80.106,0,0.9214,0.0208,0.0208,0.0,0.7533,0.0,0.0,0.24
3700,56__819,410,16.4,0.198691,0.178441,1.4,inf,0,0.935,0.0272,0.009,0.0,0.9733,0.0,0.0,0.32
3701,56__514,284,11.36,0.187554,0.156533,5.24,inf,0,1.0,0.0836,0.0104,0.0,0.74,0.0,0.0,0.2
3702,56__649,343,13.72,0.301395,0.277084,5.44,inf,0,1.0,0.0303,0.0208,0.0,1.0,0.0,0.6105,0.24
3703,56__630,242,9.68,0.165881,0.146076,1.16,20.538,0,1.0,0.0533,0.0175,0.0,0.6,0.0,0.0497,0.2
3704,56__22,282,11.28,0.21859,0.159129,1.72,9.82,0,1.0,0.0615,0.0156,0.0,1.0,0.0,0.0,0.28
3705,56__982,297,11.88,0.307152,0.273739,9.56,18.654,0,1.0,0.0444,0.0123,0.0,0.8467,0.0,0.7152,0.4
3706,56__1187,284,11.36,0.219438,0.196053,9.12,17.731,0,1.0,0.0897,0.0097,0.0,1.0,0.0,0.2078,0.36
3707,56__750,320,12.8,0.214235,0.160102,11.28,92.257,0,1.0,0.0532,0.0127,0.0,1.0,0.0,0.0,0.32
3708,56__256,288,11.52,0.169284,0.135436,9.72,29.004,0,1.0,0.0565,0.0205,0.0,0.64,0.0,0.0,0.28
3709,56__275,298,11.92,0.21823,0.188754,10.4,28.353,0,1.0,0.0517,0.0111,0.0,0.68,0.0,0.325,0.32
3710,56__1039,447,17.88,0.275605,0.253203,12.56,57.037,0,0.8389,0.0194,0.0079,0.0,1.0,0.0,0.5053,0.4
3711,56__190,418,16.72,0.211101,0.197706,2.48,475.939,0,0.9061,0.0443,0.0207,0.0,1.0,0.0,0.0,0.28
3712,56__1602,324,12.96,0.324471,0.297762,8.4,14.438,0,1.0,0.0454,0.0203,0.0,0.9333,0.0,0.7769,0.32
3713,56__605,406,16.24,0.126867,0.11355,2.28,119.529,0,0.9314,0.0286,0.0089,0.0,0.3467,0.0,0.0,0.28
3714,56__1530,452,18.08,0.264333,0.165956,10.4,inf,0,0.8389,0.0291,0.0084,0.0,0.6267,0.0,0.7319,0.28
3715,56__475,356,14.24,0.219467,0.191494,4.68,15.584,0,1.0,0.1176,0.0317,0.0,0.8667,0.0,0.2747,0.32
3716,56__158,392,15.68,0.182381,0.1412,14.08,278.18,0,0.9418,0.0344,0.0092,0.0001,0.8067,0.0,0.0,0.2
3717,56__777,284,11.36,0.219278,0.15881,5.36,inf,0,1.0,0.0571,0.0148,0.0,1.0,0.0,0.0,0.24
3718,56__714,403,16.12,0.210551,0.196364,4.72,44.272,0,0.9443,0.0482,0.0112,0.0001,1.0,0.0,0.0,0.24
3719,56__238,395,15.8,0.304364,0.284751,13.72,37.163,0,0.9636,0.0542,0.0208,0.0,0.8733,0.0,0.7345,0.36
3720,56__1311,323,12.92,0.218438,0.20819,11.76,20.407,0,1.0,0.0961,0.0199,0.0,1.0,0.0,0.0,0.24
3721,56__861,416,16.64,0.289369,0.23441,15.16,28.042,0,0.9182,0.0447,0.0212,0.0,0.9133,0.0,0.7005,0.4
3722,56__1648,309,12.36,0.205393,0.183951,7.44,1899.25,0,1.0,0.0312,0.009,0.0,0.88,0.0,0.0,0.28
3723,56__59,425,17.0,0.20598,0.194228,12.76,119.128,0,0.8836,0.0385,0.0175,0.0,1.0,0.0,0.0,0.28
3724,56__151,354,14.16,0.188851,0.17165,4.08,87.648,0,1.0,0.04,0.0098,0.0,0.6467,0.0,0.2269,0.24
3725,56__846,289,11.56,0.284279,0.265193,2.2,90.913,0,1.0,0.1059,0.0274,0.0,0.6733,0.0,0.6769,0.44
3726,56__1017,283,11.32,0.247789,0.214848,0.8,13.429,0,1.0,0.0557,0.0159,0.0,0.6567,0.0,0.6155,0.24
3727,56__371,366,14.64,0.163615,0.129474,1.28,58.903,0,1.0,0.0475,0.0221,0.0001,0.62,0.0,0.0,0.2
3728,56__261,333,13.32,0.285738,0.205883,11.88,7.844,0,1.0,0.0841,0.0264,0.0001,1.0,0.0208,0.4188,0.28
3729,56__856,408,16.32,0.329564,0.299845,3.4,22.659,0,0.9393,0.1615,0.0554,0.0001,1.0,0.0,0.8257,0.4
3730,56__1323,432,17.28,0.189779,0.175174,13.04,53.923,0,0.8868,0.034,0.0208,0.0,0.89,0.0,0.0,0.32
3731,56__1566,318,12.72,0.162351,0.152092,3.92,89.397,0,1.0,0.0516,0.0158,0.0,0.54,0.0,0.0,0.28
3732,56__1556,432,17.28,0.195226,0.152115,0.24,inf,0,0.9011,0.0702,0.0213,0.0,0.7733,0.0,0.161,0.2
3733,56__194,334,13.36,0.195234,0.162585,3.28,inf,0,1.0,0.03,0.0056,0.0,0.8533,0.0,0.0,0.24
3734,56__149,359,14.36,0.193717,0.168106,3.4,42.161,0,1.0,0.0371,0.0101,0.0,0.8133,0.0,0.27,0.16
3735,56__111,379,15.16,0.23286,0.20116,13.32,30.616,0,0.9346,0.0465,0.0208,0.0,0.93,0.0,0.2691,0.2
3736,56__701,298,11.92,0.256278,0.210762,0.24,91.951,0,1.0,0.0415,0.019,0.0,0.7967,0.0,0.4784,0.24
3737,56__264,430,17.2,0.189653,0.149983,17.16,25.985,0,0.8746,0.0326,0.0205,0.0001,0.9733,0.0,0.0,0.2
3738,56__1628,307,12.28,0.306872,0.28655,11.44,60.154,0,1.0,0.1003,0.0243,0.0,0.9067,0.0,0.6843,0.28
3739,56__999,432,17.28,0.262643,0.23584,2.32,79.341,0,0.8861,0.0787,0.0232,0.0,0.9733,0.0,0.444,0.36
3740,56__888,283,11.32,0.322897,0.214087,3.04,4.744,0,1.0,0.1189,0.0222,0.0,1.0,0.4342,0.4969,0.28
3741,56__612,404,16.16,0.292016,0.268653,2.24,inf,0,0.9322,0.0305,0.0139,0.0,0.8267,0.0,0.7481,0.28
3742,56__1169,368,14.72,0.317587,0.297585,7.52,11.5,0,1.0,0.1272,0.0277,0.0,0.8933,0.0,0.8722,0.36
3743,56__1413,318,12.72,0.265273,0.233194,1.32,164.083,0,1.0,0.0491,0.0226,0.0,0.8933,0.0,0.456,0.24
3744,56__1622,406,16.24,0.15962,0.145781,3.6,58.972,0,0.9361,0.0282,0.0086,0.0,0.6633,0.0,0.0,0.24
3745,56__867,312,12.48,0.312625,0.267712,6.6,inf,0,1.0,0.0586,0.0097,0.0,1.0,0.0,0.564,0.48
3746,56__991,394,15.76,0.278893,0.257461,4.96,20.935,0,0.9475,0.0343,0.0156,0.0,0.5333,0.0,0.8183,0.32
3747,56__25,417,16.68,0.247559,0.16485,12.36,inf,0,0.9089,0.03,0.0078,0.0,0.6933,0.0,0.5522,0.36
3748,56__1020,313,12.52,0.185366,0.158317,0.4,16.444,0,1.0,0.0317,0.0208,0.0,0.8133,0.0,0.0,0.24
3749,56__1144,332,13.28,0.216156,0.189541,2.24,inf,0,1.0,0.0659,0.0168,0.0,1.0,0.0,0.0,0.2
3750,56__613,298,11.92,0.210337,0.17171,0.84,107.719,0,1.0,0.0437,0.0136,0.0,0.9333,0.0,0.0,0.32
3751,56__650,262,10.48,0.460712,0.288531,0.8,4.161,0,1.0,0.1429,0.0634,0.0,1.0,0.5119,0.8962,0.28
3752,56__1060,311,12.44,0.212311,0.188977,10.04,inf,0,1.0,0.059,0.0244,0.0,0.8667,0.0,0.1988,0.32
3753,56__1040,314,12.56,0.260454,0.234099,2.6,29.086,0,1.0,0.1144,0.0193,0.0,0.4733,0.0,0.7007,0.32
3754,56__1684,321,12.84,0.255479,0.226345,11.72,22.84,0,1.0,0.0406,0.0111,0.0,0.8,0.0,0.5312,0.28
3755,56__1765,241,9.64,0.190264,0.17169,7.52,13.504,0,1.0,0.1486,0.0592,0.0,0.6633,0.0,0.0,0.32
3756,56__912,310,12.4,0.419982,0.26947,4.12,3.156,0,1.0,0.0634,0.0197,0.0001,1.0,0.6459,0.7203,0.24
3757,56__987,339,13.56,0.306734,0.266115,10.24,7.675,0,1.0,0.1026,0.0199,0.0,0.8933,0.0433,0.6993,0.32
3758,56__1636,424,16.96,0.260567,0.237431,4.08,75.673,0,0.8918,0.0401,0.0208,0.0,1.0,0.0,0.411,0.2
3759,56__1307,281,11.24,0.32013,0.279399,5.64,11.333,0,1.0,0.1177,0.0373,0.0,1.0,0.0,0.6355,0.28
3760,56__1666,316,12.64,0.222481,0.191962,6.24,15.35,0,1.0,0.0334,0.0086,0.0,0.7133,0.0,0.459,0.24
3761,56__963,299,11.96,0.244993,0.203515,2.36,101.714,0,1.0,0.0493,0.0077,0.0,1.0,0.0,0.1962,0.24
3762,56__1396,294,11.76,0.205909,0.188486,1.0,77.833,0,1.0,0.0559,0.009,0.0,0.9267,0.0,0.0,0.32
3763,56__1732,458,18.32,0.199226,0.184271,16.36,inf,0,0.8361,0.0331,0.0095,0.0001,1.0,0.0,0.0,0.36
3764,56__1203,405,16.2,0.308053,0.279821,4.36,72.387,0,0.9321,0.04,0.0163,0.0,1.0,0.0,0.6559,0.32
3765,56__1515,364,14.56,0.265471,0.22418,2.16,inf,0,1.0,0.053,0.0052,0.0,1.0,0.0,0.355,0.4
3766,56__1053,291,11.64,0.264969,0.242807,9.8,11.072,0,1.0,0.0931,0.0211,0.0,0.53,0.0,0.7214,0.52
3767,56__924,382,15.28,0.367096,0.253404,9.12,5.015,0,1.0,0.0847,0.0231,0.0002,1.0,0.398,0.8962,0.28
3768,56__306,407,16.28,0.301277,0.211192,10.92,inf,0,0.9393,0.0317,0.0164,0.0001,0.9333,0.0,0.7245,0.44
3769,56__1314,301,12.04,0.319362,0.263388,2.04,inf,0,1.0,0.046,0.0098,0.0,1.0,0.0,0.8098,0.44
3770,56__1277,357,14.28,0.176751,0.161848,11.16,25.919,0,1.0,0.0934,0.0271,0.0,0.6933,0.0,0.0622,0.24
3771,56__828,318,12.72,0.205308,0.191647,11.8,36.907,0,1.0,0.0992,0.0206,0.0,0.86,0.0,0.0,0.4
3772,56__81,408,16.32,0.240228,0.217202,0.68,inf,0,0.9364,0.0281,0.0079,0.0,0.6133,0.0,0.6007,0.32
3773,56__831,435,17.4,0.216376,0.201037,6.56,387.48,0,0.8739,0.0344,0.0153,0.0,1.0,0.0,0.1262,0.36
3774,56__1190,284,11.36,0.216144,0.139982,5.92,53.298,0,1.0,0.0611,0.0118,0.0,1.0,0.0,0.0,0.28
3775,56__174,319,12.76,0.307026,0.275933,10.04,14.747,0,1.0,0.122,0.0365,0.0,0.72,0.0,0.7243,0.4
3776,56__589,292,11.68,0.165092,0.141177,10.64,63.055,0,1.0,0.0507,0.0208,0.0,0.5967,0.0,0.0,0.2
3777,56__1733,297,11.88,0.277341,0.253662,1.68,41.0,0,1.0,0.0744,0.0183,0.0,0.4233,0.0,0.8374,0.4
3778,56__485,348,13.92,0.278728,0.253825,2.52,22.556,0,1.0,0.07,0.0116,0.0,0.8133,0.0,0.6495,0.4
3779,56__1598,429,17.16,0.178563,0.154432,5.44,inf,0,0.8811,0.0247,0.0221,0.0001,0.8,0.0,0.0,0.28
3780,56__1200,328,13.12,0.315845,0.292502,5.08,17.646,0,1.0,0.0461,0.0207,0.0,1.0,0.0,0.6526,0.36
3781,56__1069,463,18.52,0.300024,0.259136,4.64,350.143,0,0.8175,0.0944,0.0278,0.0,0.9733,0.0,0.6145,0.44
3782,56__1084,478,19.12,0.211086,0.188608,6.4,117.256,0,0.7868,0.0315,0.0208,0.0,0.9,0.0,0.411,0.4
3783,56__942,296,11.84,0.194153,0.17441,0.32,inf,0,1.0,0.0434,0.0081,0.0,0.8067,0.0,0.0,0.28
3784,56__1490,362,14.48,0.209389,0.148861,4.72,inf,0,1.0,0.0667,0.0207,0.0,0.46,0.0,0.641,0.2
3785,56__981,400,16.0,0.297861,0.272178,7.04,42.229,0,0.9393,0.0786,0.0259,0.0,0.7733,0.0,0.715,0.36
3786,56__1749,286,11.44,0.216497,0.179212,1.16,inf,0,1.0,0.1393,0.0367,0.0,1.0,0.0,0.0,0.32
3787,56__816,473,18.92,0.257169,0.22115,1.0,inf,0,0.8014,0.0203,0.0133,0.0,0.9533,0.0,0.4574,0.36
3788,56__706,319,12.76,0.315349,0.2615,1.28,inf,0,1.0,0.0937,0.0273,0.0,0.8967,0.0,0.7631,0.28
3789,56__326,302,12.08,0.207865,0.158718,3.52,22.314,0,1.0,0.0987,0.0318,0.0001,1.0,0.0,0.0681,0.32
3790,56__689,346,13.84,0.252069,0.206705,12.08,16.255,0,1.0,0.0415,0.0077,0.0,0.8067,0.0,0.4836,0.16
3791,56__66,272,10.88,0.193762,0.171506,3.72,34.454,0,1.0,0.106,0.0283,0.0,0.75,0.0,0.0,0.24
3792,56__598,293,11.72,0.214361,0.204754,4.44,16.885,0,1.0,0.0449,0.0084,0.0,1.0,0.0,0.0,0.2
3793,56__668,322,12.88,0.305578,0.243846,2.2,26.7,0,1.0,0.0395,0.0099,0.0,0.9467,0.0,0.6934,0.24
3794,56__823,300,12.0,0.222765,0.157869,11.08,542.3,0,1.0,0.0602,0.0113,0.0,1.0,0.0,0.1034,0.36
3795,56__1140,292,11.68,0.181544,0.161587,5.4,79.068,0,1.0,0.0486,0.0208,0.0,0.7933,0.0,0.0,0.2
3796,56__1466,401,16.04,0.191134,0.173266,1.08,inf,0,0.9407,0.0271,0.0102,0.0,0.8733,0.0,0.0,0.24
3797,56__919,446,17.84,0.301473,0.270616,15.84,16.271,0,0.8843,0.0573,0.0264,0.0,1.0,0.0,0.6269,0.32
3798,56__515,287,11.48,0.256368,0.238466,10.28,28.107,0,1.0,0.0657,0.0132,0.0,0.8467,0.0,0.4531,0.16
3799,56__840,285,11.4,0.158363,0.142157,0.68,45.786,0,1.0,0.0651,0.0207,0.0,0.53,0.0,0.0,0.4
3800,56__1350,302,12.08,0.15334,0.140688,6.2,31.508,0,1.0,0.0519,0.0099,0.0,0.5267,0.0,0.0,0.2
3801,56__1070,404,16.16,0.193967,0.166586,14.24,195.419,0,0.9339,0.0297,0.0106,0.0,0.8933,0.0,0.0,0.4
3802,56__477,305,12.2,0.187225,0.172452,7.56,35.212,0,1.0,0.056,0.0201,0.0,0.7467,0.0,0.0881,0.32
3803,56__1472,361,14.44,0.513434,0.289247,8.24,2.535,0,1.0,0.1069,0.0292,0.0,1.0,0.7287,0.8597,0.28
3804,56__976,358,14.32,0.279135,0.246562,2.04,inf,0,1.0,0.113,0.0165,0.0,0.66,0.0,0.7047,0.4
3805,56__1619,304,12.16,0.210374,0.182095,11.04,25.197,0,1.0,0.0393,0.0221,0.0,1.0,0.0,0.0766,0.32
3806,56__356,416,16.64,0.185226,0.159616,13.4,inf,0,0.9118,0.0305,0.0105,0.0,0.8333,0.0,0.0,0.24
3807,56__1429,310,12.4,0.165133,0.141182,1.68,54.005,0,1.0,0.0601,0.0078,0.0,0.5933,0.0,0.0,0.16
3808,56__862,319,12.76,0.253222,0.201674,2.08,47.969,0,1.0,0.0678,0.01,0.0,0.67,0.0,0.4998,0.4
3809,56__1404,323,12.92,0.202878,0.176631,4.96,inf,0,1.0,0.0617,0.0152,0.0,0.86,0.0,0.0,0.28
3810,56__152,279,11.16,0.194081,0.180667,3.32,23.269,0,1.0,0.0603,0.0197,0.0,0.7967,0.0,0.0,0.32
3811,56__10,144,5.76,0.204871,0.170906,4.48,inf,0,1.0,0.0677,0.0092,0.0,0.92,0.0,0.0,0.2
3812,56__1213,330,13.2,0.302784,0.275123,11.88,15.369,0,1.0,0.0588,0.0104,0.0,1.0,0.0,0.5743,0.28
3813,56__368,316,12.64,0.194842,0.164651,11.56,inf,0,1.0,0.0348,0.0208,0.0,0.8667,0.0,0.0,0.16
3814,56__965,268,10.72,0.177725,0.165764,4.28,29.659,0,1.0,0.0118,0.0088,0.0,0.7133,0.0,0.0,0.28
3815,56__885,274,10.96,0.353315,0.297381,2.24,7.976,0,1.0,0.1678,0.0828,0.0001,1.0,0.0032,0.8934,0.36
3816,56__1723,293,11.72,0.217478,0.191976,8.32,125.016,0,1.0,0.06,0.0076,0.0,0.9933,0.0,0.0,0.4
3817,56__460,292,11.68,0.192898,0.170009,1.24,42.87,0,1.0,0.0505,0.0139,0.0,0.7133,0.0,0.0,0.36
3818,56__1600,323,12.92,0.285859,0.263464,11.04,62.704,0,1.0,0.0804,0.0271,0.0,1.0,0.0,0.4652,0.24
3819,56__1690,448,17.92,0.308732,0.268166,14.04,27.273,0,0.8593,0.0457,0.0142,0.0,0.8533,0.0,0.7928,0.32
3820,56__1669,443,17.72,0.162172,0.135582,1.76,126.859,0,0.8575,0.0277,0.0082,0.0,0.6933,0.0,0.0,0.32
3821,56__409,320,12.8,0.229674,0.172831,9.32,168.603,0,1.0,0.0555,0.0084,0.0,1.0,0.0,0.3774,0.2
3822,56__910,275,11.0,0.420692,0.183693,8.76,4.327,0,1.0,0.1303,0.0234,0.0001,1.0,0.4897,0.5748,0.2
3823,56__1493,300,12.0,0.389149,0.196565,0.6,4.348,0,1.0,0.0437,0.0124,0.0,1.0,0.487,0.8331,0.4
3824,56__509,240,9.6,0.206365,0.190193,0.88,55.575,0,1.0,0.0565,0.0208,0.0,0.9267,0.0,0.0,0.2
3825,56__736,292,11.68,0.218173,0.155498,3.76,inf,0,1.0,0.0521,0.0224,0.0001,1.0,0.0,0.0,0.24
3826,56__1716,383,15.32,0.249856,0.207184,13.6,31.644,0,0.9964,0.0364,0.0104,0.0,0.9533,0.0,0.3479,0.36
3827,56__752,262,10.48,0.187166,0.167613,4.44,31.88,0,1.0,0.0513,0.0203,0.0,0.73,0.0,0.0978,0.24
3828,56__131,379,15.16,0.308458,0.254101,7.0,9.196,0,0.995,0.0543,0.02,0.0,0.8267,0.0,0.7824,0.28
3829,56__830,307,12.28,0.289217,0.258997,2.84,inf,0,1.0,0.0224,0.0203,0.0,0.7633,0.0,0.6869,0.44
3830,56__674,312,12.48,0.215384,0.190745,7.0,inf,0,1.0,0.0556,0.0213,0.0,1.0,0.0,0.0,0.2
3831,56__487,344,13.76,0.321009,0.264089,2.12,15.937,0,1.0,0.0726,0.0222,0.0,1.0,0.0,0.7517,0.32
3832,56__1087,375,15.0,0.361941,0.32236,1.52,inf,0,1.0,0.2274,0.063,0.0,1.0,0.0,0.8614,0.48
3833,56__1297,300,12.0,0.28051,0.219553,1.4,34.564,0,1.0,0.1432,0.0321,0.0001,1.0,0.0,0.4357,0.24
3834,56__1172,308,12.32,0.292144,0.267728,4.0,39.831,0,1.0,0.0817,0.0147,0.0,0.7467,0.0,0.6747,0.4
3835,56__447,416,16.64,0.176925,0.152449,1.92,107.222,0,0.915,0.0329,0.0123,0.0,0.5067,0.0,0.226,0.36
3836,56__801,289,11.56,0.281617,0.184837,10.44,31.442,0,1.0,0.0718,0.019,0.0001,1.0,0.0,0.3952,0.28
3837,56__1032,306,12.24,0.189432,0.169659,4.0,inf,0,1.0,0.0557,0.0085,0.0,0.8,0.0,0.0,0.28
3838,56__1612,248,9.92,0.258916,0.238197,2.88,25.973,0,1.0,0.1009,0.0191,0.0,1.0,0.0,0.2559,0.36
3839,56__863,340,13.6,0.214489,0.170526,1.08,inf,0,1.0,0.0588,0.0367,0.0,0.56,0.0,0.4874,0.4
3840,56__1688,427,17.08,0.2599,0.228349,4.32,253.125,0,0.8854,0.025,0.0208,0.0,1.0,0.0,0.3424,0.28
3841,56__998,297,11.88,0.352782,0.212231,10.56,5.417,0,1.0,0.0358,0.0208,0.0,1.0,0.3444,0.4931,0.28
3842,56__986,397,15.88,0.213607,0.188252,13.88,32.783,0,0.945,0.0578,0.0246,0.0,0.7133,0.0,0.2734,0.28
3843,56__380,332,13.28,0.166859,0.156944,6.08,17.789,0,1.0,0.0334,0.0208,0.0,0.62,0.0,0.0,0.24
3844,56__1675,323,12.92,0.211898,0.154767,1.68,inf,0,1.0,0.042,0.0117,0.0,0.6267,0.0,0.3014,0.24
3845,56__1216,277,11.08,0.332436,0.210248,4.88,4.853,0,1.0,0.081,0.0178,0.0,1.0,0.4196,0.56,0.28
3846,56__826,406,16.24,0.330923,0.263967,3.88,11.867,0,0.9968,0.0904,0.0235,0.0002,1.0,0.0,0.7728,0.32
3847,56__1611,422,16.88,0.194101,0.169648,4.92,84.422,0,0.8836,0.0552,0.0248,0.0,0.89,0.0,0.0,0.24
3848,56__1737,292,11.68,0.342888,0.29532,10.16,11.847,0,1.0,0.0872,0.0196,0.0,0.9433,0.0,0.8174,0.36
3849,56__1633,308,12.32,0.20325,0.176976,3.16,37.817,0,1.0,0.0589,0.0176,0.0,0.5733,0.0,0.3952,0.16
3850,56__954,443,17.72,0.166863,0.145676,16.0,inf,0,0.8607,0.0246,0.0103,0.0,0.7333,0.0,0.0,0.28
3851,56__1252,353,14.12,0.350453,0.29437,11.88,19.527,0,1.0,0.1024,0.0221,0.0,1.0,0.0,0.9134,0.2
3852,56__1468,412,16.48,0.207138,0.197358,2.24,56.72,0,0.8793,0.0242,0.0092,0.0,1.0,0.0,0.0,0.24
3853,56__250,433,17.32,0.211399,0.197483,2.2,inf,0,0.8722,0.0243,0.0095,0.0,1.0,0.0,0.0,0.32
3854,56__618,321,12.84,0.156241,0.143488,1.2,inf,0,1.0,0.0786,0.031,0.0,0.5867,0.0,0.0,0.28
3855,56__1046,299,11.96,0.226225,0.191333,10.12,99.079,0,1.0,0.0434,0.0095,0.0,1.0,0.0,0.0,0.36
3856,56__726,316,12.64,0.253167,0.198928,0.24,inf,0,1.0,0.0595,0.0188,0.0,1.0,0.0,0.666,0.28
3857,56__1469,266,10.64,0.219589,0.201377,3.28,27.908,0,1.0,0.0486,0.0208,0.0,1.0,0.0,0.0,0.28
3858,56__1563,314,12.56,0.198269,0.181919,1.24,857.2,0,1.0,0.0538,0.0214,0.0,0.6933,0.0,0.299,0.16
3859,56__547,287,11.48,0.216415,0.176657,7.56,inf,0,1.0,0.081,0.0302,0.0001,1.0,0.0,0.0,0.2
3860,56__1345,402,16.08,0.251753,0.166278,7.12,inf,0,0.9471,0.0401,0.0208,0.0,0.72,0.0,0.7257,0.32
3861,56__1390,426,17.04,0.179417,0.159673,7.56,6213.8,0,0.8954,0.0329,0.0102,0.0,0.8333,0.0,0.0,0.28
3862,56__571,306,12.24,0.241157,0.21964,10.12,19.681,0,1.0,0.0479,0.0175,0.0,1.0,0.0,0.2383,0.2
3863,56__1205,431,17.24,0.20773,0.187579,7.16,inf,0,0.8469,0.0214,0.0088,0.0,0.7267,0.0,0.5409,0.28
3864,56__396,296,11.84,0.177602,0.167947,3.48,46.618,0,1.0,0.0358,0.0208,0.0,0.7133,0.0,0.0,0.24
3865,56__655,401,16.04,0.256867,0.18464,5.4,inf,0,0.9407,0.0653,0.0307,0.0,0.7933,0.0,0.5471,0.28
3866,56__154,348,13.92,0.28679,0.232444,12.92,19.138,0,1.0,0.0357,0.0141,0.0,0.9267,0.0,0.6383,0.2
3867,56__1742,413,16.52,0.175088,0.157319,3.76,1186.172,0,0.9236,0.0259,0.0219,0.0,0.8,0.0,0.0,0.24
3868,56__1241,283,11.32,0.190612,0.150199,9.92,inf,0,1.0,0.0457,0.0121,0.0,0.8033,0.0,0.0,0.2
3869,56__1623,297,11.88,0.345535,0.315585,9.16,inf,0,1.0,0.0828,0.0089,0.0,1.0,0.0,0.8798,0.32
3870,56__1477,336,13.44,0.292911,0.247471,9.68,18.61,0,1.0,0.1322,0.0257,0.0,1.0,0.0,0.6216,0.24
3871,56__671,439,17.56,0.180554,0.169365,15.6,inf,0,0.8864,0.043,0.0122,0.0,0.88,0.0,0.0,0.16
3872,56__1180,309,12.36,0.225242,0.177515,10.8,10.59,0,1.0,0.0515,0.0183,0.0,0.7667,0.0,0.3041,0.24
3873,56__868,343,13.72,0.288463,0.249392,3.6,inf,0,1.0,0.0362,0.0208,0.0,0.7367,0.0,0.7938,0.44
3874,56__162,308,12.32,0.267595,0.229616,0.76,17.552,0,1.0,0.0583,0.0221,0.0001,1.0,0.0,0.4631,0.24
3875,56__974,350,14.0,0.28998,0.201983,0.32,inf,0,1.0,0.08,0.0208,0.0,1.0,0.0,0.5381,0.32
3876,56__889,384,15.36,0.370853,0.206559,13.2,4.36,0,0.9769,0.0492,0.0195,0.0,1.0,0.4853,0.6772,0.32
3877,56__474,253,10.12,0.184971,0.161645,3.84,15.097,0,1.0,0.1687,0.0389,0.0,0.59,0.0,0.0,0.28
3878,56__1609,326,13.04,0.321913,0.255924,0.8,6.416,0,1.0,0.2171,0.0435,0.0,0.7733,0.2113,0.7834,0.2
3879,56__1132,306,12.24,0.253214,0.213363,7.52,8.518,0,1.0,0.0375,0.0086,0.0,0.8667,0.0,0.4267,0.16
3880,56__788,310,12.4,0.211804,0.162143,0.84,inf,0,1.0,0.0524,0.0116,0.0,0.72,0.0,0.2398,0.24
3881,56__407,290,11.6,0.306632,0.246696,6.24,9.795,0,1.0,0.1264,0.037,0.0001,1.0,0.0,0.8069,0.28
3882,56__136,456,18.24,0.219356,0.177006,0.72,inf,0,0.8646,0.0849,0.0301,0.0,0.4067,0.0,0.6655,0.32
3883,56__1223,274,10.96,0.200212,0.174625,8.52,31.865,0,1.0,0.0843,0.0244,0.0,0.8367,0.0,0.0,0.28
3884,56__278,437,17.48,0.222126,0.201763,0.64,inf,0,0.8629,0.0886,0.0403,0.0,1.0,0.0,0.1071,0.28
3885,56__955,345,13.8,0.196473,0.162127,1.76,35.215,0,1.0,0.034,0.0088,0.0,0.8033,0.0,0.0,0.28
3886,56__578,276,11.04,0.319675,0.265035,1.48,23.212,0,1.0,0.1191,0.0348,0.0,0.9933,0.0,0.6572,0.24
3887,56__465,383,15.32,0.323138,0.287174,11.2,9.572,0,1.0,0.0686,0.015,0.0,0.8933,0.0,0.7788,0.4
3888,56__1747,404,16.16,0.203201,0.169891,0.0,inf,0,0.9347,0.0267,0.0169,0.0,0.8467,0.0,0.3243,0.32
3889,56__1776,289,11.56,0.330614,0.228439,3.6,7.379,0,1.0,0.0456,0.0148,0.0,1.0,0.0827,0.7926,0.36
3890,56__1607,334,13.36,0.247178,0.221478,11.76,21.081,0,1.0,0.0726,0.031,0.0,0.7733,0.0,0.4533,0.2
3891,56__1148,327,13.08,0.306524,0.203333,9.44,inf,0,1.0,0.0488,0.0219,0.0,0.8733,0.0,0.7929,0.32
3892,56__310,339,13.56,0.31346,0.271637,2.76,66.043,0,1.0,0.1321,0.0343,0.0,0.7467,0.0,0.8098,0.36
3893,56__33,345,13.8,0.48328,0.280602,5.56,1.953,1,1.0,0.095,0.024,0.0002,1.0,0.8062,0.9116,0.36
3894,56__800,324,12.96,0.27413,0.181623,11.28,inf,0,1.0,0.0943,0.0388,0.0,0.76,0.0,0.6362,0.32
3895,56__1546,354,14.16,0.322773,0.269457,0.6,34.978,0,1.0,0.0315,0.0169,0.0,1.0,0.0,0.7793,0.24
3896,56__865,348,13.92,0.353992,0.315267,0.88,80.056,0,1.0,0.1529,0.0373,0.0,1.0,0.0,0.8778,0.4
3897,56__1027,320,12.8,0.296794,0.232993,1.96,18.26,0,1.0,0.0723,0.0247,0.0,1.0,0.0,0.595,0.24
3898,56__1615,441,17.64,0.220675,0.195472,4.88,inf,0,0.8664,0.0461,0.0105,0.0,0.7,0.0,0.3728,0.28
3899,56__1505,321,12.84,0.251121,0.219537,2.96,73.558,0,1.0,0.0944,0.0236,0.0,0.7133,0.0,0.4934,0.36
3900,56__952,267,10.68,0.21891,0.192357,9.12,13.267,0,1.0,0.1486,0.023,0.0,0.4033,0.0,0.4867,0.24
3901,56__265,256,10.24,0.301541,0.211035,8.96,6.703,0,1.0,0.1518,0.0204,0.0,0.7033,0.1729,0.4716,0.28
3902,56__290,340,13.6,0.244882,0.217697,6.44,53.915,0,1.0,0.0588,0.0202,0.0,0.64,0.0,0.501,0.28
3903,56__268,395,15.8,0.259883,0.199477,8.8,inf,0,0.9614,0.0704,0.0208,0.0,1.0,0.0,0.5217,0.32
3904,56__931,320,12.8,0.24045,0.190541,1.2,inf,0,1.0,0.0567,0.0197,0.0,1.0,0.0,0.4679,0.28
3905,56__552,301,12.04,0.172799,0.152099,0.96,212.455,0,1.0,0.0558,0.0148,0.0,0.71,0.0,0.0,0.24
3906,56__1219,405,16.2,0.210104,0.190916,0.6,155.835,0,0.9375,0.0322,0.0106,0.0,1.0,0.0,0.0,0.28
3907,56__1668,304,12.16,0.311867,0.239136,11.12,9.127,0,1.0,0.0477,0.0116,0.0,1.0,0.0,0.7314,0.2
3908,56__1617,405,16.2,0.25349,0.217142,14.68,43.437,0,0.9561,0.0398,0.0127,0.0,0.46,0.0,0.6978,0.4
3909,56__1309,449,17.96,0.220592,0.191368,2.96,inf,0,0.8418,0.0286,0.0073,0.0,1.0,0.0,0.2326,0.4
3910,56__1526,301,12.04,0.217609,0.151289,2.2,20.806,0,1.0,0.0456,0.0053,0.0,1.0,0.0,0.0,0.28
3911,56__366,303,12.12,0.217867,0.209839,5.44,inf,0,1.0,0.0203,0.0058,0.0,1.0,0.0,0.0,0.28
3912,56__1137,407,16.28,0.146166,0.136253,2.08,75.538,0,0.945,0.0275,0.0069,0.0,0.58,0.0,0.0,0.2
3913,56__1592,298,11.92,0.239726,0.177087,10.24,24.825,0,1.0,0.0759,0.0208,0.0,1.0,0.0,0.27,0.2
3914,56__1786,291,11.64,0.212412,0.17088,11.28,14.248,0,1.0,0.0719,0.0114,0.0,1.0,0.0,0.0,0.24
3915,56__573,331,13.24,0.210838,0.194745,10.92,inf,0,1.0,0.0429,0.0153,0.0,0.98,0.0,0.0,0.24
3916,56__544,410,16.4,0.231814,0.172052,6.32,inf,0,0.9304,0.0364,0.0103,0.0,1.0,0.0,0.5553,0.28
3917,56__608,410,16.4,0.258271,0.223857,2.44,77.182,0,0.9314,0.0385,0.0126,0.0,0.52,0.0,0.7478,0.28
3918,56__926,334,13.36,0.260644,0.241965,5.8,inf,0,1.0,0.0603,0.0136,0.0,0.5733,0.0,0.6247,0.32
3919,56__563,325,13.0,0.222127,0.193329,2.24,inf,0,1.0,0.1059,0.0219,0.0,0.7967,0.0,0.264,0.24
3920,19__899,414,16.56,0.253569,0.183202,0.0,inf,0,0.9289,0.0464,0.0153,0.0004,1.0,0.0,0.3402,0.12
3921,19__251,437,17.48,0.235885,0.217067,14.84,50.817,0,0.8643,0.0362,0.0083,0.0,1.0,0.0,0.2729,0.2
3922,19__136,280,11.2,0.268456,0.252611,7.48,24.629,0,1.0,0.0915,0.031,0.0,1.0,0.0,0.4134,0.2
3923,19__900,291,11.64,0.207376,0.16105,5.8,inf,0,1.0,0.0544,0.0217,0.0,1.0,0.0,0.0,0.2
3924,19__405,463,18.52,0.227669,0.207059,4.24,151.091,0,0.8332,0.0576,0.0142,0.0,1.0,0.0,0.1821,0.2
3925,19__704,288,11.52,0.209133,0.15294,8.76,inf,0,1.0,0.0557,0.0151,0.0,1.0,0.0,0.0,0.12
3926,19__326,358,14.32,0.178284,0.162976,3.04,121.933,0,1.0,0.0344,0.0132,0.0,0.7467,0.0,0.0,0.24
3927,19__277,380,15.2,0.307474,0.232236,10.2,8.41,0,1.0,0.1208,0.0258,0.0001,1.0,0.0,0.87,0.24
3928,19__519,398,15.92,0.289984,0.243342,13.56,15.256,0,0.9297,0.038,0.0143,0.0,1.0,0.0,0.6095,0.2
3929,19__470,313,12.52,0.17374,0.127021,0.2,17.111,0,1.0,0.0733,0.0297,0.0,0.75,0.0,0.0,0.16
3930,19__501,250,10.0,0.198862,0.131825,9.96,18.049,0,1.0,0.0381,0.0208,0.0,0.97,0.0,0.0,0.08
3931,19__847,354,14.16,0.220246,0.173796,12.4,14.791,0,1.0,0.0914,0.008,0.0,0.6933,0.0,0.3384,0.16
3932,19__554,346,13.84,0.282961,0.262458,1.32,13.017,0,1.0,0.0759,0.0226,0.0,1.0,0.0,0.7966,0.24
3933,19__227,320,12.8,0.256426,0.190031,8.84,32.459,0,1.0,0.069,0.0183,0.0,1.0,0.0,0.3067,0.2
3934,19__537,283,11.32,0.275492,0.24499,0.56,56.477,0,1.0,0.0743,0.0189,0.0,0.6767,0.0,0.6653,0.24
3935,19__145,280,11.2,0.186618,0.177143,2.2,150.615,0,1.0,0.0472,0.0073,0.0,0.7733,0.0,0.0,0.16
3936,19__668,413,16.52,0.311371,0.274504,15.12,7.821,0,0.9625,0.16,0.0512,0.0,0.93,0.0239,0.8679,0.36
3937,19__429,417,16.68,0.162767,0.141483,0.64,inf,0,0.9304,0.0329,0.0074,0.0001,0.7,0.0,0.0,0.16
3938,19__235,333,13.32,0.291751,0.261992,12.76,12.8,0,1.0,0.0573,0.0218,0.0001,0.7533,0.0,0.834,0.28
3939,19__484,429,17.16,0.198827,0.19301,6.68,409.652,0,0.8932,0.0261,0.0067,0.0,1.0,0.0,0.0,0.12
3940,19__971,358,14.32,0.213187,0.195242,1.88,inf,0,1.0,0.0389,0.0069,0.0,1.0,0.0,0.0,0.16
3941,19__242,315,12.6,0.442212,0.258202,0.6,3.895,0,1.0,0.0905,0.0196,0.0,1.0,0.5473,0.8476,0.24
3942,19__419,284,11.36,0.205664,0.18367,7.16,inf,0,1.0,0.1161,0.0224,0.0,1.0,0.0,0.4691,0.2
3943,19__287,335,13.4,0.140902,0.122939,0.96,28.792,0,1.0,0.0386,0.0208,0.0,0.4133,0.0,0.0,0.12
3944,19__76,438,17.52,0.238604,0.22047,0.0,190.826,0,0.8832,0.036,0.0065,0.0,1.0,0.0,0.3179,0.24
3945,19__149,432,17.28,0.283212,0.209021,0.0,inf,0,0.8861,0.0301,0.0073,0.0001,1.0,0.0,0.5702,0.16
3946,19__33,414,16.56,0.203777,0.192105,2.48,227.578,0,0.9254,0.0353,0.0168,0.0005,1.0,0.0,0.0,0.16
3947,19__338,309,12.36,0.285341,0.222818,1.16,17.634,0,1.0,0.0524,0.0091,0.0,0.84,0.0,0.6,0.24
3948,19__20,343,13.72,0.259321,0.208697,12.44,9.095,0,1.0,0.0768,0.0295,0.0,0.92,0.0,0.5397,0.12
3949,19__579,326,13.04,0.249934,0.223907,2.4,inf,0,1.0,0.0847,0.0117,0.0,0.8133,0.0,0.4421,0.16
3950,19__828,475,19.0,0.197827,0.171462,4.08,inf,0,0.8093,0.0487,0.0257,0.0012,1.0,0.0,0.0,0.2
3951,19__941,270,10.8,0.185525,0.166882,7.36,17.857,0,1.0,0.0871,0.0122,0.0,0.7767,0.0,0.0576,0.16
3952,19__217,319,12.76,0.290912,0.245046,0.0,70.265,0,1.0,0.0331,0.0138,0.0,1.0,0.0,0.5402,0.16
3953,19__871,423,16.92,0.272368,0.241443,12.28,13.695,0,0.89,0.0614,0.018,0.0,0.9133,0.0,0.6574,0.16
3954,19__740,403,16.12,0.286478,0.235615,2.64,37.308,0,0.9575,0.1287,0.0445,0.0,1.0,0.0,0.6033,0.16
3955,19__361,292,11.68,0.214369,0.181527,1.68,45.447,0,1.0,0.0415,0.0208,0.0,1.0,0.0,0.0,0.2
3956,19__879,262,10.48,0.227214,0.188829,0.16,66.674,0,1.0,0.1416,0.025,0.0,1.0,0.0,0.0517,0.16
3957,19__958,339,13.56,0.21576,0.185353,5.24,inf,0,1.0,0.09,0.0238,0.0001,1.0,0.0,0.0,0.16
3958,19__336,322,12.88,0.217187,0.187128,6.0,inf,0,1.0,0.0895,0.0285,0.0001,1.0,0.0,0.0,0.24
3959,19__587,300,12.0,0.164109,0.135702,0.0,185.508,0,1.0,0.1386,0.068,0.0,0.4933,0.0,0.0,0.16
3960,19__56,270,10.8,0.275067,0.21075,1.76,21.565,0,1.0,0.1082,0.0218,0.0001,1.0,0.0,0.5014,0.12
3961,19__646,298,11.92,0.241936,0.223862,9.88,29.765,0,1.0,0.0447,0.0128,0.0,0.55,0.0,0.5633,0.2
3962,19__403,315,12.6,0.301622,0.268518,3.16,10.489,0,1.0,0.1586,0.0371,0.0001,0.92,0.0,0.5524,0.28
3963,19__393,427,17.08,0.302357,0.282847,4.64,76.793,0,0.8811,0.0559,0.0208,0.0,1.0,0.0,0.6562,0.24
3964,19__639,309,12.36,0.198865,0.144722,12.32,inf,0,1.0,0.0788,0.0117,0.0,0.97,0.0,0.0,0.12
3965,19__747,322,12.88,0.209024,0.196687,2.68,14.968,0,1.0,0.0471,0.0104,0.0,1.0,0.0,0.0,0.16
3966,19__530,284,11.36,0.194252,0.180096,3.76,inf,0,1.0,0.0629,0.0128,0.0,0.8367,0.0,0.0479,0.24
3967,19__726,266,10.64,0.217345,0.199957,2.36,inf,0,1.0,0.0477,0.008,0.0,1.0,0.0,0.0,0.28
3968,19__947,297,11.88,0.209423,0.197026,7.56,58.695,0,1.0,0.0872,0.0204,0.0,1.0,0.0,0.0,0.12
3969,19__459,452,18.08,0.304173,0.284283,8.8,45.125,0,0.8611,0.0364,0.0132,0.0,1.0,0.0,0.6636,0.28
3970,19__197,286,11.44,0.213535,0.207302,9.76,97.07,0,1.0,0.0517,0.0078,0.0,1.0,0.0,0.0,0.16
3971,19__581,315,12.6,0.259083,0.224959,9.4,22.916,0,1.0,0.0675,0.0135,0.0,0.82,0.0,0.4803,0.16
3972,19__427,280,11.2,0.294155,0.25849,1.76,30.543,0,1.0,0.106,0.0207,0.0,1.0,0.0,0.5698,0.24
3973,19__121,347,13.88,0.214679,0.20821,2.48,50.502,0,1.0,0.0514,0.0119,0.0,1.0,0.0,0.0,0.16
3974,19__479,320,12.8,0.21441,0.206083,2.6,inf,0,1.0,0.0473,0.0097,0.0,1.0,0.0,0.0,0.16
3975,19__729,385,15.4,0.279078,0.199377,13.32,inf,0,0.935,0.0374,0.0145,0.0001,1.0,0.0,0.5659,0.24
3976,19__823,292,11.68,0.232656,0.201428,5.8,6.91,0,1.0,0.2686,0.056,0.0,0.8,0.1453,0.391,0.24
3977,19__10,297,11.88,0.264598,0.226375,1.36,55.328,0,1.0,0.0471,0.0057,0.0,1.0,0.0,0.4472,0.12
3978,19__922,297,11.88,0.262526,0.210668,3.44,32.393,0,1.0,0.055,0.0156,0.0,1.0,0.0,0.3514,0.24
3979,19__548,254,10.16,0.162475,0.142456,0.0,46.604,0,1.0,0.0721,0.0185,0.0,0.63,0.0,0.0,0.2
3980,19__878,326,13.04,0.209629,0.167015,8.28,10.125,0,1.0,0.0936,0.036,0.0001,1.0,0.0,0.0288,0.16
3981,19__94,319,12.76,0.299257,0.210266,4.08,13.61,0,1.0,0.1458,0.0214,0.0002,1.0,0.0,0.5974,0.16
3982,19__231,340,13.6,0.194832,0.178288,1.44,16.581,0,1.0,0.0693,0.0208,0.0,0.88,0.0,0.0,0.2
3983,19__191,403,16.12,0.20338,0.197572,0.28,inf,0,0.9425,0.0354,0.0178,0.0001,1.0,0.0,0.0,0.12
3984,19__728,342,13.68,0.167834,0.146088,8.4,inf,0,1.0,0.063,0.0176,0.0,0.6367,0.0,0.0,0.16
3985,19__100,406,16.24,0.299135,0.204806,12.6,inf,0,0.9332,0.0331,0.0165,0.0,1.0,0.0,0.6164,0.24
3986,19__889,307,12.28,0.279061,0.155178,0.0,inf,0,1.0,0.13,0.0225,0.0,0.9033,0.0,0.4697,0.16
3987,19__392,429,17.16,0.315317,0.219075,0.0,inf,0,0.8782,0.0339,0.0258,0.0002,1.0,0.0,0.831,0.16
3988,19__475,429,17.16,0.201952,0.1929,0.24,inf,0,0.8879,0.0301,0.0095,0.0,1.0,0.0,0.0,0.16
3989,19__483,329,13.16,0.290313,0.251991,4.0,8.451,0,1.0,0.1644,0.0403,0.0,0.5667,0.0,0.8172,0.2
3990,19__842,337,13.48,0.16969,0.139959,0.84,34.242,0,1.0,0.0701,0.0139,0.0,0.6467,0.0,0.0,0.2
3991,19__377,347,13.88,0.206685,0.190584,2.36,37.952,0,1.0,0.0545,0.0211,0.0,0.6467,0.0,0.3824,0.12
3992,19__608,433,17.32,0.285181,0.26339,12.16,30.352,0,0.8926,0.0398,0.0145,0.0,1.0,0.0,0.5519,0.24
3993,19__313,422,16.88,0.325617,0.298362,0.0,266.0,0,0.9218,0.0472,0.0101,0.0,0.9933,0.0,0.8797,0.16
3994,19__131,323,12.92,0.211561,0.15882,1.8,25.0,0,1.0,0.0444,0.0092,0.0,1.0,0.0,0.2043,0.2
3995,19__698,278,11.12,0.219483,0.198668,8.4,7.84,0,1.0,0.1729,0.0536,0.0,1.0,0.0213,0.0,0.12
3996,19__132,296,11.84,0.197928,0.184935,2.0,65.327,0,1.0,0.1115,0.0636,0.0,0.8167,0.0,0.0,0.2
3997,19__603,436,17.44,0.245353,0.22005,12.36,59.73,0,0.8643,0.03,0.0134,0.0002,1.0,0.0,0.3893,0.2
3998,19__594,322,12.88,0.236592,0.205783,0.88,36.2,0,1.0,0.0243,0.0208,0.0,0.86,0.0,0.3517,0.16
3999,19__619,195,7.8,0.24056,0.223881,1.36,8.533,0,1.0,0.1892,0.0152,0.0,1.0,0.0,0.5078,0.2
4000,19__770,308,12.32,0.188774,0.178226,8.32,264.295,0,1.0,0.0604,0.0217,0.0,0.8367,0.0,0.0,0.2
4001,19__366,243,9.72,0.210081,0.167057,8.88,128.014,0,1.0,0.0837,0.0158,0.0,1.0,0.0,0.0,0.12
4002,19__585,302,12.08,0.183908,0.170486,3.2,13.039,0,1.0,0.0708,0.0164,0.0,0.79,0.0,0.0,0.08
4003,19__248,445,17.8,0.200372,0.191736,1.44,132.172,0,0.8354,0.0383,0.0144,0.0002,1.0,0.0,0.0,0.2
4004,19__146,346,13.84,0.227551,0.174834,0.0,16.33,0,1.0,0.0541,0.0104,0.0,0.9233,0.0,0.2214,0.2
4005,19__840,416,16.64,0.200531,0.179233,0.96,inf,0,0.9152,0.0266,0.0078,0.0,1.0,0.0,0.0,0.16
4006,19__561,292,11.68,0.214606,0.180064,0.72,43.096,0,1.0,0.0774,0.0208,0.0,0.56,0.0,0.4302,0.12
4007,19__816,438,17.52,0.27031,0.22467,3.88,89.189,0,0.8294,0.04,0.0132,0.0,0.9867,0.0,0.475,0.32
4008,19__887,281,11.24,0.232283,0.211942,2.04,inf,0,1.0,0.0618,0.0151,0.0,0.8367,0.0,0.3119,0.16
4009,19__802,416,16.64,0.293834,0.277345,0.76,141.333,0,0.9047,0.0371,0.0145,0.0,1.0,0.0,0.5345,0.36
4010,19__989,232,9.28,0.211832,0.19965,6.36,16.246,0,1.0,0.0952,0.0177,0.0,1.0,0.0,0.0,0.16
4011,19__696,296,11.84,0.209055,0.166474,1.44,19.521,0,1.0,0.0757,0.0208,0.0,0.96,0.0,0.0,0.12
4012,19__183,333,13.32,0.298458,0.254322,8.92,14.148,0,1.0,0.1774,0.0549,0.0,0.8467,0.0,0.6366,0.12
4013,19__488,439,17.56,0.250942,0.225627,1.76,inf,0,0.8796,0.0401,0.0078,0.0,0.4867,0.0,0.8324,0.2
4014,19__506,264,10.56,0.357553,0.204884,3.4,4.969,0,1.0,0.0681,0.009,0.0,1.0,0.4042,0.5357,0.2
4015,19__758,284,11.36,0.202,0.187034,1.6,inf,0,1.0,0.0485,0.0048,0.0,0.9167,0.0,0.0,0.2
4016,19__686,288,11.52,0.214651,0.18416,5.08,inf,0,1.0,0.0761,0.0209,0.0001,1.0,0.0,0.5816,0.16
4017,19__356,274,10.96,0.170498,0.138613,0.56,19.353,0,1.0,0.0772,0.0241,0.0,0.5967,0.0,0.0,0.2
4018,19__630,295,11.8,0.201746,0.180682,2.72,inf,0,1.0,0.0546,0.0131,0.0,0.9233,0.0,0.0,0.16
4019,19__593,322,12.88,0.197939,0.187313,4.64,inf,0,1.0,0.0358,0.0066,0.0,0.9467,0.0,0.0,0.16
4020,19__408,438,17.52,0.198472,0.183982,11.52,42.898,0,0.8715,0.0308,0.0088,0.0001,1.0,0.0,0.0,0.2
4021,19__203,263,10.52,0.247634,0.176672,1.92,8.132,0,1.0,0.1159,0.0281,0.0,0.69,0.0,0.6102,0.12
4022,19__604,297,11.88,0.243211,0.20658,0.8,inf,0,1.0,0.0688,0.0211,0.0,0.7233,0.0,0.4493,0.12
4023,19__848,380,15.2,0.229589,0.197595,10.16,15.638,0,0.965,0.0559,0.0209,0.0,1.0,0.0,0.3424,0.16
4024,19__706,288,11.52,0.298074,0.257479,0.0,16.313,0,1.0,0.1143,0.0257,0.0,0.87,0.0,0.7867,0.2
4025,19__865,434,17.36,0.189006,0.151811,1.4,inf,0,0.8914,0.0289,0.0057,0.0,1.0,0.0,0.0,0.12
4026,19__104,267,10.68,0.216038,0.173282,4.76,22.134,0,1.0,0.0582,0.0106,0.0,1.0,0.0,0.0,0.16
4027,19__705,287,11.48,0.210668,0.15101,11.0,inf,0,1.0,0.0959,0.0226,0.0001,1.0,0.0,0.0907,0.2
4028,19__95,322,12.88,0.276754,0.234592,3.28,12.258,0,1.0,0.0888,0.0229,0.0,1.0,0.0,0.4164,0.16
4029,19__793,259,10.36,0.264207,0.225901,0.0,104.7,0,1.0,0.0886,0.0276,0.0,0.5567,0.0,0.7359,0.24
4030,19__785,348,13.92,0.277151,0.260855,3.72,inf,0,1.0,0.0415,0.0153,0.0,1.0,0.0,0.4403,0.2
4031,19__168,292,11.68,0.192185,0.170312,4.12,37.737,0,1.0,0.0621,0.0095,0.0,0.8167,0.0,0.0,0.2
4032,19__546,322,12.88,0.218146,0.188676,10.88,inf,0,1.0,0.0929,0.0267,0.0,1.0,0.0,0.0,0.2
4033,19__394,312,12.48,0.190855,0.162851,10.64,49.573,0,1.0,0.1,0.0283,0.0,0.39,0.0,0.3364,0.2
4034,19__902,331,13.24,0.273822,0.210174,11.36,10.841,0,1.0,0.075,0.0113,0.0,1.0,0.0,0.4321,0.24
4035,19__225,326,13.04,0.275906,0.229265,0.0,inf,0,1.0,0.0559,0.0127,0.0,0.8467,0.0,0.5533,0.24
4036,19__327,275,11.0,0.208576,0.196028,7.16,23.634,0,1.0,0.0548,0.0218,0.0,0.67,0.0,0.3084,0.12
4037,19__97,344,13.76,0.179341,0.157114,9.8,16.599,0,1.0,0.03,0.0093,0.0,0.76,0.0,0.0,0.12
4038,19__745,418,16.72,0.207018,0.194174,2.96,281.574,0,0.9133,0.0436,0.0196,0.0003,1.0,0.0,0.0,0.2
4039,19__330,295,11.8,0.146829,0.123614,0.0,63.444,0,1.0,0.0661,0.0184,0.0,0.55,0.0,0.0,0.16
4040,19__569,418,16.72,0.29914,0.194372,5.72,132.119,0,0.9147,0.0339,0.0115,0.0002,1.0,0.0,0.6784,0.2
4041,19__230,390,15.6,0.285455,0.262323,4.92,30.926,0,0.9846,0.0578,0.0185,0.0,0.88,0.0,0.6338,0.24
4042,19__443,250,10.0,0.192246,0.171106,9.2,16.851,0,1.0,0.0488,0.0139,0.0,0.9033,0.0,0.0,0.12
4043,19__284,383,15.32,0.271718,0.228086,2.68,35.053,0,1.0,0.0629,0.0234,0.0,0.83,0.0,0.5862,0.2
4044,19__219,314,12.56,0.226224,0.215041,2.2,32.369,0,1.0,0.04,0.0188,0.0,0.62,0.0,0.4862,0.2
4045,19__761,296,11.84,0.217044,0.190363,1.68,inf,0,1.0,0.0398,0.0208,0.0,0.67,0.0,0.4021,0.2
4046,19__295,320,12.8,0.212867,0.193351,1.88,inf,0,1.0,0.0437,0.0208,0.0,1.0,0.0,0.0,0.16
4047,19__962,295,11.8,0.242286,0.195837,0.0,inf,0,1.0,0.0903,0.0242,0.0,0.67,0.0,0.5321,0.2
4048,19__46,297,11.88,0.207933,0.181832,5.44,inf,0,1.0,0.0657,0.022,0.0,1.0,0.0,0.0,0.12
4049,19__199,359,14.36,0.211988,0.2052,10.36,42.044,0,1.0,0.0301,0.015,0.0,1.0,0.0,0.0,0.16
4050,19__82,404,16.16,0.244825,0.18025,7.2,inf,0,0.9,0.0434,0.0205,0.0006,1.0,0.0,0.5947,0.2
4051,19__332,405,16.2,0.216389,0.159244,2.88,inf,0,0.9571,0.0404,0.0234,0.0,0.8667,0.0,0.2774,0.2
4052,19__348,310,12.4,0.169876,0.148784,0.72,109.625,0,1.0,0.0544,0.0119,0.0,0.65,0.0,0.0,0.28
4053,19__18,410,16.4,0.221038,0.203948,0.44,inf,0,0.9539,0.0376,0.0111,0.0,0.5933,0.0,0.5283,0.12
4054,19__111,293,11.72,0.361566,0.246161,4.8,4.424,0,1.0,0.1434,0.0342,0.0,0.49,0.4768,0.8845,0.2
4055,19__839,250,10.0,0.211913,0.196175,8.08,inf,0,1.0,0.0933,0.0086,0.0,0.9367,0.0,0.0,0.2
4056,19__267,408,16.32,0.2048,0.195669,10.68,inf,0,0.9382,0.0372,0.0072,0.0001,1.0,0.0,0.0,0.2
4057,19__742,404,16.16,0.302824,0.227472,12.28,22.91,0,0.9707,0.09,0.0334,0.0,0.8833,0.0,0.7488,0.24
4058,19__49,358,14.32,0.21206,0.202095,6.16,inf,0,1.0,0.0644,0.0139,0.0,1.0,0.0,0.0,0.12
4059,19__835,482,19.28,0.218467,0.20379,14.52,94.132,0,0.7815,0.0286,0.007,0.0001,1.0,0.0,0.1807,0.16
4060,19__436,268,10.72,0.189671,0.163358,7.88,14.714,0,1.0,0.0745,0.0263,0.0,0.8233,0.0,0.0,0.08
4061,19__684,254,10.16,0.193895,0.174193,1.64,23.147,0,1.0,0.1473,0.0208,0.0,0.83,0.0,0.0,0.16
4062,19__642,249,9.96,0.191978,0.182766,7.32,inf,0,1.0,0.0445,0.0185,0.0,0.85,0.0,0.0,0.16
4063,19__772,308,12.32,0.310563,0.268254,10.16,18.303,0,1.0,0.0876,0.0204,0.0,1.0,0.0,0.5931,0.2
4064,19__794,418,16.72,0.206382,0.194052,0.64,973.875,0,0.8688,0.0398,0.0156,0.0002,1.0,0.0,0.0,0.28
4065,19__233,421,16.84,0.237066,0.212986,14.2,52.311,0,0.9154,0.0456,0.0156,0.0006,1.0,0.0,0.2931,0.28
4066,19__756,425,17.0,0.262642,0.228623,2.96,51.054,0,0.8911,0.0286,0.0255,0.0,0.6467,0.0,0.719,0.28
4067,19__339,313,12.52,0.176144,0.161561,0.0,221.25,0,1.0,0.0353,0.0159,0.0,0.7833,0.0,0.0,0.16
4068,19__432,233,9.32,0.202729,0.176258,1.44,inf,0,1.0,0.07,0.0139,0.0,0.9633,0.0,0.0,0.08
4069,19__2,127,5.08,0.17402,0.167441,1.96,inf,0,0.93,0.0315,0.0067,0.0,0.7933,0.0,0.0,0.08
4070,19__632,321,12.84,0.203025,0.156989,12.8,18.314,0,1.0,0.0398,0.0208,0.0,0.9933,0.0,0.0,0.12
4071,19__946,240,9.6,0.170899,0.151819,7.52,366.737,0,1.0,0.0838,0.0237,0.0,0.6367,0.0,0.0,0.2
4072,19__440,351,14.04,0.21276,0.20486,6.32,inf,0,1.0,0.0503,0.0095,0.0,1.0,0.0,0.0,0.12
4073,19__244,346,13.84,0.257621,0.209224,0.0,28.098,0,1.0,0.1003,0.0291,0.0,0.6467,0.0,0.6205,0.2
4074,19__810,291,11.64,0.193949,0.1728,5.8,inf,0,1.0,0.0901,0.0156,0.0,0.87,0.0,0.0,0.28
4075,19__925,308,12.32,0.217498,0.195422,1.8,61.085,0,1.0,0.0731,0.0136,0.0,0.78,0.0,0.3033,0.28
4076,19__661,262,10.48,0.292641,0.2578,7.76,11.814,0,1.0,0.1344,0.0209,0.0,0.8733,0.0,0.6153,0.28
4077,19__161,331,13.24,0.161867,0.131031,0.0,inf,0,1.0,0.0705,0.0217,0.0,0.6033,0.0,0.0,0.16
4078,19__41,216,8.64,0.297878,0.195258,5.44,3.882,0,1.0,0.0904,0.0165,0.0,1.0,0.549,0.0,0.2
4079,19__709,284,11.36,0.216751,0.207238,9.28,46.419,0,1.0,0.0858,0.0176,0.0,0.55,0.0,0.4629,0.12
4080,19__869,424,16.96,0.20189,0.193911,7.12,93.123,0,0.8993,0.0291,0.0069,0.0001,1.0,0.0,0.0,0.16
4081,19__867,446,17.84,0.283166,0.243931,3.24,inf,0,0.8219,0.04,0.028,0.0001,1.0,0.0,0.6388,0.16
4082,19__767,309,12.36,0.211264,0.169993,8.44,inf,0,1.0,0.0682,0.0226,0.0,1.0,0.0,0.0,0.24
4083,19__163,418,16.72,0.286848,0.261375,8.56,26.478,0,0.9525,0.0761,0.0186,0.0,1.0,0.0,0.5705,0.2
4084,19__919,297,11.88,0.273477,0.164983,10.32,5.472,0,1.0,0.0706,0.0232,0.0001,1.0,0.3371,0.2841,0.16
4085,19__820,321,12.84,0.309386,0.281233,3.56,449.0,0,1.0,0.0669,0.0122,0.0,0.9433,0.0,0.6233,0.4
4086,19__312,329,13.16,0.289269,0.245745,0.44,inf,0,1.0,0.0748,0.0187,0.0,1.0,0.0,0.5293,0.12
4087,19__717,335,13.4,0.233537,0.175252,1.04,inf,0,1.0,0.0597,0.0097,0.0,1.0,0.0,0.5293,0.16
4088,19__521,400,16.0,0.23692,0.217218,2.36,62.667,0,0.9554,0.0572,0.0212,0.0,0.9833,0.0,0.3186,0.2
4089,19__682,259,10.36,0.171705,0.152471,9.0,inf,0,1.0,0.0942,0.0278,0.0,0.67,0.0,0.0,0.16
4090,19__963,290,11.6,0.248813,0.232051,9.28,30.256,0,1.0,0.1029,0.0163,0.0,0.8833,0.0,0.3619,0.2
4091,19__247,310,12.4,0.262974,0.195097,10.6,6.879,0,1.0,0.1429,0.0431,0.0,1.0,0.1495,0.3514,0.2
4092,19__850,291,11.64,0.210469,0.174851,4.12,30.817,0,1.0,0.0502,0.0208,0.0,1.0,0.0,0.0,0.12
4093,19__351,315,12.6,0.30859,0.287904,7.36,14.438,0,1.0,0.1088,0.0389,0.0,0.85,0.0,0.7326,0.24
4094,19__466,407,16.28,0.334767,0.316873,12.52,15.494,0,0.9557,0.0886,0.0277,0.0,1.0,0.0,0.8241,0.28
4095,19__803,281,11.24,0.158869,0.146403,1.04,inf,0,1.0,0.0872,0.0346,0.0,0.5433,0.0,0.0,0.28
4096,19__760,289,11.56,0.21363,0.194375,4.64,46.138,0,1.0,0.0886,0.0208,0.0,1.0,0.0,0.0,0.2
4097,19__898,272,10.88,0.1888,0.16278,0.0,inf,0,1.0,0.0583,0.0171,0.0,0.89,0.0,0.0,0.16
4098,19__821,378,15.12,0.308722,0.247912,12.28,5.5,0,1.0,0.0704,0.0188,0.0,1.0,0.3333,0.7041,0.24
4099,19__910,400,16.0,0.318435,0.29765,0.76,9.223,0,0.9693,0.07,0.0165,0.0,0.9667,0.0,0.9314,0.24
4100,19__420,330,13.2,0.213392,0.205907,5.0,19.291,0,1.0,0.035,0.0102,0.0,1.0,0.0,0.0,0.16
4101,19__331,298,11.92,0.244893,0.18044,3.8,18.571,0,1.0,0.0498,0.016,0.0,1.0,0.0,0.5421,0.16
4102,19__362,271,10.84,0.164969,0.148792,2.48,57.744,0,1.0,0.0921,0.0208,0.0,0.57,0.0,0.0,0.16
4103,19__34,381,15.24,0.193366,0.157557,11.76,66.525,0,1.0,0.089,0.0248,0.0,0.74,0.0,0.1502,0.16
4104,19__671,400,16.0,0.296189,0.268562,13.56,8.344,0,0.9768,0.04,0.0117,0.0,0.7567,0.0,0.8457,0.24
4105,19__256,309,12.36,0.18871,0.172201,0.0,inf,0,1.0,0.0695,0.0214,0.0,0.8267,0.0,0.0,0.12
4106,19__118,255,10.2,0.165175,0.144507,2.24,10.711,0,1.0,0.0651,0.0088,0.0,0.6133,0.0,0.0,0.16
4107,19__934,421,16.84,0.220186,0.168096,1.64,inf,0,0.9143,0.0303,0.0208,0.0001,0.68,0.0,0.571,0.2
4108,19__990,317,12.68,0.140973,0.130975,0.64,inf,0,0.9129,0.0316,0.0044,0.0,0.5533,0.0,0.0,0.16
4109,19__352,335,13.4,0.30268,0.272858,0.0,inf,0,1.0,0.047,0.0195,0.0,1.0,0.0,0.6157,0.28
4110,19__614,320,12.8,0.190813,0.179114,3.12,118.21,0,1.0,0.0533,0.0084,0.0,0.81,0.0,0.0,0.24
4111,19__885,315,12.6,0.193643,0.174462,5.08,16.127,0,1.0,0.0903,0.0158,0.0,0.8833,0.0,0.0507,0.12
4112,19__957,289,11.56,0.230789,0.202835,10.56,10.703,0,1.0,0.0616,0.0107,0.0,1.0,0.0,0.5507,0.2
4113,19__524,262,10.48,0.417365,0.293752,0.24,4.768,0,1.0,0.2301,0.0514,0.0,0.84,0.4309,0.8164,0.28
4114,19__385,272,10.88,0.255865,0.188367,0.0,inf,0,1.0,0.1723,0.0234,0.0,0.8367,0.0,0.4667,0.2
4115,19__461,325,13.0,0.22417,0.195007,7.28,inf,0,1.0,0.0788,0.0172,0.0001,1.0,0.0,0.0,0.28
4116,19__752,288,11.52,0.205582,0.170255,1.88,41.657,0,1.0,0.06,0.0226,0.0,1.0,0.0,0.0,0.04
4117,19__831,480,19.2,0.285577,0.251576,14.04,69.121,0,0.7868,0.042,0.0236,0.0009,1.0,0.0,0.6764,0.2
4118,19__19,282,11.28,0.190891,0.148429,10.32,inf,0,1.0,0.0475,0.0208,0.0,0.8633,0.0,0.0,0.16
4119,19__527,322,12.88,0.293698,0.252472,0.48,inf,0,1.0,0.0458,0.006,0.0,0.7933,0.0,0.6757,0.24
4120,19__278,350,14.0,0.281211,0.242685,4.96,inf,0,1.0,0.0946,0.0162,0.0,0.79,0.0,0.7874,0.24
4121,19__981,398,15.92,0.185083,0.177405,11.28,53.857,0,0.945,0.0447,0.0208,0.0,0.8567,0.0,0.0,0.16
4122,19__843,398,15.92,0.290788,0.244687,6.72,11.357,0,0.9817,0.0514,0.0464,0.0001,1.0,0.0,0.7428,0.12
4123,19__809,389,15.56,0.30663,0.24187,0.0,11.642,0,1.0,0.2117,0.0391,0.0001,0.9067,0.0,0.7284,0.32
4124,19__995,186,7.44,0.220955,0.211975,4.12,20.351,0,1.0,0.1415,0.0495,0.0,1.0,0.0,0.0,0.12
4125,19__714,293,11.72,0.18248,0.153747,1.88,42.479,0,1.0,0.1062,0.0206,0.0,0.7,0.0,0.0,0.16
4126,19__92,264,10.56,0.182417,0.149788,9.04,23.4,0,1.0,0.0845,0.0251,0.0,0.61,0.0,0.0957,0.16
4127,19__302,279,11.16,0.210524,0.175335,11.08,8.884,0,1.0,0.0521,0.0148,0.0,1.0,0.0,0.0,0.16
4128,19__380,434,17.36,0.306649,0.244056,3.96,inf,0,0.815,0.0226,0.0091,0.0001,1.0,0.0,0.7622,0.2
4129,19__529,326,13.04,0.248824,0.216625,0.68,inf,0,1.0,0.1029,0.0232,0.0,0.6867,0.0,0.4538,0.24
4130,19__795,380,15.2,0.453514,0.237396,0.72,2.914,0,1.0,0.1386,0.0398,0.0001,1.0,0.6782,0.9109,0.28
4131,19__413,249,9.96,0.287943,0.245337,1.92,23.524,0,1.0,0.1587,0.0347,0.0,1.0,0.0,0.4803,0.16
4132,19__743,416,16.64,0.40767,0.24982,0.24,4.854,0,0.9997,0.1409,0.044,0.0,0.6767,0.4195,0.92,0.24
4133,19__572,303,12.12,0.313476,0.215638,2.88,5.313,0,1.0,0.0541,0.0218,0.0,1.0,0.3582,0.5274,0.16
4134,19__375,237,9.48,0.182365,0.150412,2.44,inf,0,1.0,0.0958,0.0224,0.0,0.6967,0.0,0.0,0.2
4135,19__852,322,12.88,0.238944,0.178451,0.64,inf,0,1.0,0.0398,0.011,0.0,0.6867,0.0,0.5022,0.16
4136,19__808,264,10.56,0.277158,0.227918,9.56,11.022,0,1.0,0.1944,0.0525,0.0001,1.0,0.0,0.4414,0.24
4137,19__553,443,17.72,0.294733,0.215455,1.88,inf,0,0.8539,0.0396,0.0293,0.0005,0.99,0.0,0.6895,0.2
4138,19__414,304,12.16,0.213046,0.176025,5.48,77.598,0,1.0,0.0542,0.0164,0.0,1.0,0.0,0.0,0.24
4139,19__992,272,10.88,0.212017,0.185491,2.12,inf,0,1.0,0.0689,0.0235,0.0,1.0,0.0,0.0133,0.08
4140,19__386,413,16.52,0.243054,0.218488,10.72,95.848,0,0.9332,0.0402,0.0208,0.0,0.9467,0.0,0.2969,0.32
4141,19__315,268,10.72,0.215934,0.185564,6.24,56.208,0,1.0,0.058,0.0208,0.0,1.0,0.0,0.0245,0.2
4142,19__65,431,17.24,0.276425,0.246626,13.24,56.448,0,0.8811,0.0277,0.0104,0.0,1.0,0.0,0.4957,0.2
4143,19__917,307,12.28,0.165617,0.146205,0.04,30.031,0,1.0,0.051,0.0093,0.0,0.7067,0.0,0.0,0.24
4144,19__476,326,13.04,0.200847,0.180636,0.16,24.16,0,1.0,0.0745,0.0184,0.0,0.9667,0.0,0.0,0.2
4145,19__67,285,11.4,0.226494,0.190074,7.4,inf,0,1.0,0.1392,0.0226,0.0002,1.0,0.0,0.0,0.24
4146,19__935,296,11.84,0.357295,0.264487,9.44,6.397,0,1.0,0.1329,0.0214,0.0,0.9233,0.2138,0.6429,0.24
4147,19__221,310,12.4,0.259722,0.234168,1.48,51.522,0,1.0,0.0334,0.0082,0.0,0.92,0.0,0.431,0.2
4148,19__158,278,11.12,0.232941,0.194651,0.0,inf,0,1.0,0.0775,0.0122,0.0,0.57,0.0,0.52,0.2
4149,19__107,426,17.04,0.236077,0.197203,0.0,inf,0,0.9082,0.0516,0.0082,0.0001,1.0,0.0,0.279,0.16
4150,19__691,297,11.88,0.277268,0.226926,0.44,inf,0,1.0,0.0473,0.0172,0.0,0.9867,0.0,0.4895,0.16
4151,19__424,340,13.6,0.292704,0.277643,5.36,220.071,0,1.0,0.0416,0.0083,0.0,1.0,0.0,0.5062,0.2
4152,19__98,308,12.32,0.221834,0.194681,1.0,25.658,0,1.0,0.1115,0.0233,0.0,1.0,0.0,0.0,0.2
4153,19__172,397,15.88,0.265043,0.21561,12.76,16.502,0,0.9493,0.0643,0.0252,0.0,0.6733,0.0,0.6514,0.28
4154,19__353,332,13.28,0.273961,0.249659,1.48,32.451,0,1.0,0.053,0.0162,0.0,0.96,0.0,0.5784,0.2
4155,19__547,420,16.8,0.206914,0.193875,0.0,inf,0,0.9143,0.042,0.016,0.0002,1.0,0.0,0.0,0.16
4156,19__749,344,13.76,0.210278,0.201494,11.24,inf,0,1.0,0.0412,0.0063,0.0,1.0,0.0,0.0,0.12
4157,19__841,265,10.6,0.220605,0.179397,7.76,14.61,0,1.0,0.0874,0.0208,0.0,0.65,0.0,0.4136,0.16
4158,19__81,286,11.44,0.207854,0.192847,10.2,16.727,0,1.0,0.0843,0.0208,0.0,0.63,0.0,0.3507,0.24
4159,19__75,295,11.8,0.304549,0.27344,10.76,7.373,0,1.0,0.1105,0.0453,0.0,1.0,0.0836,0.7234,0.24
4160,19__495,260,10.4,0.178551,0.17018,3.2,18.379,0,1.0,0.0615,0.0138,0.0,0.75,0.0,0.0,0.12
4161,19__112,342,13.68,0.458352,0.235981,10.12,2.17,0,1.0,0.1041,0.0228,0.0001,1.0,0.7773,0.7952,0.2
4162,19__952,297,11.88,0.214154,0.186463,7.36,50.462,0,1.0,0.104,0.0107,0.0,1.0,0.0,0.0,0.2
4163,19__568,290,11.6,0.294507,0.219716,0.6,9.245,0,1.0,0.1258,0.0408,0.0,1.0,0.0,0.6338,0.2
4164,19__153,183,7.32,0.449831,0.277697,6.64,3.368,0,1.0,0.2616,0.0684,0.0,0.7433,0.6176,0.6684,0.16
4165,19__746,339,13.56,0.158032,0.151106,0.8,37.828,0,1.0,0.0404,0.0212,0.0,0.6133,0.0,0.0,0.04
4166,19__186,317,12.68,0.2493,0.199377,10.76,9.767,0,1.0,0.1159,0.0464,0.0,1.0,0.0,0.2619,0.08
4167,19__892,284,11.36,0.17391,0.149868,9.96,28.89,0,1.0,0.0872,0.0104,0.0,0.3967,0.0,0.2524,0.16
4168,19__69,271,10.84,0.282413,0.233184,7.12,15.183,0,1.0,0.083,0.0221,0.0,0.9333,0.0,0.5424,0.28
4169,19__474,309,12.36,0.235394,0.167073,3.76,6.577,0,1.0,0.0787,0.0222,0.0,1.0,0.1897,0.0,0.2
4170,19__226,382,15.28,0.256046,0.201152,7.28,inf,0,1.0,0.0817,0.0143,0.0,0.7267,0.0,0.7507,0.24
4171,19__612,320,12.8,0.242061,0.22504,0.0,83.157,0,1.0,0.1144,0.0276,0.0,0.9967,0.0,0.3153,0.2
4172,19__261,269,10.76,0.241414,0.189467,8.16,5.213,0,1.0,0.0857,0.0208,0.0,1.0,0.3716,0.0,0.16
4173,19__991,259,10.36,0.258451,0.190626,3.4,4.493,0,1.0,0.0537,0.0178,0.0,1.0,0.4676,0.0,0.08
4174,19__157,283,11.32,0.25743,0.238024,5.16,29.71,0,1.0,0.0653,0.0157,0.0,1.0,0.0,0.3683,0.16
4175,19__283,291,11.64,0.211189,0.180121,0.04,34.658,0,1.0,0.0416,0.0208,0.0,1.0,0.0,0.0566,0.2
4176,19__14,306,12.24,0.438198,0.296871,8.2,2.275,0,1.0,0.0636,0.0277,0.0001,1.0,0.7633,0.9003,0.16
4177,19__824,328,13.12,0.27703,0.244078,2.92,16.93,0,1.0,0.1014,0.0202,0.0,0.5767,0.0,0.7307,0.36
4178,19__188,347,13.88,0.212828,0.207931,0.36,19.265,0,1.0,0.0629,0.0094,0.0,1.0,0.0,0.0,0.16
4179,19__181,337,13.48,0.194268,0.168422,13.32,17.596,0,1.0,0.0672,0.0213,0.0,0.9067,0.0,0.0,0.16
4180,19__833,401,16.04,0.187638,0.165452,11.96,95.238,0,0.9611,0.0339,0.0097,0.0,0.8867,0.0,0.0,0.16
4181,19__127,296,11.84,0.213931,0.205283,9.8,35.245,0,1.0,0.0472,0.0099,0.0,1.0,0.0,0.0,0.16
4182,19__480,322,12.88,0.279179,0.248964,0.0,158.176,0,1.0,0.043,0.0208,0.0,0.8467,0.0,0.5959,0.2
4183,19__602,295,11.8,0.30565,0.260874,8.16,28.426,0,1.0,0.1024,0.0238,0.0001,0.8767,0.0,0.7324,0.16
4184,19__268,357,14.28,0.182764,0.137149,0.6,inf,0,1.0,0.0358,0.0071,0.0,0.42,0.0,0.3691,0.12
4185,19__688,329,13.16,0.214285,0.193365,5.8,19.954,0,1.0,0.0829,0.0274,0.0,1.0,0.0,0.0,0.2
4186,19__874,298,11.92,0.179043,0.163799,8.48,inf,0,1.0,0.0514,0.0128,0.0,0.77,0.0,0.0,0.16
4187,19__628,308,12.32,0.185771,0.158406,0.08,28.311,0,1.0,0.04,0.0076,0.0,0.6833,0.0,0.2328,0.2
4188,19__165,416,16.64,0.296492,0.255298,14.84,23.612,0,0.9068,0.0355,0.021,0.0,1.0,0.0,0.6805,0.2
4189,19__13,346,13.84,0.30617,0.2187,12.76,8.798,0,1.0,0.0661,0.0099,0.0,1.0,0.0,0.631,0.16
4190,19__741,409,16.36,0.207814,0.196696,6.08,116.683,0,0.9318,0.0329,0.0079,0.0,1.0,0.0,0.0,0.2
4191,19__176,297,11.88,0.171461,0.142709,8.36,13.15,0,1.0,0.035,0.0114,0.0,0.61,0.0,0.0374,0.28
4192,19__712,314,12.56,0.205545,0.187671,0.52,21.182,0,1.0,0.0505,0.0079,0.0,1.0,0.0,0.0,0.12
4193,19__101,286,11.44,0.22001,0.200307,8.76,276.025,0,1.0,0.1075,0.0197,0.0,1.0,0.0,0.0,0.24
4194,19__12,255,10.2,0.171497,0.156993,6.96,inf,0,1.0,0.0838,0.0213,0.0,0.6367,0.0,0.0,0.16
4195,19__799,371,14.84,0.29756,0.27381,13.08,80.417,0,1.0,0.0773,0.0264,0.0,0.9667,0.0,0.721,0.36
4196,19__563,275,11.0,0.210879,0.19871,7.56,24.251,0,1.0,0.0348,0.011,0.0,0.9333,0.0,0.2095,0.16
4197,19__50,286,11.44,0.244148,0.221046,0.96,36.192,0,1.0,0.0972,0.0309,0.0,0.77,0.0,0.47,0.12
4198,19__909,420,16.8,0.215328,0.202846,12.24,59.379,0,0.8957,0.0473,0.0153,0.0001,1.0,0.0,0.0774,0.24
4199,19__482,386,15.44,0.209812,0.166447,0.0,inf,0,0.8954,0.1358,0.1476,0.0001,0.96,0.0,0.0,0.2
4200,19__378,241,9.64,0.214564,0.195669,6.64,inf,0,1.0,0.1029,0.0432,0.0,0.4633,0.0,0.4886,0.16
4201,19__468,261,10.44,0.223634,0.185275,5.0,7.183,0,1.0,0.1358,0.034,0.0,0.9,0.1089,0.1407,0.32
4202,19__45,415,16.6,0.15449,0.102121,4.6,inf,0,0.9268,0.07,0.0184,0.0001,0.68,0.0,0.5114,0.16
4203,19__317,336,13.44,0.223255,0.196813,10.08,42.469,0,1.0,0.0471,0.0059,0.0,0.7167,0.0,0.3533,0.12
4204,19__90,390,15.6,0.209004,0.178135,0.56,26.943,0,0.9797,0.033,0.0186,0.0001,1.0,0.0,0.0,0.12
4205,19__719,320,12.8,0.531327,0.252125,11.92,1.627,9,1.0,0.143,0.0518,0.0001,1.0,0.8497,0.8233,0.2
4206,19__264,324,12.96,0.302638,0.246739,5.32,11.235,0,1.0,0.1363,0.03,0.0001,1.0,0.0,0.81,0.16
4207,19__544,375,15.0,0.221793,0.207451,9.36,29.737,0,1.0,0.0815,0.0115,0.0,1.0,0.0,0.1119,0.16
4208,19__775,405,16.2,0.254764,0.238123,7.6,20.619,0,0.9239,0.0644,0.0251,0.0,0.5533,0.0,0.7283,0.32
4209,19__954,283,11.32,0.252571,0.212522,6.8,12.014,0,1.0,0.0946,0.0238,0.0,1.0,0.0,0.4564,0.16
4210,19__363,406,16.24,0.201174,0.182195,0.56,inf,0,0.9346,0.0301,0.0086,0.0,1.0,0.0,0.0,0.16
4211,19__615,403,16.12,0.210521,0.188205,4.36,98.397,0,0.9589,0.0334,0.0226,0.0,1.0,0.0,0.0,0.28
4212,19__600,303,12.12,0.312479,0.267052,9.12,9.521,0,1.0,0.1831,0.027,0.0,0.9933,0.0,0.6424,0.16
4213,19__710,407,16.28,0.281677,0.175858,0.12,116.866,0,0.9347,0.0364,0.0104,0.0001,0.9967,0.0,0.5797,0.16
4214,19__401,395,15.8,0.166989,0.159842,12.24,128.575,0,0.9618,0.0376,0.0099,0.0,0.7267,0.0,0.0,0.2
4215,19__819,433,17.32,0.303652,0.261725,14.2,7.694,0,0.9497,0.1134,0.0219,0.0001,1.0,0.0408,0.7657,0.32
4216,19__22,404,16.16,0.20413,0.197471,3.16,118.198,0,0.9396,0.0312,0.0079,0.0001,1.0,0.0,0.0,0.2
4217,19__450,233,9.32,0.211945,0.176996,9.16,22.449,0,1.0,0.0329,0.0208,0.0,1.0,0.0,0.0,0.24
4218,19__382,415,16.6,0.268545,0.182641,6.36,inf,0,0.9018,0.0275,0.0067,0.0,0.9267,0.0,0.6724,0.2
4219,19__195,318,12.72,0.167096,0.14916,1.96,188.957,0,1.0,0.0601,0.021,0.0,0.62,0.0,0.0,0.16
4220,19__314,315,12.6,0.264627,0.204836,8.4,inf,0,1.0,0.0418,0.0114,0.0,0.9433,0.0,0.595,0.2
4221,19__53,256,10.24,0.249283,0.209133,9.24,8.178,0,1.0,0.1491,0.0513,0.0,0.9767,0.0,0.4531,0.12
4222,19__126,357,14.28,0.161219,0.153335,1.4,inf,0,1.0,0.038,0.0093,0.0,0.6267,0.0,0.0,0.24
4223,19__467,445,17.8,0.250709,0.21095,0.0,inf,0,0.9279,0.11,0.0333,0.0,0.8267,0.0,0.5184,0.16
4224,19__811,342,13.68,0.3405,0.311756,2.92,9.755,0,1.0,0.1629,0.0271,0.0,1.0,0.0,0.8291,0.28
4225,19__791,246,9.84,0.17056,0.156942,8.04,8.903,0,1.0,0.16,0.0652,0.0,0.5633,0.0,0.0,0.24
4226,19__926,311,12.44,0.33913,0.314497,8.56,19.345,0,1.0,0.1072,0.0402,0.0,1.0,0.0,0.7688,0.28
4227,19__42,309,12.36,0.197253,0.177319,12.24,17.803,0,1.0,0.0524,0.0129,0.0,0.9533,0.0,0.0,0.08
4228,19__369,341,13.64,0.204781,0.191055,1.72,inf,0,1.0,0.033,0.0086,0.0,1.0,0.0,0.0,0.2
4229,19__224,337,13.48,0.198063,0.173423,4.36,26.803,0,1.0,0.025,0.0208,0.0,0.9,0.0,0.0,0.16
4230,19__391,318,12.72,0.257104,0.229698,11.68,103.893,0,1.0,0.0758,0.0175,0.0,0.7567,0.0,0.5455,0.32
4231,19__239,292,11.68,0.207083,0.172445,0.48,inf,0,1.0,0.0991,0.0182,0.0,0.6767,0.0,0.2164,0.24
4232,19__832,457,18.28,0.194967,0.188401,0.72,137.805,0,0.7868,0.0243,0.0111,0.0001,1.0,0.0,0.0622,0.16
4233,19__367,314,12.56,0.288491,0.215184,7.64,5.118,0,1.0,0.0992,0.0215,0.0,1.0,0.3843,0.4855,0.08
4234,19__171,289,11.56,0.210366,0.192929,0.0,62.135,0,1.0,0.0479,0.0173,0.0,1.0,0.0,0.0,0.2
4235,19__711,272,10.88,0.326058,0.226208,9.52,6.275,0,1.0,0.11,0.0324,0.0,1.0,0.23,0.4133,0.16
4236,19__115,286,11.44,0.278825,0.231882,9.16,11.377,0,1.0,0.0731,0.0208,0.0,0.5967,0.0,0.7724,0.16
4237,19__641,291,11.64,0.212731,0.195908,7.12,14.111,0,1.0,0.0759,0.026,0.0,0.7167,0.0,0.4505,0.12
4238,19__748,318,12.72,0.189271,0.179512,8.84,31.123,0,1.0,0.0501,0.0208,0.0,0.8867,0.0,0.0,0.04
4239,19__38,282,11.28,0.308052,0.287894,8.08,29.795,0,1.0,0.2072,0.0447,0.0,1.0,0.0,0.6534,0.16
4240,19__622,333,13.32,0.336939,0.226137,12.96,14.142,0,1.0,0.1628,0.0234,0.0001,1.0,0.0,0.8936,0.24
4241,19__490,295,11.8,0.200089,0.165967,0.08,inf,0,1.0,0.0451,0.0124,0.0,0.95,0.0,0.0,0.2
4242,19__599,412,16.48,0.199932,0.191588,7.36,207.435,0,0.875,0.0343,0.0178,0.0003,1.0,0.0,0.0,0.16
4243,19__987,252,10.08,0.271333,0.201062,0.68,20.273,0,1.0,0.2103,0.0448,0.0,0.7833,0.0,0.5159,0.2
4244,19__138,299,11.96,0.231099,0.160547,0.4,inf,0,1.0,0.1003,0.0192,0.0,0.7833,0.0,0.3033,0.16
4245,19__513,286,11.44,0.366124,0.230554,4.8,5.746,0,1.0,0.1007,0.0436,0.0,0.84,0.3006,0.7486,0.24
4246,19__625,319,12.76,0.163919,0.141414,9.6,29.934,0,1.0,0.0472,0.0109,0.0,0.5367,0.0,0.121,0.16
4247,19__732,356,14.24,0.295398,0.24338,0.0,inf,0,1.0,0.078,0.0203,0.0,0.8833,0.0,0.6995,0.24
4248,19__829,477,19.08,0.292676,0.273304,15.28,53.628,0,0.8093,0.033,0.0088,0.0,1.0,0.0,0.6666,0.24
4249,19__681,316,12.64,0.265986,0.199943,0.04,inf,0,1.0,0.0401,0.0208,0.0,1.0,0.0,0.4762,0.24
4250,19__951,251,10.04,0.190561,0.171532,6.4,inf,0,1.0,0.0773,0.0089,0.0,0.8033,0.0,0.0,0.2
4251,19__418,278,11.12,0.250636,0.219811,3.52,inf,0,1.0,0.1187,0.0251,0.0,0.5233,0.0,0.6188,0.24
4252,19__60,355,14.2,0.252856,0.196683,3.4,inf,0,1.0,0.039,0.0187,0.0,1.0,0.0,0.3126,0.16
4253,19__205,314,12.56,0.214294,0.178554,10.16,inf,0,1.0,0.0617,0.0251,0.0,1.0,0.0,0.0,0.16
4254,19__844,275,11.0,0.215298,0.160903,0.0,592.556,0,1.0,0.0961,0.0246,0.0,0.5767,0.0,0.4176,0.16
4255,19__532,285,11.4,0.262851,0.226766,0.0,inf,0,1.0,0.0472,0.0226,0.0,0.59,0.0,0.6847,0.28
4256,19__411,273,10.92,0.183726,0.144977,0.48,inf,0,1.0,0.079,0.0208,0.0,0.7033,0.0,0.0,0.2
4257,19__509,385,15.4,0.252855,0.224263,13.4,24.085,0,1.0,0.0744,0.0208,0.0,1.0,0.0,0.3134,0.2
4258,19__150,303,12.12,0.193118,0.174725,0.36,130.151,0,1.0,0.1051,0.0304,0.0,0.86,0.0,0.0,0.2
4259,19__182,292,11.68,0.263547,0.22463,8.16,7.792,0,1.0,0.2459,0.0495,0.0,0.47,0.0278,0.7505,0.16
4260,19__234,340,13.6,0.261179,0.237664,12.12,26.092,0,1.0,0.0544,0.0208,0.0,0.9467,0.0,0.3997,0.24
4261,19__273,431,17.24,0.18049,0.157133,12.04,inf,0,0.9029,0.0381,0.0067,0.0,0.8267,0.0,0.089,0.2
4262,19__59,343,13.72,0.182766,0.159681,10.48,24.329,0,1.0,0.0412,0.0072,0.0,0.7733,0.0,0.0,0.12
4263,19__57,316,12.64,0.427611,0.183268,0.64,3.609,0,1.0,0.1318,0.021,0.0,1.0,0.5855,0.6253,0.12
4264,19__444,371,14.84,0.189972,0.177408,4.6,inf,0,1.0,0.0371,0.0059,0.0,0.9067,0.0,0.0,0.08
4265,19__303,419,16.76,0.23678,0.170397,13.2,inf,0,0.9357,0.0375,0.0065,0.0,0.9467,0.0,0.4743,0.16
4266,19__389,346,13.84,0.274137,0.231796,4.0,inf,0,1.0,0.0868,0.0221,0.0,1.0,0.0,0.5159,0.16
4267,19__507,398,15.92,0.304352,0.283601,14.32,59.5,0,0.9525,0.0415,0.0122,0.0,1.0,0.0,0.6967,0.16
4268,19__342,416,16.64,0.272646,0.258398,12.6,50.843,0,0.9111,0.036,0.0105,0.0,1.0,0.0,0.4748,0.24
4269,19__456,415,16.6,0.28796,0.267418,0.0,29.651,0,0.9196,0.0674,0.0208,0.0,0.6833,0.0,0.8607,0.28
4270,19__635,303,12.12,0.212235,0.152981,2.76,20.514,0,1.0,0.104,0.0313,0.0,1.0,0.0,0.0874,0.08
4271,19__147,298,11.92,0.213439,0.168477,3.44,9.188,0,1.0,0.0838,0.0208,0.0,1.0,0.0,0.0,0.12
4272,19__160,395,15.8,0.20479,0.161803,3.64,96.286,0,0.9189,0.0629,0.0256,0.0003,1.0,0.0,0.0,0.2
4273,19__638,432,17.28,0.178067,0.156802,2.0,inf,0,0.8932,0.035,0.0208,0.0,0.68,0.0,0.1584,0.16
4274,19__357,287,11.48,0.287128,0.2687,9.24,16.221,0,1.0,0.1072,0.0289,0.0,0.94,0.0,0.7069,0.28
4275,19__133,286,11.44,0.20513,0.178081,1.44,inf,0,1.0,0.0629,0.0197,0.0,1.0,0.0,0.0,0.12
4276,19__656,288,11.52,0.171111,0.158586,2.76,inf,0,1.0,0.0515,0.0212,0.0,0.6833,0.0,0.0,0.2
4277,19__457,405,16.2,0.262518,0.228733,2.68,31.217,0,0.9325,0.1407,0.0397,0.0001,0.9033,0.0,0.7272,0.28
4278,19__343,316,12.64,0.199237,0.152766,0.0,74.296,0,1.0,0.0814,0.0213,0.0,0.67,0.0,0.2362,0.2
4279,19__956,314,12.56,0.206684,0.148279,0.04,inf,0,1.0,0.0452,0.0208,0.0,1.0,0.0,0.0,0.16
4280,19__973,298,11.92,0.172169,0.152606,10.44,inf,0,1.0,0.1414,0.0382,0.0,0.6433,0.0,0.0,0.16
4281,19__817,416,16.64,0.208141,0.194658,7.72,61.776,0,0.9179,0.0371,0.0121,0.0,1.0,0.0,0.0,0.28
4282,19__78,288,11.52,0.224434,0.199974,8.0,9.033,0,1.0,0.133,0.0363,0.0,0.47,0.0,0.6667,0.24
4283,19__400,312,12.48,0.277401,0.25142,0.44,22.187,0,1.0,0.0794,0.0147,0.0,0.8433,0.0,0.5972,0.24
4284,19__765,306,12.24,0.432231,0.254305,6.92,4.321,0,1.0,0.1771,0.0527,0.0001,1.0,0.4905,0.7928,0.12
4285,19__179,297,11.88,0.266228,0.223766,7.2,8.075,0,1.0,0.2402,0.0641,0.0,0.6167,0.0,0.6453,0.2
4286,19__624,249,9.96,0.217311,0.187055,3.64,7.639,0,1.0,0.1275,0.03,0.0,1.0,0.0481,0.0,0.16
4287,19__672,233,9.32,0.196009,0.1826,4.64,20.165,0,1.0,0.1188,0.026,0.0,0.8133,0.0,0.0,0.24
4288,19__64,406,16.24,0.305256,0.212576,10.4,inf,0,0.94,0.0286,0.005,0.0,1.0,0.0,0.6828,0.28
4289,19__972,266,10.64,0.221721,0.21182,0.8,67.375,0,1.0,0.1099,0.0217,0.0,1.0,0.0,0.0,0.16
4290,19__905,413,16.52,0.193652,0.180262,1.6,inf,0,0.9279,0.0303,0.0064,0.0,0.9533,0.0,0.0,0.16
4291,19__211,308,12.32,0.215953,0.189587,2.84,23.146,0,1.0,0.0611,0.0229,0.0001,1.0,0.0,0.0,0.16
4292,19__58,333,13.32,0.213044,0.206446,9.32,226.417,0,1.0,0.039,0.0059,0.0,1.0,0.0,0.0,0.16
4293,19__431,294,11.76,0.456048,0.199006,2.76,2.602,0,1.0,0.0574,0.0068,0.0,1.0,0.7198,0.6174,0.2
4294,19__25,270,10.8,0.152894,0.14092,0.8,147.323,0,1.0,0.1193,0.0405,0.0,0.5367,0.0,0.0,0.12
4295,19__458,428,17.12,0.289547,0.202772,8.96,inf,0,0.8439,0.1405,0.1038,0.0001,1.0,0.0,0.6419,0.28
4296,19__592,316,12.64,0.209165,0.186977,3.56,592.667,0,1.0,0.0557,0.0109,0.0,1.0,0.0,0.0,0.12
4297,19__620,319,12.76,0.273229,0.24063,3.0,inf,0,1.0,0.0772,0.0159,0.0,0.79,0.0,0.5722,0.24
4298,19__164,294,11.76,0.178418,0.163194,11.68,inf,0,1.0,0.0615,0.0194,0.0,0.7467,0.0,0.0,0.2
4299,19__114,263,10.52,0.212522,0.200191,8.36,87.95,0,1.0,0.0628,0.012,0.0,1.0,0.0,0.0,0.2
4300,19__170,360,14.4,0.203766,0.181559,1.88,inf,0,1.0,0.0493,0.023,0.0,0.8367,0.0,0.6055,0.16
4301,19__368,307,12.28,0.189116,0.164975,0.4,10.734,0,1.0,0.0449,0.0165,0.0,0.87,0.0,0.0,0.2
4302,19__694,333,13.32,0.444571,0.273568,3.2,2.622,0,1.0,0.084,0.0479,0.0001,1.0,0.7171,0.7624,0.16
4303,19__675,246,9.84,0.280661,0.209357,3.36,17.187,0,1.0,0.0259,0.0208,0.0,0.7933,0.0,0.6271,0.28
4304,19__818,320,12.8,0.270503,0.213636,1.4,inf,0,1.0,0.0943,0.0208,0.0,1.0,0.0,0.371,0.36
4305,19__618,278,11.12,0.21008,0.181848,0.52,inf,0,1.0,0.0432,0.0136,0.0,1.0,0.0,0.0,0.2
4306,19__928,409,16.36,0.202793,0.182077,0.96,61.592,0,0.9304,0.0329,0.0095,0.0,1.0,0.0,0.0,0.2
4307,19__713,297,11.88,0.268726,0.219539,2.32,5.947,0,1.0,0.0411,0.0249,0.0,1.0,0.2737,0.4736,0.16
4308,19__396,436,17.44,0.296782,0.27209,3.16,36.161,0,0.8636,0.0358,0.0117,0.0,0.97,0.0,0.6679,0.32
4309,19__776,301,12.04,0.227428,0.193497,8.56,22.901,0,1.0,0.135,0.0356,0.0,0.6433,0.0,0.4838,0.16
4310,19__258,273,10.92,0.161039,0.151453,2.44,inf,0,1.0,0.0714,0.0208,0.0,0.57,0.0,0.0,0.12
4311,19__931,309,12.36,0.324301,0.256845,0.0,inf,0,1.0,0.0865,0.0208,0.0,1.0,0.0,0.7971,0.24
4312,19__178,295,11.8,0.318908,0.286057,7.52,15.053,0,1.0,0.0937,0.0203,0.0,0.7967,0.0,0.7884,0.24
4313,19__623,306,12.24,0.307879,0.287803,8.28,7.298,0,1.0,0.1144,0.0345,0.0,1.0,0.0936,0.7521,0.2
4314,19__11,385,15.4,0.210914,0.202825,5.88,54.702,0,1.0,0.058,0.0113,0.0,1.0,0.0,0.0,0.12
4315,19__948,433,17.32,0.304579,0.21902,12.96,inf,0,0.8582,0.0431,0.0185,0.0,1.0,0.0,0.709,0.2
4316,19__731,352,14.08,0.202345,0.173274,0.44,inf,0,1.0,0.0776,0.0214,0.0,0.4233,0.0,0.525,0.16
4317,19__894,227,9.08,0.198184,0.154877,0.68,25.717,0,1.0,0.0754,0.0209,0.0,0.9033,0.0,0.0,0.12
4318,19__135,394,15.76,0.216884,0.191171,10.44,inf,0,0.9154,0.0371,0.017,0.0002,1.0,0.0,0.2352,0.2
4319,19__904,403,16.12,0.202628,0.192769,5.68,371.487,0,0.8993,0.0319,0.0208,0.0001,1.0,0.0,0.0,0.16
4320,19__274,330,13.2,0.304394,0.247617,0.0,inf,0,1.0,0.0858,0.0208,0.0,0.8967,0.0,0.6986,0.16
4321,19__673,308,12.32,0.303586,0.230577,5.48,20.504,0,1.0,0.0829,0.0178,0.0,1.0,0.0,0.5714,0.28
4322,19__716,479,19.16,0.210781,0.108835,15.6,inf,0,0.7936,0.0286,0.0129,0.0,0.5667,0.0,0.7267,0.28
4323,19__718,326,13.04,0.438512,0.201257,6.2,2.788,0,1.0,0.1171,0.026,0.0001,1.0,0.695,0.5872,0.16
4324,19__609,273,10.92,0.210543,0.185257,2.6,19.892,0,1.0,0.137,0.022,0.0,0.9733,0.0,0.0,0.2
4325,19__116,350,14.0,0.16711,0.147472,4.72,18.587,0,1.0,0.063,0.0195,0.0,0.5967,0.0,0.0,0.16
4326,19__557,281,11.24,0.157431,0.14797,0.92,29.582,0,1.0,0.0501,0.0232,0.0,0.5733,0.0,0.0,0.16
4327,19__857,263,10.52,0.20025,0.179667,3.32,inf,0,1.0,0.0606,0.0208,0.0,0.89,0.0,0.0,0.2
4328,19__912,256,10.24,0.38884,0.17756,2.76,3.084,0,1.0,0.0709,0.0175,0.0,1.0,0.6555,0.3348,0.24
4329,19__873,366,14.64,0.219408,0.182345,4.72,16.099,0,1.0,0.0929,0.0279,0.0001,1.0,0.0,0.0045,0.16
4330,19__399,451,18.04,0.308487,0.280024,1.84,inf,0,0.8368,0.0208,0.0079,0.0,1.0,0.0,0.7409,0.28
4331,19__536,318,12.72,0.170828,0.146993,0.0,154.266,0,1.0,0.0496,0.0208,0.0,0.6733,0.0,0.0,0.24
4332,19__21,326,13.04,0.199313,0.179968,0.64,33.597,0,1.0,0.0376,0.0208,0.0,0.9267,0.0,0.0,0.12
4333,19__249,354,14.16,0.282779,0.253286,13.12,9.995,0,1.0,0.1115,0.0364,0.0,0.7733,0.0,0.6859,0.24
4334,19__903,262,10.48,0.182112,0.158864,0.04,1247.316,0,1.0,0.1,0.0208,0.0,0.7633,0.0,0.0,0.28
4335,19__864,312,12.48,0.208027,0.181205,10.88,inf,0,1.0,0.0808,0.0299,0.0,1.0,0.0,0.0,0.12
4336,19__522,288,11.52,0.216709,0.164619,2.2,55.73,0,1.0,0.1072,0.0208,0.0,1.0,0.0,0.0,0.16
4337,19__428,271,10.84,0.206036,0.122422,0.28,46.54,0,1.0,0.0771,0.0414,0.0,0.9567,0.0,0.0,0.2
4338,19__354,319,12.76,0.185575,0.165696,8.8,97.138,0,1.0,0.0572,0.013,0.0,0.8233,0.0,0.1119,0.16
4339,19__250,364,14.56,0.272863,0.239085,5.24,24.97,0,1.0,0.1103,0.0288,0.0,0.68,0.0,0.6271,0.2
4340,19__723,326,13.04,0.188646,0.171514,9.88,inf,0,1.0,0.0853,0.0186,0.0,0.8167,0.0,0.0,0.16
4341,19__387,311,12.44,0.168994,0.12608,0.0,13.626,0,1.0,0.0809,0.0215,0.0,0.6633,0.0,0.0,0.16
4342,19__305,336,13.44,0.461195,0.261014,2.2,4.168,0,1.0,0.1471,0.0334,0.0002,1.0,0.5109,0.8398,0.2
4343,19__915,414,16.56,0.254435,0.228821,14.8,39.853,0,0.9136,0.0398,0.0208,0.0,1.0,0.0,0.4248,0.16
4344,19__901,361,14.44,0.281095,0.208143,3.56,inf,0,1.0,0.0426,0.0208,0.0,0.9733,0.0,0.59,0.2
4345,19__435,415,16.6,0.178361,0.166214,14.6,inf,0,0.9336,0.0298,0.0076,0.0,0.84,0.0,0.0,0.08
4346,19__360,300,12.0,0.209148,0.172434,8.72,32.372,0,1.0,0.0776,0.0263,0.0,0.8267,0.0,0.4159,0.2
4347,19__551,341,13.64,0.296811,0.201198,1.96,10.149,0,1.0,0.1146,0.0311,0.0,0.9467,0.0,0.77,0.24
4348,19__822,325,13.0,0.297132,0.278821,4.08,149.667,0,1.0,0.13,0.0277,0.0,0.8233,0.0,0.7122,0.32
4349,19__102,279,11.16,0.399609,0.297153,8.96,5.892,0,1.0,0.1259,0.0498,0.0,1.0,0.2811,0.8264,0.24
4350,19__854,322,12.88,0.143473,0.135648,10.52,inf,0,1.0,0.0629,0.0127,0.0,0.48,0.0,0.0,0.16
4351,19__930,304,12.16,0.217163,0.192967,6.8,inf,0,1.0,0.1045,0.0153,0.0,1.0,0.0,0.0,0.2
4352,19__504,321,12.84,0.205033,0.197747,10.28,inf,0,1.0,0.0578,0.0208,0.0,0.9667,0.0,0.0,0.2
4353,19__346,313,12.52,0.256657,0.219579,3.6,inf,0,1.0,0.0223,0.0206,0.0,0.9267,0.0,0.3884,0.24
4354,19__148,302,12.08,0.288058,0.209027,10.96,9.132,0,1.0,0.1101,0.0255,0.0,0.9933,0.0,0.5336,0.2
4355,19__883,264,10.56,0.153755,0.136239,6.16,17.376,0,1.0,0.0693,0.022,0.0,0.5433,0.0,0.0,0.2
4356,19__727,267,10.68,0.248837,0.228461,9.04,44.119,0,1.0,0.0479,0.0072,0.0,1.0,0.0,0.2366,0.2
4357,19__123,317,12.68,0.419566,0.258846,12.16,3.112,0,1.0,0.062,0.0151,0.0,0.9233,0.6517,0.8466,0.16
4358,19__88,306,12.24,0.245958,0.199636,3.52,43.223,0,1.0,0.0488,0.0159,0.0,1.0,0.0,0.2257,0.2
4359,19__983,317,12.68,0.332531,0.31164,2.48,97.294,0,1.0,0.0815,0.0298,0.0,1.0,0.0,0.7534,0.24
4360,19__279,295,11.8,0.240888,0.172755,10.76,7.218,0,1.0,0.0519,0.0204,0.0,1.0,0.1043,0.4416,0.24
4361,19__882,306,12.24,0.211015,0.185386,8.44,14.266,0,1.0,0.0575,0.0167,0.0,1.0,0.0,0.024,0.12
4362,19__607,308,12.32,0.164609,0.135105,0.68,inf,0,1.0,0.0957,0.0393,0.0,0.57,0.0,0.0,0.16
4363,19__7,235,9.4,0.197083,0.187538,5.92,37.989,0,0.8879,0.0438,0.0084,0.0,1.0,0.0,0.0134,0.08
4364,19__724,294,11.76,0.184969,0.166001,7.44,inf,0,1.0,0.0551,0.0113,0.0,0.83,0.0,0.0,0.24
4365,19__23,265,10.6,0.156216,0.138114,9.4,376.845,0,1.0,0.0614,0.0244,0.0,0.5433,0.0,0.0,0.12
4366,19__304,417,16.68,0.27426,0.247096,2.48,84.719,0,0.9354,0.0602,0.0214,0.0,0.92,0.0,0.5788,0.2
4367,19__204,428,17.12,0.260193,0.182793,10.72,inf,0,0.9032,0.0295,0.0054,0.0,0.88,0.0,0.5895,0.16
4368,19__541,375,15.0,0.282469,0.223943,0.0,inf,0,1.0,0.0375,0.02,0.0,1.0,0.0,0.6059,0.2
4369,19__213,369,14.76,0.259161,0.163797,0.0,inf,0,0.9801,0.0315,0.0096,0.0002,1.0,0.0,0.3788,0.16
4370,19__383,308,12.32,0.2109,0.202672,8.32,453.794,0,1.0,0.0381,0.0298,0.0,1.0,0.0,0.0,0.12
4371,19__968,308,12.32,0.42889,0.275105,5.64,5.64,0,1.0,0.153,0.0243,0.0,1.0,0.3146,0.8816,0.2
4372,19__200,317,12.68,0.211168,0.196481,0.48,270.187,0,1.0,0.0748,0.0265,0.0,1.0,0.0,0.0,0.12
4373,19__359,275,11.0,0.319847,0.234252,0.64,14.725,0,1.0,0.0843,0.0215,0.0,1.0,0.0,0.7412,0.24
4374,19__849,389,15.56,0.32408,0.297052,1.72,30.355,0,0.9854,0.0687,0.0252,0.0,1.0,0.0,0.7281,0.16
4375,19__426,333,13.32,0.306711,0.279081,2.84,17.278,0,1.0,0.0753,0.0249,0.0002,1.0,0.0,0.695,0.24
4376,19__201,411,16.44,0.20438,0.184316,3.32,inf,0,0.9532,0.0562,0.0125,0.0,1.0,0.0,0.0,0.16
4377,19__119,286,11.44,0.18446,0.16977,7.28,inf,0,1.0,0.0559,0.0054,0.0,0.79,0.0,0.0,0.12
4378,19__573,263,10.52,0.253506,0.212855,0.52,19.808,0,1.0,0.0463,0.0091,0.0,0.9267,0.0,0.4364,0.2
4379,19__478,421,16.84,0.200481,0.170702,14.44,59.644,0,0.9187,0.0678,0.0512,0.0005,1.0,0.0,0.0171,0.2
4380,19__665,423,16.92,0.299507,0.275135,10.36,inf,0,0.9243,0.0786,0.0293,0.0,0.8767,0.0,0.8536,0.36
4381,19__72,433,17.32,0.195794,0.178907,11.16,691.154,0,0.885,0.0735,0.028,0.0,0.9267,0.0,0.0,0.2
4382,19__166,294,11.76,0.265697,0.245238,3.88,49.387,0,1.0,0.0658,0.0176,0.0,1.0,0.0,0.3847,0.2
4383,19__606,400,16.0,0.184582,0.16996,4.08,inf,0,0.9561,0.0364,0.0096,0.0,0.8467,0.0,0.0,0.2
4384,19__626,369,14.76,0.260758,0.220153,0.52,inf,0,1.0,0.0829,0.0275,0.0,0.5933,0.0,0.6603,0.2
4385,19__460,444,17.76,0.276205,0.170355,14.68,inf,0,0.8757,0.0384,0.009,0.0001,0.86,0.0,0.8869,0.36
4386,19__404,392,15.68,0.213821,0.173918,3.32,114.896,0,0.9782,0.0339,0.009,0.0,1.0,0.0,0.1014,0.16
4387,19__376,237,9.48,0.295507,0.269351,2.12,28.418,0,1.0,0.1258,0.0548,0.0,0.7633,0.0,0.7128,0.2
4388,19__733,413,16.52,0.172454,0.14597,4.08,61.411,0,0.9086,0.0375,0.0077,0.0,0.6733,0.0,0.0,0.28
4389,19__562,276,11.04,0.208921,0.201756,6.6,32.615,0,1.0,0.1117,0.0231,0.0,1.0,0.0,0.0,0.16
4390,19__71,341,13.64,0.178181,0.162007,3.68,8.45,0,1.0,0.0532,0.0127,0.0,0.7167,0.0,0.2983,0.2
4391,19__511,332,13.28,0.30403,0.259092,12.0,7.164,0,1.0,0.1997,0.0276,0.0001,1.0,0.1114,0.5998,0.24
4392,19__499,272,10.88,0.224528,0.185782,9.6,5.956,0,1.0,0.0829,0.0218,0.0,1.0,0.2726,0.3422,0.16
4393,19__977,320,12.8,0.235126,0.186396,1.08,50.392,0,1.0,0.0775,0.0275,0.0,0.6767,0.0,0.4026,0.16
4394,19__565,417,16.68,0.251356,0.162676,4.64,inf,0,0.9336,0.0392,0.0188,0.0001,0.7,0.0,0.5945,0.2
4395,19__575,409,16.36,0.205313,0.183217,4.84,64.032,0,0.925,0.0371,0.021,0.0,1.0,0.0,0.0,0.16
4396,19__487,434,17.36,0.152972,0.132763,0.68,inf,0,0.8879,0.0343,0.0141,0.0,0.6933,0.0,0.0,0.2
4397,19__120,357,14.28,0.188289,0.178501,12.96,64.798,0,1.0,0.0502,0.0208,0.0,0.8333,0.0,0.0,0.2
4398,19__577,391,15.64,0.286117,0.23746,13.4,18.321,0,0.9657,0.0762,0.0159,0.0,1.0,0.0,0.5426,0.12
4399,19__55,432,17.28,0.234175,0.171892,5.48,inf,0,0.8904,0.0289,0.0208,0.0,0.8,0.0,0.5152,0.12
4400,19__950,439,17.56,0.311819,0.290884,0.44,16.439,0,0.8986,0.0502,0.0122,0.0,1.0,0.0,0.7728,0.24
4401,19__337,419,16.76,0.298238,0.267356,0.44,inf,0,0.9025,0.0272,0.0208,0.0001,1.0,0.0,0.6184,0.24
4402,19__913,416,16.64,0.252945,0.239713,14.32,38.333,0,0.92,0.0472,0.0196,0.0001,1.0,0.0,0.3628,0.16
4403,19__379,410,16.4,0.204867,0.184437,1.92,inf,0,0.9243,0.0518,0.0169,0.0003,1.0,0.0,0.0,0.2
4404,19__129,300,12.0,0.161295,0.146943,1.08,inf,0,1.0,0.0499,0.0083,0.0,0.61,0.0,0.0,0.2
4405,19__358,318,12.72,0.218526,0.186138,2.64,19.957,0,1.0,0.0975,0.0206,0.0,1.0,0.0,0.0,0.24
4406,19__582,306,12.24,0.228178,0.207152,3.76,44.872,0,1.0,0.1032,0.0208,0.0,0.92,0.0,0.1864,0.16
4407,19__667,411,16.44,0.206306,0.177246,11.16,44.404,0,0.9104,0.0348,0.0116,0.0001,0.6933,0.0,0.2722,0.36
4408,19__631,305,12.2,0.180224,0.144153,9.56,24.457,0,1.0,0.0616,0.0235,0.0,0.29,0.0,0.4171,0.12
4409,19__124,352,14.08,0.200737,0.185726,11.04,140.184,0,1.0,0.0376,0.0105,0.0,0.8867,0.0,0.0,0.2
4410,19__473,284,11.36,0.242063,0.196008,9.72,13.152,0,1.0,0.1132,0.0195,0.0,1.0,0.0,0.1871,0.24
4411,19__837,480,19.2,0.318127,0.300419,7.88,16.47,0,0.8075,0.0402,0.0115,0.0001,1.0,0.0,0.8098,0.2
4412,19__318,339,13.56,0.227436,0.190181,2.32,21.487,0,1.0,0.0631,0.0094,0.0,1.0,0.0,0.3986,0.12
4413,19__526,309,12.36,0.320963,0.248638,11.84,12.636,0,1.0,0.1257,0.0245,0.0,1.0,0.0,0.706,0.24
4414,19__454,397,15.88,0.211408,0.203132,14.92,inf,0,0.9657,0.0272,0.0098,0.0,1.0,0.0,0.0,0.28
4415,19__695,290,11.6,0.250885,0.236965,2.96,24.288,0,1.0,0.1029,0.0231,0.0,1.0,0.0,0.2897,0.16
4416,19__549,409,16.36,0.183786,0.143009,0.0,inf,0,0.9414,0.0374,0.0107,0.0001,0.9133,0.0,0.0,0.16
4417,19__16,407,16.28,0.229597,0.145877,0.2,inf,0,0.9529,0.0316,0.0225,0.0,0.7533,0.0,0.6562,0.08
4418,19__485,285,11.4,0.175132,0.155619,8.76,inf,0,1.0,0.062,0.0071,0.0,0.71,0.0,0.0,0.2
4419,19__975,411,16.44,0.204261,0.172195,12.24,inf,0,0.9457,0.036,0.0076,0.0,1.0,0.0,0.0,0.16
4420,19__498,234,9.36,0.178656,0.160325,7.12,31.278,0,1.0,0.0644,0.0208,0.0,0.7433,0.0,0.0,0.16
4421,19__605,436,17.44,0.299267,0.286679,15.76,16.884,0,0.9186,0.0743,0.0132,0.0,1.0,0.0,0.6617,0.24
4422,19__412,244,9.76,0.25961,0.186367,2.12,4.64,0,1.0,0.0721,0.0202,0.0001,1.0,0.448,0.0,0.2
4423,19__299,398,15.92,0.20392,0.177466,0.44,inf,0,0.9139,0.0514,0.0255,0.0002,1.0,0.0,0.0,0.16
4424,19__650,420,16.8,0.276266,0.25658,14.72,29.092,0,0.9168,0.0544,0.0123,0.0,1.0,0.0,0.5243,0.16
4425,19__355,289,11.56,0.220413,0.198922,2.84,14.578,0,1.0,0.1059,0.0217,0.0,1.0,0.0,0.0002,0.24
4426,19__692,432,17.28,0.323047,0.216951,11.28,inf,0,0.8779,0.0511,0.0254,0.0005,1.0,0.0,0.8498,0.16
4427,19__152,354,14.16,0.218706,0.159637,0.0,inf,0,1.0,0.0443,0.0117,0.0,0.64,0.0,0.4471,0.24
4428,19__768,305,12.2,0.173689,0.15746,12.08,38.707,0,1.0,0.1286,0.0529,0.0,0.7233,0.0,0.0,0.16
4429,19__254,259,10.36,0.184403,0.158477,0.32,35.094,0,1.0,0.0447,0.0212,0.0,0.7433,0.0,0.0,0.16
4430,19__528,274,10.96,0.185924,0.16118,0.44,inf,0,1.0,0.0571,0.0277,0.0,0.7233,0.0,0.0,0.24
4431,19__462,401,16.04,0.325507,0.265324,15.04,12.706,0,0.9397,0.089,0.0215,0.0,1.0,0.0,0.7631,0.28
4432,19__144,338,13.52,0.239785,0.201158,10.96,7.343,0,1.0,0.1038,0.0432,0.0001,1.0,0.0876,0.3562,0.16
4433,19__30,257,10.28,0.153378,0.138529,1.56,653.667,0,1.0,0.0672,0.0232,0.0,0.53,0.0,0.0,0.16
4434,19__827,337,13.48,0.270118,0.252446,5.2,inf,0,1.0,0.0557,0.0147,0.0,0.8233,0.0,0.6172,0.28
4435,19__560,296,11.84,0.212647,0.206789,2.12,inf,0,1.0,0.0658,0.0386,0.0,1.0,0.0,0.0,0.12
4436,19__751,267,10.68,0.263362,0.216211,9.2,52.119,0,1.0,0.0603,0.0191,0.0,0.87,0.0,0.5186,0.08
4437,19__447,404,16.16,0.295818,0.208551,4.88,inf,0,0.9472,0.0371,0.0082,0.0,1.0,0.0,0.6455,0.24
4438,19__653,317,12.68,0.163983,0.149393,9.0,87.595,0,1.0,0.0573,0.008,0.0,0.6133,0.0,0.0,0.2
4439,19__260,321,12.84,0.194084,0.148173,0.0,inf,0,1.0,0.0629,0.0208,0.0,0.88,0.0,0.0,0.12
4440,19__15,289,11.56,0.208882,0.139078,2.28,282.837,0,1.0,0.0804,0.0264,0.0,1.0,0.0,0.0,0.08
4441,19__5,162,6.48,0.167698,0.130393,5.04,8.401,0,1.0,0.1502,0.0424,0.0,0.3467,0.0,0.2412,0.08
4442,19__939,306,12.24,0.337125,0.305117,3.52,57.633,0,1.0,0.1081,0.0299,0.0,1.0,0.0,0.7429,0.24
4443,19__586,428,17.12,0.289016,0.204899,5.96,inf,0,0.8933,0.0258,0.006,0.0,1.0,0.0,0.616,0.16
4444,19__683,303,12.12,0.219792,0.2006,4.52,17.533,0,1.0,0.0429,0.0115,0.0,0.76,0.0,0.345,0.12
4445,19__796,265,10.6,0.218731,0.198129,7.48,191.348,0,1.0,0.0562,0.0206,0.0,0.71,0.0,0.2786,0.28
4446,19__715,286,11.44,0.164275,0.151541,0.04,inf,0,1.0,0.0661,0.0211,0.0,0.65,0.0,0.0,0.12
4447,19__110,284,11.36,0.23139,0.191206,3.48,inf,0,1.0,0.0515,0.0075,0.0,0.7433,0.0,0.3753,0.16
4448,19__286,319,12.76,0.215682,0.20744,4.0,inf,0,1.0,0.0409,0.0112,0.0,1.0,0.0,0.0,0.2
4449,19__402,321,12.84,0.282539,0.250833,1.4,63.972,0,1.0,0.0673,0.0266,0.0,0.74,0.0,0.6695,0.32
4450,19__648,428,17.12,0.192865,0.166236,2.24,inf,0,0.8911,0.0445,0.0152,0.0006,0.9767,0.0,0.0,0.12
4451,19__329,303,12.12,0.23765,0.215687,10.24,28.118,0,1.0,0.1231,0.0321,0.0,0.43,0.0,0.6671,0.24
4452,19__167,421,16.84,0.252426,0.22286,2.12,63.513,0,0.9171,0.0732,0.0232,0.0,0.5933,0.0,0.726,0.2
4453,19__662,431,17.24,0.174508,0.156523,5.32,inf,0,0.8986,0.034,0.0075,0.0001,0.7667,0.0,0.0,0.24
4454,19__77,305,12.2,0.232897,0.213768,10.6,17.472,0,1.0,0.0772,0.0221,0.0,1.0,0.0,0.1443,0.16
4455,19__929,383,15.32,0.305852,0.227234,12.4,inf,0,1.0,0.0426,0.0285,0.0,1.0,0.0,0.7022,0.24
4456,19__640,429,17.16,0.214354,0.197302,16.0,65.618,0,0.8918,0.0336,0.0072,0.0,0.38,0.0,0.6586,0.16
4457,19__365,367,14.68,0.207007,0.182792,0.04,inf,0,1.0,0.0472,0.0129,0.0,0.9467,0.0,0.0,0.16
4458,19__779,340,13.6,0.286129,0.195074,5.16,8.059,0,1.0,0.1173,0.0356,0.0001,1.0,0.0,0.5324,0.28
4459,19__938,300,12.0,0.263849,0.247034,3.88,47.059,0,1.0,0.0604,0.0175,0.0,0.48,0.0,0.7648,0.24
4460,19__514,280,11.2,0.268443,0.249759,2.0,13.493,0,1.0,0.06,0.0308,0.0,0.8133,0.0,0.6247,0.24
4461,19__491,310,12.4,0.20324,0.186853,0.0,130.419,0,1.0,0.0415,0.0195,0.0,1.0,0.0,0.0,0.12
4462,19__896,350,14.0,0.324025,0.228286,6.72,inf,0,1.0,0.0521,0.0116,0.0,1.0,0.0,0.7576,0.16
4463,19__263,305,12.2,0.239143,0.171207,10.32,106.717,0,1.0,0.0344,0.014,0.0,1.0,0.0,0.1959,0.2
4464,19__246,280,11.2,0.214072,0.186609,0.64,17.819,0,1.0,0.0493,0.0244,0.0,1.0,0.0,0.1202,0.2
4465,19__651,409,16.36,0.202857,0.196439,13.6,45.867,0,0.9311,0.0271,0.0067,0.0002,1.0,0.0,0.0,0.2
4466,19__862,329,13.16,0.22634,0.176599,0.0,inf,0,1.0,0.0545,0.0119,0.0,1.0,0.0,0.1584,0.12
4467,19__834,257,10.28,0.177584,0.159156,1.2,27.071,0,1.0,0.0402,0.0096,0.0,0.74,0.0,0.0,0.2
4468,19__559,425,17.0,0.197508,0.181285,0.0,52.164,0,0.9111,0.07,0.0205,0.0001,0.99,0.0,0.0,0.16
4469,19__804,380,15.2,0.291042,0.25493,13.56,8.639,0,1.0,0.1079,0.029,0.0,0.86,0.0,0.8321,0.36
4470,19__410,324,12.96,0.189615,0.162675,0.08,inf,0,1.0,0.0473,0.0082,0.0,0.8467,0.0,0.0,0.2
4471,19__936,301,12.04,0.239263,0.208767,4.32,28.4,0,1.0,0.1239,0.039,0.0,0.53,0.0,0.5697,0.2
4472,19__349,317,12.68,0.284613,0.267724,3.96,239.625,0,1.0,0.0836,0.0226,0.0,0.75,0.0,0.7093,0.32
4473,19__674,256,10.24,0.467543,0.282953,9.56,3.32,0,1.0,0.3102,0.0483,0.0,1.0,0.624,0.7241,0.32
4474,19__636,273,10.92,0.278164,0.167651,0.4,15.978,0,1.0,0.1949,0.043,0.0,0.7033,0.0,0.6409,0.12
4475,19__73,334,13.36,0.201579,0.18494,0.96,inf,0,1.0,0.0653,0.0134,0.0,0.87,0.0,0.0798,0.2
4476,19__32,259,10.36,0.294361,0.266353,0.0,inf,0,1.0,0.0917,0.0253,0.0,0.91,0.0,0.6109,0.16
4477,19__83,335,13.4,0.216983,0.169622,5.12,inf,0,1.0,0.0659,0.0141,0.0,1.0,0.0,0.0,0.2
4478,19__441,274,10.96,0.259084,0.210036,1.52,8.445,0,1.0,0.0933,0.0342,0.0,1.0,0.0,0.5009,0.12
4479,19__469,326,13.04,0.207637,0.169176,11.56,7.908,0,1.0,0.0351,0.0126,0.0,1.0,0.0123,0.0,0.2
4480,19__881,352,14.08,0.196479,0.168935,0.04,43.018,0,1.0,0.1173,0.0367,0.0,0.84,0.0,0.0,0.12
4481,19__774,362,14.48,0.214969,0.207911,7.48,45.139,0,1.0,0.0548,0.0208,0.0,1.0,0.0,0.0,0.2
4482,19__300,337,13.48,0.189321,0.164109,11.6,inf,0,1.0,0.0407,0.0102,0.0,0.8733,0.0,0.0,0.08
4483,19__523,407,16.28,0.294575,0.276888,2.88,61.366,0,0.9507,0.0431,0.02,0.0,1.0,0.0,0.6079,0.2
4484,19__969,312,12.48,0.211418,0.201391,2.92,36.789,0,1.0,0.0461,0.0113,0.0,1.0,0.0,0.0,0.12
4485,19__542,304,12.16,0.259748,0.212459,10.56,90.556,0,1.0,0.11,0.0177,0.0,1.0,0.0,0.4747,0.2
4486,19__813,304,12.16,0.216813,0.194463,0.68,inf,0,1.0,0.0732,0.0158,0.0,0.8367,0.0,0.2167,0.24
4487,19__492,316,12.64,0.289231,0.264344,1.48,inf,0,1.0,0.0431,0.0122,0.0,1.0,0.0,0.5266,0.12
4488,19__292,293,11.72,0.166202,0.135439,0.16,33.217,0,1.0,0.0658,0.0201,0.0,0.6533,0.0,0.0,0.16
4489,19__109,328,13.12,0.503895,0.253837,5.16,2.327,0,1.0,0.1197,0.022,0.0,1.0,0.7565,0.8012,0.24
4490,19__868,441,17.64,0.293799,0.256542,11.6,10.429,0,0.8589,0.044,0.012,0.0001,0.9267,0.0,0.93,0.16
4491,19__68,329,13.16,0.16957,0.154916,7.68,inf,0,1.0,0.0643,0.0208,0.0,0.65,0.0,0.02,0.24
4492,19__496,332,13.28,0.210559,0.180257,2.2,19.529,0,1.0,0.0378,0.0127,0.0,0.99,0.0,0.0,0.12
4493,19__685,380,15.2,0.269625,0.169996,4.96,inf,0,1.0,0.0376,0.0096,0.0,0.6267,0.0,0.804,0.16
4494,19__980,270,10.8,0.307002,0.292149,2.6,20.905,0,1.0,0.0516,0.015,0.0,0.9867,0.0,0.7214,0.2
4495,19__6,198,7.92,0.243499,0.180171,2.56,9.04,0,1.0,0.2114,0.0362,0.0001,1.0,0.0,0.326,0.08
4496,19__645,296,11.84,0.181262,0.152414,10.2,inf,0,1.0,0.0652,0.0087,0.0,0.71,0.0,0.0,0.16
4497,19__80,273,10.92,0.215767,0.206501,0.92,inf,0,1.0,0.0583,0.0216,0.0,1.0,0.0,0.0,0.2
4498,19__288,266,10.64,0.214218,0.184811,8.16,7.748,0,1.0,0.0745,0.0142,0.0,1.0,0.0337,0.1124,0.16
4499,19__738,254,10.16,0.213413,0.176725,8.6,25.348,0,1.0,0.1029,0.0212,0.0001,1.0,0.0,0.0,0.24
4500,19__652,277,11.08,0.158195,0.144205,0.32,222.239,0,1.0,0.0586,0.0138,0.0,0.5967,0.0,0.0,0.16
4501,19__976,316,12.64,0.170789,0.141935,2.08,185.517,0,1.0,0.0697,0.0267,0.0,0.5233,0.0,0.119,0.16
4502,19__753,312,12.48,0.212469,0.171448,1.44,inf,0,1.0,0.0521,0.0126,0.0,1.0,0.0,0.0,0.16
4503,19__333,228,9.12,0.223036,0.18045,0.76,inf,0,1.0,0.1253,0.0209,0.0,1.0,0.0,0.0,0.16
4504,19__212,277,11.08,0.211219,0.189555,4.12,inf,0,1.0,0.0507,0.0143,0.0,0.9867,0.0,0.0,0.2
4505,19__812,445,17.8,0.19358,0.170097,0.92,inf,0,0.8646,0.0392,0.009,0.0,0.9533,0.0,0.0,0.28
4506,19__722,438,17.52,0.187704,0.169118,15.76,inf,0,0.8832,0.0331,0.0092,0.0,0.94,0.0,0.0,0.16
4507,19__982,316,12.64,0.190466,0.156246,0.04,inf,0,1.0,0.0401,0.0073,0.0,0.8933,0.0,0.0,0.2
4508,19__800,307,12.28,0.213982,0.162865,0.88,181.114,0,1.0,0.0564,0.0208,0.0,1.0,0.0,0.0,0.28
4509,19__306,287,11.48,0.204151,0.158101,11.16,inf,0,1.0,0.0628,0.0214,0.0,1.0,0.0,0.0,0.16
4510,19__923,422,16.88,0.217508,0.204758,11.0,60.198,0,0.9314,0.0491,0.0107,0.0,1.0,0.0,0.1017,0.24
4511,19__416,247,9.88,0.261673,0.239588,5.44,20.964,0,1.0,0.1386,0.0298,0.0,1.0,0.0,0.405,0.16
4512,19__297,255,10.2,0.239056,0.205057,0.56,34.67,0,1.0,0.1086,0.0208,0.0,0.6967,0.0,0.4221,0.12
4513,19__328,301,12.04,0.315455,0.239795,2.36,6.628,0,1.0,0.094,0.0207,0.0,1.0,0.1829,0.8941,0.24
4514,19__265,286,11.44,0.307643,0.259801,7.04,9.635,0,1.0,0.133,0.0339,0.0,0.99,0.0,0.6793,0.2
4515,19__406,349,13.96,0.227231,0.184798,0.0,inf,0,1.0,0.0443,0.0138,0.0,0.8333,0.0,0.2628,0.2
4516,19__932,304,12.16,0.209052,0.198426,10.8,26.176,0,1.0,0.0789,0.0241,0.0,0.96,0.0,0.0,0.2
4517,19__836,231,9.24,0.192455,0.180746,6.12,29.245,0,1.0,0.0816,0.021,0.0,0.8233,0.0,0.0,0.16
4518,19__298,337,13.48,0.20031,0.180271,1.44,inf,0,1.0,0.0541,0.0106,0.0,0.94,0.0,0.0,0.12
4519,19__666,409,16.36,0.271125,0.244496,3.32,14.485,0,0.9139,0.0316,0.0098,0.0,0.7433,0.0,0.6583,0.36
4520,19__185,215,8.6,0.212665,0.188587,1.0,18.223,0,1.0,0.1715,0.0384,0.0,1.0,0.0,0.0,0.28
4521,19__208,438,17.52,0.2495,0.224065,0.0,33.676,0,0.8611,0.0929,0.0178,0.0001,0.36,0.0,0.8584,0.24
4522,19__472,329,13.16,0.205713,0.178605,13.12,15.199,0,1.0,0.0801,0.0201,0.0,1.0,0.0,0.0,0.24
4523,19__289,302,12.08,0.159262,0.147162,8.36,16.001,0,1.0,0.0601,0.0238,0.0,0.6033,0.0,0.0,0.08
4524,19__897,285,11.4,0.212357,0.174534,0.6,inf,0,1.0,0.0452,0.0208,0.0,1.0,0.0,0.0,0.16
4525,19__113,288,11.52,0.228124,0.185788,10.08,24.559,0,1.0,0.1419,0.0226,0.0,0.4767,0.0,0.4691,0.16
4526,19__830,293,11.72,0.169861,0.140243,11.08,12.825,0,1.0,0.0572,0.0199,0.0,0.7367,0.0,0.0,0.12
4527,19__539,303,12.12,0.306964,0.2727,3.08,78.056,0,1.0,0.0679,0.018,0.0,1.0,0.0,0.5962,0.2
4528,19__139,276,11.04,0.298907,0.233175,7.28,60.841,0,1.0,0.0653,0.0128,0.0,1.0,0.0,0.5995,0.24
4529,19__595,327,13.08,0.331947,0.310559,1.84,11.243,0,1.0,0.1043,0.0242,0.0,1.0,0.0,0.7509,0.2
4530,19__866,340,13.6,0.356873,0.23693,1.48,4.316,0,1.0,0.0946,0.0175,0.0001,1.0,0.4912,0.5395,0.12
4531,19__555,313,12.52,0.260501,0.231373,0.32,inf,0,1.0,0.0719,0.0256,0.0,0.8333,0.0,0.495,0.2
4532,19__70,269,10.76,0.283787,0.249961,3.2,17.055,0,1.0,0.0766,0.0249,0.0,0.9467,0.0,0.6112,0.24
4533,19__370,286,11.44,0.193674,0.175821,1.8,28.823,0,1.0,0.0614,0.0113,0.0,0.8867,0.0,0.0,0.2
4534,19__825,458,18.32,0.218395,0.17177,2.24,63.438,0,0.8886,0.0762,0.0169,0.0,0.6867,0.0,0.3517,0.28
4535,19__965,277,11.08,0.430246,0.24037,3.4,3.075,0,1.0,0.0507,0.0112,0.0,1.0,0.6566,0.7247,0.2
4536,19__701,269,10.76,0.254146,0.204254,0.48,inf,0,1.0,0.11,0.0619,0.0,0.91,0.0,0.3209,0.16
4537,19__540,295,11.8,0.18494,0.17311,0.16,inf,0,1.0,0.0415,0.0208,0.0,0.8033,0.0,0.0,0.12
4538,19__769,375,15.0,0.190941,0.176521,1.88,91.617,0,1.0,0.0471,0.01,0.0,0.88,0.0,0.0,0.16
4539,19__759,287,11.48,0.309297,0.290821,0.0,inf,0,1.0,0.0758,0.03,0.0,0.8633,0.0,0.781,0.24
4540,19__39,352,14.08,0.236663,0.218898,3.04,21.971,0,1.0,0.03,0.0223,0.0,0.7333,0.0,0.5684,0.12
4541,19__108,283,11.32,0.212549,0.164196,2.24,inf,0,1.0,0.0783,0.0185,0.0,1.0,0.0,0.0,0.16
4542,19__570,295,11.8,0.234865,0.213558,2.72,30.25,0,1.0,0.0859,0.0203,0.0,0.5633,0.0,0.5571,0.2
4543,19__851,287,11.48,0.437773,0.230208,10.64,3.144,0,1.0,0.2533,0.0403,0.0,0.9467,0.6475,0.7171,0.24
4544,19__655,359,14.36,0.303985,0.236268,11.96,9.099,0,1.0,0.0832,0.0124,0.0,1.0,0.0,0.6498,0.28
4545,19__497,317,12.68,0.181404,0.161991,1.68,20.853,0,1.0,0.0775,0.0218,0.0,0.76,0.0,0.0,0.16
4546,19__985,294,11.76,0.216912,0.161527,3.92,112.837,0,1.0,0.0662,0.0181,0.0001,1.0,0.0,0.0,0.2
4547,19__86,300,12.0,0.239233,0.188247,1.92,14.405,0,1.0,0.1043,0.0399,0.0,0.86,0.0,0.4548,0.2
4548,19__395,306,12.24,0.213808,0.20768,1.0,inf,0,1.0,0.0571,0.0271,0.0,1.0,0.0,0.1124,0.16
4549,19__739,372,14.88,0.302214,0.285357,2.16,9.21,0,1.0,0.1231,0.0441,0.0,0.7433,0.0,0.8483,0.24
4550,19__494,300,12.0,0.192911,0.136707,0.28,inf,0,1.0,0.0597,0.0221,0.0,0.43,0.0,0.3198,0.16
4551,19__838,292,11.68,0.329291,0.204624,8.0,4.843,0,1.0,0.0817,0.0151,0.0,1.0,0.4209,0.7421,0.16
4552,19__141,313,12.52,0.297233,0.218506,0.0,50.318,0,1.0,0.0603,0.0175,0.0001,1.0,0.0,0.5652,0.16
4553,19__243,330,13.2,0.274593,0.255446,10.28,22.884,0,1.0,0.09,0.0479,0.0,0.8733,0.0,0.5455,0.2
4554,19__677,278,11.12,0.142574,0.121061,2.64,10.265,0,1.0,0.0817,0.0208,0.0,0.4167,0.0,0.0,0.12
4555,19__924,303,12.12,0.273552,0.254986,3.24,60.016,0,1.0,0.0658,0.0137,0.0,1.0,0.0,0.4009,0.24
4556,19__252,359,14.36,0.201747,0.17948,11.4,21.227,0,1.0,0.081,0.0271,0.0,0.8933,0.0,0.1107,0.16
4557,19__781,378,15.12,0.280391,0.215457,0.0,inf,0,0.9414,0.1386,0.106,0.0001,1.0,0.0,0.3653,0.2
4558,19__515,282,11.28,0.207963,0.184975,0.92,95.641,0,1.0,0.0429,0.0251,0.0,1.0,0.0,0.0,0.16
4559,19__190,292,11.68,0.20817,0.198705,1.48,inf,0,1.0,0.0548,0.0194,0.0,1.0,0.0,0.0,0.16
4560,19__517,311,12.44,0.244644,0.196612,0.04,inf,0,1.0,0.0444,0.0206,0.0,0.7533,0.0,0.554,0.16
4561,19__174,408,16.32,0.20615,0.197652,7.24,76.833,0,0.9421,0.0387,0.0099,0.0,1.0,0.0,0.0,0.2
4562,19__388,321,12.84,0.203809,0.177667,8.8,inf,0,1.0,0.0319,0.007,0.0,0.8233,0.0,0.1581,0.36
4563,19__453,426,17.04,0.280278,0.246614,13.52,72.658,0,0.885,0.0404,0.0212,0.0,0.9067,0.0,0.6005,0.28
4564,19__574,280,11.2,0.248954,0.215916,1.52,inf,0,1.0,0.0544,0.0208,0.0,1.0,0.0,0.3559,0.16
4565,19__202,294,11.76,0.33095,0.219404,10.64,7.035,0,1.0,0.0595,0.0418,0.0,1.0,0.1287,0.5957,0.12
4566,19__253,365,14.6,0.290692,0.255843,1.52,61.863,0,1.0,0.0701,0.0168,0.0,1.0,0.0,0.5041,0.2
4567,19__503,235,9.4,0.24648,0.193627,8.48,17.069,0,1.0,0.1234,0.0251,0.0,0.9333,0.0,0.5167,0.12
4568,19__787,353,14.12,0.295962,0.269059,0.88,inf,0,1.0,0.0443,0.0165,0.0,0.9467,0.0,0.6024,0.24
4569,19__310,420,16.8,0.139843,0.132563,6.08,inf,0,0.9139,0.0316,0.0072,0.0,0.52,0.0,0.0,0.2
4570,19__564,348,13.92,0.189614,0.146186,0.0,inf,0,1.0,0.0458,0.0221,0.0,0.8467,0.0,0.0,0.12
4571,19__782,316,12.64,0.272489,0.240382,0.12,128.48,0,1.0,0.0513,0.0184,0.0,0.88,0.0,0.5393,0.16
4572,19__771,306,12.24,0.212515,0.196653,2.76,36.075,0,1.0,0.1444,0.0415,0.0,0.7967,0.0,0.2464,0.2
4573,19__571,284,11.36,0.269355,0.209717,10.08,15.559,0,1.0,0.1206,0.0289,0.0,1.0,0.0,0.4026,0.2
4574,19__272,308,12.32,0.216523,0.162127,0.04,inf,0,1.0,0.1131,0.0089,0.0,0.5433,0.0,0.5384,0.12
4575,19__616,313,12.52,0.348913,0.204686,10.76,4.247,0,1.0,0.0471,0.0205,0.0,1.0,0.5005,0.6774,0.2
4576,19__291,360,14.4,0.211587,0.206563,6.44,inf,0,1.0,0.0319,0.0063,0.0,1.0,0.0,0.0,0.16
4577,19__525,336,13.44,0.159241,0.137965,11.32,inf,0,1.0,0.0766,0.0062,0.0,0.52,0.0,0.1105,0.2
4578,19__198,275,11.0,0.192908,0.167412,9.92,15.557,0,1.0,0.0472,0.0208,0.0,0.3967,0.0,0.4255,0.08
4579,19__196,282,11.28,0.251591,0.219825,0.0,inf,0,1.0,0.0771,0.02,0.0,0.7433,0.0,0.4697,0.12
4580,19__590,405,16.2,0.283411,0.270739,11.8,34.606,0,0.8886,0.0499,0.0193,0.0003,1.0,0.0,0.6131,0.12
4581,19__610,305,12.2,0.253942,0.199807,0.52,40.188,0,1.0,0.1316,0.0252,0.0,0.8033,0.0,0.4566,0.2
4582,19__543,289,11.56,0.264159,0.241154,8.88,25.574,0,1.0,0.0465,0.0232,0.0,0.81,0.0,0.581,0.12
4583,19__421,278,11.12,0.209759,0.194006,1.72,inf,0,1.0,0.0572,0.0142,0.0,1.0,0.0,0.0,0.16
4584,19__398,316,12.64,0.241149,0.20629,0.8,inf,0,1.0,0.0529,0.0208,0.0,0.8267,0.0,0.3991,0.28
4585,19__177,326,13.04,0.596672,0.33467,7.48,0.96,19,1.0,0.1354,0.0561,0.0002,1.0,0.9387,0.9824,0.28
4586,19__93,275,11.0,0.189261,0.169583,0.96,33.463,0,1.0,0.0493,0.0203,0.0,0.8267,0.0,0.0,0.16
4587,19__734,366,14.64,0.281233,0.23933,0.0,inf,0,1.0,0.1117,0.0379,0.0,0.6967,0.0,0.7341,0.24
4588,19__229,429,17.16,0.194969,0.173617,1.72,inf,0,0.8889,0.0337,0.0179,0.0005,1.0,0.0,0.0,0.2
4589,19__321,381,15.24,0.200951,0.183886,11.12,118.842,0,1.0,0.0614,0.0208,0.0,0.9133,0.0,0.0,0.16
4590,19__649,296,11.84,0.239933,0.223435,9.4,62.347,0,1.0,0.0792,0.0211,0.0,0.5967,0.0,0.5266,0.16
4591,19__486,307,12.28,0.215463,0.20404,2.08,20.763,0,1.0,0.0886,0.0156,0.0,1.0,0.0,0.0,0.12
4592,19__237,334,13.36,0.30437,0.270055,4.36,29.885,0,1.0,0.0718,0.027,0.0,1.0,0.0,0.5624,0.24
4593,19__687,279,11.16,0.149295,0.137734,7.88,239.66,0,1.0,0.0514,0.0208,0.0,0.5233,0.0,0.0,0.12
4594,19__169,424,16.96,0.19851,0.175994,12.64,210.368,0,0.9282,0.0498,0.0107,0.0,0.6067,0.0,0.3643,0.16
4595,19__223,315,12.6,0.223013,0.182873,0.96,127.722,0,1.0,0.0514,0.0197,0.0,0.7467,0.0,0.2502,0.24
4596,19__700,258,10.32,0.146249,0.122134,2.56,118.515,0,1.0,0.1015,0.0136,0.0,0.4633,0.0,0.0,0.16
4597,19__891,350,14.0,0.173897,0.151031,2.6,66.989,0,1.0,0.056,0.0152,0.0,0.6933,0.0,0.0117,0.12
4598,19__762,361,14.44,0.41784,0.193159,10.52,4.48,0,1.0,0.0991,0.0251,0.0001,1.0,0.4693,0.6943,0.2
4599,19__979,275,11.0,0.216068,0.210225,2.88,inf,0,1.0,0.059,0.0207,0.0,1.0,0.0,0.0,0.2
4600,19__236,285,11.4,0.211768,0.172075,9.48,223.538,0,1.0,0.0721,0.0122,0.0,0.8967,0.0,0.0633,0.2
4601,19__886,281,11.24,0.169791,0.158453,9.44,inf,0,1.0,0.0519,0.0073,0.0,0.6633,0.0,0.1026,0.16
4602,19__654,210,8.4,0.211092,0.185419,0.64,inf,0,1.0,0.0273,0.0061,0.0,1.0,0.0,0.0,0.2
4603,19__500,238,9.52,0.464387,0.222099,0.92,2.301,0,1.0,0.0463,0.0103,0.0,1.0,0.7599,0.8788,0.2
4604,19__259,273,10.92,0.266128,0.228697,0.52,224.0,0,1.0,0.0858,0.0121,0.0,0.8633,0.0,0.4602,0.12
4605,19__280,369,14.76,0.263787,0.228481,9.76,inf,0,1.0,0.1845,0.067,0.0,0.35,0.0,0.8248,0.24
4606,19__855,219,8.76,0.229134,0.219622,7.64,12.256,0,1.0,0.2286,0.0257,0.0,1.0,0.0,0.0,0.12
4607,19__210,320,12.8,0.289952,0.249045,10.8,30.178,0,1.0,0.0503,0.0097,0.0,0.87,0.0,0.5981,0.24
4608,19__663,280,11.2,0.20161,0.140866,11.0,12.005,0,1.0,0.0515,0.0151,0.0,1.0,0.0,0.2179,0.2
4609,19__994,194,7.76,0.204449,0.173323,2.52,11.192,0,1.0,0.0543,0.0166,0.0,0.9767,0.0,0.0,0.12
4610,19__215,311,12.44,0.208667,0.186016,1.12,inf,0,1.0,0.0386,0.006,0.0,0.9733,0.0,0.0,0.16
4611,19__627,330,13.2,0.203605,0.167686,0.0,51.471,0,1.0,0.1401,0.0416,0.0,0.8133,0.0,0.0,0.24
4612,19__583,304,12.16,0.312958,0.292633,9.48,31.066,0,1.0,0.0958,0.0142,0.0,1.0,0.0,0.6588,0.12
4613,19__736,376,15.04,0.329043,0.301054,6.76,9.473,0,1.0,0.1501,0.0509,0.0,1.0,0.0,0.8228,0.28
4614,19__270,284,11.36,0.231308,0.193874,0.0,18.542,0,1.0,0.1287,0.0223,0.0,0.77,0.0,0.3131,0.12
4615,19__106,433,17.32,0.265844,0.15006,14.56,inf,0,0.8957,0.0301,0.0072,0.0,0.74,0.0,0.6409,0.2
4616,19__921,324,12.96,0.220912,0.187309,11.04,37.443,0,1.0,0.1113,0.019,0.0,1.0,0.0,0.0,0.24
4617,19__611,416,16.64,0.202306,0.159278,0.04,inf,0,0.9068,0.0286,0.0095,0.0,0.92,0.0,0.0938,0.2
4618,19__463,448,17.92,0.32787,0.307157,6.84,14.321,0,0.8918,0.062,0.0186,0.0,1.0,0.0,0.8498,0.28
4619,19__763,256,10.24,0.503542,0.298775,9.76,1.245,18,1.0,0.0662,0.0214,0.0,0.9833,0.9006,0.9214,0.2
4620,19__4,153,6.12,0.194784,0.179057,3.76,inf,0,0.8236,0.023,0.0093,0.0001,1.0,0.0,0.0,0.12
4621,19__417,275,11.0,0.338643,0.202088,3.12,6.385,0,1.0,0.1172,0.0142,0.0,0.75,0.2153,0.7136,0.24
4622,19__953,440,17.6,0.298501,0.268536,12.24,30.11,0,0.8707,0.0416,0.0079,0.0,1.0,0.0,0.6507,0.24
4623,19__914,356,14.24,0.291536,0.215883,13.0,7.103,0,1.0,0.0815,0.0208,0.0,0.9133,0.1195,0.6547,0.16
4624,19__62,308,12.32,0.286833,0.179975,1.88,9.54,0,1.0,0.1058,0.0199,0.0,0.6367,0.0,0.7753,0.16
4625,19__257,298,11.92,0.169825,0.158741,9.04,33.877,0,1.0,0.0373,0.008,0.0,0.58,0.0,0.0957,0.12
4626,19__309,324,12.96,0.199168,0.1685,0.48,541.294,0,1.0,0.0513,0.0208,0.0,0.9233,0.0,0.0,0.12
4627,19__689,282,11.28,0.232061,0.209626,8.8,70.164,0,1.0,0.18,0.0624,0.0,0.7367,0.0,0.3329,0.12
4628,19__658,303,12.12,0.209651,0.17365,2.0,106.067,0,1.0,0.0437,0.0173,0.0,1.0,0.0,0.0,0.16
4629,19__558,340,13.6,0.198703,0.186401,4.2,54.518,0,1.0,0.0372,0.0255,0.0,0.9,0.0,0.0,0.16
4630,19__334,310,12.4,0.178089,0.165361,7.2,inf,0,1.0,0.0573,0.0212,0.0,0.6833,0.0,0.0,0.2
4631,19__187,400,16.0,0.212708,0.198805,1.72,116.184,0,0.9571,0.0322,0.0075,0.0001,1.0,0.0,0.0,0.24
4632,19__477,276,11.04,0.166343,0.141147,0.0,40.052,0,1.0,0.1174,0.0152,0.0,0.6567,0.0,0.0,0.2
4633,19__31,278,11.12,0.190269,0.170029,6.64,48.254,0,1.0,0.0503,0.0072,0.0,0.8,0.0,0.0,0.16
4634,19__961,301,12.04,0.294123,0.211032,8.32,7.225,0,1.0,0.073,0.0311,0.0,1.0,0.1033,0.7005,0.24
4635,19__766,408,16.32,0.27829,0.193364,10.92,inf,0,0.9332,0.0293,0.0208,0.0001,1.0,0.0,0.581,0.24
4636,19__750,264,10.56,0.19942,0.192993,3.64,inf,0,1.0,0.0771,0.0143,0.0,0.93,0.0,0.0,0.08
4637,19__993,242,9.68,0.445215,0.233254,6.52,3.285,0,1.0,0.0893,0.0242,0.0001,1.0,0.6287,0.6483,0.16
4638,19__269,287,11.48,0.20802,0.18982,3.28,54.936,0,1.0,0.1063,0.027,0.0,0.95,0.0,0.0,0.12
4639,19__99,277,11.08,0.21389,0.186889,0.44,30.951,0,1.0,0.0674,0.0208,0.0,1.0,0.0,0.0,0.2
4640,19__815,325,13.0,0.245456,0.213565,11.24,18.436,0,1.0,0.1557,0.0371,0.0,1.0,0.0,0.3729,0.2
4641,19__301,271,10.84,0.214443,0.181118,9.04,6.923,0,1.0,0.0766,0.0175,0.0,1.0,0.1436,0.0,0.2
4642,19__669,342,13.68,0.207248,0.180688,12.92,inf,0,1.0,0.0357,0.0087,0.0,1.0,0.0,0.0,0.24
4643,19__9,305,12.2,0.157519,0.147876,0.24,557.833,0,1.0,0.0516,0.0097,0.0,0.6267,0.0,0.0,0.08
4644,19__697,425,17.0,0.19342,0.175008,13.76,87.128,0,0.8925,0.0314,0.0124,0.0,1.0,0.0,0.0,0.12
4645,19__773,406,16.24,0.182486,0.160757,1.76,inf,0,0.9486,0.0275,0.0048,0.0,0.8867,0.0,0.0,0.24
4646,19__240,296,11.84,0.306055,0.269461,0.24,46.2,0,1.0,0.0773,0.0263,0.0,0.73,0.0,0.8405,0.28
4647,19__40,267,10.68,0.352811,0.185539,2.88,4.521,0,1.0,0.1215,0.0462,0.0001,1.0,0.4639,0.2921,0.12
4648,19__908,402,16.08,0.325798,0.286752,15.56,12.121,0,0.9354,0.0629,0.0259,0.0,1.0,0.0,0.8283,0.24
4649,19__786,430,17.2,0.206166,0.199199,5.16,inf,0,0.8964,0.0471,0.013,0.0,1.0,0.0,0.0,0.24
4650,19__853,360,14.4,0.211214,0.205338,4.88,35.252,0,1.0,0.044,0.0208,0.0,1.0,0.0,0.0,0.12
4651,19__206,316,12.64,0.298698,0.241253,0.6,132.105,0,1.0,0.1092,0.0212,0.0,0.79,0.0,0.776,0.2
4652,19__409,258,10.32,0.215989,0.1993,0.2,17.943,0,1.0,0.0986,0.027,0.0,1.0,0.0,0.0,0.16
4653,19__933,307,12.28,0.293552,0.231445,2.36,inf,0,1.0,0.0906,0.0298,0.0,1.0,0.0,0.6762,0.24
4654,19__872,302,12.08,0.211626,0.170649,10.8,18.914,0,1.0,0.0606,0.0205,0.0,0.5933,0.0,0.4081,0.12
4655,19__660,272,10.88,0.317855,0.278204,8.92,10.584,0,1.0,0.1114,0.0231,0.0,0.68,0.0,0.8521,0.36
4656,19__96,394,15.76,0.195542,0.180146,1.16,inf,0,0.9279,0.039,0.007,0.0001,1.0,0.0,0.0,0.12
4657,19__576,293,11.72,0.169759,0.153329,3.0,inf,0,1.0,0.0644,0.0168,0.0,0.6133,0.0,0.0,0.16
4658,19__445,216,8.64,0.173907,0.156502,2.28,14.971,0,1.0,0.0544,0.0347,0.0,0.7367,0.0,0.0,0.04
4659,19__390,298,11.92,0.316876,0.181661,0.24,57.855,0,1.0,0.0572,0.0211,0.0,0.9867,0.0,0.934,0.2
4660,19__757,425,17.0,0.252152,0.221434,11.48,73.692,0,0.9014,0.0545,0.0169,0.0,0.4867,0.0,0.7131,0.24
4661,19__937,298,11.92,0.212846,0.200649,8.76,59.761,0,1.0,0.0444,0.0115,0.0,1.0,0.0,0.0,0.2
4662,19__845,330,13.2,0.17875,0.151201,0.76,32.511,0,1.0,0.0479,0.0091,0.0,0.7333,0.0,0.0431,0.12
4663,19__984,407,16.28,0.206445,0.193406,0.68,327.412,0,0.9404,0.0316,0.0072,0.0,1.0,0.0,0.0,0.16
4664,19__155,283,11.32,0.184712,0.159153,1.68,18.535,0,1.0,0.0874,0.0195,0.0,0.78,0.0,0.0,0.16
4665,19__588,308,12.32,0.215061,0.169295,4.28,73.508,0,1.0,0.0766,0.0208,0.0001,1.0,0.0,0.0,0.16
4666,19__680,406,16.24,0.323407,0.215654,1.6,inf,0,0.9404,0.0365,0.011,0.0002,1.0,0.0,0.779,0.28
4667,19__433,332,13.28,0.176495,0.136726,0.24,inf,0,1.0,0.0532,0.0069,0.0,0.7367,0.0,0.0,0.08
4668,19__29,385,15.4,0.241816,0.133882,14.12,inf,0,0.9886,0.0272,0.0072,0.0,0.5267,0.0,0.7169,0.16
4669,19__510,296,11.84,0.206633,0.193419,2.04,inf,0,1.0,0.0289,0.0082,0.0,1.0,0.0,0.0,0.16
4670,19__678,235,9.4,0.164731,0.137833,8.04,10.589,0,1.0,0.1723,0.0672,0.0,0.4833,0.0,0.0457,0.12
4671,19__918,275,11.0,0.165134,0.149785,2.56,inf,0,1.0,0.0432,0.0117,0.0,0.5567,0.0,0.0,0.24
4672,19__324,284,11.36,0.254979,0.214433,10.16,10.388,0,1.0,0.1634,0.0384,0.0,0.83,0.0,0.4286,0.16
4673,19__798,411,16.44,0.235099,0.183054,13.6,22.185,0,0.9162,0.0385,0.0126,0.0,0.99,0.0,0.2767,0.36
4674,19__613,271,10.84,0.214295,0.196721,2.36,21.316,0,1.0,0.0643,0.0168,0.0,1.0,0.0,0.1464,0.24
4675,19__502,257,10.28,0.270201,0.247326,3.44,138.444,0,1.0,0.0614,0.0208,0.0,1.0,0.0,0.3945,0.12
4676,19__959,427,17.08,0.262938,0.188749,3.4,inf,0,0.9111,0.0486,0.0095,0.0,0.8867,0.0,0.5857,0.24
4677,19__143,296,11.84,0.265548,0.246346,3.2,33.376,0,1.0,0.0752,0.0208,0.0,0.9833,0.0,0.4776,0.16
4678,19__875,404,16.16,0.312894,0.225383,6.08,147.563,0,0.8968,0.0542,0.0178,0.0005,1.0,0.0,0.7386,0.16
4679,19__893,308,12.32,0.182144,0.174794,8.08,35.43,0,1.0,0.0473,0.0083,0.0,0.8,0.0,0.0,0.12
4680,19__895,277,11.08,0.212832,0.201353,9.48,17.623,0,1.0,0.0903,0.0079,0.0,1.0,0.0,0.0,0.08
4681,19__797,361,14.44,0.311407,0.266183,11.4,11.877,0,1.0,0.0916,0.0401,0.0,1.0,0.0,0.5721,0.32
4682,19__907,407,16.28,0.294043,0.276008,12.0,24.603,0,0.9643,0.0786,0.013,0.0,1.0,0.0,0.6074,0.2
4683,19__978,336,13.44,0.289169,0.211296,3.84,6.978,0,1.0,0.07,0.0121,0.0,1.0,0.1362,0.5455,0.12
4684,19__814,304,12.16,0.232131,0.204415,0.68,60.584,0,1.0,0.1172,0.0281,0.0,0.7167,0.0,0.3471,0.28
4685,19__552,313,12.52,0.315057,0.17793,11.08,4.869,0,1.0,0.071,0.0172,0.0,0.6867,0.4174,0.4128,0.16
4686,19__105,358,14.32,0.190687,0.181595,7.64,30.608,0,1.0,0.0774,0.0241,0.0,0.9167,0.0,0.0,0.16
4687,19__657,320,12.8,0.25599,0.208024,9.6,7.53,0,1.0,0.053,0.014,0.0,1.0,0.0627,0.3972,0.28
4688,19__629,313,12.52,0.230682,0.209017,0.28,143.063,0,1.0,0.0472,0.0218,0.0,0.3367,0.0,0.6436,0.2
4689,19__125,302,12.08,0.191116,0.181665,2.64,inf,0,1.0,0.0468,0.0051,0.0,0.83,0.0,0.0,0.2
4690,19__275,281,11.24,0.290567,0.234745,10.24,4.829,0,1.0,0.0535,0.015,0.0,1.0,0.4228,0.5564,0.16
4691,19__942,300,12.0,0.217264,0.179802,2.08,47.278,0,1.0,0.0716,0.0198,0.0,1.0,0.0,0.0,0.16
4692,19__276,335,13.4,0.250565,0.236696,5.08,inf,0,1.0,0.1,0.0211,0.0,0.8367,0.0,0.5209,0.24
4693,19__194,269,10.76,0.198606,0.188033,8.92,inf,0,1.0,0.0836,0.0285,0.0,0.9033,0.0,0.0,0.12
4694,19__37,366,14.64,0.224418,0.200411,13.2,26.962,0,1.0,0.0275,0.0208,0.0,0.6733,0.0,0.3931,0.16
4695,19__505,398,15.92,0.279999,0.187257,10.56,inf,0,0.9618,0.0317,0.0126,0.0,1.0,0.0,0.6272,0.16
4696,19__664,413,16.52,0.188844,0.174849,0.72,inf,0,0.9429,0.0358,0.0236,0.0,0.8767,0.0,0.0,0.24
4697,19__580,305,12.2,0.215906,0.203759,2.12,150.316,0,1.0,0.0761,0.0351,0.0,1.0,0.0,0.0,0.12
4698,19__340,303,12.12,0.268368,0.239209,0.08,37.859,0,1.0,0.0456,0.0191,0.0,1.0,0.0,0.4552,0.28
4699,19__707,325,13.0,0.315909,0.205654,8.96,4.946,0,1.0,0.0569,0.0157,0.0001,1.0,0.4072,0.4598,0.16
4700,19__693,370,14.8,0.134683,0.114183,2.48,73.4,0,1.0,0.056,0.0242,0.0,0.3733,0.0,0.0,0.12
4701,19__325,283,11.32,0.319396,0.300086,0.4,7.773,0,1.0,0.1515,0.0462,0.0,1.0,0.0303,0.7419,0.16
4702,19__89,370,14.8,0.442916,0.214235,14.12,4.701,0,1.0,0.1525,0.0417,0.0001,1.0,0.4398,0.7743,0.2
4703,19__826,279,11.16,0.307861,0.262077,7.0,7.003,0,1.0,0.2472,0.0365,0.0,0.8867,0.133,0.7109,0.28
4704,19__633,284,11.36,0.227241,0.187513,9.76,14.442,0,1.0,0.0506,0.014,0.0,0.5367,0.0,0.5586,0.16
4705,19__180,302,12.08,0.332426,0.302958,8.28,17.961,0,1.0,0.1691,0.0565,0.0,0.9767,0.0,0.7738,0.16
4706,19__296,259,10.36,0.263398,0.242724,9.04,12.102,0,1.0,0.0902,0.0304,0.0,0.8167,0.0,0.551,0.12
4707,19__780,318,12.72,0.306503,0.279689,2.56,inf,0,1.0,0.023,0.0099,0.0,1.0,0.0,0.68,0.24
4708,19__218,374,14.96,0.215872,0.182569,0.0,inf,0,1.0,0.0786,0.0302,0.0,0.88,0.0,0.15,0.16
4709,19__880,262,10.48,0.222234,0.190186,1.8,9.937,0,1.0,0.1421,0.0223,0.0,1.0,0.0,0.0952,0.16
4710,19__943,322,12.88,0.190932,0.171871,10.0,19.121,0,1.0,0.0416,0.0174,0.0,0.82,0.0,0.0,0.2
4711,19__471,425,17.0,0.20026,0.191619,14.16,196.317,0,0.8886,0.0263,0.0054,0.0,1.0,0.0,0.0,0.2
4712,19__944,248,9.92,0.191954,0.163949,0.68,54.845,0,1.0,0.0858,0.0211,0.0,0.7967,0.0,0.0,0.16
4713,19__634,286,11.44,0.309518,0.291757,1.32,74.667,0,1.0,0.1017,0.0251,0.0,0.91,0.0,0.7431,0.12
4714,19__805,434,17.36,0.295342,0.264302,3.12,inf,0,0.8754,0.0415,0.0115,0.0,1.0,0.0,0.6059,0.32
4715,19__644,377,15.08,0.188241,0.163202,11.76,17.293,0,1.0,0.0337,0.0072,0.0,0.7533,0.0,0.1593,0.16
4716,19__381,296,11.84,0.249418,0.193225,1.12,6.836,0,1.0,0.0659,0.0161,0.0,1.0,0.1552,0.0779,0.2
4717,19__184,266,10.64,0.262652,0.212325,7.2,5.937,0,1.0,0.0805,0.0256,0.0001,1.0,0.2751,0.4528,0.24
4718,19__955,326,13.04,0.278492,0.218602,1.08,5.821,0,1.0,0.0236,0.0101,0.0,1.0,0.2905,0.4752,0.24
4719,19__308,320,12.8,0.263024,0.246253,8.96,27.392,0,1.0,0.0771,0.017,0.0,0.71,0.0,0.6007,0.16
4720,19__311,275,11.0,0.203006,0.192486,9.16,inf,0,1.0,0.0587,0.0208,0.0,0.97,0.0,0.0,0.16
4721,19__162,435,17.4,0.173689,0.153854,13.0,inf,0,0.8807,0.0629,0.02,0.0,0.8133,0.0,0.0,0.16
4722,19__130,305,12.2,0.215077,0.190951,0.0,inf,0,1.0,0.0602,0.0217,0.0,0.51,0.0,0.5369,0.2
4723,19__85,428,17.12,0.3073,0.287895,6.28,45.093,0,0.8932,0.0403,0.0219,0.0,1.0,0.0,0.714,0.2
4724,19__87,410,16.4,0.282789,0.241074,3.76,7.365,0,1.0,0.1672,0.0369,0.0,1.0,0.0847,0.5991,0.2
4725,19__350,313,12.52,0.286735,0.258529,2.12,64.0,0,1.0,0.0594,0.0186,0.0,1.0,0.0,0.4719,0.32
4726,19__220,429,17.16,0.217483,0.20479,13.12,135.024,0,0.8872,0.0289,0.0097,0.0002,1.0,0.0,0.1184,0.24
4727,19__245,378,15.12,0.260448,0.221526,1.72,inf,0,0.9989,0.0437,0.0184,0.0,1.0,0.0,0.3581,0.2
4728,19__601,299,11.96,0.235848,0.185914,0.0,inf,0,1.0,0.0625,0.0218,0.0,0.7433,0.0,0.3993,0.2
4729,19__708,255,10.2,0.178035,0.158644,5.28,inf,0,1.0,0.0686,0.0114,0.0,0.78,0.0,0.0,0.2
4730,19__52,326,13.04,0.238828,0.212424,8.4,8.782,0,1.0,0.0317,0.0131,0.0,0.93,0.0,0.5338,0.12
4731,19__720,281,11.24,0.356699,0.187155,8.64,4.542,0,1.0,0.1386,0.0279,0.0,0.69,0.461,0.6178,0.2
4732,19__789,349,13.96,0.310723,0.27673,1.52,19.262,0,1.0,0.0415,0.0188,0.0,0.9467,0.0,0.6731,0.24
4733,19__159,429,17.16,0.17718,0.153644,14.96,inf,0,0.9014,0.0406,0.008,0.0001,0.82,0.0,0.0,0.16
4734,19__17,413,16.52,0.203759,0.194337,0.28,inf,0,0.9204,0.0634,0.0268,0.0,1.0,0.0,0.0,0.12
4735,19__192,312,12.48,0.227715,0.180488,0.48,inf,0,1.0,0.0496,0.0223,0.0,0.9267,0.0,0.2729,0.08
4736,19__335,384,15.36,0.298716,0.2106,7.88,inf,0,0.9379,0.0436,0.0139,0.0002,1.0,0.0,0.7755,0.28
4737,19__91,275,11.0,0.196277,0.173858,7.8,25.362,0,1.0,0.0703,0.0212,0.0,0.8767,0.0,0.0,0.16
4738,19__856,315,12.6,0.151279,0.122724,1.92,inf,0,1.0,0.0647,0.0208,0.0,0.4533,0.0,0.0,0.2
4739,19__643,266,10.64,0.138151,0.11814,9.04,11.963,0,1.0,0.0846,0.0216,0.0,0.29,0.0,0.1541,0.12
4740,19__374,357,14.28,0.222466,0.189342,12.56,19.042,0,1.0,0.0588,0.0208,0.0,0.6533,0.0,0.4407,0.2
4741,19__446,245,9.8,0.209066,0.164827,2.12,inf,0,1.0,0.0567,0.0169,0.0,1.0,0.0,0.0,0.08
4742,19__209,314,12.56,0.197978,0.146503,10.68,inf,0,1.0,0.0584,0.0074,0.0,0.8167,0.0,0.0,0.28
4743,19__48,279,11.16,0.186362,0.171115,0.04,inf,0,1.0,0.0802,0.0214,0.0,0.8233,0.0,0.0,0.12
4744,19__906,408,16.32,0.175627,0.147045,1.68,inf,0,0.9522,0.0447,0.0078,0.0001,0.82,0.0,0.0,0.24
4745,19__916,337,13.48,0.281277,0.249331,7.96,13.759,0,1.0,0.0849,0.0187,0.0,1.0,0.0,0.5698,0.16
4746,19__699,330,13.2,0.193445,0.139108,0.92,inf,0,1.0,0.0521,0.013,0.0,0.52,0.0,0.4443,0.16
4747,19__442,250,10.0,0.246378,0.183193,8.4,8.294,0,1.0,0.1529,0.0469,0.0,0.8233,0.0,0.3972,0.08
4748,19__316,339,13.56,0.224107,0.199233,0.0,318.75,0,1.0,0.0475,0.0196,0.0,0.69,0.0,0.3897,0.16
4749,19__345,389,15.56,0.293322,0.277038,7.72,60.0,0,0.9764,0.0458,0.0213,0.0,0.98,0.0,0.6526,0.32
4750,19__43,282,11.28,0.166465,0.156523,4.0,inf,0,1.0,0.0487,0.0082,0.0,0.6567,0.0,0.0,0.08
4751,19__47,348,13.92,0.21087,0.205289,10.6,51.779,0,1.0,0.0381,0.0123,0.0,1.0,0.0,0.0,0.12
4752,19__788,350,14.0,0.321768,0.298016,3.84,16.258,0,1.0,0.0805,0.0278,0.0,1.0,0.0,0.7259,0.24
4753,19__74,265,10.6,0.216034,0.190669,0.0,25.425,0,1.0,0.0316,0.0208,0.0,0.7333,0.0,0.4236,0.2
4754,19__567,296,11.84,0.215115,0.183931,1.52,inf,0,1.0,0.088,0.0251,0.0,1.0,0.0,0.0,0.16
4755,19__863,432,17.28,0.299964,0.208058,12.44,inf,0,0.8789,0.0348,0.0174,0.0,1.0,0.0,0.7081,0.16
4756,19__173,297,11.88,0.281752,0.264529,2.08,inf,0,1.0,0.0594,0.0182,0.0,1.0,0.0,0.4934,0.2
4757,19__784,298,11.92,0.228158,0.197952,8.28,7.008,0,1.0,0.2326,0.0595,0.0,0.8167,0.1323,0.3972,0.28
4758,19__341,394,15.76,0.171369,0.146881,2.36,inf,0,0.9843,0.0295,0.0055,0.0,0.74,0.0,0.0,0.24
4759,19__156,270,10.8,0.162958,0.148406,7.84,inf,0,1.0,0.1088,0.0138,0.0,0.5433,0.0,0.0,0.2
4760,19__538,300,12.0,0.213524,0.199848,5.16,12.716,0,1.0,0.0667,0.0208,0.0,1.0,0.0,0.0222,0.2
4761,19__493,416,16.64,0.18737,0.160339,0.44,146.64,0,0.9343,0.0385,0.0073,0.0,0.8467,0.0,0.0,0.24
4762,19__861,316,12.64,0.242191,0.203542,0.0,367.0,0,1.0,0.0643,0.0136,0.0,0.6467,0.0,0.506,0.12
4763,19__960,314,12.56,0.206636,0.172257,1.24,9.584,0,1.0,0.0401,0.0188,0.0,1.0,0.0,0.0,0.16
4764,19__518,283,11.32,0.253486,0.206418,0.68,inf,0,1.0,0.0732,0.0196,0.0,1.0,0.0,0.3164,0.2
4765,19__877,279,11.16,0.226934,0.192618,9.08,17.457,0,1.0,0.0787,0.0173,0.0,0.95,0.0,0.1886,0.16
4766,19__344,301,12.04,0.28325,0.262226,1.16,22.366,0,1.0,0.0686,0.0261,0.0,0.98,0.0,0.5924,0.28
4767,19__323,349,13.96,0.248608,0.204395,9.84,10.54,0,1.0,0.0429,0.0188,0.0,0.6733,0.0,0.5621,0.16
4768,19__764,298,11.92,0.216555,0.201072,9.04,60.493,0,1.0,0.0625,0.0178,0.0,0.73,0.0,0.2934,0.16
4769,19__423,281,11.24,0.151936,0.136333,0.04,497.062,0,1.0,0.1057,0.0211,0.0,0.5033,0.0,0.0,0.16
4770,19__51,296,11.84,0.49575,0.235552,10.88,2.579,0,1.0,0.1053,0.0343,0.0001,1.0,0.7229,0.6721,0.12
4771,19__945,245,9.8,0.234974,0.221249,4.2,76.229,0,1.0,0.083,0.0094,0.0,0.6767,0.0,0.415,0.16
4772,19__801,369,14.76,0.325437,0.299144,0.72,23.973,0,1.0,0.0881,0.0316,0.0,0.94,0.0,0.781,0.32
4773,19__964,336,13.44,0.330503,0.19715,12.16,inf,0,1.0,0.0576,0.0208,0.0,1.0,0.0,0.7822,0.2
4774,19__285,382,15.28,0.297489,0.272929,12.24,23.971,0,1.0,0.1014,0.0172,0.0,0.9633,0.0,0.6414,0.16
4775,19__63,312,12.48,0.245524,0.207448,0.0,inf,0,1.0,0.0801,0.0212,0.0,0.77,0.0,0.4307,0.16
4776,19__61,440,17.6,0.302841,0.204718,1.96,inf,0,0.8768,0.053,0.0118,0.0,1.0,0.0,0.7202,0.2
4777,19__282,228,9.12,0.203006,0.181611,1.76,9.252,0,1.0,0.2017,0.0449,0.0,0.8,0.0,0.0067,0.24
4778,19__347,391,15.64,0.295117,0.236982,14.44,13.857,0,0.9925,0.0803,0.0226,0.0,0.97,0.0,0.625,0.28
4779,19__676,252,10.08,0.21003,0.195181,0.92,inf,0,1.0,0.0698,0.0319,0.0,0.98,0.0,0.0579,0.2
4780,19__974,419,16.76,0.277018,0.211386,0.0,inf,0,0.9118,0.0263,0.0195,0.0,1.0,0.0,0.5069,0.2
4781,19__806,432,17.28,0.201616,0.155979,13.96,inf,0,0.8965,0.0298,0.0285,0.0,0.7733,0.0,0.3429,0.28
4782,19__439,281,11.24,0.219614,0.159945,6.2,9.502,0,1.0,0.1591,0.0344,0.0,1.0,0.0,0.0,0.04
4783,19__534,283,11.32,0.207973,0.196502,1.92,54.989,0,1.0,0.066,0.0167,0.0,1.0,0.0,0.0,0.2
4784,19__703,411,16.44,0.203358,0.196464,3.4,93.005,0,0.9289,0.0289,0.0107,0.0,1.0,0.0,0.0,0.16
4785,19__228,386,15.44,0.255358,0.233732,10.8,28.402,0,0.9779,0.0532,0.0144,0.0,0.7467,0.0,0.5764,0.28
4786,19__967,341,13.64,0.212175,0.148915,7.88,30.109,0,1.0,0.0426,0.0103,0.0,1.0,0.0,0.0,0.2
4787,19__888,359,14.36,0.199431,0.185771,0.2,inf,0,1.0,0.0301,0.0072,0.0,0.9,0.0,0.0,0.2
4788,19__384,274,10.96,0.217255,0.172642,9.04,inf,0,1.0,0.0729,0.0242,0.0001,1.0,0.0,0.0,0.2
4789,19__322,294,11.76,0.148161,0.137054,7.72,16.054,0,1.0,0.0806,0.0209,0.0,0.4767,0.0,0.0,0.12
4790,19__489,429,17.16,0.199536,0.193672,8.96,154.938,0,0.8839,0.0238,0.0208,0.0,1.0,0.0,0.0,0.16
4791,19__238,386,15.44,0.212112,0.196237,12.16,82.91,0,1.0,0.0364,0.0208,0.0,1.0,0.0,0.0,0.24
4792,19__890,289,11.56,0.25279,0.199986,10.4,15.062,0,1.0,0.0815,0.0286,0.0,0.7633,0.0,0.4526,0.16
4793,19__294,264,10.56,0.303144,0.248005,9.68,16.951,0,1.0,0.1247,0.0369,0.0,0.99,0.0,0.5805,0.16
4794,19__860,321,12.84,0.183717,0.178064,0.72,inf,0,1.0,0.0461,0.0091,0.0,0.8267,0.0,0.0,0.12
4795,19__647,365,14.6,0.184223,0.162132,1.96,50.947,0,1.0,0.059,0.0119,0.0,0.8267,0.0,0.0,0.12
4796,19__870,319,12.76,0.208505,0.192825,9.6,47.457,0,1.0,0.0486,0.0095,0.0,1.0,0.0,0.0,0.12
4797,19__262,363,14.52,0.311681,0.239767,8.96,inf,0,1.0,0.0679,0.0208,0.0,1.0,0.0,0.741,0.16
4798,19__556,251,10.04,0.167123,0.138378,7.28,inf,0,1.0,0.0984,0.028,0.0,0.6233,0.0,0.0,0.24
4799,19__437,287,11.48,0.197912,0.174555,1.08,inf,0,1.0,0.0614,0.0208,0.0,0.9433,0.0,0.0,0.08
4800,19__986,351,14.04,0.217737,0.151539,3.44,163.887,0,1.0,0.0505,0.0208,0.0,0.5667,0.0,0.5934,0.2
4801,19__455,413,16.52,0.227091,0.202625,3.44,inf,0,0.9239,0.0461,0.0154,0.0,0.27,0.0,0.7912,0.28
4802,19__27,265,10.6,0.202947,0.184908,8.44,95.361,0,1.0,0.0672,0.0211,0.0,0.8967,0.0,0.0621,0.12
4803,19__44,295,11.8,0.208295,0.165517,1.16,96.412,0,1.0,0.0547,0.022,0.0,1.0,0.0,0.0,0.04
4804,19__598,292,11.68,0.209859,0.147852,11.56,inf,0,1.0,0.0744,0.023,0.0,1.0,0.0,0.0,0.16
4805,19__24,320,12.8,0.191554,0.177064,9.44,inf,0,1.0,0.0743,0.0158,0.0,0.8133,0.0,0.0,0.16
4806,19__702,413,16.52,0.270289,0.158411,14.16,inf,0,0.9357,0.0289,0.0053,0.0,0.68,0.0,0.7855,0.2
4807,19__307,321,12.84,0.306816,0.226533,1.12,5.417,0,1.0,0.1331,0.0349,0.0,0.6233,0.3444,0.6648,0.24
4808,19__783,343,13.72,0.192738,0.161504,0.0,inf,0,1.0,0.0465,0.0208,0.0,0.58,0.0,0.3674,0.16
4809,19__134,294,11.76,0.290042,0.269647,2.0,15.521,0,1.0,0.0918,0.0175,0.0,0.7167,0.0,0.8055,0.2
4810,19__151,271,10.84,0.217865,0.19824,2.36,10.72,0,1.0,0.1004,0.0201,0.0,1.0,0.0,0.0,0.16
4811,19__566,333,13.32,0.27612,0.198522,6.76,26.904,0,1.0,0.0693,0.0227,0.0,1.0,0.0,0.4591,0.16
4812,19__364,361,14.44,0.237633,0.190593,10.2,inf,0,1.0,0.0373,0.0059,0.0,1.0,0.0,0.2871,0.16
4813,19__520,334,13.36,0.253871,0.214412,0.0,inf,0,1.0,0.0483,0.0094,0.0001,1.0,0.0,0.2883,0.24
4814,19__128,273,10.92,0.181616,0.159998,1.12,inf,0,1.0,0.038,0.0208,0.0,0.7933,0.0,0.0,0.16
4815,19__26,286,11.44,0.217753,0.193623,9.32,5.822,0,1.0,0.061,0.0128,0.0,1.0,0.2904,0.0,0.2
4816,19__754,424,16.96,0.158544,0.142804,16.92,inf,0,0.8908,0.0229,0.0208,0.0,0.7267,0.0,0.0,0.12
4817,19__755,420,16.8,0.238481,0.216407,9.04,84.439,0,0.9264,0.0444,0.0125,0.0,0.7933,0.0,0.4402,0.2
4818,19__949,294,11.76,0.224808,0.191606,1.2,14.135,0,1.0,0.0754,0.0229,0.0,1.0,0.0,0.0817,0.16
4819,19__290,235,9.4,0.206819,0.195636,1.52,14.773,0,1.0,0.063,0.0066,0.0,0.9,0.0,0.0,0.2
4820,19__207,432,17.28,0.239282,0.207587,5.76,164.35,0,0.8815,0.0483,0.0108,0.0001,0.7733,0.0,0.4724,0.2
4821,19__407,279,11.16,0.341461,0.190987,9.76,4.722,0,1.0,0.0672,0.0084,0.0,1.0,0.437,0.2176,0.16
4822,19__508,262,10.48,0.209945,0.173595,6.32,inf,0,1.0,0.0486,0.0212,0.0,1.0,0.0,0.0,0.16
4823,19__84,441,17.64,0.206104,0.143956,1.16,inf,0,0.915,0.0801,0.0246,0.0,0.8133,0.0,0.2831,0.2
4824,19__79,383,15.32,0.483093,0.26575,6.12,3.04,0,1.0,0.1243,0.0176,0.0002,1.0,0.6614,0.8995,0.2
4825,19__137,417,16.68,0.307629,0.285711,8.84,27.228,0,0.9075,0.0715,0.0155,0.0,1.0,0.0,0.6869,0.16
4826,19__448,276,11.04,0.287591,0.200999,0.0,inf,0,1.0,0.0947,0.0327,0.0001,1.0,0.0,0.5431,0.08
4827,19__578,322,12.88,0.213406,0.192105,11.32,21.551,0,1.0,0.0458,0.0054,0.0,1.0,0.0,0.0,0.16
4828,19__117,271,10.84,0.220456,0.190129,9.4,23.76,0,1.0,0.0858,0.0251,0.0,0.9633,0.0,0.1903,0.12
4829,19__103,320,12.8,0.263789,0.183516,3.76,92.268,0,1.0,0.056,0.0156,0.0,0.6867,0.0,0.6983,0.12
4830,19__735,406,16.24,0.22714,0.209869,8.08,135.579,0,0.935,0.0293,0.0067,0.0001,1.0,0.0,0.1678,0.2
4831,19__216,429,17.16,0.212958,0.198406,0.12,inf,0,0.8929,0.0287,0.0126,0.0004,1.0,0.0,0.0857,0.2
4832,19__452,293,11.72,0.199806,0.173037,3.56,16.079,0,1.0,0.046,0.0142,0.0,0.9567,0.0,0.0,0.24
4833,19__550,407,16.28,0.207104,0.169466,1.84,84.254,0,0.9404,0.0642,0.0255,0.0004,1.0,0.0,0.0,0.16
4834,19__876,300,12.0,0.411403,0.226329,4.68,4.002,0,1.0,0.1329,0.0364,0.0,0.7467,0.533,0.7645,0.16
4835,19__373,384,15.36,0.172293,0.14424,0.04,inf,0,1.0,0.035,0.0066,0.0,0.6867,0.0,0.1243,0.2
4836,19__792,314,12.56,0.181585,0.169575,9.4,26.231,0,1.0,0.0454,0.0208,0.0,0.7733,0.0,0.0,0.28
4837,19__940,413,16.52,0.202495,0.195671,0.04,167.811,0,0.9311,0.0314,0.008,0.0,1.0,0.0,0.0,0.12
4838,19__597,324,12.96,0.296656,0.275854,11.92,10.61,0,1.0,0.1243,0.0367,0.0,0.7,0.0,0.8147,0.2
4839,19__690,282,11.28,0.202351,0.191833,10.6,49.851,0,1.0,0.07,0.0194,0.0,0.9267,0.0,0.0,0.12
4840,19__271,292,11.68,0.213224,0.183946,2.16,inf,0,1.0,0.0403,0.0161,0.0,1.0,0.0,0.0,0.24
4841,19__679,326,13.04,0.219783,0.183416,0.8,272.118,0,1.0,0.0505,0.0319,0.0,1.0,0.0,0.0,0.24
4842,19__319,286,11.44,0.27484,0.221243,10.44,18.903,0,1.0,0.1457,0.0322,0.0,0.7967,0.0,0.539,0.08
4843,19__222,391,15.64,0.382699,0.298111,14.92,4.227,0,0.9428,0.0473,0.0741,0.0002,1.0,0.5031,0.9221,0.24
4844,19__193,318,12.72,0.191489,0.165516,3.52,inf,0,1.0,0.05,0.0148,0.0,0.8933,0.0,0.0,0.08
4845,19__140,413,16.52,0.235562,0.180994,5.56,inf,0,0.9407,0.0362,0.0208,0.0001,0.9,0.0,0.6786,0.2
4846,19__670,378,15.12,0.338267,0.312915,0.04,15.294,0,0.9461,0.1415,0.0833,0.0,0.83,0.0,0.9486,0.32
4847,19__516,419,16.76,0.231348,0.217113,13.2,158.062,0,0.9061,0.0298,0.0079,0.0,1.0,0.0,0.1762,0.24
4848,19__66,316,12.64,0.284402,0.266818,2.96,inf,0,1.0,0.1129,0.0211,0.0,0.8767,0.0,0.6088,0.16
4849,19__589,290,11.6,0.454147,0.27126,4.84,4.735,0,1.0,0.0472,0.0268,0.0,1.0,0.4353,0.9164,0.2
4850,19__659,274,10.96,0.193089,0.17999,1.04,inf,0,1.0,0.0558,0.0064,0.0,0.8467,0.0,0.0,0.28
4851,19__35,281,11.24,0.181175,0.116752,11.2,inf,0,1.0,0.058,0.0109,0.0,0.7567,0.0,0.005,0.16
4852,19__737,401,16.04,0.306607,0.25635,11.24,16.249,0,0.9376,0.0935,0.0341,0.0,1.0,0.0,0.9033,0.24
4853,19__621,333,13.32,0.193994,0.166131,2.4,inf,0,1.0,0.0592,0.0144,0.0,0.4833,0.0,0.4584,0.2
4854,19__175,367,14.68,0.268432,0.227522,9.8,9.843,0,1.0,0.1046,0.0262,0.0,0.6067,0.0,0.6495,0.28
4855,19__8,251,10.04,0.14318,0.134726,8.4,16.731,0,1.0,0.0601,0.014,0.0,0.4667,0.0,0.0,0.08
4856,19__858,317,12.68,0.156879,0.138639,0.0,inf,0,1.0,0.0686,0.0208,0.0,0.5333,0.0,0.0312,0.16
4857,19__512,417,16.68,0.260419,0.20697,5.76,inf,0,0.9125,0.0259,0.007,0.0,1.0,0.0,0.4107,0.2
4858,19__545,282,11.28,0.212953,0.185543,0.56,51.164,0,1.0,0.0572,0.0155,0.0,1.0,0.0,0.0,0.16
4859,19__927,316,12.64,0.225804,0.19593,1.4,125.6,0,1.0,0.0586,0.0181,0.0,0.8533,0.0,0.209,0.2
4860,19__637,433,17.32,0.277512,0.182242,0.4,inf,0,0.8882,0.0319,0.0065,0.0,0.9067,0.0,0.6416,0.16
4861,19__596,331,13.24,0.275994,0.187401,11.56,inf,0,1.0,0.0648,0.0158,0.0,0.96,0.0,0.6526,0.2
4862,19__591,322,12.88,0.143919,0.130372,9.44,inf,0,1.0,0.0477,0.0079,0.0,0.4533,0.0,0.0,0.12
4863,19__438,232,9.28,0.18218,0.164571,7.68,20.298,0,1.0,0.0789,0.0208,0.0,0.77,0.0,0.0,0.04
4864,19__778,282,11.28,0.273123,0.217572,8.64,14.366,0,1.0,0.192,0.0296,0.0,0.8167,0.0,0.4486,0.2
4865,19__28,284,11.36,0.248773,0.210521,7.16,19.012,0,1.0,0.0939,0.0218,0.0,1.0,0.0,0.4767,0.2
4866,19__721,277,11.08,0.254926,0.223136,0.0,17.241,0,1.0,0.0773,0.0189,0.0,0.83,0.0,0.461,0.2
4867,19__777,307,12.28,0.188363,0.170822,12.24,inf,0,1.0,0.0389,0.0065,0.0,0.86,0.0,0.0,0.24
4868,19__255,444,17.76,0.196592,0.180326,0.32,124.386,0,0.8404,0.0389,0.0208,0.0003,1.0,0.0,0.0,0.16
4869,19__884,351,14.04,0.204099,0.185004,0.24,448.385,0,1.0,0.0459,0.0276,0.0,0.86,0.0,0.0766,0.16
4870,19__154,335,13.4,0.483932,0.264185,12.88,3.789,0,1.0,0.1457,0.0238,0.0,1.0,0.5615,0.8352,0.2
4871,19__725,418,16.72,0.130118,0.111133,1.8,inf,0,0.8736,0.0341,0.0101,0.0,0.5133,0.0,0.0,0.16
4872,19__535,282,11.28,0.282223,0.231161,0.0,34.427,0,1.0,0.11,0.0317,0.0,0.81,0.0,0.606,0.28
4873,19__617,317,12.68,0.279262,0.242982,0.28,43.019,0,1.0,0.0719,0.0136,0.0,0.7033,0.0,0.6543,0.28
4874,19__920,422,16.88,0.265801,0.205564,5.88,inf,0,0.9057,0.0247,0.0053,0.0,1.0,0.0,0.471,0.24
4875,19__142,292,11.68,0.260851,0.187796,0.0,36.167,0,1.0,0.1273,0.0308,0.0,0.7833,0.0,0.5517,0.2
4876,19__3,134,5.36,0.196475,0.185344,0.0,inf,0,1.0,0.0329,0.0091,0.0,0.9133,0.0,0.0,0.12
4877,19__430,418,16.72,0.159829,0.137624,4.16,inf,0,0.9268,0.0295,0.0066,0.0,0.64,0.0,0.0,0.2
4878,19__481,326,13.04,0.337741,0.289837,1.36,21.606,0,1.0,0.1058,0.0281,0.0,1.0,0.0,0.7893,0.24
4879,19__807,380,15.2,0.362727,0.332735,1.56,7.449,0,1.0,0.1429,0.0245,0.0,1.0,0.0735,0.8548,0.36
4880,19__397,315,12.6,0.283333,0.228528,0.0,inf,0,1.0,0.0718,0.0285,0.0,0.8567,0.0,0.5934,0.24
4881,19__36,283,11.32,0.301491,0.272528,1.24,18.068,0,1.0,0.1575,0.0273,0.0,0.8367,0.0,0.716,0.24
4882,19__911,400,16.0,0.300417,0.281788,6.08,14.787,0,0.9736,0.075,0.0251,0.0,0.8267,0.0,0.8338,0.24
4883,19__988,445,17.8,0.196299,0.174272,5.44,inf,0,0.8579,0.0449,0.0193,0.0006,1.0,0.0,0.0,0.16
4884,19__189,292,11.68,0.211033,0.196418,0.8,78.445,0,1.0,0.0972,0.0208,0.0,1.0,0.0,0.0,0.08
4885,19__122,355,14.2,0.252417,0.237327,9.52,33.31,0,1.0,0.0429,0.0208,0.0,0.5667,0.0,0.6502,0.2
4886,19__730,277,11.08,0.217357,0.176973,7.48,inf,0,1.0,0.0479,0.0208,0.0,1.0,0.0,0.0998,0.2
4887,19__232,287,11.48,0.168349,0.150437,8.4,29.348,0,1.0,0.0407,0.0208,0.0,0.61,0.0,0.0,0.24
4888,19__449,241,9.64,0.332475,0.182981,0.8,3.211,0,1.0,0.1314,0.035,0.0,1.0,0.6385,0.1238,0.16
4889,19__372,344,13.76,0.20281,0.186207,0.96,175.45,0,1.0,0.0222,0.0083,0.0,0.97,0.0,0.0,0.16
4890,19__584,315,12.6,0.181656,0.147258,0.56,338.81,0,1.0,0.0489,0.0213,0.0,0.7733,0.0,0.0,0.12
4891,19__464,410,16.4,0.294903,0.263285,3.28,45.259,0,0.9668,0.0889,0.0289,0.0,0.7033,0.0,0.8653,0.32
4892,19__790,354,14.16,0.309042,0.289871,9.44,12.068,0,1.0,0.0858,0.0219,0.0,0.88,0.0,0.8195,0.24
4893,19__266,325,13.0,0.171678,0.150723,2.04,41.322,0,1.0,0.0544,0.0211,0.0,0.7,0.0,0.0,0.12
4894,19__422,339,13.56,0.226735,0.210477,0.0,inf,0,1.0,0.0236,0.0206,0.0,1.0,0.0,0.1417,0.16
4895,19__425,278,11.12,0.177471,0.15691,0.96,100.584,0,1.0,0.0604,0.014,0.0,0.7,0.0,0.0,0.24
4896,19__54,267,10.68,0.168783,0.140164,0.16,167.964,0,1.0,0.153,0.045,0.0,0.65,0.0,0.0,0.08
4897,19__281,376,15.04,0.31171,0.281475,0.0,8.736,0,1.0,0.1172,0.0294,0.0,0.95,0.0,0.8114,0.2
4898,19__293,269,10.76,0.178875,0.15304,0.0,13.509,0,1.0,0.1092,0.0584,0.0,0.7567,0.0,0.0,0.12
4899,19__214,342,13.68,0.175283,0.162425,9.56,25.336,0,1.0,0.043,0.0208,0.0,0.7,0.0,0.0,0.12
4900,19__966,409,16.36,0.301949,0.194654,6.56,inf,0,0.9486,0.0416,0.008,0.0001,0.88,0.0,0.834,0.2
4901,19__371,284,11.36,0.212208,0.160185,1.56,49.265,0,1.0,0.0493,0.0051,0.0,1.0,0.0,0.0,0.12
4902,19__531,340,13.6,0.217258,0.208144,5.68,19.341,0,1.0,0.0487,0.0083,0.0,1.0,0.0,0.0,0.2
4903,19__859,306,12.24,0.192203,0.18369,2.12,183.296,0,1.0,0.0447,0.0131,0.0,0.88,0.0,0.0,0.12
4904,19__533,282,11.28,0.264517,0.242262,1.28,18.585,0,1.0,0.09,0.0272,0.0,0.63,0.0,0.7257,0.24
4905,19__970,415,16.6,0.237993,0.204917,0.08,inf,0,0.9379,0.0726,0.0193,0.0,0.7467,0.0,0.5314,0.16
4906,19__415,424,16.96,0.285006,0.189984,4.12,inf,0,0.914,0.0316,0.0087,0.0001,1.0,0.0,0.5969,0.2
4907,19__241,442,17.68,0.203887,0.181211,4.8,inf,0,0.8557,0.0294,0.0055,0.0001,1.0,0.0,0.0,0.24
4908,19__465,410,16.4,0.337066,0.319958,16.36,12.341,0,0.91,0.0888,0.0166,0.0001,1.0,0.0,0.8772,0.28
4909,19__451,433,17.32,0.184707,0.162473,0.04,inf,0,0.8943,0.0385,0.0089,0.0,0.9733,0.0,0.0,0.2
4910,19__320,352,14.08,0.277406,0.2362,1.92,inf,0,1.0,0.0936,0.0197,0.0,0.5767,0.0,0.8781,0.12
4911,19__434,414,16.56,0.190304,0.168224,3.92,inf,0,0.9286,0.0349,0.0098,0.0,0.9667,0.0,0.0,0.08
4912,19__744,402,16.08,0.208603,0.150223,0.44,83.937,0,0.9321,0.0447,0.0176,0.0,0.72,0.0,0.2588,0.2
4913,19__846,396,15.84,0.317802,0.175946,14.68,13.779,0,1.0,0.0991,0.0236,0.0,1.0,0.0,0.8334,0.16
4914,25__2355,906,36.24,0.249398,0.212388,27.88,15.76,0,0.5864,0.0871,0.017,0.0003,0.5033,0.0,0.8883,0.52
4915,25__2449,395,15.8,0.25656,0.227988,13.56,13.846,0,1.0,0.1772,0.0483,0.0,1.0,0.0,0.3617,0.64
4916,25__366,1820,72.8,0.288499,0.252407,43.96,8.782,0,0.4068,0.1257,0.0392,0.0018,0.92,0.0,0.9216,0.68
4917,25__1067,885,35.4,0.229677,0.198961,2.32,47.303,0,0.5664,0.1071,0.0193,0.0002,0.2767,0.0,0.8528,0.64
4918,25__192,814,32.56,0.27625,0.231602,5.24,12.226,0,0.5439,0.1258,0.0336,0.0001,1.0,0.0,0.7074,0.48
4919,25__713,735,29.4,0.237913,0.209308,14.24,54.189,0,0.5318,0.1101,0.0384,0.0001,0.8667,0.0,0.6421,0.44
4920,25__48,775,31.0,0.30644,0.234527,29.96,8.233,0,0.5657,0.1712,0.0416,0.0005,1.0,0.0,0.9255,0.48
4921,25__2272,846,33.84,0.360041,0.270214,28.6,4.915,0,0.4736,0.1102,0.0312,0.0001,0.7267,0.4113,0.9664,0.52
4922,25__2425,422,16.88,0.286739,0.259205,3.64,22.121,0,0.9136,0.1329,0.0347,0.0,0.8633,0.0,0.5843,0.52
4923,25__2383,451,18.04,0.313184,0.269043,1.16,24.146,0,0.8075,0.0291,0.0138,0.0,0.75,0.0,0.8731,0.52
4924,25__85,618,24.72,0.26624,0.229407,8.76,28.255,0,0.6661,0.0936,0.0243,0.0001,0.55,0.0,0.8072,0.52
4925,25__1032,901,36.04,0.243152,0.196335,23.24,15.549,0,0.5268,0.13,0.0365,0.0002,0.5367,0.0,0.8145,0.64
4926,25__2481,414,16.56,0.202528,0.183516,11.28,29.475,0,0.9079,0.0544,0.018,0.0,0.6033,0.0,0.3267,0.6
4927,25__424,360,14.4,0.318566,0.279985,2.84,51.982,0,1.0,0.0945,0.0156,0.0,1.0,0.0,0.5462,0.64
4928,25__1808,1223,48.92,0.435316,0.276277,17.76,3.631,0,0.53,0.1743,0.0391,0.0164,0.8833,0.5825,0.9838,0.68
4929,25__381,396,15.84,0.221348,0.193719,8.44,inf,0,1.0,0.0801,0.0163,0.0,0.84,0.0,0.0438,0.68
4930,25__2419,411,16.44,0.30372,0.27218,10.72,14.391,0,0.965,0.1929,0.0377,0.0,0.7467,0.0,0.7143,0.6
4931,25__452,1220,48.8,0.327693,0.245063,1.2,5.498,0,0.6129,0.2586,0.0816,0.0007,0.9033,0.3336,0.9022,0.68
4932,25__1430,1059,42.36,0.267438,0.187074,10.12,6.13,0,0.4446,0.1586,0.0545,0.0005,0.33,0.2493,0.8812,0.68
4933,25__1423,1593,63.72,0.390749,0.27534,13.92,5.702,0,0.3989,0.16,0.0449,0.0061,1.0,0.3063,0.939,0.68
4934,25__1037,876,35.04,0.245283,0.206203,33.6,9.504,0,0.5004,0.1658,0.0713,0.0001,0.5567,0.0,0.8779,0.56
4935,25__2784,764,30.56,0.257887,0.229573,27.68,13.926,0,0.4118,0.1286,0.0358,0.0005,0.6233,0.0,0.8271,0.68
4936,25__2017,775,31.0,0.276014,0.206365,19.8,15.208,0,0.6114,0.1344,0.0423,0.0002,0.9533,0.0,0.8269,0.48
4937,25__1338,398,15.92,0.332688,0.309286,5.28,55.973,0,0.9786,0.0917,0.0367,0.0,1.0,0.0,0.7078,0.6
4938,25__2612,448,17.92,0.232252,0.179213,0.0,69.562,0,0.7579,0.1386,0.1458,0.0,0.6733,0.0,0.4229,0.64
4939,25__1724,407,16.28,0.263779,0.22882,5.04,63.647,0,0.9204,0.0686,0.0252,0.0,0.93,0.0,0.3288,0.6
4940,25__1102,349,13.96,0.265617,0.238555,2.8,22.676,0,1.0,0.0718,0.0259,0.0,0.8,0.0,0.4286,0.56
4941,25__1722,352,14.08,0.316864,0.292225,5.84,8.952,0,1.0,0.1172,0.0346,0.0,0.7467,0.0,0.8126,0.68
4942,25__263,1478,59.12,0.488445,0.271453,55.4,1.717,6,0.5171,0.2358,0.0438,0.0035,0.8933,0.8377,0.9816,0.72
4943,25__2349,438,17.52,0.176669,0.160704,4.16,302.462,0,0.8757,0.0507,0.0208,0.0,0.76,0.0,0.0,0.4
4944,25__1706,363,14.52,0.32851,0.262517,2.48,10.942,0,1.0,0.1429,0.0245,0.0,0.8667,0.0,0.7398,0.56
4945,25__151,493,19.72,0.3193,0.269714,3.24,64.657,0,0.8,0.0829,0.0265,0.0,1.0,0.0,0.7866,0.44
4946,25__122,531,21.24,0.254616,0.227755,12.32,17.511,0,0.7275,0.0629,0.0127,0.0,1.0,0.0,0.5603,0.48
4947,25__2757,1009,40.36,0.27713,0.247061,9.08,16.189,0,0.6868,0.1386,0.0296,0.0003,0.6567,0.0,0.8255,0.8
4948,25__2475,427,17.08,0.286007,0.255794,3.96,67.231,0,0.8746,0.044,0.0153,0.0,0.5767,0.0,0.7607,0.6
4949,25__2320,813,32.52,0.297434,0.201866,30.68,6.313,0,0.4954,0.1057,0.0234,0.0002,0.4633,0.2249,0.8441,0.56
4950,25__1663,1322,52.88,0.349666,0.265598,38.48,6.465,0,0.4721,0.1372,0.0292,0.0014,1.0,0.2047,0.9188,0.72
4951,25__798,675,27.0,0.241038,0.20508,13.48,14.623,0,0.5886,0.0715,0.0208,0.0001,0.4433,0.0,0.7707,0.56
4952,25__1782,336,13.44,0.268946,0.237491,7.6,88.837,0,1.0,0.0608,0.0088,0.0,1.0,0.0,0.3405,0.56
4953,25__2036,457,18.28,0.313019,0.291832,11.52,65.439,0,0.915,0.0929,0.0204,0.0,1.0,0.0,0.6774,0.6
4954,25__1104,855,34.2,0.259775,0.217592,3.12,21.756,0,0.5107,0.1844,0.0512,0.0001,0.6167,0.0,0.8081,0.68
4955,25__945,378,15.12,0.196848,0.183944,0.88,37.823,0,1.0,0.0315,0.0208,0.0,0.79,0.0,0.0,0.48
4956,25__393,1394,55.76,0.470396,0.279502,30.16,2.225,0,0.495,0.2172,0.0823,0.0034,0.8167,0.77,0.9929,0.8
4957,25__2435,407,16.28,0.20642,0.192061,5.16,68.331,0,0.9011,0.0305,0.0096,0.0,0.8733,0.0,0.0,0.52
4958,25__1177,1347,53.88,0.278491,0.21346,40.08,12.045,0,0.3607,0.1072,0.0297,0.0005,1.0,0.0,0.7079,0.52
4959,25__1855,1268,50.72,0.387993,0.211673,9.16,4.352,0,0.6025,0.1786,0.046,1.0,0.7833,0.4864,0.9179,0.8
4960,25__1780,1237,49.48,0.409926,0.216829,20.68,2.615,0,0.5979,0.2043,0.0387,0.0041,0.3767,0.718,0.9845,0.6
4961,25__99,833,33.32,0.268393,0.224293,7.12,9.656,0,0.4993,0.0686,0.0199,0.0002,0.76,0.0,0.8022,0.52
4962,25__1386,995,39.8,0.271218,0.237073,26.72,10.172,0,0.4425,0.1729,0.0562,0.0002,0.6967,0.0,0.8779,0.68
4963,25__2081,770,30.8,0.267236,0.233449,18.76,27.762,0,0.6086,0.1343,0.0409,0.0001,0.6567,0.0,0.8433,0.4
4964,25__2340,999,39.96,0.337063,0.269077,33.56,6.112,0,0.5207,0.1529,0.0474,0.0005,0.84,0.2517,0.9572,0.6
4965,25__1469,357,14.28,0.199243,0.185206,3.96,64.519,0,1.0,0.0301,0.0081,0.0,0.8133,0.0,0.0,0.6
4966,25__751,405,16.2,0.293266,0.263272,2.68,19.958,0,0.94,0.0672,0.0269,0.0,0.9467,0.0,0.5848,0.48
4967,25__2697,617,24.68,0.270323,0.220096,16.8,9.961,0,0.8146,0.1657,0.0296,0.0002,0.8267,0.0,0.6979,0.72
4968,25__2599,1466,58.64,0.294917,0.263512,48.16,9.239,0,0.43,0.1058,0.0203,0.0005,0.9333,0.0,0.9509,0.76
4969,25__2204,392,15.68,0.342426,0.318101,14.44,12.741,0,0.9571,0.0906,0.0338,0.0,1.0,0.0,0.8138,0.56
4970,25__2559,1522,60.88,0.289156,0.226776,49.24,12.595,0,0.3586,0.12,0.0439,0.0008,0.94,0.0,0.8345,0.8
4971,25__1887,977,39.08,0.287085,0.262749,30.6,8.979,0,0.6139,0.1486,0.0378,0.0002,0.76,0.0,0.9107,0.76
4972,25__478,475,19.0,0.382568,0.268944,10.84,6.688,0,0.9164,0.2454,0.0614,0.0005,1.0,0.175,0.8617,0.68
4973,25__11,211,8.44,0.325316,0.300756,0.04,inf,0,0.7043,0.1058,0.0276,0.0001,1.0,0.0,0.8029,0.56
4974,25__906,765,30.6,0.230557,0.200559,26.96,17.474,0,0.6486,0.2043,0.0596,0.0001,0.6367,0.0,0.7578,0.48
4975,25__2794,696,27.84,0.347038,0.233982,8.24,7.554,0,0.4889,0.2046,0.0502,0.0007,1.0,0.0594,0.9078,0.68
4976,25__2219,662,26.48,0.227777,0.190783,0.0,10.405,0,0.5522,0.2757,0.0773,0.0002,0.1833,0.0,0.8116,0.56
4977,25__51,183,7.32,0.259113,0.228001,5.24,22.948,0,0.5871,0.0606,0.0208,0.0,0.8433,0.0,0.58,0.44
4978,25__1465,440,17.6,0.286321,0.255226,0.84,137.333,0,0.8522,0.0316,0.0159,0.0,0.8333,0.0,0.7043,0.56
4979,25__1741,924,36.96,0.309675,0.255624,28.64,6.596,0,0.5607,0.0829,0.0247,0.0018,0.7733,0.1872,0.9352,0.6
4980,25__1070,1060,42.4,0.330223,0.250058,18.24,6.452,0,0.4536,0.1205,0.0352,0.0002,0.9,0.2063,0.8397,0.68
4981,25__1495,344,13.76,0.231053,0.195067,1.0,inf,0,1.0,0.1186,0.0355,0.0,1.0,0.0,0.0541,0.52
4982,25__2804,582,23.28,0.422462,0.314046,12.2,4.519,0,0.5772,0.2057,0.0398,0.0003,0.9233,0.4642,0.9697,0.64
4983,25__1397,391,15.64,0.265022,0.244666,9.08,21.659,0,0.9482,0.0281,0.0078,0.0,0.7,0.0,0.5457,0.64
4984,25__2249,835,33.4,0.275087,0.241138,24.76,10.646,0,0.5014,0.0843,0.0295,0.0001,0.8733,0.0,0.7476,0.52
4985,25__1695,389,15.56,0.231384,0.199527,8.0,180.0,0,0.9507,0.0569,0.0216,0.0001,0.69,0.0,0.3867,0.48
4986,25__162,786,31.44,0.272619,0.236953,24.04,10.811,0,0.5482,0.1559,0.038,0.0001,0.6367,0.0,0.8795,0.56
4987,25__326,495,19.8,0.283367,0.261207,17.64,42.806,0,0.8214,0.0614,0.0208,0.0,0.56,0.0,0.7816,0.6
4988,25__883,746,29.84,0.273234,0.191688,5.84,5.93,0,0.6721,0.2143,0.041,0.0001,0.21,0.276,0.8283,0.56
4989,25__703,448,17.92,0.266483,0.226423,15.96,242.909,0,0.8607,0.1016,0.0306,0.0,0.83,0.0,0.6021,0.48
4990,25__642,458,18.32,0.219659,0.202949,10.8,62.338,0,0.83,0.05,0.0183,0.0,0.8233,0.0,0.3414,0.44
4991,25__976,352,14.08,0.180655,0.156832,11.72,47.04,0,1.0,0.0253,0.0208,0.0,0.6867,0.0,0.0,0.44
4992,25__1916,412,16.48,0.334376,0.312309,7.8,11.978,0,0.9025,0.12,0.044,0.0,1.0,0.0,0.7057,0.64
4993,25__981,1993,79.72,0.337583,0.243458,37.4,5.141,0,0.5332,0.1543,0.0486,1.0,1.0,0.3812,0.9797,0.6
4994,25__389,1400,56.0,0.408381,0.227349,30.24,3.528,0,0.4789,0.1757,0.0581,0.0039,0.4167,0.5962,0.9543,0.76
4995,25__2123,466,18.64,0.277356,0.24422,3.56,41.049,0,0.8346,0.0831,0.0259,0.0,0.8167,0.0,0.6171,0.56
4996,25__1134,1209,48.36,0.350397,0.225291,2.76,38.911,0,0.28,0.0758,0.0228,1.0,1.0,0.0,0.964,0.56
4997,25__1860,917,36.68,0.230805,0.205318,30.64,32.675,0,0.5193,0.09,0.0355,0.0001,0.88,0.0,0.5384,0.6
4998,25__185,451,18.04,0.335274,0.316441,1.24,51.633,0,0.9211,0.1331,0.0453,0.0,1.0,0.0,0.7812,0.56
4999,25__1433,424,16.96,0.283652,0.234293,1.96,inf,0,0.9043,0.0444,0.0151,0.0,0.9567,0.0,0.5462,0.56
5000,25__2618,500,20.0,0.182973,0.162673,17.92,265.2,0,0.7318,0.0372,0.0145,0.0,0.7333,0.0,0.0,0.56
