idx,trajectory_id,frames,duration_s,R_max,R_mean,peak_at_s,min_ttc_raw,ticks_ttc_lt2,max_speed,max_accel,max_jerk,max_steer_var,max_lane_offset,max_ttc,max_headway,max_density
1,peachtree__392,752,75.2,0.5136,0.266844,2.3,inf,0,1.0,1.0,1.0,1.0,1.0,0.0,0.0,1.0
2,lankershim__240,375,37.5,0.703674,0.386277,8.8,2.339,0,0.3954,1.0,1.0,1.0,1.0,0.7548,0.8194,1.0
3,us-101__2498,824,82.4,0.455579,0.263568,56.0,3.126,0,0.4941,0.9923,0.8562,1.0,0.6174,0.6499,0.9405,1.0
4,i-80__2350,272,27.2,0.417636,0.266213,18.7,14.252,0,0.9273,1.0,1.0,0.0811,0.7299,0.0,0.448,1.0
5,peachtree__581,968,96.8,0.708215,0.288542,21.8,0.829,6,1.0,1.0,1.0,1.0,1.0,0.9561,0.8334,0.8
6,lankershim__1065,2218,221.8,0.891851,0.353122,190.8,0.226,20,1.0,1.0,1.0,1.0,1.0,1.0,0.9364,1.0
7,i-80__1988,1379,137.9,0.643617,0.278876,16.7,0.951,8,0.3972,1.0,1.0,1.0,0.4544,0.9399,0.9318,1.0
8,us-101__1830,861,86.1,0.521737,0.24948,30.2,1.049,4,0.437,0.7683,0.9054,0.352,0.5869,0.9268,0.866,1.0
9,us-101__2805,856,85.6,0.369948,0.230786,78.2,3.276,0,0.5338,0.7443,1.0,0.6174,0.755,0.6299,0.6189,1.0
10,us-101__2814,824,82.4,0.549713,0.292002,36.2,3.159,0,0.5625,1.0,1.0,1.0,0.6152,0.6455,0.9363,1.0
11,i-80__2820,822,82.2,0.565594,0.271949,75.9,1.237,3,0.3733,1.0,1.0,1.0,0.9686,0.9017,0.7101,1.0
12,i-80__2907,658,65.8,0.565106,0.361225,54.5,2.57,0,0.4304,1.0,1.0,1.0,0.794,0.724,0.9264,1.0
13,i-80__3118,348,34.8,0.452464,0.328822,3.6,6.953,0,0.7328,1.0,1.0,0.0797,0.5147,0.1396,0.715,1.0
14,us-101__1816,608,60.8,0.422001,0.271456,54.1,10.543,0,0.5852,1.0,1.0,0.0566,0.8755,0.0,0.7604,1.0
15,i-80__1891,2622,262.2,0.815914,0.292896,97.7,0.258,18,1.0,1.0,1.0,1.0,0.903,1.0,0.9449,1.0
16,peachtree__1669,1153,115.3,0.61459,0.223774,71.2,0.399,19,1.0,1.0,1.0,1.0,1.0,1.0,0.4296,1.0
17,i-80__2536,1993,199.3,0.515259,0.247986,81.2,2.4,0,0.2508,1.0,1.0,1.0,0.5323,0.7467,0.9178,1.0
18,us-101__2879,803,80.3,0.61038,0.297708,2.9,4.616,0,0.6519,1.0,1.0,1.0,1.0,0.4513,0.8216,1.0
19,i-80__3233,605,60.5,0.656287,0.311521,1.6,2.841,0,0.4548,1.0,1.0,1.0,0.8019,0.6878,0.8832,1.0
20,i-80__1981,846,84.6,0.752136,0.310412,36.7,0.338,10,0.3733,1.0,1.0,1.0,1.0,1.0,0.9484,1.0
21,i-80__474,1452,145.2,0.799898,0.2752,57.9,0.757,11,1.0,1.0,1.0,1.0,0.4908,0.9657,0.9302,1.0
22,lankershim__438,366,36.6,0.728929,0.37629,8.5,2.397,0,1.0,1.0,1.0,1.0,1.0,0.747,0.8699,1.0
23,i-80__2780,785,78.5,0.586566,0.263832,33.9,0.289,10,0.3441,1.0,1.0,0.5298,1.0,1.0,0.9066,1.0
24,us-101__2009,916,91.6,0.474619,0.271147,82.2,6.285,0,0.5423,0.9663,1.0,1.0,1.0,0.2287,0.8872,1.0
25,i-80__2803,901,90.1,0.522119,0.288601,37.7,3.134,0,0.3554,1.0,1.0,1.0,0.7668,0.6488,0.9195,1.0
26,peachtree__491,1629,162.9,0.666281,0.278614,83.8,0.644,9,1.0,1.0,1.0,1.0,1.0,0.9808,0.8946,1.0
27,peachtree__773,847,84.7,0.748555,0.380974,22.7,0.745,19,1.0,1.0,1.0,1.0,1.0,0.9673,0.9201,0.92
28,us-101__2219,647,64.7,0.464726,0.267587,60.5,5.445,0,0.6599,1.0,1.0,1.0,0.8661,0.3407,0.8272,1.0
29,us-101__2873,856,85.6,0.626527,0.280087,23.2,0.157,7,0.6465,0.9774,1.0,1.0,0.6139,1.0,1.0,1.0
30,lankershim__989,483,48.3,0.624828,0.380635,32.3,1.449,2,0.688,1.0,1.0,1.0,1.0,0.8735,0.8794,1.0
31,i-80__2931,676,67.6,0.491454,0.285026,10.5,8.959,0,0.4119,1.0,1.0,0.8455,0.5362,0.0,0.8186,1.0
32,i-80__173,664,66.4,0.662952,0.268996,14.3,1.44,4,0.4114,1.0,1.0,0.7249,1.0,0.8747,0.9737,1.0
33,i-80__3216,329,32.9,0.522895,0.328533,13.9,10.13,0,0.9665,1.0,1.0,0.2215,0.9089,0.0,0.5744,1.0
34,i-80__2924,818,81.8,0.622269,0.291569,35.3,2.278,0,0.4602,1.0,1.0,1.0,0.5011,0.763,0.8971,1.0
35,us-101__2694,879,87.9,0.506553,0.28214,40.6,3.062,0,0.4934,0.82,0.9369,1.0,0.9498,0.6584,0.9197,1.0
36,i-80__3196,725,72.5,0.647383,0.333867,1.8,1.012,4,0.398,1.0,1.0,1.0,1.0,0.9317,0.9122,1.0
37,lankershim__746,201,20.1,0.554879,0.327558,2.7,1.365,3,0.3323,1.0,1.0,1.0,1.0,0.8846,0.6067,1.0
38,peachtree__248,349,34.9,0.522767,0.264075,2.6,0.228,16,0.3205,1.0,1.0,1.0,1.0,1.0,0.613,0.64
39,i-80__2203,405,40.5,0.45563,0.297896,4.1,6.118,0,0.5967,0.8377,1.0,0.0365,0.7348,0.2509,0.7828,1.0
40,i-80__3292,352,35.2,0.628937,0.336125,14.6,4.753,0,0.7229,1.0,1.0,1.0,1.0,0.433,0.8774,1.0
41,i-80__89,714,71.4,0.485307,0.272197,66.0,0.561,16,0.4239,0.9444,1.0,1.0,0.4978,0.9919,1.0,1.0
42,i-80__2512,2105,210.5,0.66737,0.279315,69.9,0.071,125,0.3085,0.9887,1.0,1.0,0.6487,1.0,1.0,1.0
43,i-80__80,362,36.2,0.399534,0.27853,26.3,11.855,0,0.6993,0.7551,0.963,0.0802,0.4956,0.0,0.6361,1.0
44,peachtree__1174,976,97.6,0.78775,0.355038,35.4,0.395,30,1.0,1.0,1.0,1.0,1.0,1.0,0.9306,0.88
45,i-80__2821,319,31.9,0.485763,0.318889,3.7,5.573,0,0.6808,1.0,1.0,0.0977,0.6892,0.3236,0.6189,1.0
46,i-80__2521,1721,172.1,0.567076,0.290593,27.3,0.251,7,0.3726,1.0,1.0,1.0,1.0,1.0,1.0,1.0
47,us-101__1117,1475,147.5,0.808192,0.27996,52.8,1.557,2,1.0,1.0,1.0,1.0,1.0,0.8591,0.9297,1.0
48,i-80__3364,740,74.0,0.694289,0.384744,17.8,0.776,5,0.4787,1.0,1.0,1.0,1.0,0.9632,0.9305,1.0
49,i-80__1142,330,33.0,0.450489,0.298457,31.0,8.765,0,0.6549,1.0,1.0,0.0744,0.6701,0.0,0.6451,1.0
50,us-101__2930,796,79.6,0.556618,0.293922,13.4,2.941,0,0.7164,0.8632,1.0,1.0,0.7956,0.6745,0.9279,1.0
51,lankershim__142,1156,115.6,0.686349,0.337652,9.7,2.785,0,0.763,1.0,1.0,1.0,1.0,0.6953,0.9512,1.0
52,i-80__2294,1309,130.9,0.579953,0.278442,62.6,3.088,0,0.4694,1.0,1.0,1.0,1.0,0.6549,0.9082,1.0
53,peachtree__219,1740,174.0,0.803663,0.351543,41.3,0.54,28,0.4606,1.0,1.0,1.0,1.0,0.9946,0.9585,1.0
54,i-80__1970,781,78.1,0.597327,0.290248,28.3,0.257,11,0.5377,1.0,1.0,0.8039,1.0,1.0,0.9343,1.0
55,us-101__2809,948,94.8,0.530147,0.245128,21.1,4.24,0,0.5336,1.0,1.0,1.0,0.6815,0.5013,0.8874,1.0
56,i-80__3027,813,81.3,0.62577,0.310382,16.9,3.71,0,0.5152,1.0,1.0,1.0,0.5522,0.5719,0.8542,1.0
57,lankershim__14,981,98.1,0.778619,0.369082,78.8,0.43,20,0.799,1.0,1.0,1.0,1.0,1.0,1.0,1.0
58,i-80__1638,670,67.0,0.623183,0.281767,35.2,2.96,0,0.5159,1.0,1.0,0.6385,0.5429,0.6721,0.8426,1.0
59,lankershim__765,1629,162.9,0.774583,0.400706,88.8,0.307,17,1.0,1.0,1.0,1.0,1.0,1.0,0.9532,1.0
60,us-101__3032,820,82.0,0.659609,0.2862,47.6,1.811,3,0.6889,1.0,1.0,1.0,0.8537,0.8252,0.9266,1.0
61,i-80__1963,1869,186.9,0.484897,0.237325,147.0,5.85,0,0.3782,1.0,1.0,1.0,1.0,0.2867,0.9076,1.0
62,us-101__2947,358,35.8,0.60582,0.314949,10.9,0.484,9,0.8829,1.0,1.0,0.2316,1.0,1.0,0.8423,1.0
63,lankershim__364,537,53.7,0.5328,0.232346,25.7,17.792,0,1.0,1.0,1.0,1.0,1.0,0.0,0.0,1.0
64,peachtree__1397,861,86.1,0.76107,0.32681,15.9,0.606,35,1.0,1.0,1.0,1.0,1.0,0.9858,0.933,0.96
65,i-80__2885,945,94.5,0.822224,0.318378,27.9,0.656,27,0.4323,1.0,1.0,1.0,1.0,0.9791,1.0,1.0
66,us-101__2230,510,51.0,0.388174,0.240944,3.4,24.051,0,0.5872,0.8642,1.0,0.1037,0.6635,0.0,0.6169,1.0
67,lankershim__984,864,86.4,0.598408,0.32222,4.3,2.41,0,0.6801,1.0,1.0,1.0,1.0,0.7453,0.9347,1.0
68,i-80__3225,565,56.5,0.548162,0.322861,31.1,2.979,0,0.4647,1.0,1.0,0.3921,0.6199,0.6695,0.8501,1.0
69,i-80__197,762,76.2,0.597942,0.295689,46.7,1.974,1,0.3988,1.0,1.0,0.3827,0.9517,0.8035,0.9013,1.0
70,us-101__2842,806,80.6,0.569665,0.280028,25.6,2.719,0,0.6371,0.9201,1.0,1.0,0.7534,0.7041,0.9382,1.0
71,us-101__2132,546,54.6,0.522606,0.263312,45.2,0.849,2,0.6022,1.0,1.0,0.1379,0.7925,0.9535,1.0,1.0
72,peachtree__761,432,43.2,0.428222,0.223864,40.6,5.009,0,0.399,1.0,1.0,1.0,1.0,0.3988,0.0,0.84
73,lankershim__1358,883,88.3,0.603503,0.368273,25.1,2.823,0,0.8569,1.0,1.0,1.0,1.0,0.6902,0.92,0.84
74,i-80__2271,267,26.7,0.43109,0.324066,2.6,9.578,0,0.834,1.0,1.0,0.0495,0.4131,0.0,0.7318,1.0
75,i-80__2472,404,40.4,0.509688,0.314606,29.8,4.292,0,0.6454,1.0,1.0,0.0888,0.8565,0.4944,0.801,1.0
76,lankershim__23,881,88.1,0.684149,0.386615,2.9,0.342,11,0.8803,1.0,1.0,1.0,1.0,1.0,0.918,1.0
77,i-80__3312,316,31.6,0.436469,0.268234,22.5,9.665,0,0.8579,1.0,1.0,0.3304,0.8173,0.0,0.3705,1.0
78,us-101__2015,514,51.4,0.797262,0.299228,47.8,0.161,23,0.7084,1.0,1.0,0.5007,1.0,1.0,1.0,1.0
79,lankershim__512,662,66.2,0.686749,0.420581,54.0,2.407,0,0.6757,1.0,1.0,1.0,1.0,0.7457,0.9149,1.0
80,peachtree__1166,975,97.5,0.535799,0.257971,5.2,0.752,9,0.5529,1.0,1.0,1.0,1.0,0.9664,0.8093,1.0
81,lankershim__211,721,72.1,0.647074,0.3469,43.2,3.209,0,0.7039,1.0,1.0,1.0,1.0,0.6389,0.9066,1.0
82,lankershim__1132,1505,150.5,0.734392,0.391226,45.1,0.474,9,0.5218,1.0,1.0,1.0,1.0,1.0,0.9445,1.0
83,lankershim__975,183,18.3,0.513596,0.30644,0.5,inf,0,0.4913,1.0,1.0,1.0,1.0,0.0,0.7048,1.0
84,us-101__2162,690,69.0,0.478479,0.277826,63.6,5.439,0,0.5514,0.796,1.0,0.2909,0.8618,0.3414,0.7858,1.0
85,i-80__123,751,75.1,0.432768,0.265725,16.3,2.68,0,0.3286,0.8976,1.0,0.2522,0.63,0.7094,0.8963,1.0
86,us-101__2759,819,81.9,0.490053,0.269112,77.2,2.732,0,0.4782,0.7546,1.0,1.0,0.8487,0.7024,0.8598,1.0
87,lankershim__1215,598,59.8,0.443258,0.274255,28.6,inf,0,0.5894,1.0,1.0,1.0,1.0,0.0,0.0,1.0
88,lankershim__1418,978,97.8,0.569593,0.35144,12.2,3.294,0,0.9111,1.0,1.0,1.0,1.0,0.6274,0.9384,0.64
89,lankershim__747,770,77.0,0.684421,0.356542,72.0,1.75,6,0.6706,1.0,1.0,1.0,1.0,0.8333,0.9445,1.0
90,i-80__3175,777,77.7,0.635803,0.289366,65.0,1.659,2,0.4051,1.0,1.0,0.581,0.5597,0.8455,0.9476,1.0
91,i-80__3209,680,68.0,0.438322,0.259092,56.7,4.815,0,0.3809,1.0,1.0,1.0,0.578,0.4247,0.6217,1.0
92,i-80__2654,1411,141.1,0.526432,0.276197,57.7,1.938,1,0.3667,0.9294,1.0,1.0,0.8881,0.8083,0.914,1.0
93,lankershim__342,904,90.4,0.737901,0.406067,16.1,2.906,0,0.6575,1.0,1.0,1.0,1.0,0.6792,0.9618,1.0
94,peachtree__35,561,56.1,0.4944,0.271109,9.0,1.463,2,1.0,1.0,1.0,1.0,1.0,0.8715,0.1178,0.32
95,i-80__1327,324,32.4,0.388599,0.256546,22.1,15.914,0,0.6557,0.8843,1.0,0.0824,0.6197,0.0,0.5881,1.0
96,i-80__780,539,53.9,0.507178,0.290709,51.0,5.518,0,0.5106,1.0,1.0,0.0614,0.526,0.3309,0.8529,1.0
97,i-80__2811,1137,113.7,0.71236,0.274615,51.9,2.264,0,0.3169,1.0,1.0,1.0,0.3791,0.7649,0.9613,1.0
98,us-101__2260,511,51.1,0.407903,0.26753,46.3,8.272,0,0.6003,0.79,1.0,0.0662,0.6318,0.0,0.8213,1.0
99,i-80__2303,1701,170.1,0.577976,0.25553,9.1,3.524,0,0.3288,1.0,1.0,1.0,0.4927,0.5969,0.9108,1.0
100,us-101__2753,815,81.5,0.462264,0.25613,6.2,2.594,0,0.4905,1.0,1.0,0.125,1.0,0.7208,0.9955,1.0
101,i-80__2880,782,78.2,0.502307,0.305999,31.1,4.822,0,0.3574,1.0,1.0,1.0,0.8489,0.4237,0.7821,1.0
102,lankershim__861,687,68.7,0.708956,0.407037,20.6,1.41,2,0.6466,1.0,1.0,1.0,1.0,0.8786,0.882,1.0
103,i-80__470,582,58.2,0.465105,0.265767,42.5,4.042,0,0.4376,0.8461,1.0,0.3861,0.666,0.5278,0.8411,1.0
104,lankershim__584,1047,104.7,0.747457,0.408593,15.6,0.768,7,1.0,1.0,1.0,1.0,1.0,0.9642,0.9378,1.0
105,us-101__1950,967,96.7,0.568807,0.280235,38.1,2.869,0,0.6059,1.0,1.0,1.0,1.0,0.6841,0.9419,1.0
106,us-101__3014,676,67.6,0.410956,0.281049,50.7,7.767,0,0.6211,0.9885,1.0,0.2038,0.7507,0.031,0.9346,1.0
107,i-80__2935,757,75.7,0.633428,0.315567,2.0,0.302,11,0.3632,1.0,1.0,1.0,1.0,1.0,0.9176,1.0
108,peachtree__524,797,79.7,0.714746,0.300382,45.2,0.41,8,0.4715,1.0,1.0,1.0,1.0,1.0,0.908,1.0
109,us-101__2400,678,67.8,0.361544,0.164693,21.7,3.251,0,0.4385,0.7609,0.9712,0.1021,0.868,0.6333,0.3373,1.0
110,i-80__3156,710,71.0,0.669064,0.324005,31.7,3.757,0,0.4844,1.0,1.0,1.0,0.6863,0.5658,0.8311,1.0
111,us-101__2117,372,37.2,0.626159,0.301114,4.2,0.49,8,0.6326,0.8919,0.9903,0.0551,1.0,1.0,0.8974,1.0
112,i-80__360,1254,125.4,0.771177,0.286638,53.4,0.916,12,1.0,1.0,1.0,1.0,1.0,0.9445,0.9208,1.0
113,us-101__2675,718,71.8,0.600152,0.268057,36.7,2.057,0,0.6556,1.0,1.0,1.0,0.7007,0.7924,0.9398,1.0
114,i-80__428,580,58.0,0.499758,0.244398,30.2,2.756,0,0.5673,1.0,1.0,0.1792,0.6272,0.6992,1.0,1.0
115,i-80__3323,680,68.0,0.56534,0.273678,36.6,3.984,0,0.4489,1.0,1.0,0.9602,1.0,0.5355,0.836,1.0
116,peachtree__93,1752,175.2,0.719855,0.289821,68.2,1.271,5,1.0,1.0,1.0,1.0,1.0,0.8973,0.9162,1.0
117,lankershim__520,719,71.9,0.682281,0.395143,4.2,0.262,28,0.7055,1.0,1.0,1.0,1.0,1.0,0.9063,1.0
118,i-80__3121,818,81.8,0.635641,0.311445,60.9,2.046,0,0.4474,1.0,1.0,1.0,0.5341,0.7938,0.9502,1.0
119,us-101__2578,927,92.7,0.558353,0.281571,55.8,4.369,0,0.4873,0.7334,0.934,1.0,0.939,0.4841,1.0,1.0
120,peachtree__1023,1525,152.5,0.613253,0.283408,111.6,1.822,1,0.5896,1.0,1.0,1.0,1.0,0.8238,0.8952,1.0
121,us-101__1488,967,96.7,0.489845,0.251625,7.4,4.22,0,0.4374,1.0,1.0,0.6664,0.6186,0.504,0.8985,1.0
122,lankershim__413,323,32.3,0.749207,0.315579,8.6,0.207,6,0.5716,1.0,1.0,1.0,1.0,1.0,0.8522,1.0
123,lankershim__421,860,86.0,0.381172,0.22625,1.2,inf,0,0.4634,0.6324,0.991,1.0,1.0,0.0,0.0,1.0
124,i-80__2419,796,79.6,0.566503,0.251639,5.2,2.817,0,0.4772,1.0,1.0,1.0,1.0,0.6911,0.768,1.0
125,i-80__331,516,51.6,0.497603,0.251628,6.5,11.168,0,0.442,1.0,1.0,0.9961,1.0,0.0,0.882,1.0
126,us-101__2682,718,71.8,0.624184,0.342886,2.8,4.334,0,0.5331,1.0,1.0,1.0,0.8932,0.4888,0.8932,1.0
127,us-101__853,879,87.9,0.430899,0.257385,80.3,6.193,0,0.478,0.8335,1.0,1.0,0.4987,0.2409,0.8815,1.0
128,lankershim__1539,885,88.5,0.627408,0.284379,43.3,1.085,7,0.6569,1.0,1.0,1.0,1.0,0.922,0.9054,1.0
129,i-80__3313,606,60.6,0.470956,0.311631,17.1,6.927,0,0.4357,1.0,1.0,0.3095,0.6843,0.1431,0.7146,1.0
130,i-80__1451,973,97.3,0.649161,0.292109,34.7,2.343,0,0.4011,1.0,1.0,1.0,0.6568,0.7542,0.9389,1.0
131,i-80__2129,300,30.0,0.470503,0.326012,16.5,8.807,0,0.6889,1.0,1.0,0.0686,0.4673,0.0,0.7447,1.0
132,us-101__2456,639,63.9,0.418131,0.257138,45.8,5.498,0,0.5051,0.6355,0.8297,0.0643,0.6052,0.3336,0.8492,1.0
133,us-101__2220,555,55.5,0.552302,0.320188,29.2,5.223,0,0.5959,0.9692,1.0,0.2017,1.0,0.3703,0.8811,1.0
134,i-80__3244,302,30.2,0.532634,0.34394,28.2,9.159,0,0.8939,1.0,1.0,0.4483,0.8892,0.0,0.7253,1.0
135,i-80__2498,1459,145.9,0.670668,0.285376,10.7,2.448,0,0.3839,1.0,1.0,1.0,0.7173,0.7402,0.9233,1.0
136,i-80__690,740,74.0,0.560939,0.273147,58.4,2.536,0,0.3554,0.9843,1.0,0.2739,0.7218,0.7285,0.9485,1.0
137,us-101__2912,829,82.9,0.491659,0.226002,77.5,2.526,0,0.5826,0.9371,1.0,0.2249,0.9045,0.7298,0.8349,1.0
138,i-80__3291,598,59.8,0.603181,0.32051,49.7,3.402,0,0.4048,1.0,1.0,1.0,0.5988,0.613,0.8884,1.0
139,i-80__1836,2574,257.4,0.818616,0.289731,76.3,0.432,9,1.0,1.0,1.0,1.0,0.7394,1.0,0.9161,1.0
140,lankershim__316,2081,208.1,0.83758,0.399923,27.3,0.373,15,1.0,1.0,1.0,1.0,1.0,1.0,0.9311,1.0
141,lankershim__72,177,17.7,0.532226,0.275844,1.3,1.07,3,0.4776,1.0,1.0,1.0,1.0,0.924,0.6795,0.4
142,i-80__1022,873,87.3,0.625618,0.285437,3.6,2.271,0,0.3811,1.0,1.0,1.0,0.6206,0.7638,0.9065,1.0
143,us-101__2354,526,52.6,0.441573,0.259675,25.4,4.623,0,0.6695,1.0,1.0,0.1951,1.0,0.4502,0.6995,1.0
144,i-80__2927,358,35.8,0.509896,0.279768,4.6,15.614,0,0.6645,1.0,1.0,1.0,0.8258,0.0,0.648,1.0
145,i-80__104,482,48.2,0.573528,0.320596,3.7,3.924,0,0.5684,1.0,1.0,0.0477,0.6833,0.5435,0.9295,1.0
146,peachtree__9,676,67.6,0.431968,0.187569,62.2,inf,0,0.2378,1.0,1.0,1.0,1.0,0.0,0.0,0.36
147,i-80__262,1471,147.1,0.755784,0.286704,63.7,1.565,2,1.0,1.0,1.0,1.0,1.0,0.858,0.8803,1.0
148,i-80__2552,1409,140.9,0.518197,0.289686,41.7,3.097,0,0.3735,0.9182,1.0,1.0,1.0,0.6537,0.9723,1.0
149,us-101__2768,827,82.7,0.544102,0.277871,25.6,1.745,2,0.5941,1.0,1.0,1.0,0.4414,0.834,0.9266,1.0
150,peachtree__18,705,70.5,0.415832,0.229852,0.2,inf,0,0.2734,1.0,1.0,1.0,1.0,0.0,0.0,0.64
151,us-101__820,692,69.2,0.466526,0.266215,32.5,8.011,0,0.4948,1.0,1.0,0.3159,0.7721,0.0,0.8212,1.0
152,i-80__3306,561,56.1,0.743926,0.341555,3.7,0.2,11,0.5,1.0,1.0,1.0,1.0,1.0,0.8868,1.0
153,i-80__640,2494,249.4,0.789233,0.287816,144.8,0.568,19,1.0,1.0,1.0,1.0,1.0,0.9909,0.936,1.0
154,peachtree__1102,824,82.4,0.689446,0.356091,2.7,0.726,16,1.0,1.0,1.0,1.0,1.0,0.9699,0.9259,1.0
155,peachtree__468,1296,129.6,0.799566,0.321311,39.2,0.395,23,1.0,1.0,1.0,1.0,1.0,1.0,0.9601,1.0
156,peachtree__1390,1247,124.7,0.807499,0.274778,94.0,0.512,33,1.0,1.0,1.0,1.0,1.0,0.9983,0.9128,1.0
157,us-101__2874,791,79.1,0.604759,0.304617,5.8,4.01,0,0.674,1.0,1.0,1.0,0.8288,0.532,0.9294,1.0
158,i-80__3178,275,27.5,0.823961,0.480334,6.2,0.504,34,0.9279,1.0,1.0,1.0,1.0,0.9994,1.0,1.0
159,i-80__2815,312,31.2,0.498981,0.291731,2.2,13.658,0,0.7158,1.0,1.0,0.0799,1.0,0.0,0.8282,1.0
160,i-80__3274,967,96.7,0.606008,0.288794,47.5,1.629,2,0.4353,1.0,1.0,1.0,1.0,0.8495,1.0,1.0
161,us-101__2628,881,88.1,0.428458,0.268311,66.2,6.212,0,0.5144,1.0,1.0,1.0,0.6893,0.2383,0.9059,1.0
162,peachtree__1364,1264,126.4,0.687446,0.316074,61.6,0.743,12,0.7227,1.0,1.0,1.0,1.0,0.9675,0.9237,0.84
163,lankershim__968,1966,196.6,0.706638,0.361307,115.1,0.156,25,1.0,1.0,1.0,1.0,1.0,1.0,1.0,1.0
164,us-101__2424,712,71.2,0.438736,0.254238,7.0,9.48,0,0.4367,1.0,1.0,0.2719,0.5542,0.0,0.8073,1.0
165,peachtree__1588,750,75.0,0.710989,0.294744,27.5,1.002,6,0.5124,1.0,1.0,1.0,1.0,0.9331,0.8764,0.68
166,i-80__81,1212,121.2,0.729029,0.286621,77.9,1.561,2,1.0,1.0,1.0,1.0,1.0,0.8585,0.9051,1.0
167,i-80__192,582,58.2,0.601286,0.296303,33.2,1.34,4,0.4462,0.9866,1.0,0.6206,1.0,0.888,0.9003,1.0
168,i-80__3263,951,95.1,0.803197,0.290985,79.6,0.403,12,0.5483,1.0,1.0,1.0,1.0,1.0,0.9898,1.0
169,us-101__2828,821,82.1,0.616131,0.295819,30.0,1.409,8,0.6578,0.7655,0.9218,1.0,0.8004,0.8788,0.9792,1.0
170,i-80__2879,343,34.3,0.423187,0.249362,32.0,8.368,0,0.6878,1.0,1.0,0.0626,0.7463,0.0,0.6539,1.0
171,i-80__1464,341,34.1,0.721125,0.410402,1.2,0.869,5,0.7009,1.0,1.0,0.4459,1.0,0.9509,1.0,1.0
172,lankershim__509,921,92.1,0.657481,0.355228,56.1,2.314,0,0.8917,1.0,1.0,1.0,1.0,0.7581,0.91,1.0
173,us-101__2023,917,91.7,0.498114,0.274426,53.7,3.416,0,0.5132,1.0,1.0,1.0,0.8558,0.6112,0.9543,1.0
174,lankershim__483,714,71.4,0.735672,0.314603,0.6,3.662,0,0.6622,1.0,1.0,1.0,1.0,0.5784,0.8192,1.0
175,lankershim__1486,1177,117.7,0.483736,0.263662,0.4,4.05,0,0.3564,1.0,1.0,1.0,1.0,0.5267,0.8823,1.0
176,us-101__1657,672,67.2,0.477402,0.281267,20.9,4.138,0,0.7916,0.9521,1.0,1.0,1.0,0.515,0.8745,1.0
177,us-101__2730,804,80.4,0.444141,0.276788,31.4,5.092,0,0.5175,0.9527,1.0,1.0,0.6959,0.3877,0.8847,1.0
178,i-80__1784,639,63.9,0.570752,0.30094,5.0,4.021,0,0.6575,1.0,1.0,1.0,0.4559,0.5305,0.8168,1.0
179,i-80__29,1388,138.8,0.553719,0.289821,10.9,2.886,0,0.2839,0.9155,1.0,1.0,1.0,0.6819,0.9576,1.0
180,lankershim__923,1437,143.7,0.701608,0.33303,72.2,0.424,23,0.469,1.0,1.0,1.0,1.0,1.0,0.9289,1.0
181,peachtree__903,1464,146.4,0.905308,0.307275,52.6,0.315,33,1.0,1.0,1.0,1.0,1.0,1.0,0.916,0.96
182,i-80__213,1283,128.3,0.74065,0.289838,79.2,0.405,7,1.0,1.0,1.0,1.0,0.5381,1.0,1.0,1.0
183,peachtree__984,2008,200.8,0.659183,0.281308,3.5,2.844,0,0.6333,1.0,1.0,1.0,1.0,0.6875,0.9173,1.0
184,i-80__3214,708,70.8,0.695874,0.303949,42.1,2.032,0,0.5028,1.0,1.0,1.0,0.4864,0.7957,1.0,1.0
185,i-80__1514,1586,158.6,0.618613,0.296005,151.6,4.006,0,0.3246,1.0,1.0,1.0,0.8365,0.5325,0.9083,1.0
186,lankershim__1355,325,32.5,0.531563,0.3618,0.9,8.084,0,0.6997,1.0,1.0,0.502,1.0,0.0,0.7552,0.8
187,peachtree__1040,799,79.9,0.492401,0.315932,63.5,1.06,4,0.5201,1.0,1.0,1.0,1.0,0.9253,0.8897,1.0
188,i-80__3227,303,30.3,0.500452,0.32446,27.8,8.129,0,0.8172,1.0,1.0,0.7873,0.7908,0.0,0.5556,1.0
189,us-101__2699,738,73.8,0.486715,0.271317,5.6,8.358,0,0.4808,1.0,1.0,0.8145,0.8501,0.0,0.84,1.0
190,i-80__1069,920,92.0,0.523372,0.266829,6.1,2.772,0,0.3607,1.0,1.0,1.0,0.4187,0.6971,0.8487,1.0
191,i-80__40,1073,107.3,0.689954,0.327629,4.8,0.312,11,0.2907,1.0,1.0,1.0,1.0,1.0,0.9452,1.0
192,us-101__842,657,65.7,0.430917,0.270255,61.2,10.387,0,0.6276,0.8085,0.933,0.1793,0.9691,0.0,0.8048,1.0
193,lankershim__1184,56,5.6,0.358049,0.239947,2.1,inf,0,0.3601,0.92,1.0,0.0029,1.0,0.0,0.0,1.0
194,i-80__2324,413,41.3,0.349971,0.25376,18.9,11.713,0,0.5484,0.7219,0.9901,0.0363,0.6179,0.0,0.6167,1.0
195,i-80__918,886,88.6,0.544033,0.264435,58.5,1.587,1,0.4168,0.7721,0.9389,1.0,1.0,0.855,0.8277,1.0
196,i-80__927,1329,132.9,0.794037,0.288139,64.9,1.13,4,1.0,1.0,1.0,1.0,1.0,0.916,0.9263,1.0
197,i-80__57,1323,132.3,0.48724,0.272303,128.2,2.352,0,0.352,1.0,1.0,1.0,0.5432,0.7531,0.8851,1.0
198,i-80__146,702,70.2,0.726364,0.297934,66.7,0.684,11,0.3883,1.0,1.0,0.313,0.721,0.9755,1.0,1.0
199,lankershim__112,570,57.0,0.697912,0.417429,0.6,3.807,0,0.624,1.0,1.0,1.0,1.0,0.5591,0.8913,1.0
200,us-101__2895,783,78.3,0.583934,0.302388,54.8,1.047,4,0.6285,1.0,1.0,1.0,1.0,0.9271,0.9045,1.0
201,us-101__2953,758,75.8,0.508646,0.27452,26.4,1.625,1,0.6945,1.0,1.0,1.0,0.5906,0.85,0.9141,1.0
202,us-101__1633,708,70.8,0.446545,0.245697,65.7,7.285,0,0.5793,0.9295,1.0,0.0996,1.0,0.0954,0.7308,1.0
203,i-80__1778,832,83.2,0.68418,0.370281,11.1,0.443,9,0.4139,1.0,1.0,1.0,1.0,1.0,0.9905,1.0
204,us-101__608,802,80.2,0.44471,0.267304,2.0,5.747,0,0.6007,0.6807,0.7152,0.1119,0.6131,0.3005,0.8626,1.0
205,i-80__2792,663,66.3,0.712805,0.274204,24.7,0.595,6,1.0,1.0,1.0,1.0,1.0,0.9873,0.8187,1.0
206,i-80__3319,687,68.7,0.633318,0.319942,4.1,3.668,0,0.5812,1.0,1.0,1.0,0.7405,0.5776,0.8898,1.0
207,us-101__2865,977,97.7,0.686226,0.291783,72.9,1.718,5,0.6125,1.0,1.0,1.0,0.9241,0.8376,0.9425,1.0
208,i-80__2566,1382,138.2,0.614427,0.296353,60.4,4.286,0,0.3678,0.7838,1.0,1.0,1.0,0.4951,1.0,1.0
209,i-80__75,428,42.8,0.521862,0.28877,3.3,4.802,0,0.6173,1.0,1.0,0.0475,0.4137,0.4264,0.8816,1.0
210,us-101__2537,514,51.4,0.585982,0.300815,9.6,0.529,6,0.5503,0.7717,1.0,0.7306,1.0,0.9961,0.9482,1.0
211,us-101__2731,779,77.9,0.731868,0.281201,34.1,3.322,0,0.4901,1.0,1.0,1.0,0.8332,0.6237,0.8503,1.0
212,i-80__2826,663,66.3,0.782002,0.332112,21.6,0.483,10,0.3947,1.0,1.0,1.0,1.0,1.0,0.9137,1.0
213,us-101__1501,877,87.7,0.523262,0.262063,20.9,1.819,1,0.459,0.9686,1.0,1.0,0.5913,0.8241,0.9402,1.0
214,i-80__373,1432,143.2,0.806402,0.302382,54.4,0.892,7,1.0,1.0,1.0,1.0,1.0,0.9477,0.9325,1.0
215,i-80__1762,2438,243.8,0.814491,0.308383,30.0,0.423,13,1.0,1.0,1.0,1.0,1.0,1.0,0.9531,1.0
216,peachtree__1184,963,96.3,0.713962,0.327853,21.7,0.571,26,0.4321,1.0,1.0,1.0,1.0,0.9906,0.922,0.92
217,i-80__2791,794,79.4,0.640056,0.29405,35.7,0.521,8,0.3627,1.0,1.0,0.3078,1.0,0.9971,0.9007,1.0
218,lankershim__4,354,35.4,0.457223,0.259268,32.9,inf,0,0.7377,1.0,1.0,1.0,1.0,0.0,0.0,0.56
219,peachtree__967,1179,117.9,0.690304,0.356059,14.6,1.065,5,0.5368,1.0,1.0,1.0,1.0,0.9247,0.91,1.0
220,us-101__2817,717,71.7,0.509417,0.268779,23.9,3.322,0,0.5189,0.8422,1.0,1.0,0.6621,0.6238,0.9057,1.0
221,i-80__2842,1801,180.1,0.746258,0.283003,78.5,1.789,1,1.0,1.0,1.0,1.0,0.5116,0.8281,0.9085,1.0
222,lankershim__499,689,68.9,0.631692,0.397514,36.4,3.138,0,0.6481,1.0,1.0,1.0,1.0,0.6482,0.8977,1.0
223,us-101__2755,812,81.2,0.532338,0.306972,2.2,1.578,2,0.58,0.8208,0.9492,1.0,1.0,0.8562,0.8741,1.0
224,i-80__47,352,35.2,0.414661,0.24217,0.2,13.105,0,0.7765,1.0,1.0,0.0536,0.456,0.0,0.7174,1.0
225,us-101__804,875,87.5,0.580621,0.249077,18.6,1.967,3,0.4947,1.0,1.0,1.0,0.5994,0.8044,0.9677,1.0
226,peachtree__1568,181,18.1,0.691185,0.267235,3.4,1.673,1,0.4202,1.0,1.0,1.0,1.0,0.8436,0.5814,0.92
227,peachtree__716,85,8.5,0.566556,0.391128,0.3,7.398,0,0.2616,1.0,1.0,1.0,1.0,0.0802,0.9028,0.48
228,i-80__103,1265,126.5,0.677155,0.271877,78.0,0.451,25,1.0,1.0,1.0,1.0,1.0,1.0,1.0,1.0
229,us-101__2375,635,63.5,0.331384,0.233909,34.1,14.271,0,0.4838,0.6703,0.8944,0.067,0.5198,0.0,0.649,1.0
230,i-80__149,561,56.1,0.479603,0.311431,53.4,5.594,0,0.4164,1.0,1.0,0.2122,1.0,0.3208,0.8435,1.0
231,i-80__2542,1834,183.4,0.807229,0.266228,108.7,1.383,7,0.4109,1.0,1.0,1.0,1.0,0.8823,0.9402,1.0
232,lankershim__553,176,17.6,0.597024,0.339198,4.1,1.297,2,0.3525,1.0,1.0,1.0,1.0,0.8938,0.7547,1.0
233,lankershim__739,598,59.8,0.698969,0.408161,14.1,2.453,0,0.615,1.0,1.0,1.0,1.0,0.7396,0.8901,1.0
234,peachtree__436,1323,132.3,0.733157,0.357619,79.6,0.448,29,0.5761,1.0,1.0,1.0,1.0,1.0,0.9151,0.84
235,lankershim__1050,137,13.7,0.700962,0.381299,5.9,2.317,0,0.582,1.0,1.0,0.4494,1.0,0.7577,0.8028,1.0
236,us-101__2657,674,67.4,0.613665,0.258345,21.6,0.657,5,0.5393,1.0,1.0,0.0845,0.9659,0.9791,0.8324,1.0
237,peachtree__1432,1512,151.2,0.841168,0.325681,93.5,0.584,9,1.0,1.0,1.0,1.0,1.0,0.9888,0.925,1.0
238,peachtree__67,814,81.4,0.5088,0.257767,15.0,21.398,0,1.0,1.0,1.0,1.0,1.0,0.0,0.0,0.64
239,peachtree__1419,1516,151.6,0.830357,0.341528,91.5,0.796,8,1.0,1.0,1.0,1.0,1.0,0.9605,0.9135,1.0
240,lankershim__817,2005,200.5,0.789544,0.344397,167.3,0.337,29,1.0,1.0,1.0,1.0,1.0,1.0,0.9337,1.0
241,i-80__666,2427,242.7,0.831065,0.312212,145.3,0.408,37,1.0,1.0,1.0,1.0,1.0,1.0,1.0,1.0
242,i-80__333,892,89.2,0.408979,0.243357,3.9,5.343,0,0.3819,1.0,1.0,0.2351,0.5185,0.3542,0.8484,1.0
243,us-101__2794,791,79.1,0.696547,0.301347,1.3,1.278,3,0.6559,1.0,1.0,1.0,1.0,0.8963,0.9293,1.0
244,peachtree__1261,356,35.6,0.768205,0.341894,20.9,1.318,3,0.3141,1.0,1.0,1.0,1.0,0.891,0.9172,1.0
245,i-80__3061,1076,107.6,0.636483,0.329695,45.0,0.519,8,0.4733,1.0,1.0,1.0,1.0,0.9975,0.9061,1.0
246,peachtree__1615,706,70.6,0.729046,0.297681,39.0,0.591,9,0.5377,1.0,1.0,1.0,1.0,0.9879,0.9261,0.72
247,i-80__1791,358,35.8,0.650391,0.30384,18.8,1.993,1,0.8238,1.0,1.0,0.147,1.0,0.8009,0.8071,1.0
248,us-101__1952,949,94.9,0.596981,0.284905,72.5,1.154,3,0.4913,0.9628,1.0,1.0,1.0,0.9127,0.8981,1.0
249,lankershim__468,1869,186.9,0.638819,0.418961,30.9,0.235,15,0.7074,1.0,1.0,1.0,1.0,1.0,1.0,1.0
250,lankershim__114,742,74.2,0.723689,0.410138,26.7,1.863,6,0.5866,1.0,1.0,1.0,1.0,0.8183,0.9282,1.0
251,i-80__479,1424,142.4,0.746094,0.280364,61.9,1.03,7,1.0,1.0,1.0,1.0,1.0,0.9294,0.8904,1.0
252,peachtree__664,684,68.4,0.718174,0.353249,53.8,0.684,14,1.0,1.0,1.0,1.0,1.0,0.9755,0.9079,0.88
253,i-80__1704,2306,230.6,0.742733,0.26582,91.6,1.941,1,1.0,1.0,1.0,1.0,1.0,0.8078,0.8892,1.0
254,i-80__2247,3144,314.4,0.787281,0.268051,191.0,0.692,7,1.0,1.0,1.0,1.0,0.6365,0.9744,0.9213,1.0
255,i-80__2890,805,80.5,0.557409,0.269816,17.1,1.366,2,0.4228,1.0,1.0,1.0,0.7282,0.8845,0.8531,1.0
256,us-101__2649,880,88.0,0.470516,0.269953,1.8,5.64,0,0.5176,1.0,1.0,1.0,0.5951,0.3147,0.9215,1.0
257,us-101__2892,780,78.0,0.475674,0.268499,5.5,1.593,2,0.726,1.0,1.0,1.0,0.8621,0.8543,0.9358,1.0
258,us-101__2974,781,78.1,0.420441,0.252475,11.4,6.246,0,0.6258,1.0,1.0,0.364,0.6408,0.2338,0.8865,1.0
259,us-101__2992,883,88.3,0.549955,0.270794,13.8,3.413,0,0.6873,0.8924,1.0,1.0,0.7539,0.6116,0.9083,1.0
260,i-80__1141,829,82.9,0.571223,0.271531,6.1,1.136,4,0.3737,1.0,1.0,0.275,1.0,0.9152,0.8989,1.0
261,lankershim__1533,741,74.1,0.599711,0.313986,39.9,5.628,0,0.8215,1.0,1.0,1.0,1.0,0.3163,0.8675,1.0
262,lankershim__150,804,80.4,0.597701,0.353959,8.2,3.42,0,0.594,1.0,1.0,1.0,1.0,0.6107,0.899,1.0
263,lankershim__897,2232,223.2,0.669953,0.320344,212.0,0.143,22,1.0,1.0,1.0,1.0,1.0,1.0,0.9347,1.0
264,us-101__3023,403,40.3,0.60901,0.331853,5.7,0.443,14,0.6553,1.0,1.0,0.2723,1.0,1.0,0.8939,1.0
265,us-101__2426,694,69.4,0.432651,0.256698,1.4,6.124,0,0.4718,1.0,1.0,0.0779,0.6283,0.2502,0.8087,1.0
266,lankershim__857,852,85.2,0.673874,0.382811,21.2,2.205,0,0.5758,1.0,1.0,1.0,1.0,0.7726,0.908,1.0
267,i-80__2110,853,85.3,0.671758,0.295203,24.6,0.441,11,0.3182,1.0,1.0,0.1838,1.0,1.0,0.9236,1.0
268,peachtree__483,1557,155.7,0.758051,0.351469,42.2,0.52,25,1.0,1.0,1.0,1.0,1.0,0.9973,0.9029,0.92
269,us-101__2838,744,74.4,0.471888,0.233367,29.8,5.112,0,0.6388,0.6363,0.8534,1.0,0.942,0.3851,0.9057,1.0
270,i-80__3288,792,79.2,0.666205,0.313239,19.0,0.917,3,0.5382,1.0,1.0,1.0,0.7187,0.9444,0.8928,1.0
271,us-101__2492,836,83.6,0.631248,0.29272,4.4,2.837,0,0.5457,1.0,1.0,1.0,1.0,0.6884,0.9237,1.0
272,lankershim__1552,722,72.2,0.655212,0.300125,30.9,1.062,8,0.6688,1.0,1.0,1.0,1.0,0.9251,0.8385,1.0
273,i-80__1990,1396,139.6,0.614682,0.278559,21.5,3.018,0,0.3409,1.0,1.0,1.0,0.7409,0.6643,0.9454,1.0
274,i-80__962,878,87.8,0.584454,0.253499,9.5,6.877,0,0.3775,1.0,1.0,1.0,0.9639,0.1498,0.902,1.0
275,us-101__2697,828,82.8,0.452572,0.249015,40.6,1.087,1,0.4716,0.9672,1.0,0.1026,0.5679,0.9217,1.0,1.0
276,us-101__3005,726,72.6,0.519338,0.292702,0.6,4.819,0,0.6926,1.0,1.0,1.0,0.7891,0.4242,0.9151,1.0
277,us-101__2656,532,53.2,0.439887,0.279117,19.0,4.511,0,0.6472,1.0,1.0,1.0,1.0,0.4652,0.7618,1.0
278,lankershim__815,1224,122.4,0.629326,0.372648,112.9,0.593,16,1.0,1.0,1.0,1.0,1.0,0.9876,0.9168,1.0
279,peachtree__98,276,27.6,0.432334,0.238261,7.5,2.515,0,0.3762,1.0,1.0,0.524,1.0,0.7313,0.6881,0.52
280,peachtree__1028,663,66.3,0.740093,0.324073,16.6,2.104,0,0.5207,1.0,1.0,1.0,1.0,0.7861,0.9255,1.0
281,peachtree__1618,1344,134.4,0.764537,0.272975,24.5,0.474,21,0.5838,1.0,1.0,1.0,1.0,1.0,0.9048,0.68
282,lankershim__736,590,59.0,0.659038,0.419003,0.9,1.31,2,0.6556,1.0,1.0,1.0,1.0,0.8921,0.9235,1.0
283,us-101__1266,1619,161.9,0.854959,0.285489,36.7,0.336,12,1.0,1.0,1.0,1.0,1.0,1.0,0.9291,1.0
284,i-80__2541,402,40.2,0.44466,0.317592,27.4,6.946,0,0.6382,0.9025,1.0,0.0218,0.6817,0.1406,0.828,1.0
285,us-101__2958,567,56.7,0.581166,0.304576,41.0,2.226,0,0.865,1.0,1.0,1.0,1.0,0.7699,0.9149,1.0
286,i-80__2008,2939,293.9,0.775371,0.304495,148.7,1.524,2,1.0,1.0,1.0,1.0,1.0,0.8635,0.9429,1.0
287,i-80__1614,896,89.6,0.265634,0.155842,33.4,4.886,0,0.2765,0.6962,1.0,0.2287,0.5557,0.4153,0.5211,1.0
288,peachtree__239,1347,134.7,0.595276,0.316098,70.2,0.247,24,0.6059,1.0,1.0,1.0,1.0,1.0,0.9398,1.0
289,i-80__3257,731,73.1,0.71079,0.326787,10.2,0.457,10,0.5628,1.0,1.0,1.0,1.0,1.0,0.9121,1.0
290,lankershim__863,460,46.0,0.692675,0.423388,22.4,1.801,14,0.5773,1.0,1.0,1.0,1.0,0.8266,0.9207,1.0
291,lankershim__789,922,92.2,0.685457,0.416658,12.2,0.447,10,0.7975,1.0,1.0,1.0,1.0,1.0,0.9415,1.0
292,i-80__2468,1707,170.7,0.7179,0.290037,36.9,0.385,12,0.3475,1.0,1.0,1.0,1.0,1.0,0.9612,1.0
293,us-101__2900,763,76.3,0.522058,0.302046,1.7,4.542,0,0.6997,1.0,1.0,1.0,0.7239,0.4611,0.9268,1.0
294,peachtree__1298,552,55.2,0.597815,0.229624,13.2,2.677,0,0.4458,1.0,1.0,1.0,1.0,0.7097,0.8725,1.0
295,i-80__3181,810,81.0,0.680591,0.281129,56.1,1.935,2,0.3442,1.0,1.0,1.0,0.6402,0.8087,0.9304,1.0
296,i-80__2976,775,77.5,0.61459,0.261852,62.5,1.218,3,0.3762,1.0,1.0,0.4887,0.5355,0.9042,0.8346,1.0
297,i-80__2470,1013,101.3,0.703395,0.308587,5.4,1.158,10,0.4896,1.0,1.0,1.0,0.8131,0.9123,0.9522,1.0
298,i-80__456,591,59.1,0.46048,0.236591,5.9,8.429,0,0.4572,1.0,1.0,1.0,0.5313,0.0,0.7147,1.0
299,peachtree__413,1665,166.5,0.744756,0.340427,43.1,0.632,18,0.5209,1.0,1.0,1.0,1.0,0.9824,0.918,1.0
300,i-80__158,376,37.6,0.475906,0.299949,30.7,4.69,0,0.6162,1.0,1.0,0.0684,0.8093,0.4413,0.6664,1.0
301,i-80__3122,471,47.1,0.650727,0.387133,25.7,0.256,11,0.6286,1.0,1.0,0.3098,1.0,1.0,0.9155,1.0
302,i-80__965,1021,102.1,0.586406,0.289362,20.3,2.253,0,0.343,1.0,1.0,1.0,0.8604,0.7663,0.8961,1.0
303,lankershim__671,1262,126.2,0.861728,0.317306,95.7,0.563,7,1.0,1.0,1.0,1.0,1.0,0.9916,0.797,1.0
304,i-80__1779,728,72.8,0.572292,0.304523,8.6,3.779,0,0.4376,1.0,1.0,1.0,0.6928,0.5629,0.9232,1.0
305,i-80__163,1442,144.2,0.625284,0.278151,70.9,1.119,4,1.0,1.0,1.0,1.0,0.703,0.9175,0.8477,1.0
306,peachtree__1129,204,20.4,0.456221,0.255162,2.4,inf,0,0.4407,1.0,1.0,1.0,1.0,0.0,0.0,0.72
307,peachtree__999,807,80.7,0.679224,0.333943,54.1,0.791,6,1.0,1.0,1.0,1.0,1.0,0.9612,0.9036,0.92
308,i-80__3284,580,58.0,0.718168,0.291379,27.6,1.238,3,0.632,1.0,1.0,1.0,1.0,0.9016,0.767,1.0
309,i-80__437,774,77.4,0.462913,0.271106,23.8,2.173,0,0.3743,0.7566,1.0,0.7122,1.0,0.7769,0.863,1.0
310,i-80__678,778,77.8,0.559827,0.304983,11.7,2.127,0,0.4378,1.0,1.0,1.0,1.0,0.783,0.9389,1.0
311,i-80__2544,2101,210.1,0.636756,0.304057,128.7,3.058,0,0.2437,1.0,1.0,1.0,0.8243,0.6589,0.9784,1.0
312,lankershim__1303,202,20.2,0.515745,0.305561,1.2,0.964,4,0.3745,1.0,1.0,1.0,1.0,0.9381,0.7596,1.0
313,i-80__1865,351,35.1,0.434212,0.31531,33.3,7.347,0,0.6311,0.9721,1.0,0.0355,0.7071,0.0871,0.7174,1.0
314,us-101__2742,772,77.2,0.72623,0.253561,72.1,1.358,3,0.666,1.0,1.0,1.0,0.6812,0.8856,0.9356,1.0
315,us-101__2795,780,78.0,0.639972,0.316046,32.7,3.077,0,0.7416,1.0,1.0,1.0,1.0,0.6564,0.9251,1.0
316,i-80__2047,362,36.2,0.452626,0.310606,3.3,12.782,0,0.6127,1.0,1.0,0.148,1.0,0.0,0.3589,1.0
317,us-101__2630,719,71.9,0.41076,0.287805,7.2,5.824,0,0.5124,0.9145,1.0,0.1398,0.6308,0.2902,0.8633,1.0
318,us-101__2138,553,55.3,0.629244,0.284342,39.9,0.298,4,0.6057,0.7442,0.9411,0.1685,0.6337,1.0,1.0,1.0
319,us-101__2448,702,70.2,0.378062,0.267456,6.5,9.399,0,0.4341,0.7668,0.9999,0.0459,0.6979,0.0,0.7826,1.0
320,i-80__272,967,96.7,0.394133,0.218477,10.9,13.296,0,0.2806,0.8641,1.0,0.4054,0.7738,0.0,0.6867,1.0
321,peachtree__1214,1540,154.0,0.837844,0.354721,79.3,0.83,18,1.0,1.0,1.0,1.0,1.0,0.956,0.9214,1.0
322,peachtree__669,761,76.1,0.56291,0.27071,9.8,0.109,13,1.0,1.0,1.0,1.0,1.0,1.0,0.1282,1.0
323,peachtree__1431,1015,101.5,0.722311,0.267581,78.9,1.525,11,0.689,1.0,1.0,1.0,1.0,0.8633,0.9126,1.0
324,lankershim__557,1262,126.2,0.678692,0.297999,85.8,3.946,0,0.5337,1.0,1.0,1.0,1.0,0.5405,0.8799,1.0
325,us-101__2068,377,37.7,0.594736,0.243845,10.0,0.375,7,0.6211,0.8048,0.9285,0.1916,1.0,1.0,0.8737,1.0
326,us-101__2891,799,79.9,0.379853,0.252055,26.1,7.364,0,0.6934,0.7266,0.9479,0.7447,0.5593,0.0848,0.8061,1.0
327,lankershim__1496,1161,116.1,0.550219,0.29727,1.3,0.988,5,0.6062,1.0,1.0,1.0,1.0,0.9349,0.6768,1.0
328,i-80__3040,609,60.9,0.717297,0.340359,53.6,2.76,0,0.5166,1.0,1.0,0.3769,1.0,0.6987,0.9493,1.0
329,peachtree__694,1190,119.0,0.706702,0.371398,21.4,0.539,7,1.0,1.0,1.0,1.0,1.0,0.9948,0.9256,1.0
330,us-101__2234,474,47.4,0.500739,0.255005,23.3,2.815,0,0.5774,1.0,1.0,1.0,1.0,0.6913,0.867,1.0
331,lankershim__73,792,79.2,0.601208,0.390452,16.9,4.075,0,0.8109,1.0,1.0,1.0,1.0,0.5233,0.9246,1.0
332,i-80__2601,374,37.4,0.528321,0.345892,31.1,4.067,0,0.626,1.0,1.0,0.1015,0.6785,0.5244,1.0,1.0
333,us-101__2396,674,67.4,0.373694,0.255767,21.7,8.53,0,0.4558,0.7982,0.9744,0.0808,0.7289,0.0,0.8115,1.0
334,lankershim__1447,1403,140.3,0.675173,0.27569,94.7,0.607,14,0.6584,1.0,1.0,1.0,1.0,0.9857,0.9231,1.0
335,i-80__2511,1067,106.7,0.594346,0.326841,58.8,0.313,11,0.4404,1.0,1.0,1.0,1.0,1.0,0.9244,1.0
336,i-80__761,590,59.0,0.659362,0.290053,17.0,3.438,0,0.4977,1.0,1.0,1.0,0.5551,0.6082,0.9188,1.0
337,us-101__2881,946,94.6,0.517356,0.290128,20.1,2.584,0,0.6695,0.9305,1.0,1.0,1.0,0.7221,0.9134,1.0
338,us-101__2823,939,93.9,0.532048,0.315782,24.3,3.81,0,0.5338,0.6967,0.8033,1.0,1.0,0.5586,0.8982,1.0
339,peachtree__201,860,86.0,0.463457,0.229694,13.5,2.69,0,0.4762,1.0,1.0,1.0,1.0,0.7079,0.4492,0.72
340,i-80__2044,3378,337.8,0.795625,0.291412,154.6,0.883,9,1.0,1.0,1.0,1.0,1.0,0.949,0.9558,1.0
341,peachtree__1201,806,80.6,0.794821,0.348289,39.2,0.254,35,0.6387,1.0,1.0,1.0,1.0,1.0,0.9255,1.0
342,i-80__2694,1251,125.1,0.491704,0.25508,90.7,3.498,0,0.2686,0.824,0.9736,1.0,0.6579,0.6002,0.8981,1.0
343,i-80__451,1268,126.8,0.836006,0.284689,55.7,0.138,11,1.0,1.0,1.0,1.0,1.0,1.0,0.9749,1.0
344,lankershim__314,2139,213.9,0.822043,0.385049,32.2,0.363,17,1.0,1.0,1.0,1.0,1.0,1.0,0.9323,1.0
345,us-101__2437,708,70.8,0.50696,0.28233,20.0,1.538,2,0.491,0.9181,1.0,0.102,0.6106,0.8616,0.8839,1.0
346,peachtree__1453,1474,147.4,0.908815,0.346217,98.7,0.498,27,1.0,1.0,1.0,1.0,1.0,1.0,0.9172,0.92
347,i-80__3139,669,66.9,0.522927,0.290724,34.5,3.071,0,0.3975,1.0,1.0,1.0,0.7399,0.6572,0.8847,1.0
348,i-80__177,1032,103.2,0.641748,0.274231,5.8,2.455,0,0.3433,1.0,1.0,1.0,1.0,0.7393,0.9362,1.0
349,lankershim__54,466,46.6,0.731439,0.284888,3.6,0.86,14,0.3155,1.0,1.0,1.0,1.0,0.9519,0.8943,1.0
350,peachtree__980,1159,115.9,0.683223,0.28452,81.2,0.467,14,1.0,1.0,1.0,1.0,1.0,1.0,0.8319,1.0
351,lankershim__1379,166,16.6,0.616529,0.391826,7.7,4.719,0,0.7992,1.0,1.0,0.5075,1.0,0.4375,0.8002,1.0
352,us-101__2717,848,84.8,0.505545,0.287369,37.7,5.336,0,0.5647,1.0,1.0,1.0,0.769,0.3552,0.9266,1.0
353,us-101__634,680,68.0,0.415285,0.26775,45.4,4.85,0,0.5412,0.7416,0.8386,0.1121,0.8249,0.42,0.8278,1.0
354,i-80__3228,593,59.3,0.648914,0.300791,28.8,1.536,2,0.4405,1.0,1.0,1.0,1.0,0.8619,0.8821,1.0
355,peachtree__247,1331,133.1,0.893505,0.349182,48.1,0.485,34,1.0,1.0,1.0,1.0,1.0,1.0,0.9233,1.0
356,i-80__2265,1234,123.4,0.715332,0.335579,42.0,1.458,2,0.2861,1.0,1.0,1.0,1.0,0.8722,0.961,1.0
357,peachtree__584,1666,166.6,0.865876,0.312849,4.9,0.619,14,1.0,1.0,1.0,1.0,1.0,0.9841,0.9263,0.76
358,i-80__2609,1272,127.2,0.564606,0.282326,45.1,0.44,8,0.278,0.899,1.0,1.0,1.0,1.0,0.9526,1.0
359,i-80__202,567,56.7,0.670098,0.357755,10.4,0.242,11,0.5385,1.0,1.0,0.3086,1.0,1.0,0.9255,1.0
360,lankershim__573,458,45.8,0.70798,0.441672,15.2,1.793,25,1.0,1.0,1.0,1.0,1.0,0.8276,0.964,1.0
361,lankershim__250,1210,121.0,0.65597,0.351371,7.0,1.031,6,0.6378,1.0,1.0,1.0,1.0,0.9292,0.915,1.0
362,us-101__2180,565,56.5,0.439921,0.291724,51.0,6.562,0,0.5795,1.0,1.0,0.0812,0.6003,0.1918,0.8693,1.0
363,lankershim__682,531,53.1,0.562117,0.327895,11.4,4.12,0,0.7491,1.0,1.0,1.0,1.0,0.5174,0.8803,1.0
364,us-101__2558,718,71.8,0.462542,0.262369,20.4,4.168,0,0.4369,0.769,0.9354,0.0564,0.7396,0.5109,0.8586,1.0
365,us-101__637,478,47.8,0.575465,0.284737,5.7,0.522,11,0.5754,0.8399,1.0,0.0651,1.0,0.997,0.8314,1.0
366,i-80__2103,1844,184.4,0.520415,0.268493,78.3,3.305,0,0.2662,0.9782,1.0,1.0,0.7871,0.626,0.9542,1.0
367,peachtree__1541,191,19.1,0.344209,0.223841,5.4,inf,0,0.1819,0.7872,0.8446,1.0,1.0,0.0,0.0,0.92
368,i-80__3315,666,66.6,0.589295,0.307513,64.5,5.008,0,0.3937,1.0,1.0,1.0,1.0,0.3989,0.8771,1.0
369,peachtree__826,983,98.3,0.67376,0.28582,23.6,0.171,26,1.0,1.0,1.0,1.0,1.0,1.0,0.9278,1.0
370,us-101__3105,534,53.4,0.515258,0.2549,35.7,2.33,0,0.6117,0.9233,1.0,0.2019,1.0,0.756,0.7466,1.0
371,i-80__941,638,63.8,0.626267,0.343631,34.9,0.645,8,0.4387,1.0,1.0,1.0,1.0,0.9806,0.9196,1.0
372,peachtree__1436,168,16.8,0.467934,0.287386,2.6,2.729,0,0.5496,1.0,1.0,1.0,1.0,0.7028,0.2129,0.92
373,i-80__1753,628,62.8,0.593548,0.335919,31.8,2.884,0,0.5984,1.0,1.0,1.0,1.0,0.6821,0.9041,1.0
374,lankershim__700,940,94.0,0.487484,0.274525,16.9,8.184,0,0.3757,0.9587,1.0,1.0,1.0,0.0,0.7627,1.0
375,us-101__2196,733,73.3,0.371495,0.246775,30.3,7.829,0,0.4915,1.0,1.0,0.2573,0.749,0.0228,0.7804,1.0
376,peachtree__960,587,58.7,0.5376,0.224304,45.7,33.658,0,1.0,1.0,1.0,1.0,1.0,0.0,0.0,0.96
377,i-80__2167,837,83.7,0.55012,0.313991,12.7,4.418,0,0.4023,1.0,1.0,0.8836,1.0,0.4776,0.907,1.0
378,us-101__2225,721,72.1,0.399587,0.236379,56.7,5.562,0,0.5268,1.0,1.0,0.3448,1.0,0.3251,0.8899,1.0
379,us-101__2326,513,51.3,0.539164,0.305732,15.1,5.571,0,0.7443,1.0,1.0,0.0716,0.6405,0.3239,0.8402,1.0
380,us-101__2236,740,74.0,0.419267,0.277561,44.5,5.892,0,0.4412,0.6837,0.8823,0.1085,0.6993,0.2811,0.8874,1.0
381,lankershim__462,596,59.6,0.471858,0.323538,11.9,9.507,0,0.7215,1.0,1.0,1.0,1.0,0.0,0.3325,1.0
382,peachtree__380,1355,135.5,0.687104,0.330155,20.2,0.998,7,0.7225,1.0,1.0,1.0,1.0,0.9336,0.9147,0.92
383,peachtree__74,858,85.8,0.57202,0.232544,37.5,0.674,7,0.605,1.0,1.0,1.0,1.0,0.9768,0.6967,0.84
384,i-80__1851,2827,282.7,0.803575,0.280038,81.7,0.582,12,1.0,1.0,1.0,1.0,0.7562,0.989,0.9433,1.0
385,i-80__718,606,60.6,0.577669,0.271319,9.4,4.901,0,0.5855,1.0,1.0,1.0,1.0,0.4133,0.8415,1.0
386,us-101__2273,568,56.8,0.516006,0.256922,1.3,5.288,0,0.6052,1.0,1.0,1.0,0.8551,0.3616,0.8465,1.0
387,us-101__2835,711,71.1,0.576817,0.324841,63.8,3.789,0,0.5743,1.0,1.0,1.0,0.7777,0.5615,0.9246,1.0
388,us-101__1184,1666,166.6,0.756501,0.269402,50.3,1.449,2,1.0,1.0,1.0,1.0,0.9132,0.8734,0.9084,1.0
389,i-80__1447,1082,108.2,0.497693,0.276401,22.2,3.766,0,0.4042,1.0,1.0,1.0,0.894,0.5645,0.9414,1.0
390,peachtree__515,706,70.6,0.688396,0.281625,12.4,1.661,1,0.4542,1.0,1.0,1.0,1.0,0.8452,0.8822,0.96
391,i-80__2201,1010,101.0,0.618342,0.29782,41.3,0.324,11,0.2952,1.0,1.0,0.6614,1.0,1.0,0.9281,1.0
392,lankershim__1508,1462,146.2,0.629465,0.256307,52.2,0.274,24,0.8206,1.0,1.0,1.0,1.0,1.0,0.8125,1.0
393,us-101__2373,508,50.8,0.542098,0.264328,41.3,0.843,4,0.6156,0.8139,0.9487,0.159,0.6765,0.9542,0.7198,1.0
394,i-80__3158,347,34.7,0.605869,0.349567,1.0,3.22,0,0.87,1.0,1.0,1.0,0.7532,0.6373,0.77,1.0
395,i-80__2602,1503,150.3,0.652493,0.24477,100.4,3.967,0,0.2965,1.0,1.0,1.0,0.4949,0.5377,0.9031,1.0
396,i-80__481,631,63.1,0.658068,0.282149,54.8,1.48,6,0.5294,1.0,1.0,0.4562,0.3496,0.8693,0.9328,1.0
397,peachtree__1077,854,85.4,0.740847,0.29919,12.9,1.113,16,0.4974,1.0,1.0,1.0,1.0,0.9183,0.921,1.0
398,i-80__508,1698,169.8,0.929178,0.305867,68.4,0.256,23,1.0,1.0,1.0,1.0,1.0,1.0,0.9433,1.0
399,us-101__840,560,56.0,0.649516,0.254233,29.0,0.867,6,0.7167,1.0,1.0,0.0683,1.0,0.9511,0.7644,1.0
400,i-80__2675,1991,199.1,0.568221,0.258526,145.7,1.186,3,0.2781,1.0,1.0,1.0,1.0,0.9086,0.9409,1.0
401,i-80__2532,1023,102.3,0.600762,0.302728,57.6,0.078,12,0.3544,0.9306,1.0,1.0,1.0,1.0,0.9952,1.0
402,peachtree__94,1019,101.9,0.773027,0.280537,58.0,0.188,35,1.0,1.0,1.0,1.0,1.0,1.0,0.9367,1.0
403,lankershim__1602,340,34.0,0.37602,0.249081,33.5,inf,0,0.4344,1.0,1.0,1.0,1.0,0.0,0.0,1.0
404,peachtree__1343,1468,146.8,0.825829,0.325785,106.2,0.441,19,1.0,1.0,1.0,1.0,1.0,1.0,0.9193,0.84
405,i-80__2867,443,44.3,0.501709,0.254686,15.4,0.989,2,0.5245,1.0,1.0,0.1028,0.4968,0.9348,1.0,1.0
406,us-101__2308,709,70.9,0.340377,0.252729,7.2,7.515,0,0.4698,0.6949,0.8381,0.0584,0.6649,0.0647,0.8179,1.0
407,us-101__2893,296,29.6,0.550016,0.316781,18.7,2.516,0,0.7328,1.0,1.0,0.0634,1.0,0.7313,0.7282,1.0
408,peachtree__760,889,88.9,0.50838,0.248256,26.7,0.193,20,0.5019,1.0,1.0,1.0,1.0,1.0,0.6344,0.96
409,lankershim__919,2845,284.5,0.840201,0.370714,159.9,0.396,27,1.0,1.0,1.0,1.0,1.0,1.0,0.9593,1.0
410,i-80__94,791,79.1,0.724097,0.267199,75.8,1.854,1,0.5916,1.0,1.0,1.0,0.5682,0.8194,0.9468,1.0
411,lankershim__694,854,85.4,0.682032,0.396518,37.9,2.854,0,0.6375,1.0,1.0,1.0,1.0,0.6861,0.9306,1.0
412,us-101__2025,987,98.7,0.498877,0.2798,24.2,3.088,0,0.5306,0.8505,0.8954,1.0,0.7433,0.655,0.9232,1.0
413,i-80__1858,2867,286.7,0.795837,0.305009,81.2,0.557,8,1.0,1.0,1.0,1.0,0.7999,0.9923,0.9411,1.0
414,peachtree__124,1568,156.8,0.814803,0.301268,22.9,0.657,13,1.0,1.0,1.0,1.0,1.0,0.9791,0.9077,1.0
415,lankershim__348,726,72.6,0.533792,0.330192,67.7,4.363,0,0.774,1.0,1.0,1.0,1.0,0.485,0.8962,1.0
416,us-101__2644,712,71.2,0.448288,0.255648,39.4,4.518,0,0.5184,1.0,1.0,0.2793,0.8775,0.4642,0.8402,1.0
417,us-101__1433,389,38.9,0.501712,0.312311,5.3,2.07,0,0.7503,1.0,1.0,0.0813,1.0,0.7906,0.8603,1.0
418,us-101__2144,681,68.1,0.494047,0.285282,21.0,4.759,0,0.5709,0.7926,0.9353,1.0,0.5312,0.4321,0.9377,1.0
419,lankershim__1597,387,38.7,0.466677,0.239439,0.0,inf,0,0.3535,1.0,1.0,1.0,1.0,0.0,0.0,0.64
420,i-80__1624,2101,210.1,0.796412,0.31434,70.5,0.718,9,1.0,1.0,1.0,1.0,1.0,0.9709,0.9536,1.0
421,i-80__2998,1108,110.8,0.628407,0.316174,68.4,2.417,0,0.4249,1.0,1.0,1.0,0.6737,0.7444,0.9069,1.0
422,i-80__2233,1565,156.5,0.50659,0.269314,55.4,2.755,0,0.291,0.8567,1.0,1.0,0.547,0.6993,0.9592,1.0
423,us-101__2659,942,94.2,0.666109,0.280749,66.2,0.931,1,0.4565,1.0,1.0,1.0,1.0,0.9426,1.0,1.0
424,i-80__2589,1388,138.8,0.616468,0.245001,63.0,1.042,6,0.4456,1.0,1.0,1.0,0.5112,0.9278,0.9805,1.0
425,peachtree__443,1574,157.4,0.764575,0.36426,15.1,1.141,9,1.0,1.0,1.0,1.0,1.0,0.9145,0.9304,1.0
426,i-80__2099,1976,197.6,0.52489,0.279556,61.2,1.845,1,0.3227,1.0,1.0,1.0,0.7981,0.8207,0.9218,1.0
427,i-80__3226,755,75.5,0.668102,0.308076,1.4,1.866,3,0.6892,1.0,1.0,1.0,0.4726,0.8178,0.9506,1.0
428,lankershim__712,1326,132.6,0.830441,0.360112,95.0,0.899,10,1.0,1.0,1.0,1.0,1.0,0.9469,0.8981,1.0
429,lankershim__203,579,57.9,0.675391,0.395842,19.7,2.83,0,1.0,1.0,1.0,1.0,1.0,0.6893,0.8699,1.0
430,us-101__1815,723,72.3,0.440167,0.267387,35.2,8.932,0,0.3888,1.0,1.0,0.1116,0.8105,0.0,0.8074,1.0
431,us-101__2967,754,75.4,0.699669,0.275382,16.0,2.747,0,0.7029,1.0,1.0,1.0,1.0,0.7004,0.9089,1.0
432,i-80__218,374,37.4,0.391871,0.282207,25.7,8.321,0,0.6097,1.0,1.0,0.1045,0.8071,0.0,0.7007,1.0
433,i-80__2914,979,97.9,0.651541,0.29755,21.3,2.949,0,0.4126,1.0,1.0,1.0,0.6056,0.6734,0.9375,1.0
434,i-80__3038,732,73.2,0.480221,0.294323,34.9,5.39,0,0.3872,1.0,1.0,1.0,0.4726,0.348,0.8786,1.0
435,peachtree__382,72,7.2,0.453518,0.295681,2.3,51.129,0,0.3372,1.0,1.0,0.9496,1.0,0.0,0.8769,0.48
436,us-101__2940,825,82.5,0.404534,0.276099,10.7,5.137,0,0.5617,0.7742,0.9579,0.7051,0.5971,0.3817,0.8959,1.0
437,peachtree__265,1587,158.7,0.6492,0.282667,23.9,1.096,1,1.0,1.0,1.0,1.0,1.0,0.9206,1.0,1.0
438,peachtree__1335,713,71.3,0.712167,0.324868,38.4,2.143,0,0.5993,1.0,1.0,1.0,1.0,0.781,0.9343,0.76
439,i-80__734,549,54.9,0.50204,0.267833,16.1,2.986,0,0.5052,1.0,1.0,0.4037,0.6508,0.6686,0.8192,1.0
440,i-80__9,1174,117.4,0.631997,0.261019,113.0,1.498,4,0.5759,1.0,1.0,1.0,0.5175,0.8669,0.9221,1.0
441,i-80__247,534,53.4,0.469031,0.300988,5.0,5.954,0,0.4585,1.0,1.0,0.263,0.8369,0.2728,0.7849,1.0
442,us-101__1265,987,98.7,0.477298,0.283646,47.8,4.284,0,0.446,0.832,1.0,0.3182,0.6611,0.4955,0.8933,1.0
443,i-80__3333,739,73.9,0.581363,0.324664,7.8,0.642,7,0.4248,1.0,1.0,1.0,0.519,0.9811,1.0,1.0
444,peachtree__475,1533,153.3,0.788436,0.350409,41.9,0.558,29,0.7329,1.0,1.0,1.0,1.0,0.9922,0.9476,0.96
445,lankershim__876,830,83.0,0.562668,0.282595,11.3,4.042,0,0.681,1.0,1.0,1.0,1.0,0.5277,0.6831,1.0
446,i-80__2543,1022,102.2,0.704087,0.318459,60.2,0.271,10,0.3687,1.0,1.0,1.0,1.0,1.0,0.9339,1.0
447,peachtree__1213,150,15.0,0.666799,0.338798,8.8,2.23,0,0.487,1.0,1.0,0.5253,1.0,0.7693,0.8495,1.0
448,i-80__168,724,72.4,0.566837,0.281468,50.3,0.514,11,0.3814,1.0,1.0,0.2672,0.3996,0.9981,1.0,1.0
449,i-80__364,1382,138.2,0.812095,0.293278,56.5,0.649,8,1.0,1.0,1.0,1.0,0.8326,0.9802,0.9171,1.0
450,i-80__532,379,37.9,0.464876,0.294798,18.7,5.804,0,0.6557,1.0,1.0,0.0603,0.6177,0.2929,0.7369,1.0
451,i-80__2537,1428,142.8,0.577459,0.290784,14.1,1.186,4,0.371,0.8902,1.0,1.0,0.8952,0.9085,0.9662,1.0
452,peachtree__1536,68,6.8,0.315665,0.19548,4.2,inf,0,0.1519,0.6865,0.7031,0.3998,1.0,0.0,0.0,0.84
453,peachtree__1152,1378,137.8,0.771962,0.317866,94.8,0.52,10,1.0,1.0,1.0,1.0,1.0,0.9973,0.9312,1.0
454,i-80__367,729,72.9,0.527976,0.319404,62.4,2.553,0,0.4489,1.0,1.0,0.1869,1.0,0.7262,0.9423,1.0
455,i-80__2012,1039,103.9,0.725031,0.32482,44.8,0.467,8,0.4204,1.0,1.0,1.0,1.0,1.0,0.9364,1.0
456,peachtree__1755,101,10.1,0.4678,0.21153,1.5,inf,0,0.3638,1.0,1.0,1.0,1.0,0.0,0.0,0.92
457,i-80__130,1009,100.9,0.589465,0.29036,12.7,4.248,0,0.4383,1.0,1.0,1.0,0.5866,0.5003,0.9061,1.0
458,us-101__2281,424,42.4,0.725801,0.312272,21.7,0.452,17,0.7131,1.0,1.0,0.4562,1.0,1.0,1.0,1.0
459,us-101__2749,808,80.8,0.474965,0.263922,2.7,4.636,0,0.5695,1.0,1.0,1.0,1.0,0.4485,0.909,1.0
460,i-80__1590,2358,235.8,0.714414,0.283992,98.8,1.31,13,1.0,1.0,1.0,1.0,1.0,0.892,0.9703,1.0
461,peachtree__113,1553,155.3,0.637525,0.235208,16.7,0.406,11,0.6249,1.0,1.0,1.0,1.0,1.0,0.2822,0.96
462,us-101__2989,691,69.1,0.551271,0.311808,2.6,3.088,0,0.6983,1.0,1.0,1.0,1.0,0.655,1.0,1.0
463,us-101__2648,706,70.6,0.550154,0.292883,26.9,2.393,0,0.6102,1.0,1.0,0.2044,1.0,0.7476,0.873,1.0
464,i-80__2895,345,34.5,0.443967,0.319463,18.9,8.975,0,0.697,1.0,1.0,0.0769,0.7079,0.0,0.7028,1.0
465,lankershim__346,749,74.9,0.582507,0.30926,30.1,2.803,0,0.8101,1.0,1.0,1.0,1.0,0.6929,0.8932,1.0
466,lankershim__889,707,70.7,0.720744,0.388237,0.8,3.195,0,0.7132,1.0,1.0,1.0,1.0,0.6407,0.8063,1.0
467,i-80__464,763,76.3,0.651731,0.295409,4.8,1.233,10,0.3572,1.0,1.0,0.4308,1.0,0.9022,0.9761,1.0
468,lankershim__524,911,91.1,0.668936,0.355098,77.0,2.019,0,0.557,1.0,1.0,1.0,1.0,0.7975,0.8895,1.0
469,i-80__82,1061,106.1,0.739226,0.276742,13.2,0.896,8,1.0,1.0,1.0,0.3507,1.0,0.9472,0.9232,1.0
470,i-80__3078,588,58.8,0.486043,0.299228,54.8,5.862,0,0.535,1.0,1.0,1.0,0.4625,0.2851,0.8446,1.0
471,i-80__2215,401,40.1,0.403785,0.285952,18.3,8.564,0,0.5625,0.7958,1.0,0.0394,0.5681,0.0,0.8291,1.0
472,i-80__2078,346,34.6,0.428016,0.295432,30.5,13.815,0,0.6856,1.0,1.0,0.1472,0.5529,0.0,0.6928,1.0
473,i-80__1850,1949,194.9,0.912776,0.320942,71.4,0.398,29,1.0,1.0,1.0,1.0,1.0,1.0,0.9331,1.0
474,peachtree__374,839,83.9,0.454755,0.239303,20.8,18.461,0,0.4243,1.0,1.0,1.0,1.0,0.0,0.1519,1.0
475,lankershim__334,529,52.9,0.69107,0.235599,6.8,0.713,3,0.7221,1.0,1.0,1.0,1.0,0.9716,1.0,1.0
476,i-80__96,1138,113.8,0.541046,0.283584,13.9,1.429,2,0.4038,1.0,1.0,1.0,0.7772,0.8762,0.9885,1.0
477,i-80__121,661,66.1,0.425349,0.265223,0.2,6.972,0,0.3931,1.0,1.0,0.183,1.0,0.1371,0.8674,1.0
478,i-80__3167,714,71.4,0.558156,0.322803,15.3,4.278,0,0.3786,1.0,1.0,0.6156,0.6867,0.4963,0.897,1.0
479,lankershim__1469,326,32.6,0.433846,0.267424,9.3,4.246,0,0.4571,1.0,1.0,1.0,1.0,0.5006,0.2809,1.0
480,peachtree__125,1642,164.2,0.538556,0.29713,0.6,1.442,2,0.5178,1.0,1.0,1.0,1.0,0.8744,0.8611,0.96
481,peachtree__1672,1141,114.1,0.760026,0.31917,25.2,1.35,8,0.6592,1.0,1.0,1.0,1.0,0.8867,0.9155,1.0
482,peachtree__958,1214,121.4,0.663116,0.277408,87.4,0.416,24,1.0,1.0,1.0,1.0,1.0,1.0,1.0,1.0
483,us-101__2942,757,75.7,0.509632,0.271094,70.5,3.192,0,0.8256,1.0,1.0,1.0,0.589,0.6411,0.7923,1.0
484,i-80__2576,1400,140.0,0.617102,0.257511,117.6,3.035,0,0.3352,1.0,1.0,1.0,0.51,0.662,0.9027,1.0
485,peachtree__1145,1038,103.8,0.554354,0.304677,37.1,2.75,0,0.6666,1.0,1.0,1.0,1.0,0.7,0.9095,1.0
486,peachtree__345,375,37.5,0.416919,0.240789,36.6,12.629,0,0.4388,1.0,1.0,1.0,1.0,0.0,0.0,0.92
487,us-101__1997,899,89.9,0.470527,0.268719,50.9,2.57,0,0.5138,0.8812,0.9857,0.8114,0.7942,0.724,0.8824,1.0
488,lankershim__411,643,64.3,0.612735,0.374563,12.7,3.156,0,0.8504,1.0,1.0,1.0,1.0,0.6459,0.9297,1.0
489,us-101__2961,725,72.5,0.42303,0.283569,70.4,5.181,0,0.701,0.9062,1.0,1.0,0.7192,0.3759,0.897,1.0
490,peachtree__155,1467,146.7,0.724245,0.32972,56.9,0.288,30,0.4676,1.0,1.0,1.0,1.0,1.0,0.9047,1.0
491,us-101__2214,661,66.1,0.461785,0.275079,61.5,6.136,0,0.6457,0.9709,1.0,0.1618,1.0,0.2486,0.8929,1.0
492,lankershim__323,949,94.9,0.688561,0.411356,33.9,1.074,3,0.6287,1.0,1.0,1.0,1.0,0.9235,0.939,1.0
493,i-80__2775,1854,185.4,0.804799,0.318876,78.4,0.82,6,1.0,1.0,1.0,1.0,1.0,0.9573,0.9685,1.0
494,lankershim__179,689,68.9,0.502462,0.310996,0.6,6.73,0,0.9466,1.0,1.0,1.0,1.0,0.1693,0.7066,1.0
495,peachtree__253,1329,132.9,0.817739,0.336387,42.6,0.442,35,1.0,1.0,1.0,1.0,1.0,1.0,0.9418,0.88
496,i-80__2702,1216,121.6,0.647545,0.266211,16.5,2.528,0,0.3265,1.0,1.0,1.0,0.6092,0.7296,0.8904,1.0
497,i-80__175,528,52.8,0.474712,0.272541,11.1,4.091,0,0.4651,1.0,1.0,0.2297,1.0,0.5213,1.0,1.0
498,i-80__3049,380,38.0,0.380526,0.219379,5.5,14.174,0,0.6682,1.0,1.0,0.0943,0.393,0.0,0.2447,1.0
499,lankershim__707,1408,140.8,0.843866,0.382625,103.8,0.609,15,1.0,1.0,1.0,1.0,1.0,0.9855,0.9575,1.0
500,lankershim__1525,1089,108.9,0.684601,0.391976,21.1,0.711,8,0.611,1.0,1.0,1.0,1.0,0.9719,0.924,1.0
501,peachtree__158,916,91.6,0.703259,0.351104,71.6,0.771,6,1.0,1.0,1.0,1.0,1.0,0.9638,0.9147,1.0
502,i-80__2246,1391,139.1,0.533808,0.264443,17.3,2.115,0,0.3492,1.0,1.0,1.0,0.7526,0.7846,0.9482,1.0
503,us-101__2853,801,80.1,0.64437,0.282488,77.5,0.878,5,0.6544,1.0,1.0,1.0,0.6644,0.9496,0.9044,1.0
504,i-80__271,1047,104.7,0.746872,0.275645,15.9,2.771,0,0.2738,1.0,1.0,1.0,0.8117,0.6972,0.9293,1.0
505,us-101__2860,785,78.5,0.537354,0.26194,26.1,3.452,0,0.6041,1.0,1.0,1.0,0.8782,0.6064,0.9309,1.0
506,i-80__2855,923,92.3,0.617354,0.312579,29.6,2.58,0,0.4401,1.0,1.0,1.0,0.7879,0.7226,0.8813,1.0
507,i-80__850,1347,134.7,0.826002,0.310466,77.8,0.919,3,1.0,1.0,1.0,1.0,1.0,0.9441,0.9162,1.0
508,i-80__2822,1970,197.0,0.810016,0.322986,94.6,0.384,44,1.0,1.0,1.0,1.0,1.0,1.0,1.0,1.0
509,i-80__270,538,53.8,0.449012,0.251687,5.9,6.923,0,0.4281,1.0,1.0,0.5037,0.5928,0.1436,0.7598,1.0
510,i-80__2572,1975,197.5,0.601249,0.27938,30.7,1.918,1,0.2253,1.0,1.0,1.0,0.9206,0.811,0.9479,1.0
511,peachtree__212,1061,106.1,0.731137,0.215323,3.8,0.321,15,0.6371,1.0,1.0,1.0,1.0,1.0,0.7898,1.0
512,us-101__2663,725,72.5,0.407208,0.259784,3.3,9.065,0,0.4486,0.8105,1.0,0.1951,0.6942,0.0,0.8068,1.0
513,us-101__2851,781,78.1,0.623047,0.253145,61.6,0.248,9,0.5831,1.0,1.0,1.0,1.0,1.0,0.8081,1.0
514,i-80__2224,3212,321.2,0.805523,0.297056,190.8,0.357,11,1.0,1.0,1.0,1.0,1.0,1.0,0.9581,1.0
515,us-101__2465,254,25.4,0.426849,0.258045,16.9,19.636,0,0.9096,1.0,1.0,0.0539,1.0,0.0,0.0,1.0
516,lankershim__1573,1471,147.1,0.622076,0.269866,27.4,1.813,15,0.562,1.0,1.0,1.0,1.0,0.8249,0.9092,0.84
517,lankershim__563,136,13.6,0.454759,0.294696,3.5,3.715,0,0.4935,1.0,1.0,0.3946,1.0,0.5713,0.3085,1.0
518,us-101__1819,714,71.4,0.426418,0.277434,7.7,8.38,0,0.3963,0.7241,1.0,0.065,0.727,0.0,0.7775,1.0
519,i-80__810,978,97.8,0.64829,0.27898,48.6,3.253,0,0.42,1.0,1.0,1.0,0.7101,0.6329,0.9468,1.0
520,peachtree__385,686,68.6,0.732523,0.349978,7.6,1.902,2,0.7055,1.0,1.0,1.0,1.0,0.813,0.8761,0.88
521,i-80__3100,927,92.7,0.697075,0.364969,23.0,2.101,0,0.4162,1.0,1.0,1.0,1.0,0.7865,0.9621,1.0
522,i-80__256,1215,121.5,0.84492,0.314958,37.6,1.01,4,1.0,1.0,1.0,1.0,0.9046,0.932,0.9134,1.0
523,us-101__508,738,73.8,0.51733,0.306588,27.1,4.497,0,0.5291,0.8811,1.0,0.1418,0.8468,0.467,0.9004,1.0
524,i-80__992,311,31.1,0.429887,0.270591,14.5,16.478,0,0.8433,1.0,1.0,0.3133,0.5301,0.0,0.6424,1.0
525,i-80__3033,750,75.0,0.678418,0.298547,57.2,1.556,2,0.6275,1.0,1.0,1.0,0.7254,0.8592,0.8606,1.0
526,i-80__2058,765,76.5,0.672198,0.335025,20.5,1.448,4,0.5024,1.0,1.0,1.0,0.6864,0.8736,0.9131,1.0
527,i-80__199,973,97.3,0.573374,0.293736,14.7,2.887,0,0.4543,1.0,1.0,1.0,1.0,0.6818,0.9132,1.0
528,us-101__2292,646,64.6,0.480398,0.304474,45.8,3.633,0,0.5417,1.0,1.0,0.0859,0.7556,0.5823,0.9186,1.0
529,lankershim__47,143,14.3,0.50004,0.281071,7.1,4.52,0,0.3685,1.0,1.0,1.0,1.0,0.4641,0.3899,0.52
530,us-101__2084,500,50.0,0.544596,0.30023,24.8,1.147,4,0.599,0.9684,1.0,0.0686,0.5668,0.9137,0.9141,1.0
531,lankershim__225,189,18.9,0.561504,0.331838,15.8,16.826,0,0.5014,1.0,1.0,1.0,1.0,0.0,0.8011,0.76
532,us-101__1803,858,85.8,0.607252,0.271978,57.4,2.8,0,0.5055,0.7241,1.0,1.0,1.0,0.6933,0.9077,1.0
533,lankershim__738,146,14.6,0.595804,0.328221,6.7,0.726,5,0.3816,1.0,1.0,1.0,1.0,0.9698,0.855,1.0
534,us-101__2428,659,65.9,0.37391,0.252587,1.7,9.092,0,0.451,0.6049,0.8161,0.0688,0.6325,0.0,0.7798,1.0
535,us-101__2811,737,73.7,0.663055,0.288241,71.0,0.551,4,0.4871,1.0,1.0,1.0,0.8424,0.9932,0.9964,1.0
536,i-80__2182,816,81.6,0.700262,0.339329,25.5,2.108,0,0.4967,1.0,1.0,1.0,1.0,0.7857,0.947,1.0
537,peachtree__1348,620,62.0,0.711285,0.33551,14.7,3.743,0,0.3673,1.0,1.0,1.0,1.0,0.5676,0.926,1.0
538,i-80__233,1357,135.7,0.774245,0.289789,38.3,0.841,5,1.0,1.0,1.0,1.0,0.6809,0.9546,0.8701,1.0
539,i-80__1776,726,72.6,0.536626,0.276266,4.0,3.603,0,0.4378,1.0,1.0,1.0,1.0,0.5863,0.6825,1.0
540,us-101__2126,556,55.6,0.627971,0.300976,37.0,1.27,3,0.6495,0.9453,1.0,0.0678,1.0,0.8973,0.8572,1.0
541,us-101__1384,939,93.9,0.478163,0.265212,35.6,3.984,0,0.4371,0.7582,0.8574,1.0,0.4589,0.5355,0.907,1.0
542,i-80__3326,586,58.6,0.559919,0.289735,34.3,6.412,0,0.4209,1.0,1.0,1.0,0.7863,0.2117,0.8324,1.0
543,lankershim__602,357,35.7,0.651,0.336902,2.0,0.457,7,0.3569,1.0,1.0,1.0,1.0,1.0,0.9285,1.0
544,lankershim__856,683,68.3,0.738518,0.440304,0.8,2.813,0,0.7473,1.0,1.0,1.0,1.0,0.6916,0.9286,1.0
545,i-80__2992,758,75.8,0.588838,0.302789,5.2,4.376,0,0.4713,1.0,1.0,1.0,1.0,0.4831,0.8833,1.0
546,i-80__2191,958,95.8,0.612211,0.299579,80.0,2.961,0,0.4783,1.0,1.0,1.0,1.0,0.6718,0.892,1.0
547,i-80__541,654,65.4,0.427058,0.248875,63.4,1.985,1,0.5042,1.0,1.0,0.3029,1.0,0.802,0.8191,1.0
548,us-101__2005,931,93.1,0.512829,0.250132,28.7,1.883,1,0.5276,0.8594,1.0,1.0,0.7826,0.8156,0.8895,1.0
549,i-80__3086,724,72.4,0.553,0.297545,13.7,4.486,0,0.428,1.0,1.0,0.4801,0.5811,0.4686,0.9006,1.0
550,peachtree__66,1334,133.4,0.739649,0.327581,70.7,0.661,18,0.5236,1.0,1.0,1.0,1.0,0.9785,0.9474,0.8
551,i-80__907,1380,138.0,0.729366,0.291275,72.7,2.979,0,1.0,1.0,1.0,1.0,0.9669,0.6694,0.8944,1.0
552,peachtree__909,1386,138.6,0.775352,0.231917,30.1,0.309,19,0.5279,1.0,1.0,1.0,1.0,1.0,0.9634,0.96
553,lankershim__7,114,11.4,0.318582,0.200431,5.6,inf,0,0.3664,1.0,1.0,1.0,1.0,0.0,0.0,0.2
554,i-80__2293,424,42.4,0.538347,0.291929,5.9,5.075,0,0.5444,1.0,1.0,0.9119,0.6169,0.3899,0.7062,1.0
555,i-80__2515,2216,221.6,0.625257,0.289638,14.7,1.725,1,0.2256,1.0,1.0,1.0,0.8066,0.8366,0.9718,1.0
556,i-80__2000,655,65.5,0.794718,0.37175,7.3,0.29,9,0.486,1.0,1.0,1.0,1.0,1.0,0.9349,1.0
557,i-80__194,1283,128.3,0.854512,0.297828,47.0,0.358,15,1.0,1.0,1.0,1.0,1.0,1.0,0.976,1.0
558,us-101__2634,690,69.0,0.417474,0.291259,4.9,5.638,0,0.4965,0.9275,1.0,0.2384,0.652,0.3149,0.8469,1.0
559,us-101__1139,1405,140.5,0.805052,0.30288,52.1,1.004,8,1.0,1.0,1.0,1.0,1.0,0.9328,0.9397,1.0
560,us-101__2532,620,62.0,0.445842,0.281262,4.7,8.104,0,0.6259,1.0,1.0,1.0,0.7021,0.0,0.8045,1.0
561,us-101__2735,776,77.6,0.511759,0.277311,34.0,3.683,0,0.4935,1.0,1.0,0.6754,0.6048,0.5756,0.8842,1.0
562,us-101__2812,812,81.2,0.716149,0.326316,40.9,2.322,0,0.7046,1.0,1.0,1.0,1.0,0.757,0.9257,1.0
563,lankershim__1502,384,38.4,0.5946,0.414175,0.1,11.648,0,0.589,1.0,1.0,0.7639,1.0,0.0,0.8046,1.0
564,us-101__613,369,36.9,0.56114,0.271472,18.5,2.827,0,0.8092,1.0,1.0,0.0627,1.0,0.6897,0.7873,1.0
565,i-80__2949,721,72.1,0.71192,0.340977,32.9,0.685,8,0.7687,1.0,1.0,1.0,1.0,0.9754,1.0,1.0
566,peachtree__1084,1377,137.7,0.653009,0.34813,40.6,0.437,20,0.429,1.0,1.0,1.0,1.0,1.0,0.928,1.0
567,lankershim__498,990,99.0,0.678747,0.388109,36.5,3.667,0,0.8857,1.0,1.0,1.0,1.0,0.5777,0.8884,1.0
568,i-80__3270,321,32.1,0.406651,0.276378,14.3,10.815,0,0.7929,1.0,1.0,0.0996,0.469,0.0,0.3881,1.0
569,us-101__2752,817,81.7,0.677759,0.291941,37.4,2.188,0,0.5842,1.0,1.0,1.0,1.0,0.7749,0.9705,1.0
570,us-101__2036,536,53.6,0.49855,0.241232,14.2,1.361,5,0.5454,1.0,1.0,0.0703,0.796,0.8852,0.4538,1.0
571,peachtree__713,88,8.8,0.475715,0.26591,0.2,5.532,0,0.2152,1.0,1.0,0.4139,1.0,0.3291,0.6976,0.48
572,us-101__2434,607,60.7,0.439123,0.251199,16.1,3.147,0,0.5105,1.0,1.0,0.0597,0.6127,0.6471,0.6937,1.0
573,i-80__3044,708,70.8,0.572765,0.290752,10.0,3.975,0,0.462,1.0,1.0,1.0,0.7377,0.5367,0.8634,1.0
574,i-80__786,723,72.3,0.52541,0.274295,45.3,3.99,0,0.404,1.0,1.0,1.0,0.6378,0.5347,0.8916,1.0
575,peachtree__216,194,19.4,0.460371,0.29917,0.4,inf,0,0.4434,1.0,1.0,1.0,1.0,0.0,0.0,1.0
576,us-101__2946,761,76.1,0.665896,0.34055,14.9,3.248,0,0.6887,1.0,1.0,1.0,1.0,0.6336,0.9423,1.0
577,i-80__2836,672,67.2,0.769385,0.342801,23.8,0.463,8,0.3745,1.0,1.0,1.0,1.0,1.0,0.9265,1.0
578,i-80__2091,367,36.7,0.459948,0.283655,26.3,12.56,0,0.679,1.0,1.0,0.039,0.9975,0.0,0.8146,1.0
579,us-101__2561,614,61.4,0.58372,0.26149,20.9,2.827,0,0.5189,0.8641,1.0,0.0768,0.4467,0.6897,1.0,1.0
580,lankershim__505,888,88.8,0.635429,0.410864,23.1,2.665,0,0.899,1.0,1.0,1.0,1.0,0.7113,0.9183,1.0
581,peachtree__440,1491,149.1,0.716416,0.321106,17.8,0.443,21,0.4644,1.0,1.0,1.0,1.0,1.0,0.9378,1.0
582,i-80__411,702,70.2,0.706593,0.32274,48.7,0.118,13,0.3756,1.0,1.0,1.0,1.0,1.0,1.0,1.0
583,i-80__3229,681,68.1,0.524602,0.35599,57.9,3.02,0,0.5177,1.0,1.0,1.0,1.0,0.664,0.9422,1.0
584,lankershim__369,706,70.6,0.659818,0.355219,40.7,0.524,15,0.6831,1.0,1.0,1.0,1.0,0.9967,0.9225,1.0
585,i-80__595,562,56.2,0.652726,0.286587,15.5,1.356,2,0.4814,1.0,1.0,0.1711,1.0,0.8858,0.9266,1.0
586,us-101__2604,696,69.6,0.394392,0.261134,64.1,8.379,0,0.5039,0.7179,0.9557,0.3073,0.8147,0.0,0.825,1.0
587,i-80__814,834,83.4,0.591451,0.303253,13.6,3.104,0,0.5822,1.0,1.0,1.0,0.6641,0.6528,0.9192,1.0
588,i-80__3025,346,34.6,0.415482,0.274965,7.3,11.53,0,0.7352,1.0,1.0,0.1052,0.6732,0.0,0.5575,1.0
589,peachtree__1524,302,30.2,0.620643,0.31215,16.6,2.868,0,0.2885,1.0,1.0,1.0,1.0,0.6842,0.9058,0.84
590,i-80__2471,698,69.8,0.726716,0.352748,6.7,0.536,8,0.6049,1.0,1.0,0.8989,1.0,0.9952,0.9129,1.0
591,us-101__3024,834,83.4,0.617491,0.330539,31.8,3.029,0,0.7562,1.0,1.0,1.0,0.5468,0.6628,0.9365,1.0
592,i-80__3134,811,81.1,0.60331,0.308741,44.5,2.616,0,0.4108,1.0,1.0,1.0,0.5303,0.7179,0.9487,1.0
593,us-101__2173,575,57.5,0.354325,0.236301,6.8,6.949,0,0.6338,0.7845,0.9504,0.1053,0.6091,0.1401,0.7104,1.0
594,us-101__2848,952,95.2,0.506555,0.28135,55.8,7.079,0,0.6273,1.0,1.0,1.0,0.6238,0.1227,0.8407,1.0
595,peachtree__548,985,98.5,0.763434,0.300072,11.0,0.615,23,1.0,1.0,1.0,1.0,1.0,0.9847,0.923,0.96
596,us-101__2713,848,84.8,0.512538,0.275068,2.3,4.888,0,0.4929,1.0,1.0,1.0,1.0,0.415,0.8842,1.0
597,us-101__541,629,62.9,0.426215,0.24574,52.4,7.833,0,0.5497,1.0,1.0,0.2902,0.688,0.0223,0.7457,1.0
598,us-101__2496,570,57.0,0.542111,0.266987,44.0,2.263,0,0.6028,1.0,1.0,0.2933,0.6912,0.7649,0.8666,1.0
599,us-101__1894,728,72.8,0.493514,0.297301,65.8,4.169,0,0.4735,0.7452,1.0,0.1032,0.7026,0.5108,0.9109,1.0
600,us-101__414,674,67.4,0.54,0.288269,29.4,0.477,10,1.0,1.0,1.0,1.0,1.0,1.0,0.8525,1.0
601,i-80__469,658,65.8,0.467542,0.291375,52.8,5.39,0,0.4655,0.7821,0.8872,0.1797,0.7024,0.348,0.9055,1.0
602,us-101__1828,827,82.7,0.583406,0.249873,50.8,0.691,7,0.4307,0.901,0.9453,0.1696,1.0,0.9746,0.869,1.0
603,i-80__115,733,73.3,0.611397,0.319604,55.5,0.521,13,0.482,1.0,1.0,1.0,1.0,0.9972,1.0,1.0
604,i-80__500,631,63.1,0.582736,0.301351,43.1,3.235,0,0.3666,1.0,1.0,0.8735,1.0,0.6353,0.938,1.0
605,peachtree__432,1355,135.5,0.88976,0.258254,7.9,0.684,17,1.0,1.0,1.0,1.0,1.0,0.9755,0.8723,1.0
606,i-80__569,627,62.7,0.585155,0.284551,5.0,1.483,7,0.4075,1.0,1.0,0.1039,0.658,0.869,0.9376,1.0
607,us-101__2695,951,95.1,0.428403,0.274141,31.4,6.02,0,0.4902,0.9782,1.0,1.0,0.6547,0.264,0.9052,1.0
608,lankershim__215,1203,120.3,0.671078,0.325733,12.0,0.501,6,0.5072,1.0,1.0,1.0,1.0,0.9998,0.9657,1.0
609,i-80__2697,1881,188.1,0.509385,0.277717,180.6,2.207,0,0.2344,1.0,1.0,1.0,0.5723,0.7724,0.9131,1.0
610,us-101__2921,790,79.0,0.599349,0.300934,23.6,3.648,0,0.637,1.0,1.0,1.0,0.5812,0.5803,0.9017,1.0
611,i-80__1502,918,91.8,0.546772,0.298259,10.6,3.35,0,0.421,1.0,1.0,1.0,0.6745,0.62,0.9478,1.0
612,lankershim__715,1141,114.1,0.770111,0.383292,23.3,0.527,19,1.0,1.0,1.0,1.0,1.0,0.9964,0.9201,1.0
613,peachtree__566,511,51.1,0.649772,0.336916,24.2,1.897,1,1.0,1.0,1.0,1.0,1.0,0.8137,0.933,0.92
614,lankershim__1015,703,70.3,0.583574,0.329794,49.5,0.153,16,0.7012,1.0,1.0,1.0,1.0,1.0,0.8205,1.0
615,i-80__111,1139,113.9,0.686452,0.317337,38.2,2.436,0,0.3847,1.0,1.0,1.0,1.0,0.7419,0.9576,1.0
616,i-80__2597,377,37.7,0.533744,0.286991,14.4,1.291,1,0.6552,1.0,1.0,0.0299,0.6382,0.8945,1.0,1.0
617,peachtree__650,1386,138.6,0.74041,0.353077,29.2,1.116,15,1.0,1.0,1.0,1.0,1.0,0.9179,0.9243,1.0
618,lankershim__802,1257,125.7,0.733417,0.382114,4.5,0.375,12,1.0,1.0,1.0,1.0,1.0,1.0,0.927,1.0
619,us-101__1893,340,34.0,0.539718,0.29706,19.9,1.688,2,0.6796,1.0,1.0,0.4791,1.0,0.8416,0.8361,1.0
620,i-80__3188,565,56.5,0.659668,0.320197,1.5,1.659,3,0.5291,1.0,1.0,0.1747,0.7579,0.8455,0.8714,1.0
621,i-80__3280,585,58.5,0.520104,0.307472,32.6,4.346,0,0.5707,1.0,1.0,0.3612,0.5766,0.4872,0.8583,1.0
622,i-80__1952,1079,107.9,0.631196,0.297094,51.4,0.233,12,0.2741,1.0,1.0,1.0,1.0,1.0,0.9286,1.0
623,i-80__2973,987,98.7,0.664529,0.289225,7.0,1.346,3,0.3757,1.0,1.0,1.0,1.0,0.8872,0.9209,1.0
624,lankershim__726,892,89.2,0.674986,0.386038,30.9,0.795,16,0.6148,1.0,1.0,1.0,1.0,0.9606,0.9078,1.0
625,us-101__2312,637,63.7,0.596523,0.296269,38.2,2.668,0,0.5917,0.8161,0.8817,0.3016,0.838,0.711,0.8509,1.0
626,peachtree__1234,762,76.2,0.635627,0.283561,3.4,0.453,15,0.5411,1.0,1.0,1.0,1.0,1.0,0.8058,1.0
627,us-101__684,761,76.1,0.434752,0.254335,28.8,6.514,0,0.4939,0.9728,0.9987,1.0,0.9664,0.1981,0.827,1.0
628,lankershim__415,1611,161.1,0.826967,0.419975,29.7,0.234,23,1.0,1.0,1.0,1.0,1.0,1.0,0.9915,1.0
629,i-80__1861,2304,230.4,0.778227,0.305963,79.8,0.584,6,1.0,1.0,1.0,1.0,1.0,0.9888,0.9809,1.0
630,us-101__829,598,59.8,0.42357,0.276318,51.3,9.593,0,0.4905,1.0,1.0,0.0367,0.643,0.0,0.7676,1.0
631,peachtree__1128,1022,102.2,0.927523,0.367198,75.7,0.489,18,1.0,1.0,1.0,1.0,1.0,1.0,0.9276,1.0
632,us-101__2754,765,76.5,0.544005,0.309339,27.6,3.423,0,0.5803,1.0,1.0,1.0,0.8541,0.6103,0.9654,1.0
633,i-80__695,628,62.8,0.41368,0.284872,3.3,4.662,0,0.4236,0.7563,0.9293,0.3293,0.7146,0.4451,0.891,1.0
634,peachtree__357,1290,129.0,0.701459,0.258017,33.5,0.818,6,0.6585,1.0,1.0,1.0,1.0,0.9576,1.0,1.0
635,peachtree__862,1631,163.1,0.641813,0.265944,62.8,0.749,9,1.0,1.0,1.0,1.0,1.0,0.9668,0.9,0.96
636,i-80__2881,894,89.4,0.714847,0.314258,43.6,1.15,14,0.572,1.0,1.0,1.0,0.5239,0.9134,0.9494,1.0
637,i-80__1993,2144,214.4,0.704363,0.281356,178.5,2.744,0,1.0,1.0,1.0,1.0,0.5922,0.7009,0.9248,1.0
638,i-80__412,1334,133.4,0.781364,0.258934,53.3,0.762,6,1.0,1.0,1.0,1.0,0.7637,0.9651,0.9012,1.0
639,i-80__3138,599,59.9,0.68336,0.317461,14.2,3.144,0,0.5464,1.0,1.0,1.0,1.0,0.6474,0.8074,1.0
640,lankershim__1314,575,57.5,0.446387,0.275213,3.5,40.313,0,0.9532,1.0,1.0,1.0,1.0,0.0,1.0,0.88
641,i-80__2824,1995,199.5,0.846271,0.294694,75.4,0.166,13,1.0,1.0,1.0,1.0,0.7262,1.0,0.9577,1.0
642,i-80__3141,684,68.4,0.541122,0.291816,44.0,1.783,1,0.3615,1.0,1.0,0.4355,0.7377,0.8289,0.8622,1.0
643,us-101__2849,766,76.6,0.604025,0.221667,74.5,1.235,2,0.6233,0.8087,1.0,1.0,1.0,0.9021,0.7744,1.0
644,lankershim__1477,1302,130.2,0.748024,0.325252,113.3,0.279,32,0.5899,1.0,1.0,1.0,1.0,1.0,0.9375,1.0
645,i-80__26,1162,116.2,0.645364,0.352789,72.3,0.452,9,0.4335,1.0,1.0,1.0,1.0,1.0,0.9558,1.0
646,i-80__1556,1730,173.0,0.655347,0.257848,29.1,0.845,3,0.5022,1.0,1.0,1.0,1.0,0.954,1.0,1.0
647,i-80__676,360,36.0,0.464349,0.294569,27.8,5.284,0,0.6997,1.0,1.0,0.0214,0.5238,0.3622,0.785,1.0
648,us-101__830,631,63.1,0.430933,0.281029,37.7,5.033,0,0.5319,0.8193,0.8966,0.0514,0.6833,0.3956,0.9034,1.0
649,i-80__2112,1522,152.2,0.567683,0.259076,136.7,2.516,0,0.2764,1.0,1.0,1.0,0.6461,0.7312,0.9414,1.0
650,us-101__1546,894,89.4,0.506092,0.305529,66.5,4.018,0,0.5804,0.8719,0.9799,1.0,0.9487,0.531,0.9223,1.0
651,i-80__745,277,27.7,0.83843,0.494154,24.1,0.374,57,0.8219,1.0,1.0,0.5728,1.0,1.0,1.0,1.0
652,us-101__1994,951,95.1,0.476055,0.296684,14.0,2.304,0,0.519,0.8809,1.0,1.0,1.0,0.7595,0.9162,1.0
653,i-80__1536,2556,255.6,0.720281,0.287563,206.3,0.061,60,1.0,1.0,1.0,1.0,1.0,1.0,1.0,1.0
654,us-101__1418,600,60.0,0.377278,0.220277,53.3,13.429,0,0.4873,0.7016,0.8985,0.0684,0.8118,0.0,0.6409,1.0
655,i-80__473,808,80.8,0.511754,0.280997,3.9,3.242,0,0.3449,1.0,1.0,0.2956,1.0,0.6344,0.8873,1.0
656,us-101__2580,706,70.6,0.458369,0.268195,17.3,8.958,0,0.4408,1.0,1.0,0.7371,0.7816,0.0,0.8451,1.0
657,i-80__979,786,78.6,0.61167,0.277407,73.1,1.916,3,0.3902,1.0,1.0,1.0,0.2997,0.8112,0.9068,1.0
658,i-80__2230,419,41.9,0.433773,0.270941,4.5,14.326,0,0.6448,1.0,1.0,0.1372,0.6606,0.0,0.8885,1.0
659,i-80__3247,673,67.3,0.663118,0.330207,3.6,2.875,0,0.4816,1.0,1.0,1.0,1.0,0.6833,0.8871,1.0
660,i-80__3272,615,61.5,0.567964,0.279245,34.7,2.585,0,0.3777,1.0,1.0,0.3791,0.8806,0.7221,0.8332,1.0
661,i-80__2527,408,40.8,0.488315,0.317951,17.7,2.407,0,0.576,0.9129,1.0,0.0294,0.7628,0.7457,0.8678,1.0
662,i-80__3365,711,71.1,0.706108,0.334314,2.9,0.363,21,1.0,1.0,1.0,1.0,1.0,1.0,1.0,1.0
663,lankershim__842,132,13.2,0.445298,0.333893,12.5,7.591,0,0.6201,1.0,1.0,1.0,1.0,0.0545,0.0173,1.0
664,peachtree__138,205,20.5,0.504,0.290941,18.1,inf,0,1.0,1.0,1.0,1.0,1.0,0.0,0.0,0.52
665,lankershim__1396,936,93.6,0.625772,0.404066,14.3,1.873,2,0.6822,1.0,1.0,1.0,1.0,0.817,0.9384,1.0
666,i-80__2548,401,40.1,0.397571,0.273544,27.4,8.043,0,0.6311,1.0,1.0,0.094,0.7813,0.0,0.6485,1.0
667,peachtree__1070,446,44.6,0.631773,0.291205,2.9,1.894,1,0.5051,1.0,1.0,1.0,1.0,0.8141,0.9076,0.68
668,us-101__2624,720,72.0,0.529354,0.268446,0.8,5.594,0,0.5138,1.0,1.0,0.2097,1.0,0.3208,0.8436,1.0
669,i-80__2034,2681,268.1,0.914928,0.297483,171.9,0.338,19,1.0,1.0,1.0,1.0,1.0,1.0,0.9417,1.0
670,lankershim__241,645,64.5,0.794997,0.401957,60.2,0.151,25,0.7933,1.0,1.0,1.0,1.0,1.0,1.0,1.0
671,lankershim__503,836,83.6,0.777449,0.364693,81.2,0.461,25,0.5914,1.0,1.0,1.0,1.0,1.0,1.0,1.0
672,us-101__2923,741,74.1,0.597536,0.291705,73.1,2.901,0,0.6959,1.0,1.0,1.0,1.0,0.6798,0.9148,1.0
673,lankershim__1482,1571,157.1,0.590717,0.253826,71.1,0.678,9,0.9778,1.0,1.0,1.0,1.0,0.9763,1.0,1.0
674,i-80__582,1529,152.9,0.688676,0.285359,59.5,1.724,2,1.0,1.0,1.0,1.0,0.8174,0.8368,0.91,1.0
675,i-80__2248,426,42.6,0.678812,0.306629,38.0,0.688,2,0.5138,1.0,1.0,0.0586,0.853,0.9749,1.0,1.0
676,i-80__3295,712,71.2,0.471871,0.280783,9.2,6.837,0,0.4464,1.0,1.0,0.6239,0.7389,0.155,0.7388,1.0
677,lankershim__810,2277,227.7,0.67398,0.336472,169.5,0.75,18,1.0,1.0,1.0,1.0,1.0,0.9667,0.9488,1.0
678,i-80__45,815,81.5,0.765078,0.307313,70.9,0.624,10,0.4349,1.0,1.0,1.0,1.0,0.9835,0.9604,1.0
679,peachtree__740,934,93.4,0.589179,0.225485,50.7,0.454,10,1.0,1.0,1.0,1.0,1.0,1.0,0.0,0.92
680,i-80__2172,1682,168.2,0.627544,0.272447,62.6,3.029,0,0.3286,1.0,1.0,1.0,0.8675,0.6628,0.9991,1.0
681,lankershim__929,997,99.7,0.705587,0.401904,9.2,1.055,14,0.8745,1.0,1.0,1.0,1.0,0.926,0.9305,1.0
682,us-101__2927,389,38.9,0.572431,0.308377,5.7,0.362,11,0.7154,1.0,1.0,0.1039,1.0,1.0,0.8397,1.0
683,i-80__1860,3036,303.6,0.742058,0.29622,85.5,1.343,5,1.0,1.0,1.0,1.0,1.0,0.8875,0.9434,1.0
684,i-80__2833,838,83.8,0.545666,0.263694,39.2,1.396,2,0.3883,1.0,1.0,1.0,1.0,0.8805,0.9224,1.0
685,i-80__2894,784,78.4,0.530843,0.303591,23.6,4.914,0,0.5274,1.0,1.0,1.0,0.6257,0.4114,0.8252,1.0
686,lankershim__689,381,38.1,0.572151,0.418811,0.5,8.053,0,0.6353,1.0,1.0,1.0,1.0,0.0,0.7226,1.0
687,i-80__525,649,64.9,0.506645,0.305904,4.2,4.687,0,0.4162,1.0,1.0,0.2831,1.0,0.4418,0.9146,1.0
688,i-80__3169,690,69.0,0.658219,0.333044,8.3,3.142,0,0.3582,1.0,1.0,1.0,0.8251,0.6478,0.8661,1.0
689,peachtree__1676,137,13.7,0.43824,0.29428,12.0,21.216,0,0.4847,1.0,1.0,1.0,1.0,0.0,0.0,0.12
690,peachtree__496,704,70.4,0.810212,0.378088,8.5,0.677,17,1.0,1.0,1.0,1.0,1.0,0.9765,0.9328,0.88
691,i-80__719,798,79.8,0.527038,0.259513,11.5,4.096,0,0.3842,1.0,1.0,0.2213,0.5871,0.5205,0.8379,1.0
692,us-101__3011,842,84.2,0.556478,0.28301,19.3,4.101,0,0.796,0.8942,1.0,1.0,0.8307,0.5198,0.9381,1.0
693,i-80__976,715,71.5,0.588377,0.291253,23.0,0.307,10,0.3428,0.9924,1.0,1.0,1.0,1.0,0.8995,1.0
694,us-101__2150,593,59.3,0.608588,0.279677,37.6,1.45,2,0.9436,1.0,1.0,0.0874,1.0,0.8734,0.8345,1.0
695,i-80__1637,452,45.2,0.512985,0.285926,23.8,7.299,0,0.5379,1.0,1.0,0.3724,0.7752,0.0935,0.7744,1.0
696,us-101__2907,836,83.6,0.552893,0.289455,17.0,2.813,0,0.6192,0.889,1.0,1.0,0.5122,0.6915,0.8974,1.0
697,lankershim__776,1810,181.0,0.612842,0.32014,8.9,0.52,8,1.0,1.0,1.0,1.0,1.0,0.9974,0.8784,1.0
698,us-101__1295,1094,109.4,0.410767,0.255189,91.0,4.84,0,0.3849,0.8001,1.0,0.3709,0.6933,0.4214,0.9171,1.0
699,us-101__2691,885,88.5,0.593571,0.276901,41.7,1.815,3,0.4579,1.0,1.0,1.0,0.8979,0.8247,1.0,1.0
700,i-80__1493,250,25.0,0.456647,0.334635,16.4,7.741,0,0.8866,1.0,1.0,0.0509,0.6161,0.0345,0.5983,1.0
701,i-80__1238,593,59.3,0.425759,0.270152,32.5,6.603,0,0.4372,1.0,1.0,0.3995,0.6355,0.1863,0.8779,1.0
702,lankershim__1474,1515,151.5,0.785559,0.285116,130.7,0.03,16,0.6281,1.0,1.0,1.0,1.0,1.0,1.0,1.0
703,i-80__2173,1935,193.5,0.511903,0.273903,36.1,4.744,0,0.2874,1.0,1.0,1.0,0.6147,0.4341,0.914,1.0
704,lankershim__851,344,34.4,0.62896,0.432558,7.6,5.296,0,0.6701,1.0,1.0,0.5224,1.0,0.3606,0.7888,1.0
705,i-80__2001,2452,245.2,0.91335,0.293779,140.3,0.333,23,1.0,1.0,1.0,1.0,1.0,1.0,0.9468,1.0
706,lankershim__568,544,54.4,0.707162,0.361848,2.9,0.675,15,0.4371,1.0,1.0,1.0,1.0,0.9767,0.9186,1.0
707,i-80__3102,617,61.7,0.69749,0.362535,7.5,2.807,0,0.6004,1.0,1.0,1.0,1.0,0.6924,0.8873,1.0
708,i-80__2558,976,97.6,0.650967,0.321621,55.0,0.303,11,0.3867,1.0,1.0,1.0,1.0,1.0,0.9536,1.0
709,us-101__2653,954,95.4,0.401072,0.247274,5.6,5.636,0,0.4379,0.8012,0.9775,1.0,0.5763,0.3153,0.8653,1.0
710,us-101__2307,671,67.1,0.534094,0.285274,39.6,1.971,1,0.4993,0.8081,0.9068,0.208,0.8598,0.8039,0.8376,1.0
711,i-80__922,1472,147.2,0.752833,0.28204,92.7,1.414,5,1.0,1.0,1.0,1.0,0.7245,0.8782,0.9183,1.0
712,lankershim__422,425,42.5,0.718369,0.306329,10.1,2.625,0,0.4537,1.0,1.0,1.0,1.0,0.7167,0.9101,1.0
713,lankershim__1601,54,5.4,0.362671,0.271358,0.2,inf,0,0.3819,0.701,1.0,0.163,1.0,0.0,0.0,1.0
714,i-80__317,924,92.4,0.507818,0.248975,67.0,3.011,0,0.3516,0.9424,1.0,0.609,0.5705,0.6652,0.8861,1.0
715,us-101__2213,529,52.9,0.454946,0.287576,23.9,6.261,0,0.5922,0.829,1.0,0.1775,1.0,0.2319,0.7522,1.0
716,peachtree__925,1323,132.3,0.902374,0.295559,50.9,0.52,14,1.0,1.0,1.0,1.0,1.0,0.9973,0.8869,1.0
717,peachtree__1226,1503,150.3,0.729169,0.354581,69.9,0.697,9,0.4951,1.0,1.0,1.0,1.0,0.9737,0.9305,0.92
718,peachtree__1237,818,81.8,0.5304,0.225603,79.5,inf,0,1.0,1.0,1.0,1.0,1.0,0.0,0.0,0.84
719,peachtree__206,1055,105.5,0.675293,0.354412,35.9,2.15,0,0.5985,1.0,1.0,1.0,1.0,0.78,0.8982,1.0
720,us-101__2894,840,84.0,0.586559,0.275818,1.6,3.822,0,0.6431,1.0,1.0,1.0,1.0,0.557,0.8686,1.0
721,i-80__913,1165,116.5,0.545503,0.243402,5.8,2.503,0,1.0,1.0,1.0,1.0,0.9127,0.733,0.7473,1.0
722,i-80__2956,684,68.4,0.602775,0.291786,8.8,3.004,0,0.3895,1.0,1.0,0.6839,0.5352,0.6661,0.8475,1.0
723,peachtree__720,144,14.4,0.518847,0.313241,2.8,2.014,0,0.4632,1.0,1.0,1.0,1.0,0.7982,0.5558,0.64
724,lankershim__1603,178,17.8,0.597076,0.359637,0.4,21.63,0,0.4911,1.0,1.0,1.0,1.0,0.0,0.696,1.0
725,i-80__2680,1400,140.0,0.625691,0.280888,29.1,2.865,0,0.4182,1.0,1.0,1.0,0.8021,0.6847,0.9769,1.0
726,lankershim__110,569,56.9,0.577238,0.382134,0.8,3.817,0,0.6158,1.0,1.0,1.0,1.0,0.5577,0.8936,1.0
727,i-80__2380,776,77.6,0.565272,0.312884,7.2,3.131,0,0.3892,1.0,1.0,0.3002,0.5746,0.6492,0.9143,1.0
728,i-80__3199,575,57.5,0.571308,0.295153,18.7,3.601,0,0.4689,1.0,1.0,1.0,0.7388,0.5865,0.8758,1.0
729,i-80__2969,1116,111.6,0.718906,0.378768,25.4,2.899,0,0.4041,1.0,1.0,1.0,1.0,0.6802,0.9407,1.0
730,i-80__227,1079,107.9,0.502295,0.25317,40.5,3.55,0,0.2811,1.0,1.0,1.0,0.6005,0.5934,0.9301,1.0
731,us-101__654,757,75.7,0.52884,0.266534,31.7,2.147,0,0.5029,1.0,1.0,1.0,0.8775,0.7804,0.8209,1.0
732,us-101__1085,1236,123.6,0.91696,0.310329,59.3,0.345,21,1.0,1.0,1.0,1.0,1.0,1.0,0.9403,1.0
733,i-80__2984,766,76.6,0.717898,0.330853,48.3,2.264,0,0.7843,1.0,1.0,1.0,1.0,0.7648,0.8869,1.0
734,us-101__2486,555,55.5,0.458704,0.279107,4.5,8.358,0,0.6064,1.0,1.0,0.2441,0.613,0.0,0.8718,1.0
735,us-101__2764,821,82.1,0.579477,0.252027,40.7,2.536,0,0.5531,0.8267,1.0,1.0,0.5323,0.7286,0.8809,1.0
736,i-80__449,652,65.2,0.512556,0.225166,33.3,3.75,0,0.5953,1.0,1.0,1.0,0.7383,0.5667,0.9131,1.0
737,i-80__42,1092,109.2,0.469816,0.24576,62.0,5.379,0,0.2757,1.0,1.0,1.0,0.5028,0.3495,0.9036,1.0
738,peachtree__50,1592,159.2,0.769948,0.308008,2.6,0.819,13,1.0,1.0,1.0,1.0,1.0,0.9574,0.9588,0.64
739,i-80__921,556,55.6,0.578234,0.283678,36.4,1.914,2,0.7554,1.0,1.0,1.0,1.0,0.8115,0.9546,1.0
740,i-80__1059,299,29.9,0.418,0.243588,23.5,8.14,0,0.8141,1.0,1.0,0.035,0.5242,0.0,0.5554,1.0
741,lankershim__384,51,5.1,0.287359,0.24046,2.9,inf,0,0.3817,0.4522,0.4992,0.0427,1.0,0.0,0.0,1.0
742,i-80__2830,1920,192.0,0.813333,0.301576,79.9,0.542,17,1.0,1.0,1.0,1.0,0.7357,0.9944,0.92,1.0
743,i-80__190,1424,142.4,0.892378,0.32781,67.9,0.633,9,1.0,1.0,1.0,1.0,1.0,0.9822,0.9682,1.0
744,peachtree__996,55,5.5,0.428101,0.307524,2.5,inf,0,0.1664,1.0,1.0,1.0,1.0,0.0,0.0,0.56
745,i-80__2889,945,94.5,0.627018,0.331514,7.8,0.661,15,0.5421,1.0,1.0,1.0,1.0,0.9785,1.0,1.0
746,i-80__3193,636,63.6,0.696529,0.332606,48.4,3.847,0,0.5048,1.0,1.0,1.0,1.0,0.5537,0.7421,1.0
747,i-80__3301,568,56.8,0.564611,0.291791,35.2,4.458,0,0.5188,1.0,1.0,1.0,0.5032,0.4722,0.8735,1.0
748,peachtree__376,912,91.2,0.830808,0.333589,48.9,0.917,19,1.0,1.0,1.0,1.0,1.0,0.9444,0.9597,0.84
749,i-80__191,1208,120.8,0.924567,0.31021,37.4,0.303,17,1.0,1.0,1.0,1.0,1.0,1.0,0.9604,1.0
750,lankershim__1116,2127,212.7,0.817763,0.372956,164.5,0.372,22,1.0,1.0,1.0,1.0,1.0,1.0,0.9207,1.0
751,i-80__2207,416,41.6,0.369419,0.277522,0.2,9.547,0,0.5595,0.7697,1.0,0.0474,0.6187,0.0,0.7483,1.0
752,i-80__3261,608,60.8,0.575351,0.318956,35.2,2.73,0,0.4492,1.0,1.0,0.8098,1.0,0.7027,0.8952,1.0
753,i-80__3110,669,66.9,0.57714,0.312352,45.1,2.034,0,0.4444,1.0,1.0,0.5295,1.0,0.7955,0.8765,1.0
754,i-80__3129,826,82.6,0.648411,0.310172,59.9,2.039,0,0.5606,1.0,1.0,1.0,0.8198,0.7947,0.9382,1.0
755,peachtree__166,782,78.2,0.766076,0.241335,27.9,0.4,11,1.0,1.0,1.0,1.0,1.0,1.0,0.9582,1.0
756,peachtree__254,769,76.9,0.843755,0.29139,39.2,0.799,24,1.0,1.0,1.0,1.0,1.0,0.9601,1.0,0.92
757,peachtree__1090,1660,166.0,0.647738,0.224658,47.4,1.141,6,0.4997,1.0,1.0,1.0,1.0,0.9145,0.8821,1.0
758,us-101__1380,940,94.0,0.582649,0.303979,55.7,1.839,1,0.4865,0.9768,1.0,1.0,1.0,0.8215,0.9399,1.0
759,i-80__3163,747,74.7,0.652014,0.262371,69.2,2.135,0,0.3874,1.0,1.0,1.0,0.7507,0.782,0.9147,1.0
760,peachtree__486,160,16.0,0.698488,0.332922,2.6,0.873,4,0.581,1.0,1.0,0.7615,1.0,0.9502,0.7407,0.8
761,i-80__283,933,93.3,0.351039,0.219964,14.3,8.315,0,0.3111,0.7713,1.0,0.4093,0.468,0.0,0.8042,1.0
762,peachtree__1189,1604,160.4,0.662904,0.291638,54.2,1.107,7,0.4866,1.0,1.0,1.0,1.0,0.9191,0.8862,1.0
763,i-80__1670,666,66.6,0.676305,0.304554,61.2,2.525,0,0.5136,1.0,1.0,1.0,0.8641,0.73,0.8819,1.0
764,us-101__2131,626,62.6,0.585483,0.283176,55.0,1.553,2,0.6942,1.0,1.0,0.1863,0.554,0.8596,0.8481,1.0
765,us-101__2734,864,86.4,0.522365,0.257705,29.4,1.814,4,0.5134,0.8265,0.9519,1.0,0.8413,0.8247,0.9023,1.0
766,i-80__3320,611,61.1,0.639057,0.319636,44.7,1.129,4,0.4724,1.0,1.0,1.0,0.6555,0.9161,0.9387,1.0
767,lankershim__119,413,41.3,0.685574,0.417594,25.4,2.98,0,0.562,1.0,1.0,1.0,1.0,0.6693,0.8822,1.0
768,i-80__1936,384,38.4,0.516094,0.305021,3.2,1.789,1,0.6635,1.0,1.0,0.1495,1.0,0.8281,0.8208,1.0
769,us-101__2573,713,71.3,0.464885,0.249829,4.4,2.865,0,0.5164,1.0,1.0,0.1363,0.6479,0.6847,0.7217,1.0
770,lankershim__1505,940,94.0,0.552175,0.294641,73.5,3.245,0,0.4062,1.0,1.0,1.0,1.0,0.634,0.8813,1.0
771,i-80__1986,1202,120.2,0.738457,0.260955,33.1,3.075,0,0.3049,1.0,1.0,1.0,0.7317,0.6566,0.9251,1.0
772,us-101__2959,780,78.0,0.49788,0.24786,47.0,0.888,5,0.6589,1.0,1.0,0.1732,0.7135,0.9483,0.8686,1.0
773,lankershim__261,1164,116.4,0.458018,0.265825,112.2,inf,0,0.3234,1.0,1.0,1.0,1.0,0.0,0.0,1.0
774,i-80__3255,669,66.9,0.545924,0.319305,55.7,1.38,2,0.4605,1.0,1.0,1.0,1.0,0.8826,0.9026,1.0
775,i-80__3123,657,65.7,0.683891,0.304578,54.0,1.149,6,0.4573,1.0,1.0,1.0,1.0,0.9135,0.8799,1.0
776,lankershim__513,985,98.5,0.717657,0.293368,92.2,0.382,23,0.8326,1.0,1.0,1.0,1.0,1.0,0.7767,1.0
777,i-80__322,872,87.2,0.5416,0.269221,52.8,5.345,0,0.4198,1.0,1.0,1.0,0.7416,0.354,0.8699,1.0
778,i-80__929,704,70.4,0.482325,0.245295,38.4,6.463,0,0.4403,1.0,1.0,1.0,0.4316,0.2049,0.8321,1.0
779,us-101__2646,683,68.3,0.469311,0.284495,1.4,6.646,0,0.5212,1.0,1.0,0.1705,0.7231,0.1805,0.814,1.0
780,us-101__2728,825,82.5,0.438541,0.298073,76.7,7.436,0,0.5847,0.9136,0.9872,1.0,0.8041,0.0752,0.8433,1.0
781,i-80__2958,756,75.6,0.557664,0.297213,1.4,7.156,0,0.5384,1.0,1.0,1.0,0.7564,0.1125,0.8053,1.0
782,peachtree__419,1602,160.2,0.747737,0.3449,92.1,0.291,33,1.0,1.0,1.0,1.0,1.0,1.0,0.9571,1.0
783,peachtree__963,1195,119.5,0.663008,0.338155,50.0,1.623,2,0.5595,1.0,1.0,1.0,1.0,0.8503,0.926,1.0
784,lankershim__407,864,86.4,0.74693,0.428598,1.3,2.787,0,0.7253,1.0,1.0,1.0,1.0,0.695,0.9291,1.0
785,lankershim__698,393,39.3,0.734579,0.441587,0.8,3.6,0,0.6247,1.0,1.0,0.6647,1.0,0.5867,0.8024,1.0
786,i-80__15,888,88.8,0.433923,0.143124,88.3,inf,0,0.3278,1.0,1.0,1.0,0.8188,0.0,0.0,1.0
787,us-101__1799,714,71.4,0.498904,0.27524,38.6,2.046,0,0.4412,0.9566,1.0,0.2025,0.79,0.7939,0.8901,1.0
788,lankershim__728,1461,146.1,0.750066,0.383742,89.5,2.668,0,1.0,1.0,1.0,1.0,1.0,0.711,0.9172,1.0
789,i-80__140,504,50.4,0.701416,0.322957,31.4,0.536,25,0.5307,1.0,1.0,0.3594,1.0,0.9951,1.0,1.0
790,lankershim__1472,1123,112.3,0.70359,0.382235,75.9,0.592,11,1.0,1.0,1.0,1.0,1.0,0.9878,0.9213,1.0
791,lankershim__1242,800,80.0,0.636079,0.338972,38.1,2.772,0,0.8884,1.0,1.0,1.0,1.0,0.6971,0.9166,1.0
792,i-80__3154,809,80.9,0.632885,0.307564,4.9,1.011,3,0.4306,1.0,1.0,1.0,0.8286,0.9318,0.9518,1.0
793,i-80__2561,1939,193.9,0.650809,0.282283,19.9,2.326,0,0.2385,1.0,1.0,1.0,1.0,0.7565,0.9475,1.0
794,peachtree__192,1268,126.8,0.795174,0.312967,32.0,0.876,9,1.0,1.0,1.0,1.0,1.0,0.9499,0.8888,1.0
795,lankershim__854,656,65.6,0.592776,0.363463,7.9,5.907,0,0.7766,1.0,1.0,1.0,1.0,0.2791,0.7506,1.0
796,us-101__2990,439,43.9,0.628618,0.288542,9.6,0.536,7,0.6145,1.0,1.0,0.2089,1.0,0.9952,0.8046,1.0
797,lankershim__1473,1740,174.0,0.606848,0.383065,5.0,0.466,11,0.9056,1.0,1.0,1.0,1.0,1.0,0.9407,1.0
798,i-80__1873,2483,248.3,0.918876,0.300637,78.1,0.274,21,1.0,1.0,1.0,1.0,1.0,1.0,0.9598,1.0
799,i-80__2743,730,73.0,0.672175,0.304497,27.2,0.136,13,0.3955,0.8124,1.0,0.3408,1.0,1.0,0.9692,1.0
800,peachtree__580,1069,106.9,0.579002,0.267222,21.3,0.498,16,1.0,1.0,1.0,1.0,1.0,1.0,0.622,0.88
801,us-101__536,601,60.1,0.43764,0.292001,7.5,5.664,0,0.5694,0.8172,1.0,0.1901,0.7716,0.3114,0.842,1.0
802,us-101__2275,446,44.6,0.482306,0.335205,12.9,8.178,0,0.7231,0.9344,1.0,0.0994,0.8708,0.0,0.9398,1.0
803,peachtree__172,1471,147.1,0.741042,0.348836,25.8,0.993,17,1.0,1.0,1.0,1.0,1.0,0.9342,0.9335,1.0
804,i-80__182,1246,124.6,0.91465,0.281384,38.2,0.478,17,1.0,1.0,1.0,1.0,1.0,1.0,0.8643,1.0
805,peachtree__1307,1098,109.8,0.752561,0.341204,56.0,0.806,9,0.4931,1.0,1.0,1.0,1.0,0.9592,1.0,1.0
806,i-80__3238,621,62.1,0.499496,0.27198,53.8,5.201,0,0.4629,1.0,1.0,0.3976,0.3301,0.3732,0.8921,1.0
807,us-101__2231,758,75.8,0.632579,0.248128,35.5,1.757,1,0.45,1.0,1.0,0.0962,0.5652,0.8323,0.8094,1.0
808,i-80__1203,677,67.7,0.493156,0.301629,46.2,2.981,0,0.4034,1.0,1.0,0.305,1.0,0.6692,0.9027,1.0
809,i-80__2947,845,84.5,0.607081,0.322662,16.5,3.5,0,0.4215,1.0,1.0,1.0,1.0,0.5999,0.9224,1.0
810,lankershim__687,1029,102.9,0.710574,0.38283,26.7,1.466,5,0.5833,1.0,1.0,1.0,1.0,0.8712,0.9253,1.0
811,i-80__2886,344,34.4,0.573082,0.334978,7.6,11.147,0,0.7488,1.0,1.0,0.8393,1.0,0.0,0.7048,1.0
812,i-80__392,578,57.8,0.515942,0.2586,22.0,2.803,0,0.416,1.0,1.0,0.2908,0.3882,0.693,0.8513,1.0
813,peachtree__1640,837,83.7,0.516663,0.238891,11.2,1.503,2,0.6228,1.0,1.0,1.0,1.0,0.8663,0.6594,1.0
814,i-80__502,725,72.5,0.636695,0.278032,30.3,0.45,9,0.3286,0.8086,1.0,0.3396,1.0,1.0,0.8749,1.0
815,i-80__1961,2658,265.8,0.837172,0.298187,72.4,0.136,12,1.0,1.0,1.0,1.0,0.5667,1.0,0.9665,1.0
816,i-80__2608,371,37.1,0.571943,0.32043,7.9,1.096,1,0.6712,1.0,1.0,0.036,0.8213,0.9205,1.0,1.0
817,lankershim__187,277,27.7,0.674547,0.413665,2.1,0.959,4,0.4508,1.0,1.0,1.0,1.0,0.9388,0.917,1.0
818,i-80__1825,2756,275.6,0.812779,0.304788,78.9,0.586,12,1.0,1.0,1.0,1.0,1.0,0.9885,0.9539,1.0
819,i-80__3126,644,64.4,0.40788,0.25063,4.5,3.1,0,0.4402,1.0,1.0,0.4654,0.5302,0.6533,0.7534,1.0
820,us-101__1193,1546,154.6,0.851979,0.313303,47.9,0.648,6,1.0,1.0,1.0,1.0,0.7444,0.9802,0.9285,1.0
821,peachtree__783,1242,124.2,0.562269,0.239293,21.3,0.389,12,0.5555,1.0,1.0,1.0,1.0,1.0,0.6388,1.0
822,i-80__2538,1576,157.6,0.621019,0.269546,23.0,3.101,0,0.2853,1.0,1.0,1.0,0.7808,0.6532,0.9441,1.0
823,i-80__1609,772,77.2,0.637119,0.279178,9.2,2.946,0,0.4161,1.0,1.0,0.7393,1.0,0.6739,0.9116,1.0
824,i-80__2962,747,74.7,0.619344,0.279804,45.1,1.585,1,0.4108,1.0,1.0,1.0,1.0,0.8554,0.8786,1.0
825,i-80__2025,909,90.9,0.688516,0.27376,40.1,0.189,14,0.3433,0.9313,1.0,0.2749,1.0,1.0,0.9566,1.0
826,lankershim__636,825,82.5,0.641199,0.305612,23.9,0.266,18,0.5267,1.0,1.0,1.0,1.0,1.0,1.0,1.0
827,i-80__2987,959,95.9,0.649239,0.317639,15.8,1.837,1,0.582,1.0,1.0,1.0,1.0,0.8217,0.9814,1.0
828,i-80__1763,2690,269.0,0.738601,0.307126,73.3,1.459,4,1.0,1.0,1.0,1.0,0.7629,0.8721,0.9093,1.0
829,peachtree__728,1056,105.6,0.5088,0.238814,12.4,13.394,0,1.0,1.0,1.0,1.0,1.0,0.0,0.0,0.8
830,us-101__2792,830,83.0,0.514095,0.300786,15.5,4.592,0,0.5825,1.0,1.0,1.0,0.5477,0.4544,0.9189,1.0
831,i-80__3084,642,64.2,0.470655,0.241024,9.1,22.958,0,0.4447,1.0,1.0,1.0,0.8556,0.0,0.2727,1.0
832,peachtree__919,1406,140.6,0.669925,0.30902,71.4,0.89,16,0.4415,1.0,1.0,1.0,1.0,0.948,0.9327,1.0
833,i-80__2634,1334,133.4,0.47562,0.277289,104.0,4.335,0,0.2749,0.8169,1.0,1.0,0.8335,0.4887,0.921,1.0
834,i-80__2683,1312,131.2,0.530155,0.242,20.7,5.158,0,0.3105,1.0,1.0,1.0,0.3747,0.3789,0.862,1.0
835,i-80__236,1196,119.6,0.901383,0.315567,38.2,0.272,21,1.0,1.0,1.0,1.0,1.0,1.0,0.9243,1.0
836,i-80__3197,343,34.3,0.686852,0.370885,2.5,0.245,7,0.6109,1.0,1.0,0.0878,0.8727,1.0,1.0,1.0
837,us-101__2018,955,95.5,0.501754,0.272848,46.3,4.907,0,0.5067,1.0,1.0,1.0,1.0,0.4124,0.9354,1.0
838,lankershim__1397,731,73.1,0.77646,0.393905,36.6,1.671,23,0.7259,1.0,1.0,1.0,1.0,0.8438,0.9351,1.0
839,i-80__3090,584,58.4,0.52131,0.31452,11.9,4.634,0,0.6231,1.0,1.0,0.6926,0.5665,0.4488,0.8422,1.0
840,us-101__1511,444,44.4,0.573413,0.276198,7.3,0.178,13,0.5155,1.0,1.0,0.0737,1.0,1.0,0.8902,1.0
841,peachtree__709,1100,110.0,0.692692,0.261808,3.7,0.815,9,0.5512,1.0,1.0,1.0,1.0,0.9579,0.7667,0.8
842,us-101__2625,965,96.5,0.624035,0.282776,94.2,0.375,7,0.4922,0.8689,1.0,0.64,0.7498,1.0,1.0,1.0
843,i-80__1176,540,54.0,0.642528,0.306101,50.8,1.141,7,0.5081,1.0,1.0,0.4901,0.6174,0.9146,0.9018,1.0
844,i-80__3080,934,93.4,0.532687,0.308172,76.9,2.345,0,0.508,1.0,1.0,1.0,0.6016,0.7541,0.9215,1.0
845,us-101__2257,691,69.1,0.390715,0.247244,4.6,5.527,0,0.4924,0.7234,0.9038,0.0684,0.8496,0.3298,0.8966,1.0
846,peachtree__1179,932,93.2,0.69039,0.262207,24.3,0.189,33,0.6085,1.0,1.0,1.0,1.0,1.0,0.0,0.88
847,i-80__2759,938,93.8,0.522653,0.306429,85.1,3.349,0,0.3492,1.0,1.0,1.0,0.4248,0.6202,1.0,1.0
848,lankershim__1558,866,86.6,0.483507,0.288059,28.3,1.557,2,0.8048,1.0,1.0,1.0,1.0,0.8591,0.0,1.0
849,us-101__3103,461,46.1,0.457422,0.284767,4.9,8.254,0,0.6011,0.9621,1.0,0.1575,0.6556,0.0,0.7181,1.0
850,i-80__133,930,93.0,0.651481,0.271666,48.9,0.91,4,0.3157,0.9535,1.0,0.3931,1.0,0.9453,0.856,1.0
851,peachtree__252,1350,135.0,0.625895,0.317248,24.1,0.953,8,0.6019,1.0,1.0,1.0,1.0,0.9396,0.7878,0.88
852,i-80__499,519,51.9,0.520099,0.245726,27.9,0.986,3,0.635,1.0,1.0,1.0,0.8288,0.9352,0.7262,1.0
853,peachtree__1466,1284,128.4,0.76822,0.250221,5.2,0.004,21,0.8185,1.0,1.0,1.0,1.0,1.0,1.0,0.68
854,peachtree__1101,344,34.4,0.81089,0.330603,22.3,0.186,13,0.3968,1.0,1.0,1.0,1.0,1.0,0.7648,0.84
855,peachtree__1026,2355,235.5,0.772105,0.268841,161.2,0.283,22,1.0,1.0,1.0,1.0,1.0,1.0,0.9207,1.0
856,i-80__332,1331,133.1,0.788883,0.275412,55.6,0.638,7,1.0,1.0,1.0,1.0,0.7246,0.9816,1.0,1.0
857,peachtree__652,304,30.4,0.712734,0.280055,5.2,1.169,3,0.9232,1.0,1.0,1.0,1.0,0.9108,0.7912,0.84
858,peachtree__1178,938,93.8,0.660292,0.317662,29.9,0.996,6,0.517,1.0,1.0,1.0,1.0,0.9339,0.8918,0.92
859,peachtree__459,52,5.2,0.461968,0.236891,5.1,inf,0,0.6246,1.0,1.0,1.0,1.0,0.0,0.0,0.32
860,i-80__3222,640,64.0,0.668666,0.362094,26.1,1.435,14,0.6477,1.0,1.0,1.0,1.0,0.8753,1.0,1.0
861,lankershim__486,641,64.1,0.682565,0.370758,28.4,2.573,0,0.7677,1.0,1.0,1.0,1.0,0.7236,0.8051,1.0
862,i-80__2496,223,22.3,0.438451,0.327979,12.9,10.644,0,1.0,1.0,1.0,0.0343,0.6149,0.0,0.5138,1.0
863,lankershim__408,1249,124.9,0.645211,0.360751,32.0,0.593,15,0.7081,1.0,1.0,1.0,1.0,0.9876,1.0,1.0
864,us-101__2928,852,85.2,0.614285,0.305128,64.8,2.755,0,0.83,0.9678,1.0,1.0,1.0,0.6993,0.9328,1.0
865,lankershim__1492,876,87.6,0.464703,0.200729,41.9,inf,0,0.3737,1.0,1.0,1.0,1.0,0.0,0.0,1.0
866,lankershim__1531,449,44.9,0.388167,0.211953,0.2,inf,0,0.2168,0.9671,1.0,1.0,1.0,0.0,0.0,0.72
867,us-101__2951,414,41.4,0.560631,0.316611,21.3,0.22,13,0.617,0.824,1.0,0.1816,1.0,1.0,0.7999,1.0
868,peachtree__1369,1268,126.8,0.800532,0.316159,94.3,0.804,14,1.0,1.0,1.0,1.0,1.0,0.9594,0.9264,0.92
869,lankershim__766,626,62.6,0.64123,0.385346,15.9,3.074,0,0.491,1.0,1.0,1.0,1.0,0.6567,0.9087,1.0
870,lankershim__1021,399,39.9,0.707191,0.411147,6.7,0.429,1,0.8329,1.0,1.0,1.0,1.0,1.0,1.0,1.0
871,lankershim__196,977,97.7,0.746842,0.394247,2.9,0.505,8,0.8853,1.0,1.0,1.0,1.0,0.9994,0.9375,1.0
872,us-101__2381,515,51.5,0.476061,0.293349,3.9,7.487,0,0.5654,0.9633,1.0,0.0525,0.9637,0.0684,0.7498,1.0
873,i-80__3324,608,60.8,0.598984,0.289401,5.3,4.008,0,0.6204,1.0,1.0,1.0,0.519,0.5322,0.8669,1.0
874,peachtree__734,1522,152.2,0.620676,0.223755,15.7,0.549,9,0.6043,1.0,1.0,1.0,1.0,0.9935,0.6841,0.92
875,i-80__3290,585,58.5,0.644665,0.333033,54.3,3.725,0,0.5058,1.0,1.0,1.0,0.691,0.57,0.8544,1.0
876,lankershim__866,835,83.5,0.791248,0.377097,15.2,0.338,8,0.7911,1.0,1.0,1.0,1.0,1.0,0.9272,1.0
877,i-80__2093,376,37.6,0.627614,0.308661,1.2,0.476,18,0.7122,1.0,1.0,0.231,0.7092,1.0,1.0,1.0
878,peachtree__290,1424,142.4,0.652918,0.2665,58.7,1.198,3,1.0,1.0,1.0,1.0,1.0,0.9069,0.8642,1.0
879,us-101__2425,468,46.8,0.601947,0.285325,3.0,1.252,3,0.5476,0.8801,0.9914,0.0332,1.0,0.8998,0.8091,1.0
880,lankershim__912,782,78.2,0.674432,0.408089,17.7,3.402,0,1.0,1.0,1.0,1.0,1.0,0.6131,0.9129,1.0
881,i-80__463,847,84.7,0.477644,0.28582,13.9,4.574,0,0.3298,1.0,1.0,0.9684,0.6871,0.4568,0.8636,1.0
882,lankershim__148,863,86.3,0.630999,0.401004,43.3,4.325,0,1.0,1.0,1.0,1.0,1.0,0.49,0.8906,1.0
883,us-101__2850,835,83.5,0.450477,0.272213,24.8,5.839,0,0.6202,0.8418,1.0,1.0,0.746,0.2881,0.8979,1.0
884,i-80__1055,752,75.2,0.727228,0.260394,31.0,1.68,1,1.0,1.0,1.0,1.0,0.4831,0.8426,0.8442,1.0
885,i-80__1469,1269,126.9,0.519615,0.284621,110.4,3.873,0,0.3921,1.0,1.0,1.0,1.0,0.5503,0.9088,1.0
886,i-80__668,1094,109.4,0.574318,0.277874,46.7,1.026,4,0.2856,0.6763,0.9616,1.0,1.0,0.9299,0.9346,1.0
887,i-80__22,1528,152.8,0.64974,0.293728,28.9,0.81,23,0.3578,1.0,1.0,1.0,0.7127,0.9586,1.0,1.0
888,peachtree__727,950,95.0,0.708662,0.321705,30.6,0.934,4,1.0,1.0,1.0,1.0,1.0,0.9422,0.9167,0.8
889,lankershim__190,257,25.7,0.567795,0.360112,7.2,2.246,0,0.3805,1.0,1.0,1.0,1.0,0.7672,0.9076,1.0
890,i-80__3124,412,41.2,0.763324,0.332787,28.7,1.169,6,0.6729,1.0,1.0,0.0762,1.0,0.9108,0.836,1.0
891,i-80__3155,693,69.3,0.643102,0.308664,5.0,4.686,0,0.4824,1.0,1.0,1.0,0.411,0.4418,0.847,1.0
892,peachtree__1635,219,21.9,0.416157,0.258923,18.7,inf,0,0.3982,1.0,1.0,0.7274,1.0,0.0,0.0,0.84
893,peachtree__120,1651,165.1,0.524756,0.321406,110.8,1.314,6,0.5842,1.0,1.0,1.0,1.0,0.8914,0.9056,0.88
894,us-101__2719,809,80.9,0.536859,0.295055,27.9,4.132,0,0.5452,1.0,1.0,1.0,0.9024,0.5157,0.9188,1.0
895,us-101__841,563,56.3,0.450678,0.298585,6.4,6.269,0,0.6037,0.9403,1.0,0.0382,0.8029,0.2307,0.8369,1.0
896,i-80__3150,483,48.3,0.726255,0.361041,9.3,0.164,19,0.6625,1.0,1.0,0.477,1.0,1.0,0.9634,1.0
897,i-80__1621,2590,259.0,0.779724,0.285745,95.0,0.352,25,1.0,1.0,1.0,1.0,1.0,1.0,0.9515,1.0
898,i-80__558,691,69.1,0.572555,0.269417,36.5,1.565,2,0.4635,1.0,1.0,1.0,1.0,0.858,0.8187,1.0
899,us-101__2932,779,77.9,0.655568,0.310825,76.6,2.539,0,0.6553,1.0,1.0,1.0,1.0,0.7282,0.9442,1.0
900,i-80__589,795,79.5,0.671529,0.291979,17.0,0.337,11,0.3146,1.0,1.0,0.5431,1.0,1.0,0.9348,1.0
901,i-80__3143,706,70.6,0.658497,0.28298,46.6,1.012,4,0.3965,1.0,1.0,1.0,0.8345,0.9318,0.8417,1.0
902,i-80__3198,897,89.7,0.530171,0.303606,1.9,1.911,1,0.4659,1.0,1.0,1.0,1.0,0.8119,0.9005,1.0
903,peachtree__1087,1541,154.1,0.605383,0.236776,55.2,0.398,8,1.0,1.0,1.0,1.0,1.0,1.0,0.8679,1.0
904,peachtree__336,1300,130.0,0.79297,0.339111,29.7,0.482,26,0.5894,1.0,1.0,1.0,1.0,1.0,1.0,0.8
905,i-80__3013,742,74.2,0.596021,0.314643,3.0,0.883,5,0.5402,1.0,1.0,1.0,1.0,0.9489,0.8805,1.0
906,i-80__1114,831,83.1,0.453828,0.26431,48.0,1.916,3,0.3446,1.0,1.0,0.2733,0.3656,0.8112,0.9111,1.0
907,us-101__2991,735,73.5,0.54759,0.262918,16.7,4.251,0,0.6422,0.9524,1.0,1.0,0.6856,0.4999,0.9188,1.0
908,lankershim__405,395,39.5,0.637325,0.364822,18.0,2.936,0,0.5687,1.0,1.0,0.5574,1.0,0.6752,0.8493,1.0
909,i-80__2,415,41.5,0.393411,0.244476,12.5,10.958,0,0.8311,1.0,1.0,1.0,0.8768,0.0,0.7105,1.0
910,peachtree__682,436,43.6,0.564208,0.339835,25.2,3.214,0,1.0,1.0,1.0,1.0,1.0,0.6381,0.9201,1.0
911,i-80__274,1009,100.9,0.61989,0.273148,21.1,0.768,9,0.5142,1.0,1.0,1.0,0.6012,0.9642,0.9778,1.0
912,lankershim__1380,569,56.9,0.509069,0.30574,0.9,6.042,0,0.5894,1.0,1.0,1.0,1.0,0.2611,0.6543,0.88
913,lankershim__1560,155,15.5,0.530842,0.341157,3.6,1.467,2,0.3791,1.0,1.0,0.5138,1.0,0.871,0.7669,1.0
914,us-101__2969,785,78.5,0.541375,0.295139,55.0,2.342,0,0.6564,0.9598,1.0,0.4733,0.8728,0.7543,0.9248,1.0
915,us-101__2938,946,94.6,0.544255,0.285448,17.9,4.337,0,0.6644,1.0,1.0,1.0,1.0,0.4884,0.8859,1.0
916,i-80__2898,947,94.7,0.554839,0.261476,23.0,1.835,1,0.3548,1.0,1.0,1.0,0.4711,0.8221,0.9166,1.0
917,peachtree__1012,1368,136.8,0.678266,0.235487,84.5,0.755,11,0.5076,1.0,1.0,1.0,1.0,0.966,0.7042,1.0
918,us-101__2032,561,56.1,0.519209,0.282641,52.2,4.957,0,0.5838,0.751,0.9219,0.0659,0.7905,0.4057,0.8678,1.0
919,peachtree__1332,927,92.7,0.636187,0.326252,71.9,0.358,22,0.5357,1.0,1.0,1.0,1.0,1.0,0.9374,0.88
920,us-101__2832,788,78.8,0.5577,0.285459,55.0,7.453,0,0.6799,1.0,1.0,1.0,1.0,0.0729,0.8636,1.0
921,lankershim__1046,633,63.3,0.66797,0.396576,7.8,3.049,0,0.8837,1.0,1.0,1.0,1.0,0.6601,0.8756,1.0
922,lankershim__1526,1021,102.1,0.72551,0.406544,1.2,0.364,17,0.6205,1.0,1.0,1.0,1.0,1.0,0.8986,1.0
923,peachtree__164,1536,153.6,0.665086,0.334033,55.3,0.578,15,0.4748,1.0,1.0,1.0,1.0,0.9896,0.9125,1.0
924,us-101__2615,919,91.9,0.548013,0.286457,7.0,2.83,0,0.4932,1.0,1.0,0.7,1.0,0.6893,0.8953,1.0
925,peachtree__107,934,93.4,0.565105,0.255722,89.7,15.604,0,0.8148,1.0,1.0,1.0,1.0,0.0,0.7971,0.92
926,peachtree__632,1451,145.1,0.554209,0.231503,17.5,0.377,11,1.0,1.0,1.0,1.0,1.0,1.0,0.0839,1.0
927,lankershim__30,814,81.4,0.609478,0.374843,78.2,0.426,9,0.4782,1.0,1.0,1.0,1.0,1.0,0.9295,1.0
928,i-80__2618,1637,163.7,0.5202,0.254629,106.2,2.029,0,0.278,0.9489,1.0,1.0,1.0,0.7961,0.9031,1.0
929,us-101__2704,863,86.3,0.500081,0.26371,35.9,3.286,0,0.5035,1.0,1.0,1.0,0.7831,0.6286,0.908,1.0
930,i-80__3014,823,82.3,0.51037,0.257136,66.4,0.73,6,0.4716,1.0,1.0,1.0,0.6314,0.9693,0.8158,1.0
931,us-101__1968,546,54.6,0.461296,0.230313,47.9,2.859,0,0.5893,0.8692,0.9369,0.1017,0.7334,0.6855,0.6849,1.0
932,i-80__2550,1968,196.8,0.557235,0.26388,117.5,3.425,0,0.2401,1.0,1.0,1.0,0.5347,0.6101,0.9485,1.0
933,i-80__1840,2943,294.3,0.815866,0.304433,91.6,0.593,7,1.0,1.0,1.0,1.0,1.0,0.9875,0.9473,1.0
934,i-80__1881,2094,209.4,0.782472,0.309474,48.0,0.685,8,1.0,1.0,1.0,1.0,0.8217,0.9754,0.9588,1.0
935,lankershim__905,1008,100.8,0.713332,0.374692,96.2,0.852,6,0.8543,1.0,1.0,1.0,1.0,0.9531,0.9182,1.0
936,i-80__3297,550,55.0,0.644434,0.384973,19.1,1.879,1,0.4939,1.0,1.0,1.0,1.0,0.8161,0.954,1.0
937,i-80__2313,678,67.8,0.677037,0.275035,9.0,0.487,9,0.6227,1.0,1.0,1.0,1.0,1.0,0.9418,1.0
938,i-80__835,1304,130.4,0.751412,0.334598,72.5,1.747,2,1.0,1.0,1.0,1.0,1.0,0.8337,0.9521,1.0
939,i-80__55,774,77.4,0.518228,0.2594,30.6,1.697,1,0.4129,1.0,1.0,0.2857,0.6665,0.8404,0.8864,1.0
940,peachtree__1520,173,17.3,0.442183,0.251348,17.2,6.117,0,0.4973,1.0,1.0,1.0,1.0,0.2511,0.0,0.92
941,peachtree__1636,472,47.2,0.597912,0.326783,8.8,3.119,0,0.3405,1.0,1.0,1.0,1.0,0.6508,0.8574,0.44
942,peachtree__498,1495,149.5,0.815356,0.342292,2.9,0.41,11,1.0,1.0,1.0,1.0,1.0,1.0,0.9552,1.0
943,peachtree__1326,1099,109.9,0.733228,0.26366,32.2,0.559,14,0.6195,1.0,1.0,1.0,1.0,0.9922,0.9191,0.88
944,peachtree__420,1603,160.3,0.73379,0.344243,94.8,1.39,5,1.0,1.0,1.0,1.0,1.0,0.8813,0.9739,1.0
945,peachtree__217,1084,108.4,0.653913,0.305768,3.9,0.498,20,0.5618,1.0,1.0,1.0,1.0,1.0,1.0,1.0
946,i-80__2390,1494,149.4,0.642616,0.319409,55.3,2.744,0,0.403,1.0,1.0,1.0,0.8745,0.7008,0.9456,1.0
947,us-101__1142,961,96.1,0.454571,0.270769,15.8,4.52,0,0.4924,0.7671,0.8556,0.3778,1.0,0.464,0.8875,1.0
948,peachtree__910,377,37.7,0.60955,0.287622,3.0,0.606,8,0.2357,1.0,1.0,1.0,1.0,0.9859,0.9414,0.96
949,i-80__144,636,63.6,0.539978,0.279379,11.6,3.676,0,0.4236,1.0,1.0,0.2605,1.0,0.5765,0.8496,1.0
950,us-101__2297,508,50.8,0.467627,0.293353,46.3,6.919,0,0.6149,0.9544,0.9943,0.1515,1.0,0.1441,0.7876,1.0
951,i-80__942,707,70.7,0.47503,0.279596,15.7,4.133,0,0.4201,0.896,1.0,1.0,0.5734,0.5156,0.9033,1.0
952,us-101__2502,598,59.8,0.473061,0.278833,2.6,3.654,0,0.5897,0.832,0.9665,0.3114,1.0,0.5795,0.8674,1.0
953,peachtree__349,1186,118.6,0.707587,0.310879,17.6,1.256,2,0.4598,1.0,1.0,1.0,1.0,0.8992,0.9255,1.0
954,us-101__2808,744,74.4,0.530624,0.307014,25.8,4.464,0,0.4873,1.0,1.0,1.0,0.6668,0.4715,0.9077,1.0
955,i-80__2124,389,38.9,0.368194,0.19283,4.0,15.131,0,0.5646,1.0,1.0,0.0484,0.5169,0.0,0.3469,1.0
956,lankershim__788,1828,182.8,0.915108,0.390274,116.9,0.563,13,1.0,1.0,1.0,1.0,1.0,0.9916,0.9249,1.0
957,i-80__2367,637,63.7,0.707993,0.304931,8.3,0.388,11,0.5975,1.0,1.0,1.0,1.0,1.0,0.9193,1.0
958,i-80__195,1109,110.9,0.649602,0.323194,67.9,0.373,10,0.4167,1.0,1.0,1.0,1.0,1.0,0.9616,1.0
959,lankershim__222,513,51.3,0.5352,0.257759,2.1,10.679,0,1.0,1.0,1.0,1.0,1.0,0.0,0.3461,0.96
960,peachtree__1219,1504,150.4,0.74581,0.344164,69.8,0.621,9,0.5112,1.0,1.0,1.0,1.0,0.9839,0.909,1.0
961,i-80__557,439,43.9,0.659946,0.272579,1.6,0.274,5,0.5754,1.0,1.0,0.0363,0.5425,1.0,1.0,1.0
962,us-101__2693,730,73.0,0.583364,0.289314,34.6,3.858,0,0.4903,1.0,1.0,1.0,0.9387,0.5522,0.89,1.0
963,us-101__2475,706,70.6,0.447934,0.247341,28.5,5.25,0,0.4369,0.7529,0.8808,0.0838,0.8251,0.3666,0.814,1.0
964,i-80__2490,985,98.5,0.621171,0.274684,21.8,0.408,5,0.4496,1.0,1.0,1.0,0.5772,1.0,1.0,1.0
965,peachtree__1177,959,95.9,0.680308,0.259112,26.3,0.425,12,0.4147,1.0,1.0,1.0,1.0,1.0,0.8931,0.88
966,us-101__2195,734,73.4,0.404631,0.262175,11.3,7.29,0,0.4536,0.8057,0.9054,0.1479,0.7692,0.0947,0.8302,1.0
967,peachtree__10,676,67.6,0.394326,0.208983,65.1,inf,0,0.2733,1.0,1.0,1.0,1.0,0.0,0.0,0.48
968,i-80__3221,812,81.2,0.635099,0.315935,50.8,1.221,4,0.5435,1.0,1.0,1.0,1.0,0.9038,1.0,1.0
969,lankershim__937,2136,213.6,0.741923,0.3585,204.0,0.194,15,1.0,1.0,1.0,1.0,1.0,1.0,0.9186,1.0
970,peachtree__1681,65,6.5,0.426378,0.239591,3.8,inf,0,0.2735,1.0,1.0,0.9139,1.0,0.0,0.0,0.6
971,lankershim__594,1097,109.7,0.714704,0.37086,67.3,0.447,10,1.0,1.0,1.0,1.0,1.0,1.0,0.8514,1.0
972,i-80__3211,337,33.7,0.48982,0.315239,26.2,4.702,0,0.662,1.0,1.0,0.0928,0.8347,0.4398,0.6682,1.0
973,i-80__426,456,45.6,0.453584,0.261545,29.5,7.774,0,0.4409,1.0,1.0,0.0428,0.574,0.0301,0.8137,1.0
974,i-80__334,1344,134.4,0.924055,0.327734,58.6,0.315,26,1.0,1.0,1.0,1.0,1.0,1.0,0.9327,1.0
975,lankershim__517,875,87.5,0.698406,0.374068,27.3,2.467,0,0.538,1.0,1.0,1.0,1.0,0.7377,0.9367,1.0
976,i-80__374,612,61.2,0.547265,0.263951,15.8,1.083,6,0.4492,1.0,1.0,0.5383,0.625,0.9222,0.8951,1.0
977,us-101__2727,746,74.6,0.632336,0.285775,26.0,2.047,0,0.493,1.0,1.0,1.0,0.8161,0.7937,0.8426,1.0
978,peachtree__91,923,92.3,0.438463,0.20412,87.5,inf,0,0.4377,1.0,1.0,1.0,1.0,0.0,0.0,0.56
979,i-80__2686,1330,133.0,0.574199,0.283541,126.4,2.599,0,0.2469,1.0,1.0,1.0,0.7853,0.7201,0.9213,1.0
980,i-80__813,667,66.7,0.553343,0.289962,63.4,2.524,0,0.4949,1.0,1.0,1.0,1.0,0.7302,0.9053,1.0
981,lankershim__641,762,76.2,0.691736,0.382914,12.2,2.547,0,0.8106,1.0,1.0,1.0,1.0,0.727,0.923,1.0
982,i-80__2211,3162,316.2,0.819852,0.293469,201.9,0.725,7,1.0,1.0,1.0,1.0,1.0,0.97,0.9479,1.0
983,i-80__954,916,91.6,0.727401,0.309839,10.2,0.899,16,1.0,1.0,1.0,1.0,1.0,0.9468,0.9879,1.0
984,i-80__3363,639,63.9,0.779552,0.38108,23.8,0.169,13,0.5518,1.0,1.0,1.0,1.0,1.0,0.9601,1.0
985,peachtree__371,1395,139.5,0.703046,0.329669,88.7,0.149,23,0.5714,1.0,1.0,1.0,1.0,1.0,0.9271,1.0
986,i-80__2245,3486,348.6,0.795082,0.303202,64.6,1.054,9,1.0,1.0,1.0,1.0,1.0,0.9261,0.9201,1.0
987,peachtree__1594,152,15.2,0.720812,0.307761,2.7,1.034,4,0.4756,1.0,1.0,1.0,1.0,0.9288,0.6916,0.6
988,peachtree__391,882,88.2,0.612355,0.262825,49.7,0.431,15,1.0,1.0,1.0,1.0,1.0,1.0,0.5372,1.0
989,i-80__2316,887,88.7,0.758849,0.300483,6.1,1.173,11,0.4212,1.0,1.0,1.0,1.0,0.9102,0.9654,1.0
990,i-80__840,237,23.7,0.366013,0.234585,15.4,32.295,0,0.8659,1.0,1.0,0.0371,0.6458,0.0,0.2811,1.0
991,i-80__372,1388,138.8,0.773474,0.285228,52.0,0.748,8,1.0,1.0,1.0,1.0,1.0,0.9669,0.9138,1.0
992,peachtree__1575,177,17.7,0.7088,0.298114,2.9,0.589,7,0.4052,1.0,1.0,1.0,1.0,0.9882,0.8683,0.72
993,i-80__443,627,62.7,0.374411,0.228269,58.4,9.077,0,0.3688,0.7111,0.9702,0.2237,0.5553,0.0,0.5912,1.0
994,peachtree__616,1563,156.3,0.666128,0.285835,91.9,0.277,11,0.5728,1.0,1.0,1.0,1.0,1.0,0.8652,0.76
995,i-80__3066,382,38.2,0.414927,0.284463,6.8,10.669,0,0.6814,1.0,1.0,0.1009,0.5486,0.0,0.5604,1.0
996,i-80__635,860,86.0,0.678988,0.310331,58.3,0.325,27,0.3904,1.0,1.0,1.0,1.0,1.0,0.961,1.0
997,i-80__679,1511,151.1,0.754173,0.304314,55.2,0.282,38,1.0,1.0,1.0,1.0,1.0,1.0,1.0,1.0
998,lankershim__665,659,65.9,0.742327,0.398353,8.7,2.792,0,0.7657,1.0,1.0,1.0,1.0,0.6944,0.9285,1.0
999,i-80__2906,805,80.5,0.739737,0.357924,22.2,1.504,9,0.7096,1.0,1.0,1.0,0.7583,0.8662,0.9541,1.0
1000,peachtree__116,1920,192.0,0.636812,0.287649,98.5,0.533,14,1.0,1.0,1.0,1.0,1.0,0.9956,0.9189,0.88
1001,i-80__2944,350,35.0,0.592407,0.343528,0.7,3.17,0,0.6938,1.0,1.0,0.1061,0.7988,0.644,0.825,1.0
1002,us-101__2184,703,70.3,0.537456,0.301618,20.4,3.387,0,0.575,1.0,1.0,1.0,0.747,0.6151,0.9369,1.0
1003,us-101__2707,817,81.7,0.480894,0.291379,27.7,6.365,0,0.5494,1.0,1.0,1.0,0.7324,0.218,1.0,1.0
1004,peachtree__771,608,60.8,0.844945,0.34254,13.8,1.293,9,1.0,1.0,1.0,1.0,1.0,0.8942,0.8986,0.96
1005,i-80__2681,723,72.3,0.610656,0.370406,26.2,0.323,28,0.4425,1.0,1.0,0.2515,1.0,1.0,1.0,1.0
1006,lankershim__500,917,91.7,0.642305,0.319068,1.5,5.285,0,0.7109,1.0,1.0,1.0,1.0,0.3619,0.8325,1.0
1007,lankershim__701,1064,106.4,0.701593,0.391832,45.2,1.055,17,0.7735,1.0,1.0,1.0,1.0,0.926,0.9179,1.0
1008,peachtree__405,1646,164.6,0.838414,0.344217,55.2,0.256,35,1.0,1.0,1.0,1.0,1.0,1.0,1.0,1.0
1009,i-80__2023,2181,218.1,0.523865,0.263432,52.5,4.466,0,1.0,1.0,1.0,1.0,0.9103,0.4711,0.9295,1.0
1010,us-101__2918,960,96.0,0.522326,0.279118,1.9,4.504,0,0.6328,0.9268,1.0,1.0,0.8087,0.4661,0.8962,1.0
1011,i-80__1271,507,50.7,0.54262,0.248668,17.0,1.367,3,0.6222,1.0,1.0,0.106,0.5404,0.8844,0.8076,1.0
1012,i-80__2624,362,36.2,0.409215,0.289063,24.5,8.622,0,0.6175,0.8248,0.8379,0.0339,0.7283,0.0,0.7405,1.0
1013,lankershim__1079,2640,264.0,0.694562,0.330752,175.2,0.536,15,1.0,1.0,1.0,1.0,1.0,0.9952,0.9209,1.0
1014,lankershim__491,925,92.5,0.757886,0.407248,28.9,1.247,15,0.5346,1.0,1.0,1.0,1.0,0.9005,0.9322,1.0
1015,peachtree__1200,1556,155.6,0.751793,0.305307,35.0,0.701,25,0.4733,1.0,1.0,1.0,1.0,0.9732,0.9302,1.0
1016,us-101__2678,518,51.8,0.723819,0.278539,22.0,0.318,11,0.6517,0.9081,0.8715,1.0,1.0,1.0,0.8926,1.0
1017,i-80__2986,740,74.0,0.571194,0.306649,36.6,3.217,0,0.4002,1.0,1.0,0.4781,0.6433,0.6377,0.9142,1.0
1018,peachtree__389,1327,132.7,0.634913,0.306366,93.8,0.806,13,0.509,1.0,1.0,1.0,1.0,0.9592,0.9356,0.84
1019,us-101__2174,579,57.9,0.598563,0.279457,3.1,2.854,0,0.5557,0.8909,1.0,0.1097,0.7267,0.6862,0.9322,1.0
1020,i-80__2745,1187,118.7,0.49187,0.260502,79.9,3.702,0,0.2881,0.7483,0.9906,1.0,0.6175,0.573,0.8819,1.0
1021,i-80__2865,435,43.5,0.461521,0.277959,5.9,6.535,0,0.5431,1.0,1.0,0.0494,0.5913,0.1954,0.8697,1.0
1022,i-80__3352,839,83.9,0.58218,0.287878,44.3,2.351,0,0.4064,1.0,1.0,1.0,0.6123,0.7531,0.8998,1.0
1023,lankershim__1003,2759,275.9,0.771244,0.308824,156.1,0.467,21,1.0,1.0,1.0,1.0,1.0,1.0,0.8949,1.0
1024,us-101__2871,942,94.2,0.833386,0.285456,73.7,0.162,40,0.6772,1.0,1.0,1.0,1.0,1.0,1.0,1.0
1025,us-101__920,1193,119.3,0.812461,0.326808,72.0,0.535,13,1.0,1.0,1.0,1.0,1.0,0.9953,0.8977,1.0
1026,i-80__2531,1441,144.1,0.622444,0.274824,125.3,0.646,11,0.4142,1.0,1.0,1.0,1.0,0.9806,1.0,1.0
1027,us-101__2701,936,93.6,0.546181,0.285661,42.8,2.897,0,0.492,0.7443,1.0,1.0,0.7226,0.6804,0.9125,1.0
1028,i-80__3168,754,75.4,0.573137,0.278071,46.9,4.228,0,0.3679,1.0,1.0,1.0,0.5747,0.503,0.869,1.0
1029,lankershim__564,91,9.1,0.491531,0.359053,3.2,inf,0,0.498,1.0,1.0,1.0,1.0,0.0,0.0,1.0
1030,us-101__2097,939,93.9,0.561055,0.259718,28.9,1.276,1,0.5593,1.0,1.0,1.0,0.8552,0.8965,1.0,1.0
1031,i-80__2874,962,96.2,0.673269,0.276138,26.6,1.522,3,0.4369,1.0,1.0,1.0,0.5551,0.8638,0.9404,1.0
1032,lankershim__1241,754,75.4,0.684492,0.407261,4.9,2.342,0,0.6352,1.0,1.0,1.0,1.0,0.7544,0.9265,1.0
1033,i-80__132,1100,110.0,0.585457,0.280224,54.3,0.093,2,0.3147,1.0,1.0,1.0,1.0,1.0,1.0,1.0
1034,i-80__2733,438,43.8,0.443541,0.292981,9.0,5.849,0,0.5457,1.0,1.0,0.0742,0.5645,0.2868,0.7469,1.0
1035,i-80__2999,762,76.2,0.519508,0.289447,43.3,5.265,0,0.3879,1.0,1.0,1.0,1.0,0.3646,0.8225,1.0
1036,us-101__2775,767,76.7,0.528612,0.302818,26.8,4.733,0,0.4596,1.0,1.0,1.0,1.0,0.4357,0.9031,1.0
1037,peachtree__878,684,68.4,0.82509,0.334256,56.5,0.717,10,1.0,1.0,1.0,1.0,1.0,0.971,0.8878,0.92
1038,peachtree__530,798,79.8,0.731555,0.32925,36.7,0.492,28,1.0,1.0,1.0,1.0,1.0,1.0,0.9125,1.0
1039,i-80__1622,657,65.7,0.644131,0.331695,38.3,0.457,8,0.6641,1.0,1.0,1.0,1.0,1.0,0.9497,1.0
1040,i-80__2477,401,40.1,0.549704,0.323383,28.0,3.416,0,0.6925,1.0,1.0,1.0,0.7153,0.6112,0.8782,1.0
1041,us-101__1494,476,47.6,0.468137,0.315387,5.2,8.284,0,0.5812,0.9135,1.0,0.1013,0.6611,0.0,0.833,1.0
1042,lankershim__729,578,57.8,0.57426,0.412791,11.5,5.985,0,0.587,1.0,1.0,1.0,1.0,0.2687,0.9058,1.0
1043,i-80__340,993,99.3,0.632018,0.284636,5.6,2.554,0,0.3775,1.0,1.0,0.8506,1.0,0.7261,0.9587,1.0
1044,us-101__2069,485,48.5,0.551031,0.323473,32.6,1.133,5,0.6883,1.0,1.0,0.1072,1.0,0.9157,0.8324,1.0
1045,i-80__2685,403,40.3,0.450319,0.287156,19.3,9.713,0,0.5692,1.0,1.0,0.0361,0.8213,0.0,0.556,1.0
1046,us-101__2875,747,74.7,0.493152,0.29701,6.1,5.759,0,0.6853,0.9955,1.0,1.0,1.0,0.2988,0.8743,1.0
1047,i-80__2968,799,79.9,0.484869,0.248528,52.6,4.378,0,0.4149,1.0,1.0,1.0,0.3641,0.4829,0.8851,1.0
1048,us-101__2718,555,55.5,0.737789,0.289953,6.8,0.263,14,0.5828,1.0,1.0,0.8206,1.0,1.0,0.8319,1.0
1049,i-80__2738,1176,117.6,0.554246,0.265453,79.7,2.465,0,0.3087,0.8904,1.0,1.0,0.4066,0.738,0.9512,1.0
1050,lankershim__85,955,95.5,0.700609,0.399377,85.5,0.315,10,1.0,1.0,1.0,1.0,1.0,1.0,0.9043,1.0
1051,i-80__3278,323,32.3,0.456376,0.32848,19.5,10.922,0,0.6615,1.0,1.0,0.052,0.6527,0.0,0.6755,1.0
1052,us-101__2963,379,37.9,0.623016,0.305365,16.2,0.391,10,0.6745,0.8816,1.0,0.1826,1.0,1.0,0.8524,1.0
1053,lankershim__226,457,45.7,0.674185,0.354906,29.0,3.109,0,0.6452,1.0,1.0,1.0,1.0,0.6521,0.8932,1.0
1054,peachtree__96,831,83.1,0.582953,0.332769,8.3,1.906,1,1.0,1.0,1.0,1.0,1.0,0.8125,0.9268,0.56
1055,i-80__2668,1886,188.6,0.493272,0.256181,186.7,4.444,0,0.2468,1.0,1.0,1.0,0.4989,0.4742,0.9503,1.0
1056,peachtree__998,529,52.9,0.691998,0.278427,46.8,0.198,41,0.5218,1.0,1.0,1.0,1.0,1.0,0.7549,0.88
1057,us-101__2703,609,60.9,0.582059,0.302577,12.5,0.244,12,0.5312,1.0,1.0,1.0,1.0,1.0,0.9233,1.0
1058,us-101__2335,702,70.2,0.405682,0.246603,6.4,7.434,0,0.4914,0.7823,0.9236,0.1096,0.6699,0.0755,0.7725,1.0
1059,us-101__1807,685,68.5,0.508112,0.289037,0.3,7.045,0,0.4618,1.0,1.0,0.3253,1.0,0.1273,0.8444,1.0
1060,i-80__2982,788,78.8,0.552236,0.298512,8.0,4.382,0,0.4626,1.0,1.0,1.0,0.8233,0.4824,0.8915,1.0
1061,peachtree__851,1982,198.2,0.692757,0.242671,15.6,0.446,10,1.0,1.0,1.0,1.0,1.0,1.0,0.8812,1.0
1062,i-80__741,755,75.5,0.625835,0.284937,3.8,1.322,3,0.6038,1.0,1.0,1.0,1.0,0.8904,0.9331,1.0
1063,peachtree__275,1563,156.3,0.686985,0.333892,75.6,1.096,4,1.0,1.0,1.0,1.0,1.0,0.9206,0.93,1.0
1064,i-80__2899,854,85.4,0.616569,0.311621,84.6,1.271,4,0.4202,1.0,1.0,1.0,1.0,0.8972,0.9129,1.0
1065,us-101__2955,359,35.9,0.526031,0.309913,3.8,1.351,2,0.6588,1.0,1.0,0.0544,1.0,0.8865,0.7675,1.0
1066,peachtree__1135,71,7.1,0.288992,0.169898,3.1,inf,0,0.107,0.0028,0.0034,0.0,1.0,0.0,0.8009,0.68
1067,us-101__2999,594,59.4,0.640511,0.299292,9.3,0.583,14,0.7647,0.9308,1.0,0.1438,0.7001,0.989,1.0,1.0
1068,i-80__796,522,52.2,0.72352,0.271536,2.9,1.991,1,0.513,1.0,1.0,1.0,1.0,0.8012,0.805,1.0
1069,i-80__3148,660,66.0,0.468829,0.278015,42.3,7.09,0,0.3935,1.0,1.0,0.7131,0.6239,0.1214,0.8502,1.0
1070,i-80__683,631,63.1,0.387452,0.273149,58.2,7.087,0,0.3945,0.7772,0.8942,0.2392,0.7687,0.1218,0.8363,1.0
1071,i-80__3293,614,61.4,0.764192,0.333951,28.8,0.389,9,0.5217,1.0,1.0,1.0,1.0,1.0,0.9159,1.0
1072,lankershim__779,811,81.1,0.640561,0.383109,23.1,2.337,0,0.9507,1.0,1.0,1.0,1.0,0.755,0.9054,1.0
1073,lankershim__302,898,89.8,0.588414,0.265049,5.5,5.911,0,1.0,1.0,1.0,1.0,1.0,0.2786,0.6977,1.0
1074,lankershim__352,828,82.8,0.664355,0.412664,21.5,3.344,0,0.8342,1.0,1.0,1.0,1.0,0.6208,0.9082,1.0
1075,i-80__3362,473,47.3,0.677586,0.305966,13.0,0.408,2,0.4956,1.0,1.0,1.0,1.0,1.0,0.8706,1.0
1076,i-80__2443,3908,390.8,0.800533,0.277217,216.0,0.423,11,1.0,1.0,1.0,1.0,0.6707,1.0,0.9485,1.0
1077,i-80__98,1086,108.6,0.43991,0.260268,57.8,5.265,0,0.3096,0.8488,1.0,1.0,0.5689,0.3646,0.9079,1.0
1078,peachtree__160,1465,146.5,0.703588,0.352681,30.9,0.524,14,1.0,1.0,1.0,1.0,1.0,0.9968,0.91,1.0
1079,peachtree__409,1653,165.3,0.783232,0.327503,84.2,0.414,31,1.0,1.0,1.0,1.0,1.0,1.0,0.9436,1.0
1080,i-80__2997,821,82.1,0.757915,0.309876,35.1,0.282,9,0.3734,1.0,1.0,1.0,1.0,1.0,0.9239,1.0
1081,lankershim__33,548,54.8,0.509381,0.251732,41.1,inf,0,0.3991,1.0,1.0,1.0,1.0,0.0,0.9231,1.0
1082,i-80__148,1060,106.0,0.622546,0.271434,11.9,4.179,0,0.3636,1.0,1.0,1.0,1.0,0.5095,0.9891,1.0
1083,us-101__2221,495,49.5,0.410247,0.293923,39.7,11.637,0,0.6672,0.9517,1.0,0.0994,0.6272,0.0,0.7798,1.0
1084,i-80__410,1000,100.0,0.621931,0.299576,61.1,2.096,0,0.3884,1.0,1.0,1.0,1.0,0.7872,1.0,1.0
1085,i-80__2699,1953,195.3,0.555406,0.268111,71.3,3.066,0,0.3141,1.0,1.0,1.0,0.7465,0.6579,0.9428,1.0
1086,us-101__2270,511,51.1,0.384682,0.284123,5.5,9.309,0,0.5461,0.9319,1.0,0.0426,0.707,0.0,0.7583,1.0
1087,lankershim__1485,382,38.2,0.580654,0.328546,0.3,76.133,0,0.6454,1.0,1.0,1.0,1.0,0.0,0.6198,1.0
1088,us-101__2413,285,28.5,0.455398,0.258042,10.1,5.729,0,0.6869,1.0,1.0,0.05,1.0,0.3027,0.7538,1.0
1089,i-80__2633,362,36.2,0.38392,0.279689,3.3,9.633,0,0.6106,0.943,1.0,0.0259,0.6868,0.0,0.688,1.0
1090,peachtree__656,414,41.4,0.537475,0.274853,3.3,3.912,0,1.0,1.0,1.0,1.0,1.0,0.5451,0.6964,0.8
1091,i-80__2768,955,95.5,0.540689,0.272844,9.2,5.027,0,0.399,1.0,1.0,1.0,0.6627,0.3964,0.8552,1.0
1092,i-80__878,448,44.8,0.395062,0.241204,25.9,4.263,0,0.4857,1.0,1.0,0.1695,0.6841,0.4983,0.5228,1.0
1093,i-80__1808,2396,239.6,0.804088,0.299423,93.3,0.682,9,1.0,1.0,1.0,1.0,0.8085,0.9758,0.9242,1.0
1094,peachtree__1060,370,37.0,0.751268,0.230722,2.9,0.327,9,0.3978,1.0,1.0,1.0,1.0,1.0,0.9007,0.8
1095,i-80__3210,682,68.2,0.762118,0.336466,10.2,0.183,1,0.6278,1.0,1.0,1.0,1.0,1.0,1.0,1.0
1096,peachtree__1134,1296,129.6,0.721032,0.31769,27.0,0.654,19,0.4567,1.0,1.0,1.0,1.0,0.9794,0.9293,0.88
1097,us-101__2024,651,65.1,0.593546,0.276957,7.8,0.35,9,0.5549,0.8265,1.0,0.6795,1.0,1.0,0.8788,1.0
1098,i-80__291,453,45.3,0.260222,0.136883,43.6,inf,0,0.591,0.93,1.0,0.0149,0.4302,0.0,0.0,0.96
1099,lankershim__709,1442,144.2,0.715187,0.373004,103.2,0.68,15,1.0,1.0,1.0,1.0,1.0,0.976,0.9478,1.0
1100,lankershim__361,499,49.9,0.69073,0.310649,22.8,0.502,12,0.6636,1.0,1.0,1.0,1.0,0.9997,0.4774,1.0
1101,us-101__2822,820,82.0,0.594344,0.307197,37.1,2.764,0,0.5776,0.988,1.0,1.0,0.9812,0.6981,0.9156,1.0
1102,us-101__3109,510,51.0,0.409794,0.281782,21.6,10.29,0,0.5959,0.9046,1.0,0.1068,0.8444,0.0,0.6853,1.0
1103,peachtree__41,100,10.0,0.33018,0.249646,6.0,inf,0,0.2277,0.9008,1.0,1.0,1.0,0.0,0.0,0.4
1104,i-80__3152,598,59.8,0.536084,0.317531,4.0,4.197,0,0.5166,1.0,1.0,0.4398,0.8812,0.5071,0.8723,1.0
1105,i-80__2232,1138,113.8,0.554751,0.283746,79.2,2.678,0,0.3325,1.0,1.0,1.0,1.0,0.7097,0.9343,1.0
1106,i-80__253,1454,145.4,0.886612,0.317577,78.5,0.179,21,1.0,1.0,1.0,1.0,1.0,1.0,0.9475,1.0
1107,i-80__1107,769,76.9,0.616555,0.276524,49.7,0.51,6,0.464,1.0,1.0,0.4213,1.0,0.9987,0.8916,1.0
1108,i-80__3073,823,82.3,0.639346,0.332315,16.0,1.251,5,0.7075,1.0,1.0,1.0,1.0,0.8999,0.9078,1.0
1109,us-101__2410,729,72.9,0.560263,0.279696,35.1,9.425,0,0.4371,1.0,1.0,1.0,0.9062,0.0,0.8687,1.0
1110,i-80__1723,1471,147.1,0.513525,0.263044,91.1,6.96,0,0.2914,1.0,1.0,1.0,0.8822,0.1387,0.9243,1.0
1111,us-101__3007,853,85.3,0.59701,0.279192,52.1,2.926,0,0.7364,1.0,1.0,1.0,0.4934,0.6765,0.93,1.0
1112,peachtree__1387,1244,124.4,0.800642,0.265809,76.2,0.878,13,0.5622,1.0,1.0,1.0,1.0,0.9496,0.8992,1.0
1113,i-80__3342,653,65.3,0.701938,0.326638,17.1,1.974,1,0.449,1.0,1.0,1.0,1.0,0.8035,0.9286,1.0
1114,peachtree__1185,923,92.3,0.767504,0.392855,38.3,0.623,33,1.0,1.0,1.0,1.0,1.0,0.9836,0.9231,0.88
1115,i-80__3318,612,61.2,0.584556,0.30369,39.5,1.21,4,0.4397,1.0,1.0,1.0,1.0,0.9053,0.8561,1.0
1116,lankershim__1494,1210,121.0,0.455867,0.260428,0.0,29.552,0,0.6852,1.0,1.0,1.0,1.0,0.0,0.0,1.0
1117,peachtree__749,1126,112.6,0.776225,0.330678,25.1,0.522,11,1.0,1.0,1.0,1.0,1.0,0.9971,1.0,0.92
1118,us-101__2576,663,66.3,0.523416,0.310163,38.3,4.289,0,0.766,1.0,1.0,0.1398,0.6121,0.4948,0.8718,1.0
1119,i-80__282,654,65.4,0.677488,0.293552,28.5,2.023,0,0.4791,1.0,1.0,0.3661,0.5464,0.7969,0.8889,1.0
1120,lankershim__1564,1125,112.5,0.621238,0.367247,14.1,4.403,0,0.7574,1.0,1.0,1.0,1.0,0.4795,0.9007,1.0
1121,us-101__2394,521,52.1,0.51655,0.299862,47.8,2.533,0,0.5982,0.9973,1.0,0.0614,0.7947,0.7289,0.8335,1.0
1122,peachtree__1548,51,5.1,0.2205,0.17335,3.8,inf,0,0.175,0.2078,0.2405,0.0414,1.0,0.0,0.0,0.84
1123,lankershim__1553,274,27.4,0.624722,0.290354,7.4,4.405,0,0.668,1.0,1.0,1.0,1.0,0.4793,0.8367,0.6
1124,i-80__2222,397,39.7,0.367897,0.284714,20.7,12.705,0,0.526,0.7495,1.0,0.0492,0.7585,0.0,0.6502,1.0
1125,lankershim__1580,241,24.1,0.661596,0.342613,12.1,3.314,0,0.3111,1.0,1.0,1.0,1.0,0.6247,0.8573,1.0
1126,us-101__2939,819,81.9,0.541552,0.274112,12.5,2.053,0,0.669,1.0,1.0,1.0,0.9411,0.7929,0.887,1.0
1127,i-80__1904,1611,161.1,0.611208,0.285169,37.6,2.62,0,0.3377,1.0,1.0,1.0,0.6187,0.7173,0.9189,1.0
1128,i-80__379,534,53.4,0.406949,0.264167,42.8,5.924,0,0.4873,1.0,1.0,0.2481,0.4205,0.2768,0.8842,1.0
1129,us-101__2165,314,31.4,0.430479,0.251247,16.2,4.089,0,0.7439,1.0,1.0,0.0323,1.0,0.5215,0.7582,1.0
1130,i-80__3036,660,66.0,0.692211,0.356407,25.8,0.225,12,0.536,1.0,1.0,1.0,1.0,1.0,0.9332,1.0
1131,i-80__2904,667,66.7,0.523903,0.288563,17.1,5.883,0,0.4316,1.0,1.0,1.0,1.0,0.2823,0.7686,1.0
1132,peachtree__415,1720,172.0,0.727456,0.339407,55.2,0.238,23,0.4169,1.0,1.0,1.0,1.0,1.0,0.9785,1.0
1133,us-101__2501,545,54.5,0.453561,0.278178,35.2,8.286,0,0.6399,1.0,1.0,0.0926,1.0,0.0,0.7934,1.0
1134,i-80__2583,1932,193.2,0.764147,0.238076,67.2,0.657,12,0.3651,1.0,1.0,1.0,1.0,0.9791,0.9099,1.0
1135,us-101__1141,1003,100.3,0.640208,0.267433,6.0,2.631,0,0.4916,1.0,1.0,1.0,0.8862,0.7158,0.8452,1.0
1136,i-80__120,355,35.5,0.452717,0.307609,32.0,8.867,0,0.6794,1.0,1.0,0.0393,0.7118,0.0,0.6895,1.0
1137,i-80__2063,1506,150.6,0.558662,0.306976,77.3,2.066,0,0.5041,1.0,1.0,1.0,0.9123,0.7912,0.9604,1.0
1138,lankershim__1576,647,64.7,0.684793,0.331818,42.9,0.554,5,0.7514,1.0,1.0,1.0,1.0,0.9928,0.9084,1.0
1139,peachtree__402,1620,162.0,0.639866,0.22173,90.7,1.195,3,0.4796,1.0,1.0,1.0,1.0,0.9073,0.9801,1.0
1140,us-101__1374,946,94.6,0.484705,0.300069,88.7,4.531,0,0.459,1.0,1.0,1.0,0.7801,0.4626,0.9211,1.0
1141,i-80__3026,632,63.2,0.715431,0.360232,22.9,2.018,0,0.4893,1.0,1.0,1.0,1.0,0.7976,0.9033,1.0
1142,lankershim__123,1022,102.2,0.642439,0.366962,8.0,4.798,0,0.6832,1.0,1.0,1.0,1.0,0.427,0.873,1.0
1143,lankershim__1329,999,99.9,0.773829,0.373958,74.4,1.665,4,0.7446,1.0,1.0,1.0,1.0,0.8447,0.9484,0.96
1144,peachtree__271,529,52.9,0.818595,0.394033,31.5,0.41,9,1.0,1.0,1.0,1.0,1.0,1.0,0.9121,0.96
1145,peachtree__630,268,26.8,0.674195,0.292677,4.9,1.343,2,1.0,1.0,1.0,1.0,1.0,0.8876,0.8133,0.76
1146,peachtree__1555,866,86.6,0.69722,0.255324,3.6,0.18,33,0.5878,1.0,1.0,1.0,1.0,1.0,0.6119,0.92
1147,lankershim__1575,644,64.4,0.795038,0.350234,47.5,0.081,50,0.5666,1.0,1.0,1.0,1.0,1.0,1.0,1.0
1148,i-80__750,270,27.0,0.819256,0.485473,20.8,0.524,36,0.9176,1.0,1.0,1.0,1.0,0.9969,1.0,1.0
1149,lankershim__1175,614,61.4,0.761023,0.408427,35.2,2.672,0,0.6962,1.0,1.0,1.0,1.0,0.7104,0.9078,1.0
1150,peachtree__296,1449,144.9,0.817219,0.344187,34.0,0.905,22,1.0,1.0,1.0,1.0,1.0,0.9459,0.9387,1.0
1151,i-80__3022,848,84.8,0.638949,0.335365,14.3,0.522,9,0.4566,1.0,1.0,1.0,1.0,0.9971,1.0,1.0
1152,i-80__2125,687,68.7,0.611066,0.358096,5.7,4.798,0,0.5754,1.0,1.0,1.0,1.0,0.4269,0.8852,1.0
1153,peachtree__756,606,60.6,0.704683,0.344467,21.6,2.173,0,1.0,1.0,1.0,1.0,1.0,0.777,0.8828,1.0
1154,i-80__281,496,49.6,0.434318,0.307988,23.0,8.84,0,0.5665,1.0,1.0,0.0397,0.9225,0.0,0.7616,1.0
1155,i-80__3057,394,39.4,0.55204,0.319287,18.2,8.67,0,0.6097,1.0,1.0,1.0,0.7494,0.0,0.7392,1.0
1156,i-80__1960,1664,166.4,0.725211,0.310948,83.6,2.155,0,0.3717,1.0,1.0,1.0,1.0,0.7793,0.9418,1.0
1157,us-101__2831,714,71.4,0.615042,0.273979,23.8,2.809,0,0.5192,0.9842,1.0,1.0,0.4888,0.6921,0.9309,1.0
1158,us-101__1377,1083,108.3,0.526545,0.275206,8.5,3.748,0,0.4881,0.9572,1.0,1.0,1.0,0.567,0.897,1.0
1159,i-80__85,1093,109.3,0.560638,0.279088,12.3,3.796,0,0.2996,1.0,1.0,0.6356,0.7673,0.5606,0.9021,1.0
1160,us-101__2164,511,51.1,0.453938,0.252315,33.4,0.961,3,0.5957,1.0,1.0,0.1743,0.9021,0.9385,0.7433,1.0
1161,i-80__2135,1728,172.8,0.709878,0.28336,52.2,1.516,4,0.2749,1.0,1.0,1.0,1.0,0.8645,0.9869,1.0
1162,i-80__2974,765,76.5,0.625693,0.277216,2.6,1.136,3,0.3596,1.0,1.0,1.0,0.4926,0.9152,0.8406,1.0
1163,us-101__2737,820,82.0,0.503518,0.29572,57.2,3.644,0,0.4915,0.8733,1.0,1.0,1.0,0.5808,0.9346,1.0
1164,us-101__1270,1633,163.3,0.800989,0.269419,51.8,0.515,10,1.0,1.0,1.0,1.0,0.9061,0.998,0.9153,1.0
1165,i-80__2908,1001,100.1,0.609673,0.296528,19.5,1.426,2,0.5186,1.0,1.0,1.0,1.0,0.8765,0.8819,1.0
1166,i-80__2636,365,36.5,0.417185,0.292573,3.6,15.716,0,0.5912,0.9255,0.9886,0.041,0.8366,0.0,0.6615,1.0
1167,us-101__2197,730,73.0,0.492662,0.268353,60.4,4.632,0,0.4599,0.7654,0.8536,0.12,0.5645,0.4491,0.8919,1.0
1168,i-80__2219,1042,104.2,0.624554,0.312955,41.5,0.244,11,0.2521,1.0,1.0,1.0,1.0,1.0,0.9631,1.0
1169,peachtree__1170,2268,226.8,0.76625,0.284313,115.7,0.893,8,0.5041,1.0,1.0,1.0,1.0,0.9476,0.9088,1.0
1170,i-80__1662,2020,202.0,0.737479,0.281705,132.1,0.167,14,1.0,1.0,1.0,1.0,1.0,1.0,0.9542,1.0
1171,us-101__232,1119,111.9,0.783263,0.285262,61.2,0.862,5,1.0,1.0,1.0,1.0,1.0,0.9518,0.8246,1.0
1172,us-101__2916,809,80.9,0.481811,0.290199,0.9,4.964,0,0.726,0.9744,1.0,1.0,1.0,0.4048,0.9181,1.0
1173,peachtree__951,1276,127.6,0.637385,0.301446,19.6,1.219,3,0.5418,1.0,1.0,1.0,1.0,0.9041,0.9348,0.92
1174,peachtree__1337,1612,161.2,0.579045,0.204671,79.7,2.218,0,0.5621,1.0,1.0,1.0,1.0,0.7709,0.9562,0.6
1175,us-101__2347,701,70.1,0.44582,0.253596,0.3,6.562,0,0.492,0.7475,1.0,0.287,0.7241,0.1918,0.8168,1.0
1176,lankershim__1248,723,72.3,0.630691,0.424704,36.3,2.236,0,0.6313,1.0,1.0,1.0,1.0,0.7685,0.9265,1.0
1177,us-101__2059,648,64.8,0.547853,0.307244,25.5,2.51,0,0.5926,0.916,1.0,1.0,0.7104,0.732,0.911,1.0
1178,lankershim__197,1488,148.8,0.828992,0.370336,98.7,0.278,17,0.7112,1.0,1.0,1.0,1.0,1.0,0.9574,1.0
1179,us-101__2318,660,66.0,0.546282,0.251354,56.3,5.071,0,0.5267,1.0,1.0,0.1732,0.6532,0.3905,0.757,1.0
1180,peachtree__711,953,95.3,0.842332,0.270571,4.2,0.874,14,1.0,1.0,1.0,1.0,1.0,0.9501,0.7426,0.76
1181,peachtree__641,1368,136.8,0.571023,0.254964,58.6,0.521,13,1.0,1.0,1.0,1.0,1.0,0.9973,0.1885,0.88
1182,us-101__2977,773,77.3,0.629963,0.292151,70.9,0.9,4,0.601,1.0,1.0,1.0,1.0,0.9467,0.9176,1.0
1183,i-80__3174,616,61.6,0.594877,0.295499,16.0,1.02,5,0.3899,1.0,1.0,1.0,1.0,0.9307,0.9297,1.0
1184,us-101__2862,782,78.2,0.600167,0.313096,6.6,2.764,0,0.674,0.9388,1.0,1.0,0.7674,0.6981,0.9093,1.0
1185,i-80__155,948,94.8,0.673649,0.31323,50.0,0.373,11,0.3297,1.0,1.0,1.0,1.0,1.0,0.9659,1.0
1186,peachtree__29,1206,120.6,0.5016,0.248502,6.3,inf,0,1.0,1.0,1.0,1.0,1.0,0.0,0.0,0.84
1187,lankershim__214,778,77.8,0.500677,0.288293,14.1,2.036,0,0.8568,1.0,1.0,1.0,1.0,0.7952,0.0,1.0
1188,lankershim__510,955,95.5,0.677612,0.345095,56.8,1.255,3,0.6248,1.0,1.0,1.0,1.0,0.8994,0.8925,1.0
1189,peachtree__361,87,8.7,0.429303,0.287957,7.2,inf,0,0.1587,1.0,1.0,1.0,1.0,0.0,0.0,0.64
1190,i-80__346,1314,131.4,0.779339,0.288076,53.1,0.939,14,1.0,1.0,1.0,1.0,0.6251,0.9415,1.0,1.0
1191,peachtree__1579,57,5.7,0.429195,0.219102,3.8,inf,0,0.2034,1.0,1.0,1.0,1.0,0.0,0.0,0.36
1192,i-80__2989,359,35.9,0.428431,0.267125,29.3,12.339,0,0.7631,1.0,1.0,0.3379,0.8528,0.0,0.6577,1.0
1193,us-101__2412,499,49.9,0.561799,0.259557,5.1,0.459,7,0.4944,0.7143,0.7925,0.1483,1.0,1.0,0.8621,1.0
1194,us-101__2223,704,70.4,0.444177,0.276953,11.2,3.224,0,0.4835,0.8108,1.0,0.1136,0.92,0.6368,0.8455,1.0
1195,lankershim__514,658,65.8,0.639087,0.403313,10.9,1.237,3,0.7219,1.0,1.0,1.0,1.0,0.9018,0.9378,1.0
1196,i-80__2670,2094,209.4,0.699744,0.254184,160.2,0.11,16,0.2613,0.9008,1.0,1.0,1.0,1.0,1.0,1.0
1197,peachtree__1573,808,80.8,0.701562,0.318951,68.9,0.667,7,0.653,1.0,1.0,1.0,1.0,0.9777,0.8895,0.8
1198,i-80__2928,1085,108.5,0.630434,0.319145,6.0,3.066,0,0.4156,1.0,1.0,1.0,0.593,0.6579,0.8802,1.0
1199,i-80__2814,751,75.1,0.710852,0.338399,21.0,1.241,2,0.5241,1.0,1.0,1.0,0.7071,0.9012,0.973,1.0
1200,lankershim__1061,154,15.4,0.564389,0.386442,6.9,37.643,0,0.4995,1.0,1.0,1.0,1.0,0.0,1.0,1.0
1201,us-101__2402,466,46.6,0.520403,0.306319,33.3,3.473,0,0.6293,0.7229,0.9461,0.0915,1.0,0.6036,0.8731,1.0
1202,lankershim__872,1047,104.7,0.660372,0.388385,23.6,2.274,0,0.585,1.0,1.0,1.0,1.0,0.7635,0.9184,1.0
1203,i-80__2915,794,79.4,0.564199,0.262255,46.7,1.142,3,0.4248,1.0,1.0,1.0,0.678,0.9144,0.8502,1.0
1204,us-101__2982,706,70.6,0.618127,0.260011,9.3,3.401,0,0.7484,1.0,1.0,1.0,0.6971,0.6132,0.9326,1.0
1205,us-101__2436,707,70.7,0.33865,0.213802,3.6,11.21,0,0.4127,0.6515,0.8614,0.053,0.7705,0.0,0.656,1.0
1206,us-101__2600,451,45.1,0.536158,0.280727,3.8,0.593,8,0.48,0.965,1.0,0.0438,1.0,0.9876,0.8408,1.0
1207,us-101__2137,499,49.9,0.479404,0.253492,16.5,2.698,0,0.608,0.8311,0.9787,0.1048,0.5335,0.707,0.7719,1.0
1208,i-80__3349,217,21.7,0.401229,0.262166,13.8,15.483,0,1.0,1.0,1.0,0.1801,0.4982,0.0,0.0,1.0
1209,us-101__1542,902,90.2,0.502011,0.282101,14.9,4.337,0,0.4585,0.7852,1.0,1.0,1.0,0.4884,0.9229,1.0
1210,lankershim__135,932,93.2,0.726692,0.32081,22.3,1.899,1,0.5755,1.0,1.0,1.0,1.0,0.8135,0.8881,1.0
1211,i-80__2435,3758,375.8,0.817551,0.289567,147.8,0.239,24,1.0,1.0,1.0,1.0,0.6894,1.0,0.9767,1.0
1212,i-80__2804,797,79.7,0.682885,0.287351,10.9,1.439,3,0.3532,1.0,1.0,1.0,1.0,0.8749,0.8632,1.0
1213,i-80__609,562,56.2,0.638031,0.306966,5.1,2.993,0,0.6255,1.0,1.0,0.4649,0.6845,0.6676,0.8493,1.0
1214,lankershim__1020,1094,109.4,0.657216,0.394287,1.0,2.654,0,0.9848,1.0,1.0,1.0,1.0,0.7128,0.9324,1.0
1215,lankershim__1047,1050,105.0,0.706031,0.389246,34.7,0.85,10,0.5729,1.0,1.0,1.0,1.0,0.9533,0.907,1.0
1216,us-101__2856,762,76.2,0.563797,0.306001,7.5,2.683,0,0.8333,1.0,1.0,1.0,1.0,0.7089,0.9358,1.0
1217,peachtree__1003,1019,101.9,0.673407,0.261918,23.1,0.467,16,0.5283,1.0,1.0,1.0,1.0,1.0,0.7723,1.0
1218,i-80__382,1324,132.4,0.78566,0.27843,52.9,0.649,13,1.0,1.0,1.0,1.0,1.0,0.9801,0.9093,1.0
1219,i-80__3120,508,50.8,0.622815,0.332072,12.9,0.316,20,0.642,1.0,1.0,0.6186,1.0,1.0,1.0,1.0
1220,us-101__2896,812,81.2,0.622646,0.276979,31.3,2.194,0,0.6594,1.0,1.0,1.0,0.6887,0.7742,0.8965,1.0
1221,lankershim__1456,1152,115.2,0.761789,0.334908,11.9,2.714,0,0.7182,1.0,1.0,1.0,1.0,0.7047,0.8978,1.0
1222,peachtree__1164,1194,119.4,0.747465,0.249031,23.3,0.426,18,0.5589,1.0,1.0,1.0,1.0,1.0,0.8554,0.72
1223,peachtree__767,588,58.8,0.678924,0.340775,5.7,1.018,4,0.3762,1.0,1.0,1.0,1.0,0.931,0.9348,1.0
1224,peachtree__387,919,91.9,0.669538,0.30694,63.0,0.657,16,0.5886,1.0,1.0,1.0,1.0,0.9791,0.892,0.92
1225,i-80__2760,937,93.7,0.628551,0.301605,67.8,2.744,0,0.3755,1.0,1.0,1.0,0.574,0.7008,0.9095,1.0
1226,lankershim__1404,117,11.7,0.438758,0.26215,9.7,inf,0,0.4155,1.0,1.0,1.0,1.0,0.0,0.0,0.36
1227,i-80__740,689,68.9,0.422721,0.277467,47.6,4.422,0,0.4222,0.9936,1.0,0.2845,1.0,0.477,0.8822,1.0
1228,us-101__2878,808,80.8,0.490054,0.267963,56.1,1.789,1,0.6404,1.0,1.0,0.2972,0.7509,0.8282,0.8756,1.0
1229,i-80__3314,616,61.6,0.687735,0.313801,3.6,1.874,1,0.6835,1.0,1.0,1.0,1.0,0.8168,0.837,1.0
1230,lankershim__1544,941,94.1,0.718101,0.405201,0.8,3.295,0,0.8727,1.0,1.0,1.0,1.0,0.6273,0.915,1.0
1231,i-80__2853,1829,182.9,0.830987,0.288459,68.8,0.614,24,1.0,1.0,1.0,1.0,0.6316,0.9848,0.9153,1.0
1232,us-101__2100,547,54.7,0.54796,0.26894,20.3,0.269,9,0.4524,0.9207,0.8852,0.3573,1.0,1.0,0.9263,1.0
1233,peachtree__100,115,11.5,0.454548,0.230829,11.1,inf,0,0.3063,1.0,1.0,1.0,1.0,0.0,0.0,0.6
1234,lankershim__1111,550,55.0,0.562246,0.376455,32.4,3.482,0,0.8607,1.0,1.0,1.0,1.0,0.6023,0.7174,1.0
1235,peachtree__618,1443,144.3,0.801349,0.360405,7.4,0.456,11,1.0,1.0,1.0,1.0,1.0,1.0,0.9133,0.72
1236,i-80__246,1023,102.3,0.698058,0.279353,15.8,0.171,16,0.4874,1.0,1.0,1.0,0.5897,1.0,1.0,1.0
1237,i-80__2517,1461,146.1,0.553772,0.247418,7.9,2.615,0,0.3025,1.0,1.0,1.0,0.4694,0.718,0.9373,1.0
1238,i-80__2320,3508,350.8,0.797269,0.285779,155.0,0.607,6,1.0,1.0,1.0,1.0,1.0,0.9857,0.9684,1.0
1239,us-101__3026,326,32.6,0.436728,0.254389,22.0,15.287,0,1.0,1.0,1.0,0.0861,1.0,0.0,0.4064,1.0
1240,us-101__2199,559,55.9,0.515766,0.302421,3.2,6.058,0,0.5457,1.0,1.0,0.1721,1.0,0.2589,0.8007,1.0
1241,lankershim__1490,321,32.1,0.572319,0.402057,0.7,2.34,0,0.8681,1.0,1.0,1.0,1.0,0.7547,0.6946,1.0
1242,lankershim__1433,650,65.0,0.667949,0.35757,46.2,1.221,3,1.0,1.0,1.0,1.0,1.0,0.9038,0.9134,1.0
1243,i-80__2501,1636,163.6,0.758772,0.294133,82.0,0.443,23,0.2309,1.0,1.0,1.0,1.0,1.0,0.9242,1.0
1244,us-101__2729,805,80.5,0.689989,0.28299,14.9,0.291,4,0.5293,1.0,1.0,1.0,0.8498,1.0,1.0,1.0
1245,i-80__2769,1944,194.4,0.500109,0.266218,160.3,2.092,0,0.2414,0.9103,1.0,1.0,0.5843,0.7877,0.9253,1.0
1246,lankershim__204,1568,156.8,0.708628,0.349955,18.8,0.764,11,1.0,1.0,1.0,1.0,1.0,0.9648,0.8635,1.0
1247,peachtree__40,264,26.4,0.497731,0.266579,16.9,3.798,0,0.3107,1.0,1.0,1.0,1.0,0.5603,0.7869,0.24
1248,lankershim__230,438,43.8,0.54,0.271081,1.9,inf,0,1.0,1.0,1.0,1.0,1.0,0.0,0.0,1.0
1249,i-80__3186,576,57.6,0.608573,0.3244,4.0,3.246,0,0.5178,1.0,1.0,1.0,0.7404,0.6339,0.8584,1.0
1250,i-80__3108,629,62.9,0.602006,0.35656,8.1,3.293,0,0.4732,1.0,1.0,0.7781,1.0,0.6277,0.9021,1.0
1251,i-80__3144,600,60.0,0.61167,0.29576,8.7,2.598,0,0.5278,1.0,1.0,0.2901,0.381,0.7202,0.9069,1.0
1252,lankershim__147,53,5.3,0.291985,0.240601,1.5,inf,0,0.3079,0.4715,0.605,0.0913,1.0,0.0,0.0,0.96
1253,i-80__38,1127,112.7,0.608411,0.303313,18.7,1.472,4,0.4114,1.0,1.0,1.0,1.0,0.8704,0.9715,1.0
1254,i-80__3296,736,73.6,0.63884,0.304905,22.5,3.35,0,0.3913,1.0,1.0,0.388,0.8929,0.62,0.897,1.0
1255,peachtree__423,779,77.9,0.709845,0.366507,38.5,0.72,7,0.4467,1.0,1.0,1.0,1.0,0.9706,0.9384,1.0
1256,lankershim__36,1193,119.3,0.725824,0.332045,9.1,2.615,0,0.74,1.0,1.0,1.0,1.0,0.718,0.964,1.0
1257,lankershim__465,1879,187.9,0.62283,0.397143,30.3,1.345,4,0.5898,1.0,1.0,1.0,1.0,0.8873,0.9177,1.0
1258,lankershim__1518,1061,106.1,0.628643,0.393139,20.5,0.427,5,1.0,1.0,1.0,1.0,1.0,1.0,0.9005,1.0
1259,peachtree__1293,1344,134.4,0.701805,0.274843,54.9,0.443,18,1.0,1.0,1.0,1.0,1.0,1.0,0.921,1.0
1260,us-101__2290,504,50.4,0.462926,0.282485,45.1,8.829,0,0.5726,1.0,1.0,0.0538,0.6461,0.0,0.7397,1.0
1261,i-80__2615,1381,138.1,0.73914,0.251683,24.1,1.276,6,0.8469,1.0,1.0,1.0,1.0,0.8966,0.8921,1.0
1262,i-80__3046,658,65.8,0.636908,0.325425,4.8,3.129,0,0.4553,1.0,1.0,1.0,1.0,0.6495,0.9141,1.0
1263,i-80__1688,2188,218.8,0.74148,0.317959,114.8,0.521,16,1.0,1.0,1.0,1.0,1.0,0.9972,1.0,1.0
1264,lankershim__1569,1002,100.2,0.723614,0.428858,89.5,2.493,0,1.0,1.0,1.0,1.0,1.0,0.7342,0.9091,1.0
1265,peachtree__752,849,84.9,0.742484,0.324504,71.2,0.567,7,0.5585,1.0,1.0,1.0,1.0,0.9911,0.8749,0.84
1266,lankershim__1026,965,96.5,0.674263,0.409309,8.3,1.345,3,0.6772,1.0,1.0,1.0,1.0,0.8873,0.8955,1.0
1267,i-80__3060,602,60.2,0.533444,0.291599,13.2,4.068,0,0.4948,1.0,1.0,0.5495,0.8457,0.5242,0.7865,1.0
1268,i-80__2318,1699,169.9,0.529658,0.283535,8.2,4.418,0,0.3598,1.0,1.0,1.0,0.6364,0.4776,0.8951,1.0
1269,i-80__2991,760,76.0,0.604413,0.316574,43.3,3.478,0,0.5797,1.0,1.0,1.0,0.5688,0.6029,0.8412,1.0
1270,i-80__3205,345,34.5,0.603524,0.364226,8.4,3.321,0,0.7896,1.0,1.0,0.9673,0.7407,0.6239,0.8049,1.0
1271,peachtree__426,1610,161.0,0.569244,0.276301,114.4,2.401,0,0.508,1.0,1.0,1.0,1.0,0.7465,0.9429,0.84
1272,i-80__2611,2094,209.4,0.592657,0.252351,144.4,1.684,2,0.2648,1.0,1.0,1.0,1.0,0.8422,0.9004,1.0
1273,peachtree__1067,1350,135.0,0.843058,0.333811,82.6,0.536,16,1.0,1.0,1.0,1.0,1.0,0.9953,1.0,1.0
1274,peachtree__1008,1560,156.0,0.68385,0.272179,98.0,0.331,16,0.6528,1.0,1.0,1.0,1.0,1.0,1.0,1.0
1275,peachtree__1121,1262,126.2,0.71437,0.293755,58.4,1.11,22,0.4627,1.0,1.0,1.0,1.0,0.9186,0.9508,1.0
1276,i-80__549,994,99.4,0.605356,0.286757,31.5,1.452,11,0.5227,0.9245,0.9955,1.0,1.0,0.8731,0.995,1.0
1277,us-101__2384,508,50.8,0.459738,0.28752,45.4,10.325,0,0.6036,1.0,1.0,0.1154,1.0,0.0,0.817,1.0
1278,lankershim__341,1341,134.1,0.708641,0.384281,109.1,2.081,0,0.7485,1.0,1.0,1.0,1.0,0.7893,0.8951,1.0
1279,us-101__870,836,83.6,0.455511,0.269347,23.0,4.082,0,0.4874,0.7505,0.9985,0.519,0.7554,0.5224,0.9115,1.0
1280,us-101__2462,754,75.4,0.472904,0.281393,65.8,4.117,0,0.5687,0.8193,0.8658,1.0,0.6797,0.5177,0.9083,1.0
1281,us-101__2829,944,94.4,0.450072,0.277526,16.0,6.432,0,0.5037,1.0,1.0,1.0,0.8831,0.2091,0.8952,1.0
1282,i-80__1947,873,87.3,0.583771,0.305499,28.2,3.453,0,0.4577,1.0,1.0,1.0,1.0,0.6063,0.9487,1.0
1283,i-80__2952,787,78.7,0.513883,0.299971,45.3,2.465,0,0.4292,1.0,1.0,1.0,0.4571,0.738,0.8605,1.0
1284,lankershim__40,536,53.6,0.643391,0.370178,22.5,2.516,0,0.8213,1.0,1.0,1.0,1.0,0.7312,0.8673,1.0
1285,i-80__150,737,73.7,0.581853,0.270325,54.9,0.605,6,0.3289,1.0,1.0,1.0,1.0,0.986,0.9108,1.0
1286,i-80__1465,747,74.7,0.463802,0.258459,15.9,1.575,2,0.3822,1.0,1.0,0.8053,0.5435,0.8567,0.8374,1.0
1287,peachtree__1079,874,87.4,0.840674,0.265408,50.4,0.195,30,0.3922,1.0,1.0,1.0,1.0,1.0,0.8744,1.0
1288,us-101__2365,340,34.0,0.540419,0.334876,1.7,0.751,5,0.6649,0.9418,1.0,0.1991,1.0,0.9666,0.8345,1.0
1289,peachtree__136,1605,160.5,0.611788,0.30077,111.8,0.336,3,0.3856,1.0,1.0,1.0,1.0,1.0,0.9292,1.0
1290,peachtree__1412,1534,153.4,0.905744,0.337837,92.2,0.544,13,1.0,1.0,1.0,1.0,1.0,0.9941,0.9119,1.0
1291,i-80__1166,719,71.9,0.50032,0.24685,29.0,1.842,1,0.369,1.0,1.0,0.1731,0.4928,0.8211,0.8519,1.0
1292,lankershim__786,1187,118.7,0.663002,0.340881,9.6,2.155,0,1.0,1.0,1.0,1.0,1.0,0.7793,0.9348,1.0
1293,us-101__2941,747,74.7,0.631481,0.298182,11.3,2.79,0,0.8099,1.0,1.0,1.0,0.5975,0.6946,0.905,1.0
1294,lankershim__1147,110,11.0,0.549988,0.311005,2.8,0.46,6,0.4638,1.0,1.0,0.9802,1.0,1.0,0.4362,1.0
1295,peachtree__249,803,80.3,0.855136,0.339622,51.3,0.512,8,1.0,1.0,1.0,1.0,1.0,0.9984,0.9346,1.0
1296,i-80__2638,997,99.7,0.752167,0.299181,40.9,0.346,12,0.398,1.0,1.0,1.0,1.0,1.0,0.948,1.0
1297,peachtree__1621,905,90.5,0.69693,0.241822,54.3,0.089,48,0.6159,1.0,1.0,1.0,1.0,1.0,0.8603,0.96
1298,i-80__3217,613,61.3,0.544335,0.306393,51.2,2.8,0,0.4429,1.0,1.0,0.5407,1.0,0.6933,0.8982,1.0
1299,peachtree__754,576,57.6,0.574496,0.314696,39.1,2.129,0,0.8025,1.0,1.0,1.0,1.0,0.7827,0.9248,0.72
1300,us-101__2710,742,74.2,0.552515,0.288691,47.7,2.155,0,0.4979,0.9437,1.0,1.0,0.755,0.7793,0.8374,1.0
1301,i-80__826,2343,234.3,0.835907,0.283022,137.9,0.687,10,1.0,1.0,1.0,1.0,0.7621,0.975,0.9366,1.0
1302,i-80__206,411,41.1,0.38925,0.266542,17.0,7.969,0,0.6174,1.0,1.0,0.0276,0.4165,0.0042,0.7587,1.0
1303,i-80__10,1477,147.7,0.606891,0.210286,75.4,0.308,10,0.2964,1.0,1.0,1.0,1.0,1.0,0.916,1.0
1304,i-80__1878,3003,300.3,0.807762,0.312327,149.0,0.596,7,1.0,1.0,1.0,1.0,1.0,0.9872,0.9829,1.0
1305,peachtree__1187,942,94.2,0.680559,0.193397,3.0,0.314,10,0.4136,1.0,1.0,1.0,1.0,1.0,0.9141,0.92
1306,i-80__2808,1497,149.7,0.496883,0.267651,105.6,2.427,0,0.3279,1.0,1.0,1.0,0.5274,0.7431,0.9959,1.0
1307,i-80__2513,1563,156.3,0.550173,0.254113,7.7,3.278,0,0.2796,1.0,1.0,1.0,0.993,0.6296,0.9221,1.0
1308,us-101__2239,566,56.6,0.416866,0.243834,6.3,6.809,0,0.6079,0.7132,1.0,0.2282,0.7184,0.1588,0.8185,1.0
1309,i-80__2560,2126,212.6,0.591472,0.273198,85.8,1.35,2,0.2421,1.0,1.0,1.0,1.0,0.8866,0.9719,1.0
1310,us-101__2700,867,86.7,0.48861,0.269121,40.3,3.878,0,1.0,1.0,1.0,1.0,0.692,0.5496,0.8978,1.0
1311,i-80__2092,744,74.4,0.557585,0.320233,16.6,2.564,0,0.5866,1.0,1.0,1.0,0.5559,0.7248,0.9246,1.0
1312,i-80__1102,939,93.9,0.521659,0.241849,76.4,0.851,4,0.328,1.0,1.0,0.345,0.6067,0.9532,0.9056,1.0
1313,lankershim__569,777,77.7,0.667667,0.377368,59.2,2.476,0,0.6724,1.0,1.0,1.0,1.0,0.7365,0.9406,1.0
1314,us-101__2319,479,47.9,0.418473,0.286332,12.3,6.988,0,0.5862,0.8542,1.0,0.0563,0.8893,0.1349,0.837,1.0
1315,i-80__2446,1162,116.2,0.620249,0.304975,4.6,0.257,9,0.3986,1.0,1.0,0.8456,1.0,1.0,0.977,1.0
1316,i-80__1165,608,60.8,0.490741,0.275399,7.0,8.344,0,0.4386,1.0,1.0,1.0,0.6027,0.0,0.8027,1.0
1317,peachtree__729,857,85.7,0.531638,0.201003,1.5,2.156,0,0.6511,1.0,1.0,1.0,1.0,0.7792,0.2401,0.8
1318,i-80__1923,2613,261.3,0.797165,0.280532,104.9,0.576,10,1.0,1.0,1.0,1.0,1.0,0.9899,0.9162,1.0
1319,us-101__2007,534,53.4,0.565671,0.27591,5.0,2.247,0,0.6732,1.0,1.0,0.2819,0.6499,0.7671,1.0,1.0
1320,us-101__2859,794,79.4,0.522937,0.240343,18.1,0.477,8,0.5876,0.9883,1.0,1.0,0.7129,1.0,0.8018,1.0
1321,lankershim__107,131,13.1,0.434399,0.285634,10.2,3.898,0,0.4378,1.0,1.0,0.5273,1.0,0.547,0.2907,1.0
1322,peachtree__142,1118,111.8,0.643254,0.214687,96.1,0.657,8,1.0,1.0,1.0,1.0,1.0,0.9791,0.6743,0.84
1323,i-80__3172,683,68.3,0.475833,0.254169,34.3,14.084,0,0.3636,1.0,1.0,0.4729,1.0,0.0,0.5394,1.0
1324,us-101__1464,794,79.4,0.526461,0.250686,52.8,0.887,5,0.4746,1.0,1.0,0.3324,0.6422,0.9484,0.8633,1.0
1325,i-80__3041,966,96.6,0.536439,0.271258,3.5,3.219,0,0.3377,1.0,1.0,1.0,0.6908,0.6374,0.8887,1.0
1326,peachtree__815,506,50.6,0.857005,0.374842,27.9,0.327,11,1.0,1.0,1.0,1.0,1.0,1.0,0.9185,0.88
1327,us-101__1859,897,89.7,0.589088,0.272299,69.1,3.504,0,0.4371,1.0,1.0,0.161,0.5214,0.5995,0.9045,1.0
1328,peachtree__379,326,32.6,0.593396,0.280081,19.7,0.676,6,0.567,1.0,1.0,1.0,1.0,0.9765,0.7363,0.84
1329,i-80__3249,583,58.3,0.524741,0.282084,23.6,5.453,0,0.5253,1.0,1.0,1.0,0.5328,0.3396,0.7659,1.0
1330,i-80__3325,890,89.0,0.695059,0.364482,30.1,0.665,7,0.6137,1.0,1.0,1.0,1.0,0.978,0.9367,1.0
1331,us-101__2020,990,99.0,0.57268,0.273245,78.9,0.359,4,0.5356,0.9181,0.9356,1.0,0.7513,1.0,1.0,1.0
1332,us-101__2743,317,31.7,0.650355,0.266078,14.2,0.322,12,0.671,1.0,1.0,0.1445,1.0,1.0,0.9741,1.0
1333,i-80__3361,644,64.4,0.554751,0.300916,49.1,3.336,0,0.4268,1.0,1.0,0.7734,0.642,0.6218,0.8547,1.0
1334,lankershim__104,590,59.0,0.731538,0.391656,18.2,0.297,13,0.6774,1.0,1.0,1.0,1.0,1.0,0.9079,1.0
1335,lankershim__1542,1015,101.5,0.742752,0.379636,18.0,0.878,7,1.0,1.0,1.0,1.0,1.0,0.9496,0.9217,1.0
1336,i-80__2917,1069,106.9,0.541615,0.309736,44.3,1.504,2,0.3368,1.0,1.0,1.0,0.92,0.8662,0.8915,1.0
1337,i-80__2835,430,43.0,0.437397,0.301898,5.2,6.313,0,0.5069,1.0,1.0,0.0448,0.7335,0.225,0.7838,1.0
1338,i-80__422,800,80.0,0.594701,0.262007,72.8,3.716,0,0.3306,1.0,1.0,0.6366,0.3988,0.5712,0.8619,1.0
1339,lankershim__970,1654,165.4,0.608279,0.351742,87.5,0.289,13,1.0,1.0,1.0,1.0,1.0,1.0,0.968,1.0
1340,peachtree__562,1443,144.3,0.543743,0.242511,3.6,0.305,1,1.0,1.0,1.0,1.0,1.0,1.0,0.5102,1.0
1341,us-101__1151,1200,120.0,0.577285,0.28836,44.2,2.965,0,0.4911,1.0,1.0,1.0,0.6158,0.6713,0.928,1.0
1342,us-101__2352,649,64.9,0.422418,0.25733,6.7,7.044,0,0.4915,0.818,1.0,0.1232,0.7843,0.1274,0.7896,1.0
1343,i-80__1777,1653,165.3,0.637485,0.276528,69.5,2.814,0,0.3466,1.0,1.0,1.0,1.0,0.6914,0.9451,1.0
1344,lankershim__1529,748,74.8,0.64519,0.360252,49.7,2.768,0,0.6958,1.0,1.0,1.0,1.0,0.6976,0.9098,1.0
1345,us-101__1264,1645,164.5,0.815994,0.266968,51.8,0.746,6,1.0,1.0,1.0,1.0,0.7067,0.9672,0.9667,1.0
1346,i-80__37,1430,143.0,0.674204,0.278907,132.0,2.51,0,0.3308,1.0,1.0,1.0,0.6377,0.732,0.9373,1.0
1347,i-80__2278,2868,286.8,0.805174,0.280449,156.2,0.777,9,1.0,1.0,1.0,1.0,1.0,0.9631,0.9659,1.0
1348,lankershim__19,1288,128.8,0.751382,0.333956,77.5,0.564,14,0.8601,1.0,1.0,1.0,1.0,0.9914,1.0,1.0
1349,lankershim__662,1541,154.1,0.705956,0.396917,0.9,0.545,8,1.0,1.0,1.0,1.0,1.0,0.994,0.9275,1.0
1350,lankershim__1570,1021,102.1,0.670616,0.410838,9.9,2.567,0,0.9006,1.0,1.0,1.0,1.0,0.7245,0.922,1.0
1351,peachtree__154,1773,177.3,0.724879,0.291787,38.7,0.624,23,0.5404,1.0,1.0,1.0,1.0,0.9835,0.9509,1.0
1352,us-101__1222,1170,117.0,0.568176,0.285116,20.9,2.574,0,0.495,0.8742,0.9396,1.0,0.7468,0.7234,0.9517,1.0
1353,us-101__2256,555,55.5,0.472644,0.244714,4.9,5.228,0,0.568,0.7059,0.9364,0.2407,0.933,0.3696,0.8422,1.0
1354,peachtree__970,1095,109.5,0.698691,0.251307,3.2,0.18,13,1.0,1.0,1.0,1.0,1.0,1.0,0.9079,0.84
1355,i-80__2127,298,29.8,0.792907,0.47099,4.1,0.567,30,0.7973,1.0,1.0,0.1271,1.0,0.991,1.0,1.0
1356,peachtree__1561,837,83.7,0.690443,0.298491,2.8,0.589,14,0.5451,1.0,1.0,1.0,1.0,0.9881,0.8477,0.96
1357,us-101__2785,850,85.0,0.552825,0.254779,64.3,0.677,5,0.5448,1.0,1.0,1.0,1.0,0.9764,0.9522,1.0
1358,i-80__2590,1959,195.9,0.593357,0.263495,155.1,2.328,0,0.2179,0.9942,1.0,1.0,1.0,0.7563,0.9666,1.0
1359,peachtree__1381,167,16.7,0.81116,0.311139,3.5,0.181,8,0.5432,1.0,1.0,1.0,1.0,1.0,0.7653,1.0
1360,lankershim__640,148,14.8,0.515153,0.341228,5.2,3.597,0,0.4849,1.0,1.0,0.4128,1.0,0.5871,0.916,1.0
1361,lankershim__485,937,93.7,0.636085,0.301901,13.7,1.057,4,0.7599,1.0,1.0,1.0,1.0,0.9258,0.6535,1.0
1362,us-101__2711,852,85.2,0.45723,0.287717,33.9,5.249,0,0.5243,1.0,1.0,1.0,0.8337,0.3668,1.0,1.0
1363,i-80__69,1147,114.7,0.466785,0.265548,70.7,1.921,1,0.4084,0.8138,1.0,0.8823,0.4835,0.8105,0.9566,1.0
1364,i-80__563,1095,109.5,0.628059,0.282721,19.2,1.186,4,0.4641,1.0,1.0,1.0,1.0,0.9085,0.9944,1.0
1365,i-80__3183,701,70.1,0.612973,0.305761,7.3,2.265,0,0.3661,1.0,1.0,0.5055,0.6979,0.7647,0.9185,1.0
1366,us-101__2766,947,94.7,0.561088,0.300923,23.8,3.456,0,0.656,1.0,1.0,1.0,1.0,0.6058,0.9028,1.0
1367,us-101__2687,718,71.8,0.629582,0.327186,64.4,2.878,0,0.6107,1.0,1.0,1.0,0.8608,0.683,0.9215,1.0
1368,i-80__969,977,97.7,0.55382,0.270563,46.8,0.64,9,1.0,1.0,1.0,1.0,0.6897,0.9814,0.9323,1.0
1369,i-80__3206,561,56.1,0.502386,0.298216,16.2,4.88,0,0.4878,1.0,1.0,1.0,0.6484,0.416,0.7542,1.0
1370,lankershim__917,894,89.4,0.668067,0.389268,7.1,2.897,0,0.7146,1.0,1.0,1.0,1.0,0.6804,0.9162,1.0
1371,peachtree__892,676,67.6,0.88092,0.331399,58.1,0.92,4,1.0,1.0,1.0,1.0,1.0,0.9439,0.8946,0.92
1372,i-80__203,544,54.4,0.507491,0.259667,35.1,4.221,0,0.419,1.0,1.0,0.3401,0.485,0.5038,0.7785,1.0
1373,us-101__2686,877,87.7,0.607824,0.268157,42.4,2.319,0,0.5131,1.0,1.0,1.0,0.7781,0.7575,0.9015,1.0
1374,lankershim__1145,840,84.0,0.554046,0.378975,8.8,3.126,0,0.8339,1.0,1.0,1.0,1.0,0.6498,0.9156,1.0
1375,us-101__1563,988,98.8,0.51741,0.271325,35.2,4.625,0,0.4439,0.8175,0.9531,1.0,0.6931,0.45,0.932,1.0
1376,i-80__1113,712,71.2,0.491869,0.269704,8.4,4.469,0,0.3492,1.0,1.0,1.0,1.0,0.4708,0.8349,1.0
1377,us-101__2964,925,92.5,0.703831,0.263042,29.2,0.017,13,0.6162,1.0,1.0,0.6754,0.5911,1.0,1.0,1.0
1378,i-80__2640,1330,133.0,0.532227,0.279137,16.5,4.047,0,0.2734,1.0,1.0,1.0,0.7205,0.527,0.9184,1.0
1379,lankershim__593,834,83.4,0.795785,0.411731,68.7,1.986,1,1.0,1.0,1.0,1.0,1.0,0.8019,0.9258,1.0
1380,i-80__2635,1358,135.8,0.480332,0.285519,5.9,1.213,6,0.278,0.8441,1.0,1.0,0.8701,0.9049,1.0,1.0
1381,us-101__551,632,63.2,0.426255,0.259786,8.0,6.88,0,0.4948,1.0,1.0,0.4783,0.962,0.1494,0.7698,1.0
1382,lankershim__1405,212,21.2,0.385858,0.237739,14.2,inf,0,0.2597,0.8923,1.0,1.0,1.0,0.0,0.0,0.4
1383,us-101__2698,706,70.6,0.618037,0.332116,32.1,2.683,0,0.5935,1.0,1.0,1.0,1.0,0.7089,0.932,1.0
1384,peachtree__1540,638,63.8,0.421397,0.229745,3.1,inf,0,0.2914,1.0,1.0,1.0,1.0,0.0,0.0,0.8
1385,lankershim__382,1503,150.3,0.847013,0.394693,39.8,0.891,17,1.0,1.0,1.0,1.0,1.0,0.9479,0.9119,1.0
1386,lankershim__1296,921,92.1,0.641523,0.357625,11.2,2.958,0,0.765,1.0,1.0,1.0,1.0,0.6722,0.9227,1.0
1387,i-80__3271,576,57.6,0.571405,0.316548,22.6,3.901,0,0.5309,1.0,1.0,0.4898,1.0,0.5465,0.9033,1.0
1388,i-80__696,1025,102.5,0.587649,0.298111,81.3,2.343,0,0.3247,1.0,1.0,1.0,1.0,0.7543,0.9198,1.0
1389,lankershim__409,866,86.6,0.762097,0.402478,62.3,0.998,9,0.7908,1.0,1.0,1.0,1.0,0.9336,0.8839,1.0
1390,us-101__2915,752,75.2,0.401711,0.243318,7.4,6.52,0,0.6447,0.9306,1.0,0.826,0.6245,0.1973,0.8629,1.0
1391,us-101__2299,651,65.1,0.345165,0.230033,56.5,6.711,0,0.4943,0.6631,0.8159,0.1109,0.8821,0.1719,0.6541,1.0
1392,lankershim__855,491,49.1,0.608902,0.368891,19.8,1.182,3,0.6488,1.0,1.0,1.0,1.0,0.909,0.7892,1.0
1393,lankershim__852,885,88.5,0.695187,0.367131,6.6,2.317,0,0.5586,1.0,1.0,1.0,1.0,0.7577,0.9026,1.0
1394,lankershim__1549,960,96.0,0.67749,0.377021,50.8,0.274,5,0.6997,1.0,1.0,1.0,1.0,1.0,0.9191,1.0
1395,lankershim__759,1359,135.9,0.708324,0.293447,80.6,0.237,6,1.0,1.0,1.0,1.0,1.0,1.0,0.8972,1.0
1396,i-80__831,1640,164.0,0.800336,0.288263,62.5,0.435,8,1.0,1.0,1.0,1.0,0.8008,1.0,0.925,1.0
1397,i-80__186,459,45.9,0.663757,0.304234,11.5,0.428,11,0.6462,1.0,1.0,0.3658,1.0,1.0,0.9536,1.0
1398,us-101__1402,905,90.5,0.563277,0.285677,39.8,3.533,0,0.5066,0.7487,1.0,1.0,0.6851,0.5956,0.9294,1.0
1399,i-80__2996,952,95.2,0.737289,0.301035,15.3,2.566,0,0.3495,1.0,1.0,1.0,0.7371,0.7245,0.9154,1.0
1400,i-80__369,503,50.3,0.448697,0.299723,47.9,3.672,0,0.4654,1.0,1.0,0.1459,1.0,0.5771,0.8358,1.0
1401,us-101__3015,578,57.8,0.703442,0.303617,30.0,3.689,0,0.676,1.0,1.0,0.6196,1.0,0.5748,0.8198,1.0
1402,i-80__1966,2556,255.6,0.801384,0.286433,112.4,0.419,9,1.0,1.0,1.0,1.0,1.0,1.0,0.9242,1.0
1403,i-80__3275,747,74.7,0.590782,0.326792,9.7,4.164,0,0.4523,1.0,1.0,1.0,0.9475,0.5115,0.9376,1.0
1404,us-101__2988,738,73.8,0.457069,0.283795,65.2,7.436,0,0.6338,1.0,1.0,0.4175,1.0,0.0752,0.8636,1.0
1405,lankershim__1267,141,14.1,0.465338,0.297664,11.4,inf,0,0.4702,1.0,1.0,1.0,1.0,0.0,0.0,1.0
1406,peachtree__643,766,76.6,0.633423,0.322939,21.9,0.42,14,1.0,1.0,1.0,1.0,1.0,1.0,0.9923,0.96
1407,i-80__516,514,51.4,0.81283,0.422255,49.6,0.345,34,0.5459,1.0,1.0,0.0831,1.0,1.0,1.0,1.0
1408,peachtree__697,1161,116.1,0.5184,0.263869,2.9,21.353,0,1.0,1.0,1.0,1.0,1.0,0.0,0.0,1.0
1409,i-80__3034,709,70.9,0.525405,0.313349,7.9,6.452,0,0.4014,1.0,1.0,1.0,0.5165,0.2064,0.8908,1.0
1410,us-101__532,347,34.7,0.581543,0.292339,19.0,0.391,7,0.7447,1.0,1.0,0.341,1.0,1.0,0.9191,1.0
1411,peachtree__813,1503,150.3,0.71857,0.366871,30.7,0.691,22,1.0,1.0,1.0,1.0,1.0,0.9745,0.9313,1.0
1412,us-101__2063,953,95.3,0.492834,0.275786,29.5,2.974,0,0.43,0.9584,1.0,0.2902,0.7729,0.6701,0.9183,1.0
1413,i-80__1933,2161,216.1,0.492426,0.244632,47.0,4.395,0,0.2198,0.7277,1.0,1.0,0.5863,0.4807,0.9334,1.0
1414,us-101__1329,1076,107.6,0.557895,0.265284,68.5,3.599,0,0.3825,1.0,1.0,1.0,0.8067,0.5869,0.9478,1.0
1415,i-80__590,898,89.8,0.590816,0.31374,73.9,1.928,1,0.342,1.0,1.0,0.5074,1.0,0.8096,0.9268,1.0
1416,i-80__1701,2445,244.5,0.793432,0.27897,72.8,0.803,5,1.0,1.0,1.0,1.0,1.0,0.9596,0.9248,1.0
1417,us-101__3106,515,51.5,0.566793,0.283563,19.7,1.303,3,0.7135,1.0,1.0,0.3518,1.0,0.8929,0.8989,1.0
1418,lankershim__140,439,43.9,0.570549,0.373476,27.7,4.878,0,0.8076,1.0,1.0,0.5335,1.0,0.4163,0.7825,1.0
1419,us-101__922,764,76.4,0.413727,0.247474,32.0,7.044,0,0.4085,1.0,1.0,0.1583,0.6131,0.1275,0.8198,1.0
1420,i-80__1656,2340,234.0,0.828646,0.284088,65.7,0.627,7,1.0,1.0,1.0,1.0,0.7893,0.9831,0.911,1.0
1421,i-80__2913,666,66.6,0.493856,0.285832,10.6,4.89,0,0.3811,1.0,1.0,1.0,0.5797,0.4146,0.8606,1.0
1422,i-80__2081,1779,177.9,0.620579,0.277018,3.9,2.597,0,0.2553,1.0,1.0,1.0,0.602,0.7204,0.941,1.0
1423,i-80__3212,677,67.7,0.502874,0.284396,62.9,4.088,0,0.3701,1.0,1.0,1.0,0.6266,0.5216,0.8037,1.0
1424,i-80__3115,365,36.5,0.529723,0.325489,5.7,5.337,0,0.7697,1.0,1.0,0.0684,0.8319,0.355,0.7547,1.0
1425,peachtree__1372,1298,129.8,0.757336,0.260872,12.7,0.747,16,0.4899,1.0,1.0,1.0,1.0,0.967,0.9399,0.6
1426,lankershim__774,276,27.6,0.672738,0.362474,11.5,0.448,7,0.328,1.0,1.0,1.0,1.0,1.0,0.9029,1.0
1427,peachtree__1473,1657,165.7,0.771811,0.301133,59.8,0.574,15,1.0,1.0,1.0,1.0,1.0,0.9901,0.9204,1.0
1428,peachtree__42,936,93.6,0.727813,0.242515,19.3,2.862,0,0.3838,1.0,1.0,1.0,1.0,0.6851,0.907,0.84
1429,peachtree__1302,1176,117.6,0.453728,0.242361,40.9,0.491,5,0.5223,1.0,1.0,1.0,1.0,1.0,0.168,1.0
1430,us-101__2355,509,50.9,0.405632,0.254943,45.5,9.571,0,0.5771,0.9572,1.0,0.0568,0.7252,0.0,0.7114,1.0
1431,i-80__2382,681,68.1,0.886379,0.319594,59.2,0.595,6,1.0,1.0,1.0,1.0,1.0,0.9874,0.9258,1.0
1432,peachtree__1523,553,55.3,0.70261,0.361333,13.7,2.501,0,0.4453,1.0,1.0,1.0,1.0,0.7332,0.9377,0.92
1433,i-80__2461,770,77.0,0.627059,0.319252,68.3,2.528,0,0.409,1.0,1.0,0.8438,0.6734,0.7296,0.9389,1.0
1434,peachtree__737,689,68.9,0.504,0.264264,3.8,0.758,6,1.0,1.0,1.0,1.0,1.0,0.9656,0.0,0.92
1435,lankershim__939,1765,176.5,0.779779,0.389223,145.0,0.772,12,1.0,1.0,1.0,1.0,1.0,0.9638,0.9166,1.0
1436,us-101__2521,716,71.6,0.447115,0.275971,24.4,4.147,0,0.4686,0.7654,0.9113,1.0,0.6237,0.5137,0.8674,1.0
1437,us-101__2014,916,91.6,0.585728,0.265773,45.3,3.003,0,0.5455,1.0,1.0,0.4161,0.8496,0.6662,0.8743,1.0
1438,i-80__3343,536,53.6,0.756344,0.3425,4.3,1.54,1,0.4121,1.0,1.0,0.4736,1.0,0.8614,0.8697,1.0
1439,lankershim__363,636,63.6,0.639574,0.412008,41.2,0.317,12,0.6613,1.0,1.0,1.0,1.0,1.0,0.9276,1.0
1440,i-80__1649,681,68.1,0.512123,0.272613,9.4,4.149,0,0.5638,1.0,1.0,1.0,1.0,0.5134,0.8162,1.0
1441,us-101__807,611,61.1,0.446621,0.262732,1.6,10.976,0,0.4436,0.8801,1.0,0.0564,0.6597,0.0,0.8063,1.0
1442,i-80__682,1771,177.1,0.923266,0.298271,70.4,0.078,98,1.0,1.0,1.0,1.0,1.0,1.0,1.0,1.0
1443,i-80__1210,609,60.9,0.62437,0.24793,46.2,1.418,3,0.4886,1.0,1.0,0.1481,1.0,0.8776,0.822,1.0
1444,i-80__890,621,62.1,0.587437,0.261706,25.4,2.696,0,0.4458,1.0,1.0,1.0,0.6683,0.7071,0.9255,1.0
1445,us-101__2671,724,72.4,0.427061,0.277499,42.8,4.212,0,0.4867,0.8003,1.0,0.1123,0.9582,0.5051,0.8708,1.0
1446,us-101__2010,335,33.5,0.587638,0.310704,17.9,1.009,7,0.6031,1.0,1.0,0.2207,1.0,0.9321,0.7145,1.0
1447,peachtree__794,1494,149.4,0.851139,0.318704,21.4,0.838,20,1.0,1.0,1.0,1.0,1.0,0.9549,0.8986,1.0
1448,lankershim__1454,524,52.4,0.580838,0.343806,19.8,8.667,0,0.6929,1.0,1.0,1.0,1.0,0.0,0.8597,1.0
1449,peachtree__786,1511,151.1,0.851887,0.291005,19.9,1.194,8,1.0,1.0,1.0,1.0,1.0,0.9075,0.9488,1.0
1450,i-80__3345,672,67.2,0.609628,0.305834,11.7,0.861,6,0.4688,1.0,1.0,1.0,1.0,0.9518,0.925,1.0
1451,i-80__2218,1395,139.5,0.524137,0.276598,131.8,2.281,0,0.2825,1.0,1.0,1.0,1.0,0.7625,0.9507,1.0
1452,lankershim__902,1022,102.2,0.746933,0.40712,88.6,0.796,10,0.873,1.0,1.0,1.0,1.0,0.9606,0.926,1.0
1453,i-80__2994,987,98.7,0.59111,0.260994,23.9,2.67,0,0.4191,1.0,1.0,1.0,1.0,0.7106,0.9372,1.0
1454,lankershim__441,934,93.4,0.678101,0.368192,7.8,0.462,10,1.0,1.0,1.0,1.0,1.0,1.0,0.9564,1.0
1455,us-101__2181,698,69.8,0.492874,0.29712,19.3,3.174,0,0.5372,0.7592,0.9688,1.0,0.8474,0.6435,0.9126,1.0
1456,us-101__1990,988,98.8,0.490212,0.270731,42.2,4.355,0,0.4608,0.744,1.0,1.0,0.6694,0.4861,0.8936,1.0
1457,lankershim__610,1419,141.9,0.638075,0.319753,126.6,0.641,8,1.0,1.0,1.0,1.0,1.0,0.9812,0.9814,1.0
1458,i-80__3259,339,33.9,0.493306,0.329529,16.8,6.727,0,0.7639,1.0,1.0,0.3345,0.8431,0.1697,0.6874,1.0
1459,i-80__3279,712,71.2,0.528533,0.286037,54.4,4.376,0,0.3828,1.0,1.0,0.7445,0.3799,0.4833,0.873,1.0
1460,us-101__2303,656,65.6,0.501215,0.295983,27.7,1.788,1,0.5405,0.9258,1.0,0.1152,1.0,0.8282,0.8991,1.0
1461,lankershim__1165,712,71.2,0.683348,0.413651,12.2,0.522,16,0.5811,1.0,1.0,1.0,1.0,0.9971,1.0,1.0
1462,us-101__2358,495,49.5,0.450116,0.23958,36.4,1.258,3,0.6011,1.0,1.0,0.117,0.6138,0.8989,0.4736,1.0
1463,us-101__1808,970,97.0,0.384039,0.27166,66.0,5.654,0,0.4375,0.9445,1.0,0.1935,0.6184,0.3129,0.9035,1.0
1464,i-80__1548,800,80.0,0.508045,0.2761,61.4,1.256,3,0.4114,0.8091,0.9999,0.5461,0.4392,0.8992,0.8942,1.0
1465,lankershim__238,1287,128.7,0.705565,0.274007,29.8,0.338,24,0.5926,1.0,1.0,1.0,1.0,1.0,1.0,1.0
1466,lankershim__343,1690,169.0,0.84005,0.378808,40.0,0.553,12,1.0,1.0,1.0,1.0,1.0,0.9929,1.0,1.0
1467,i-80__2871,295,29.5,0.744097,0.483883,25.3,0.538,39,0.7446,1.0,1.0,1.0,1.0,0.995,1.0,1.0
1468,lankershim__1568,157,15.7,0.544108,0.329911,6.8,2.081,0,0.4733,1.0,1.0,0.7855,1.0,0.7892,0.8074,0.96
1469,i-80__548,541,54.1,0.550056,0.267923,37.5,3.017,0,0.6287,1.0,1.0,0.2132,1.0,0.6643,0.9277,1.0
1470,i-80__114,1015,101.5,0.5178,0.267561,24.8,3.965,0,0.4047,1.0,1.0,1.0,0.7204,0.538,0.9034,1.0
1471,us-101__2415,657,65.7,0.395556,0.255212,39.7,10.777,0,0.437,0.7954,1.0,0.2715,0.6661,0.0,0.7959,1.0
1472,us-101__2453,736,73.6,0.410866,0.262872,24.5,5.685,0,0.4819,0.5906,0.7963,0.0588,0.8069,0.3086,0.8533,1.0
1473,i-80__2594,1336,133.6,0.540651,0.267827,114.5,4.841,0,0.4334,1.0,1.0,1.0,0.8469,0.4212,0.9127,1.0
1474,lankershim__1567,145,14.5,0.460713,0.29441,11.9,9.377,0,0.4134,1.0,1.0,0.9671,1.0,0.0,0.7698,1.0
1475,us-101__2218,581,58.1,0.466668,0.276035,39.5,2.547,0,0.5922,1.0,1.0,0.3576,0.6485,0.727,0.8414,1.0
1476,peachtree__1689,2161,216.1,0.778294,0.288532,165.7,0.321,14,0.4773,1.0,1.0,1.0,1.0,1.0,0.9366,1.0
1477,lankershim__1524,1077,107.7,0.692482,0.418202,19.0,1.7,2,0.9407,1.0,1.0,1.0,1.0,0.8401,0.9409,1.0
1478,peachtree__25,477,47.7,0.4944,0.235346,3.3,inf,0,1.0,1.0,1.0,1.0,1.0,0.0,0.0,0.56
1479,us-101__2870,802,80.2,0.608469,0.259181,27.7,0.689,6,0.6206,0.6966,0.8781,1.0,0.5917,0.9748,1.0,1.0
1480,us-101__2323,519,51.9,0.380507,0.268378,13.0,7.106,0,0.7063,1.0,1.0,0.0469,0.6836,0.1192,0.7896,1.0
1481,i-80__2717,1331,133.1,0.567961,0.267175,94.4,2.463,0,0.3134,1.0,1.0,1.0,0.768,0.7382,0.9296,1.0
1482,lankershim__62,514,51.4,0.732787,0.429257,5.7,0.616,4,0.9303,1.0,1.0,1.0,1.0,0.9846,0.9621,1.0
1483,i-80__1853,2618,261.8,0.822689,0.295672,84.5,0.349,10,1.0,1.0,1.0,1.0,1.0,1.0,0.9399,1.0
1484,i-80__2777,840,84.0,0.696051,0.297465,4.6,3.542,0,0.5191,1.0,1.0,1.0,0.6193,0.5944,0.8797,1.0
1485,us-101__2906,754,75.4,0.45496,0.288294,20.5,5.031,0,0.6286,0.8747,1.0,1.0,0.5349,0.3958,0.9317,1.0
1486,lankershim__1523,753,75.3,0.665585,0.32121,0.9,0.596,17,0.8125,1.0,1.0,1.0,1.0,0.9872,0.8869,1.0
1487,i-80__2823,1743,174.3,0.619141,0.277036,74.2,2.494,0,0.3279,1.0,1.0,1.0,0.7646,0.7341,0.9186,1.0
1488,i-80__2698,1403,140.3,0.516961,0.266047,90.5,0.605,4,0.4374,0.7391,0.998,1.0,0.6156,0.9859,1.0,1.0
1489,i-80__2934,365,36.5,0.474575,0.306795,25.0,6.249,0,0.6608,1.0,1.0,0.3336,0.6789,0.2334,0.8109,1.0
1490,lankershim__1543,706,70.6,0.434379,0.262345,26.0,69.651,0,0.7598,1.0,1.0,1.0,1.0,0.0,0.0,1.0
1491,us-101__2574,614,61.4,0.40796,0.240594,7.5,4.453,0,0.5459,0.691,0.8702,0.064,0.5422,0.473,1.0,1.0
1492,i-80__3208,669,66.9,0.545466,0.302619,4.4,4.1,0,0.5903,1.0,1.0,0.9305,0.8637,0.52,0.8631,1.0
1493,i-80__3008,847,84.7,0.686366,0.268059,39.0,0.488,7,0.4459,1.0,1.0,0.4956,0.4784,1.0,0.8962,1.0
1494,i-80__53,730,73.0,0.675822,0.268546,9.9,0.693,6,0.4215,1.0,1.0,1.0,0.6762,0.9743,1.0,1.0
1495,lankershim__8,314,31.4,0.420801,0.266771,6.4,inf,0,0.3726,1.0,1.0,1.0,1.0,0.0,0.0,0.68
1496,i-80__588,1698,169.8,0.870344,0.302067,68.1,0.588,10,1.0,1.0,1.0,1.0,1.0,0.9883,0.9268,1.0
1497,us-101__2284,649,64.9,0.496506,0.261012,46.5,5.787,0,0.5495,1.0,1.0,1.0,0.7,0.295,0.8378,1.0
1498,i-80__567,1578,157.8,0.81524,0.290503,61.1,1.027,4,1.0,1.0,1.0,1.0,0.884,0.9297,0.9179,1.0
1499,lankershim__38,1139,113.9,0.80922,0.320123,107.1,0.324,39,0.5481,1.0,1.0,1.0,1.0,1.0,1.0,1.0
1500,us-101__1466,715,71.5,0.379649,0.250061,49.6,7.072,0,0.5305,0.7275,0.8127,0.2825,0.6813,0.1237,0.8166,1.0
1501,us-101__1498,818,81.8,0.507402,0.295198,0.2,7.451,0,0.4922,1.0,1.0,1.0,0.9801,0.0732,0.9125,1.0
1502,i-80__1789,1134,113.4,0.628726,0.277295,92.5,4.728,0,0.344,1.0,1.0,1.0,0.9084,0.4363,0.9452,1.0
1503,us-101__1938,857,85.7,0.507964,0.240782,41.4,2.726,0,0.5468,0.8316,0.9895,1.0,0.6272,0.7031,0.9085,1.0
1504,lankershim__374,1484,148.4,0.696407,0.300962,14.4,1.266,3,0.8334,1.0,1.0,1.0,1.0,0.8979,0.9072,1.0
1505,peachtree__334,1741,174.1,0.737361,0.339604,122.6,0.769,28,0.5252,1.0,1.0,1.0,1.0,0.9641,0.9401,1.0
1506,peachtree__757,781,78.1,0.68705,0.349347,72.7,1.251,4,0.8039,1.0,1.0,1.0,1.0,0.8999,0.8893,0.88
1507,us-101__2461,744,74.4,0.453141,0.280443,2.0,6.145,0,0.4915,0.8373,1.0,0.5333,0.6252,0.2473,0.8954,1.0
1508,i-80__151,707,70.7,0.50344,0.292673,28.4,3.971,0,0.3927,1.0,1.0,0.2938,0.8428,0.5372,0.938,1.0
1509,i-80__1844,1993,199.3,0.901835,0.300701,76.5,0.165,23,1.0,1.0,1.0,1.0,1.0,1.0,0.9593,1.0
1510,lankershim__406,163,16.3,0.598357,0.320208,7.4,0.8,6,0.3675,1.0,1.0,1.0,1.0,0.9599,0.7163,1.0
1511,peachtree__1382,1355,135.5,0.594961,0.187579,77.6,0.452,14,1.0,1.0,1.0,1.0,1.0,1.0,0.6504,1.0
1512,peachtree__352,1156,115.6,0.764244,0.347359,32.3,0.391,11,0.4473,1.0,1.0,1.0,1.0,1.0,0.9581,0.96
1513,i-80__2849,738,73.8,0.553091,0.314169,69.7,2.458,0,0.5947,1.0,1.0,1.0,0.4066,0.739,0.8915,1.0
1514,peachtree__1037,1421,142.1,0.602177,0.261944,3.9,2.706,0,0.5861,1.0,1.0,1.0,1.0,0.7058,0.9125,1.0
1515,lankershim__1388,871,87.1,0.48379,0.2465,0.0,11.522,0,1.0,1.0,1.0,1.0,1.0,0.0,0.1437,0.8
1516,lankershim__1546,618,61.8,0.719098,0.349001,23.6,0.77,12,0.7925,1.0,1.0,1.0,1.0,0.964,0.9118,0.88
1517,i-80__259,527,52.7,0.473522,0.263941,8.7,6.345,0,0.4523,1.0,1.0,0.453,0.5914,0.2207,0.7772,1.0
1518,lankershim__791,1289,128.9,0.772881,0.397554,98.2,0.598,15,0.9028,1.0,1.0,1.0,1.0,0.987,0.9165,1.0
1519,us-101__2593,956,95.6,0.524275,0.266552,37.9,1.701,1,0.4373,0.9141,1.0,1.0,0.7661,0.8399,0.8469,1.0
1520,i-80__1951,2880,288.0,0.803202,0.289347,71.4,0.446,12,1.0,1.0,1.0,1.0,1.0,1.0,1.0,1.0
1521,us-101__2110,843,84.3,0.508174,0.256563,29.2,4.225,0,0.5463,0.8879,0.919,0.3571,0.7561,0.5033,1.0,1.0
1522,peachtree__864,1459,145.9,0.720861,0.357236,118.2,0.773,13,0.6292,1.0,1.0,1.0,1.0,0.9636,0.9067,0.92
1523,i-80__3265,592,59.2,0.535867,0.281982,5.5,2.72,0,0.492,1.0,1.0,1.0,0.7788,0.704,0.7636,1.0
1524,lankershim__260,1217,121.7,0.778544,0.331318,73.1,0.271,23,0.7065,1.0,1.0,1.0,1.0,1.0,0.9433,1.0
1525,lankershim__100,937,93.7,0.72106,0.368178,9.2,1.137,4,0.8362,1.0,1.0,1.0,1.0,0.9151,0.9148,1.0
1526,peachtree__819,472,47.2,0.66237,0.307605,3.6,0.414,6,0.6518,1.0,1.0,1.0,1.0,1.0,0.6166,0.64
1527,us-101__2979,770,77.0,0.440388,0.252617,16.8,8.037,0,0.575,1.0,1.0,0.8956,0.7781,0.0,0.8223,1.0
1528,us-101__2793,303,30.3,0.507369,0.289905,14.4,5.484,0,0.7138,1.0,1.0,0.2394,1.0,0.3355,0.824,1.0
1529,i-80__2519,1862,186.2,0.511773,0.264111,52.8,3.494,0,0.2751,1.0,1.0,1.0,1.0,0.6008,0.9632,1.0
1530,i-80__2630,759,75.9,0.828291,0.299389,31.2,0.406,12,0.3722,1.0,1.0,1.0,1.0,1.0,0.8942,1.0
1531,peachtree__1551,1630,163.0,0.687953,0.217981,25.2,0.114,36,1.0,1.0,1.0,1.0,1.0,1.0,1.0,1.0
1532,peachtree__127,1452,145.2,0.675426,0.300663,63.9,0.813,9,0.6251,1.0,1.0,1.0,1.0,0.9583,0.9233,1.0
1533,i-80__19,412,41.2,0.540503,0.287081,3.0,4.87,0,0.6174,1.0,1.0,0.0652,0.5651,0.4173,0.7797,1.0
1534,i-80__129,480,48.0,0.498426,0.270918,3.5,5.081,0,0.6328,1.0,1.0,0.0414,0.5649,0.3892,0.7666,1.0
1535,i-80__2331,990,99.0,0.778025,0.332315,85.8,1.652,2,0.6625,1.0,1.0,1.0,1.0,0.8464,0.9037,1.0
1536,i-80__2724,1217,121.7,0.716037,0.273734,95.0,1.012,18,0.2765,1.0,1.0,1.0,0.7201,0.9317,0.9879,1.0
1537,i-80__2980,768,76.8,0.550733,0.322144,25.9,3.747,0,0.4631,1.0,1.0,1.0,0.6066,0.567,0.9293,1.0
1538,i-80__3322,677,67.7,0.599879,0.309076,19.5,2.81,0,0.4236,1.0,1.0,1.0,0.5816,0.692,0.9211,1.0
1539,lankershim__64,507,50.7,0.462538,0.258494,50.6,inf,0,0.6348,1.0,1.0,1.0,1.0,0.0,0.0,0.72
1540,lankershim__385,1304,130.4,0.854757,0.400777,41.1,0.415,16,1.0,1.0,1.0,1.0,1.0,1.0,0.94,1.0
1541,lankershim__158,737,73.7,0.629796,0.392224,34.2,2.929,0,0.6391,1.0,1.0,1.0,1.0,0.6761,0.9115,1.0
1542,i-80__2639,1468,146.8,0.590108,0.248356,82.8,0.142,5,0.4596,1.0,1.0,1.0,0.9501,1.0,1.0,1.0
1543,lankershim__116,482,48.2,0.780142,0.424127,7.1,0.392,9,0.831,1.0,1.0,1.0,1.0,1.0,0.9672,1.0
1544,i-80__2269,802,80.2,0.606556,0.31753,0.6,2.576,0,0.4653,1.0,1.0,1.0,0.7425,0.7232,0.9552,1.0
1545,us-101__1502,988,98.8,0.630512,0.264304,39.5,2.409,0,0.4097,0.7454,1.0,1.0,0.5465,0.7455,0.9372,1.0
1546,i-80__3286,590,59.0,0.543999,0.331261,55.1,5.497,0,0.4586,1.0,1.0,1.0,0.7526,0.3338,0.8565,1.0
1547,lankershim__31,894,89.4,0.749985,0.36712,10.7,2.446,0,0.8175,1.0,1.0,1.0,1.0,0.7406,0.9076,1.0
1548,peachtree__85,1288,128.8,0.778821,0.304426,82.0,0.556,15,1.0,1.0,1.0,1.0,1.0,0.9926,0.9194,0.76
1549,us-101__2366,674,67.4,0.405533,0.262583,18.7,3.548,0,0.4721,0.8244,1.0,0.0722,0.6522,0.5936,0.8245,1.0
1550,peachtree__99,981,98.1,0.651916,0.22571,31.1,0.437,3,0.6093,1.0,1.0,1.0,1.0,1.0,0.0,1.0
1551,lankershim__1285,641,64.1,0.694753,0.410336,22.8,2.267,0,0.812,1.0,1.0,1.0,1.0,0.7644,0.9352,1.0
1552,us-101__2070,790,79.0,0.6607,0.287565,74.2,1.815,1,0.5997,1.0,1.0,1.0,1.0,0.8246,0.9076,1.0
1553,i-80__764,609,60.9,0.591572,0.263962,49.6,1.185,3,0.4177,1.0,1.0,0.1244,0.4167,0.9086,0.8327,1.0
1554,us-101__2984,910,91.0,0.632582,0.262762,1.7,2.824,0,0.636,1.0,1.0,1.0,0.7409,0.6902,0.911,1.0
1555,peachtree__642,1275,127.5,0.701997,0.271294,32.0,0.712,11,0.6131,1.0,1.0,1.0,1.0,0.9717,0.908,1.0
1556,i-80__485,1454,145.4,0.918811,0.306496,72.0,0.327,23,1.0,1.0,1.0,1.0,1.0,1.0,0.9391,1.0
1557,lankershim__781,926,92.6,0.777226,0.393491,86.3,0.824,8,0.8898,1.0,1.0,1.0,1.0,0.9568,0.918,1.0
1558,i-80__2434,2026,202.6,0.518152,0.24674,39.8,4.407,0,0.3082,1.0,1.0,1.0,1.0,0.479,0.9454,1.0
1559,us-101__2049,866,86.6,0.590691,0.272293,30.7,2.319,0,0.5555,0.9106,1.0,1.0,0.6853,0.7575,0.8976,1.0
1560,i-80__529,525,52.5,0.525961,0.295237,1.2,1.986,1,0.6698,1.0,1.0,0.2637,1.0,0.8018,0.8902,1.0
1561,us-101__1989,650,65.0,0.593064,0.338665,30.0,4.89,0,0.5859,1.0,1.0,1.0,1.0,0.4147,0.8851,1.0
1562,i-80__3035,932,93.2,0.71143,0.334144,23.0,0.055,2,0.3998,1.0,1.0,1.0,1.0,1.0,1.0,1.0
1563,lankershim__847,711,71.1,0.742259,0.409168,8.6,1.092,12,0.6001,1.0,1.0,1.0,1.0,0.9211,0.9242,1.0
1564,i-80__1532,920,92.0,0.405547,0.261452,7.5,5.768,0,0.3138,1.0,1.0,1.0,0.4612,0.2976,0.8353,1.0
1565,i-80__511,628,62.8,0.435887,0.276291,20.3,5.048,0,0.434,0.9646,1.0,0.2973,1.0,0.3936,0.8504,1.0
1566,us-101__2804,793,79.3,0.495087,0.297198,2.8,3.939,0,1.0,1.0,1.0,1.0,1.0,0.5415,0.932,1.0
1567,peachtree__954,785,78.5,0.839888,0.35809,51.7,0.475,8,1.0,1.0,1.0,1.0,1.0,1.0,0.9114,1.0
1568,i-80__2432,1587,158.7,0.425379,0.24913,35.9,2.683,0,0.2165,0.7875,0.9752,1.0,0.6141,0.7089,0.9823,1.0
1569,i-80__2510,416,41.6,0.487,0.29037,3.9,5.289,0,0.5168,0.7946,0.9857,0.0359,0.7823,0.3615,0.7533,1.0
1570,us-101__3107,282,28.2,0.485873,0.308174,5.5,7.728,0,0.8146,1.0,1.0,0.0833,1.0,0.0363,0.828,1.0
1571,lankershim__271,1164,116.4,0.669393,0.35525,77.1,0.886,5,0.6657,1.0,1.0,1.0,1.0,0.9485,0.9235,1.0
1572,lankershim__24,1297,129.7,0.777492,0.368153,78.2,0.504,14,0.7289,1.0,1.0,1.0,1.0,0.9994,1.0,1.0
1573,us-101__2834,808,80.8,0.464009,0.275331,3.6,5.63,0,0.5728,1.0,1.0,1.0,0.9462,0.316,0.8756,1.0
1574,lankershim__1208,527,52.7,0.733228,0.436482,27.0,1.73,13,0.5643,1.0,1.0,1.0,1.0,0.836,0.924,1.0
1575,peachtree__1122,770,77.0,0.685971,0.244428,29.4,1.465,2,1.0,1.0,1.0,1.0,1.0,0.8713,0.8242,0.92
1576,us-101__1263,1650,165.0,0.82345,0.269823,52.0,0.612,7,1.0,1.0,1.0,1.0,1.0,0.985,0.9145,1.0
1577,i-80__2918,365,36.5,0.398631,0.263185,34.1,31.168,0,0.7167,1.0,1.0,0.1718,0.7764,0.0,0.6095,1.0
1578,i-80__2695,1437,143.7,0.434327,0.209759,27.4,17.672,0,0.2963,0.8205,1.0,1.0,0.6599,0.0,0.5652,1.0
1579,us-101__3101,255,25.5,0.711923,0.395453,2.8,0.389,14,0.9185,1.0,1.0,0.0656,1.0,1.0,1.0,1.0
1580,lankershim__727,877,87.7,0.697852,0.39097,57.5,1.688,2,0.5454,1.0,1.0,1.0,1.0,0.8416,0.9362,1.0
1581,lankershim__1571,405,40.5,0.622111,0.342177,17.7,1.079,5,0.3759,1.0,1.0,1.0,1.0,0.9228,0.8713,1.0
1582,us-101__2278,737,73.7,0.418608,0.25483,15.6,2.274,0,0.4249,0.8049,0.9612,0.1455,0.6376,0.7635,0.8479,1.0
1583,lankershim__1062,490,49.0,0.651836,0.383528,7.1,1.063,6,0.613,1.0,1.0,1.0,1.0,0.925,0.9232,1.0
1584,peachtree__591,1154,115.4,0.602825,0.231341,36.2,0.388,10,0.6422,1.0,1.0,1.0,1.0,1.0,0.0,0.92
1585,us-101__2194,481,48.1,0.612602,0.322897,9.6,3.595,0,0.7307,1.0,1.0,0.0579,0.6469,0.5873,0.8692,1.0
1586,i-80__13,1358,135.8,0.743817,0.297881,95.4,1.654,3,1.0,1.0,1.0,1.0,1.0,0.8461,0.9378,1.0
1587,i-80__209,936,93.6,0.589225,0.279165,10.0,2.773,0,0.342,1.0,1.0,1.0,1.0,0.6969,0.9557,1.0
1588,peachtree__200,1712,171.2,0.759224,0.328753,60.5,1.546,3,0.5189,1.0,1.0,1.0,1.0,0.8606,0.9222,1.0
1589,i-80__2325,1697,169.7,0.594174,0.300016,22.3,0.439,3,0.3893,1.0,1.0,1.0,0.518,1.0,1.0,1.0
1590,peachtree__1110,1143,114.3,0.794149,0.327983,62.6,1.398,10,0.5339,1.0,1.0,1.0,1.0,0.8802,0.944,1.0
1591,i-80__160,1147,114.7,0.588058,0.276122,5.9,0.662,7,0.3316,1.0,1.0,1.0,1.0,0.9784,0.939,1.0
1592,i-80__694,1419,141.9,0.822933,0.292718,77.3,0.669,14,1.0,1.0,1.0,1.0,0.6721,0.9775,0.9085,1.0
1593,i-80__2725,1986,198.6,0.54372,0.284681,83.8,4.529,0,0.3102,1.0,1.0,1.0,1.0,0.4628,0.9445,1.0
1594,i-80__1124,340,34.0,0.336814,0.216842,29.9,16.119,0,0.6558,0.8764,1.0,0.0272,0.6691,0.0,0.4358,1.0
1595,us-101__2876,962,96.2,0.61501,0.295957,15.9,0.315,20,0.6512,0.8842,0.8505,1.0,0.979,1.0,1.0,1.0
1596,i-80__2508,345,34.5,0.775481,0.478488,20.4,0.492,73,0.67,1.0,1.0,0.2321,1.0,1.0,1.0,1.0
1597,i-80__2282,1893,189.3,0.544854,0.248214,2.1,0.77,28,0.3247,1.0,1.0,1.0,0.4308,0.9639,1.0,1.0
1598,peachtree__73,372,37.2,0.579975,0.314641,19.2,4.076,0,0.3581,1.0,1.0,1.0,1.0,0.5232,0.849,0.56
1599,i-80__3065,627,62.7,0.651775,0.325054,13.5,0.473,9,0.4826,1.0,1.0,0.6383,1.0,1.0,0.8961,1.0
1600,peachtree__1457,548,54.8,0.606775,0.299758,13.4,3.169,0,0.3728,1.0,1.0,1.0,1.0,0.6442,0.9031,0.52
1601,us-101__2141,855,85.5,0.389411,0.242545,15.0,8.474,0,0.5119,0.9101,1.0,0.1093,0.613,0.0,0.8446,1.0
1602,us-101__1379,943,94.3,0.533738,0.286558,86.5,3.632,0,0.5248,1.0,1.0,1.0,0.8023,0.5824,0.9077,1.0
1603,i-80__528,442,44.2,0.592917,0.299961,25.3,0.222,7,0.5424,0.7937,1.0,0.0467,0.663,1.0,1.0,1.0
1604,peachtree__567,1985,198.5,0.665832,0.212537,37.5,0.35,21,0.4083,1.0,1.0,1.0,1.0,1.0,0.2035,1.0
1605,i-80__3071,373,37.3,0.570969,0.347632,5.2,3.71,0,0.8743,1.0,1.0,0.512,0.4574,0.572,0.8433,1.0
1606,us-101__3004,725,72.5,0.394716,0.217655,70.3,4.049,0,0.5869,0.6896,0.9033,0.435,1.0,0.5269,0.7721,1.0
1607,us-101__2715,741,74.1,0.588438,0.306897,24.2,3.225,0,0.4932,1.0,1.0,1.0,0.5169,0.6366,0.9321,1.0
1608,peachtree__1284,247,24.7,0.602541,0.346753,12.9,3.059,0,0.3289,1.0,1.0,0.8181,1.0,0.6588,0.8344,0.88
1609,peachtree__1549,311,31.1,0.631041,0.29913,15.4,0.779,9,0.4768,1.0,1.0,0.524,1.0,0.9629,0.8529,0.68
1610,i-80__2227,1427,142.7,0.586349,0.27442,22.7,3.848,0,0.3816,1.0,1.0,1.0,0.6408,0.5535,0.9282,1.0
1611,peachtree__1182,1319,131.9,0.678865,0.23123,89.7,0.384,27,0.4481,1.0,1.0,1.0,1.0,1.0,0.91,0.96
1612,i-80__2335,1162,116.2,0.622258,0.304199,3.0,0.27,12,0.3472,0.9846,1.0,1.0,1.0,1.0,0.9584,1.0
1613,lankershim__1245,312,31.2,0.726043,0.310564,19.4,0.305,8,0.4977,1.0,1.0,1.0,1.0,1.0,0.9181,1.0
1614,i-80__1727,2431,243.1,0.774477,0.282143,69.5,0.51,23,1.0,1.0,1.0,1.0,0.6398,0.9987,1.0,1.0
1615,lankershim__748,930,93.0,0.740606,0.407844,32.7,1.583,9,0.5232,1.0,1.0,1.0,1.0,0.8556,0.9183,1.0
1616,i-80__3020,1119,111.9,0.718177,0.306789,11.5,1.285,6,0.4204,1.0,1.0,1.0,0.5216,0.8954,0.9429,1.0
1617,lankershim__675,1536,153.6,0.812236,0.396697,106.0,0.771,10,1.0,1.0,1.0,1.0,1.0,0.9639,1.0,1.0
1618,peachtree__543,58,5.8,0.534555,0.425843,0.9,2.148,0,0.3087,1.0,1.0,0.1749,1.0,0.7803,0.9138,0.56
1619,peachtree__59,1495,149.5,0.762675,0.328495,2.6,0.252,23,1.0,1.0,1.0,1.0,1.0,1.0,0.9228,0.64
1620,lankershim__888,783,78.3,0.758572,0.426413,2.8,1.429,2,0.9398,1.0,1.0,1.0,1.0,0.8762,0.9333,1.0
1621,us-101__2098,511,51.1,0.616309,0.284455,25.4,2.594,0,0.584,1.0,1.0,1.0,1.0,0.7208,0.8052,1.0
1622,i-80__2937,352,35.2,0.46578,0.320167,33.3,7.911,0,0.6833,1.0,1.0,0.2745,0.698,0.0118,0.7178,1.0
1623,us-101__2060,581,58.1,0.369474,0.23608,18.2,5.617,0,0.511,0.7472,0.9636,0.2291,0.73,0.3177,0.6696,1.0
1624,us-101__2511,734,73.4,0.486459,0.300627,25.3,4.683,0,0.5098,0.7605,0.8163,0.0874,0.8919,0.4423,1.0,1.0
1625,i-80__254,557,55.7,0.633495,0.31875,11.3,0.671,7,0.6231,1.0,1.0,1.0,1.0,0.9772,0.8219,1.0
1626,lankershim__322,1071,107.1,0.651452,0.288305,8.3,0.62,8,0.517,1.0,1.0,1.0,1.0,0.9841,1.0,1.0
1627,us-101__2340,653,65.3,0.405758,0.275854,0.2,6.369,0,0.545,0.7654,1.0,0.061,0.706,0.2175,0.8472,1.0
1628,us-101__3022,641,64.1,0.519565,0.304941,8.3,3.78,0,0.5884,0.9677,1.0,0.6192,0.8485,0.5626,0.8909,1.0
1629,us-101__2864,772,77.2,0.557179,0.300471,29.8,4.052,0,0.7041,0.9537,1.0,1.0,1.0,0.5264,0.9142,1.0
1630,peachtree__310,1430,143.0,0.843337,0.346399,47.8,0.516,18,1.0,1.0,1.0,1.0,1.0,0.9979,1.0,0.96
1631,lankershim__1493,886,88.6,0.457763,0.222669,34.6,inf,0,0.302,1.0,1.0,1.0,1.0,0.0,0.0,1.0
1632,i-80__242,634,63.4,0.574429,0.251413,49.6,2.459,0,0.3833,1.0,1.0,1.0,1.0,0.7388,0.7935,1.0
1633,i-80__917,286,28.6,0.748066,0.354196,0.8,4.01,0,1.0,1.0,1.0,1.0,1.0,0.5321,0.7297,1.0
1634,peachtree__1553,713,71.3,0.640049,0.304829,13.4,3.111,0,0.3635,1.0,1.0,1.0,1.0,0.6519,0.8994,0.6
1635,i-80__2069,1039,103.9,0.560921,0.284232,4.0,1.147,4,0.4695,1.0,1.0,1.0,1.0,0.9138,0.9257,1.0
1636,i-80__2689,1051,105.1,0.648065,0.292953,29.6,0.248,15,0.2709,1.0,1.0,0.7706,1.0,1.0,1.0,1.0
1637,us-101__2877,960,96.0,0.610999,0.304203,21.9,0.576,18,0.6621,0.921,0.9496,1.0,0.5521,0.9898,1.0,1.0
1638,peachtree__102,78,7.8,0.522012,0.29989,0.7,1.439,2,0.293,1.0,1.0,1.0,1.0,0.8747,0.0379,0.52
1639,i-80__2687,409,40.9,0.476745,0.307121,0.1,4.859,0,1.0,1.0,1.0,0.0356,0.8036,0.4189,0.8152,1.0
1640,peachtree__611,906,90.6,0.792206,0.341677,48.5,0.265,45,1.0,1.0,1.0,1.0,1.0,1.0,0.9452,1.0
1641,i-80__1085,757,75.7,0.684902,0.315327,31.2,0.517,11,1.0,1.0,1.0,1.0,1.0,0.9977,0.8765,1.0
1642,lankershim__947,1042,104.2,0.525354,0.227758,12.5,10.627,0,0.5987,1.0,1.0,1.0,1.0,0.0,0.6951,1.0
1643,us-101__2726,781,78.1,0.585214,0.236749,26.9,1.641,1,0.4502,0.818,0.9637,0.1353,0.7778,0.8478,0.7587,1.0
1644,peachtree__1375,1287,128.7,0.782343,0.279399,47.1,0.186,36,1.0,1.0,1.0,1.0,1.0,1.0,0.9023,1.0
1645,i-80__2757,916,91.6,0.481882,0.279473,62.9,2.377,0,0.4119,1.0,1.0,0.5764,0.8418,0.7498,0.8797,1.0
1646,peachtree__21,209,20.9,0.503394,0.270855,6.5,0.916,5,0.3167,1.0,1.0,1.0,1.0,0.9445,0.0,0.56
1647,lankershim__1565,760,76.0,0.56092,0.288985,11.4,0.156,15,0.9909,1.0,1.0,1.0,1.0,1.0,0.0,1.0
1648,peachtree__347,1547,154.7,0.59891,0.256657,25.8,0.358,7,0.5696,1.0,1.0,1.0,1.0,1.0,0.8945,1.0
1649,i-80__627,708,70.8,0.516968,0.267231,63.4,4.368,0,0.4124,1.0,1.0,0.1217,0.5693,0.4843,0.8545,1.0
1650,i-80__1652,224,22.4,0.466267,0.344313,14.4,8.405,0,0.9704,1.0,1.0,0.0265,0.7563,0.0,0.4743,1.0
1651,peachtree__679,1303,130.3,0.893572,0.355446,9.9,0.375,25,1.0,1.0,1.0,1.0,1.0,1.0,0.9097,0.8
1652,i-80__418,1348,134.8,0.931338,0.341304,56.1,0.331,11,1.0,1.0,1.0,1.0,1.0,1.0,0.9726,1.0
1653,i-80__2700,1959,195.9,0.577514,0.25173,12.7,3.63,0,0.2691,1.0,1.0,1.0,0.5601,0.5827,0.967,1.0
1654,peachtree__1386,1587,158.7,0.681568,0.273095,24.4,1.186,10,0.4782,1.0,1.0,1.0,1.0,0.9086,0.8934,1.0
1655,i-80__579,545,54.5,0.583416,0.270288,13.1,0.628,7,0.5011,1.0,1.0,0.3968,1.0,0.9829,0.8389,1.0
1656,us-101__2629,669,66.9,0.450424,0.280743,56.2,7.721,0,0.4901,1.0,1.0,0.1223,1.0,0.0372,0.8776,1.0
1657,peachtree__559,894,89.4,0.797342,0.356646,43.7,1.899,3,0.7396,1.0,1.0,1.0,1.0,0.8135,0.9333,1.0
1658,i-80__2731,1201,120.1,0.548041,0.266909,7.5,2.366,0,0.2742,1.0,1.0,1.0,0.8485,0.7512,0.9209,1.0
1659,us-101__2820,813,81.3,0.472775,0.266288,11.1,4.965,0,0.6548,0.932,1.0,0.8828,1.0,0.4046,0.8989,1.0
1660,us-101__2673,569,56.9,0.576207,0.291937,22.7,0.683,7,0.6219,0.9507,0.9776,1.0,1.0,0.9756,0.9015,1.0
1661,i-80__2845,1879,187.9,0.869022,0.32255,96.1,0.305,20,1.0,1.0,1.0,1.0,1.0,1.0,0.9203,1.0
1662,i-80__23,1208,120.8,0.53622,0.295641,61.4,2.312,0,0.3984,1.0,1.0,1.0,1.0,0.7584,0.9967,1.0
1663,i-80__663,478,47.8,0.508815,0.258325,20.4,0.77,2,0.5212,1.0,1.0,0.0241,0.5143,0.964,1.0,1.0
1664,peachtree__1601,153,15.3,0.674178,0.277445,2.4,1.448,2,0.4544,1.0,1.0,1.0,1.0,0.8735,0.7372,0.6
1665,lankershim__111,505,50.5,0.738213,0.398145,20.6,0.875,8,0.5759,1.0,1.0,1.0,1.0,0.95,0.9232,1.0
1666,peachtree__12,261,26.1,0.42464,0.227277,0.1,inf,0,0.2306,1.0,1.0,1.0,1.0,0.0,0.0,0.36
1667,i-80__36,1435,143.5,0.714604,0.229676,101.1,1.226,5,1.0,1.0,1.0,1.0,0.8583,0.9032,0.8143,1.0
1668,peachtree__613,512,51.2,0.665599,0.367691,18.2,1.882,3,1.0,1.0,1.0,1.0,1.0,0.8157,0.9266,1.0
1669,i-80__2708,423,42.3,0.472136,0.26935,17.5,11.07,0,0.5611,1.0,1.0,0.1365,0.8219,0.0,0.7319,1.0
1670,i-80__1530,895,89.5,0.592096,0.251577,52.0,3.143,0,0.3824,1.0,1.0,1.0,1.0,0.6476,0.9032,1.0
1671,i-80__3117,905,90.5,0.811931,0.377371,21.7,0.124,8,0.4201,1.0,1.0,1.0,0.943,1.0,1.0,1.0
1672,us-101__2664,671,67.1,0.440085,0.286806,64.9,6.317,0,0.5222,1.0,1.0,0.0677,0.7696,0.2244,0.9059,1.0
1673,i-80__269,1260,126.0,0.905107,0.336819,58.4,0.418,14,1.0,1.0,1.0,1.0,1.0,1.0,0.9091,1.0
1674,i-80__390,1359,135.9,0.806532,0.272761,55.2,0.303,9,1.0,1.0,1.0,1.0,1.0,1.0,0.9065,1.0
1675,lankershim__133,805,80.5,0.790392,0.320218,38.5,0.414,8,0.6262,1.0,1.0,1.0,1.0,1.0,0.8645,1.0
1676,peachtree__245,873,87.3,0.558783,0.245491,34.3,1.695,1,1.0,1.0,1.0,1.0,1.0,0.8407,0.8798,0.96
1677,i-80__2744,1966,196.6,0.549315,0.27666,36.7,3.577,0,0.265,1.0,1.0,1.0,0.948,0.5897,0.9686,1.0
1678,lankershim__1507,518,51.8,0.615405,0.283311,39.0,1.854,1,0.3742,1.0,1.0,1.0,1.0,0.8195,0.8513,1.0
1679,i-80__2766,430,43.0,0.39429,0.274551,27.5,5.875,0,0.5959,1.0,1.0,0.0396,0.5228,0.2833,0.7054,1.0
1680,peachtree__16,729,72.9,0.4968,0.24217,3.1,inf,0,1.0,1.0,1.0,1.0,1.0,0.0,0.0,0.64
1681,i-80__3321,785,78.5,0.70355,0.360747,39.3,0.153,11,0.4263,1.0,1.0,1.0,1.0,1.0,0.9592,1.0
1682,us-101__2535,719,71.9,0.421287,0.266479,7.5,6.139,0,0.442,0.7325,0.8546,0.0826,0.5801,0.2481,0.859,1.0
1683,us-101__2825,716,71.6,0.684911,0.351027,41.1,0.358,23,0.6195,1.0,1.0,1.0,1.0,1.0,0.871,1.0
1684,i-80__2041,2193,219.3,0.69044,0.272425,186.2,2.386,0,1.0,1.0,1.0,1.0,0.8175,0.7485,0.9354,1.0
1685,i-80__1401,1044,104.4,0.771221,0.320354,2.5,1.198,6,0.6841,1.0,1.0,1.0,0.9936,0.907,1.0,1.0
1686,i-80__527,584,58.4,0.676994,0.242786,1.7,0.195,15,0.4936,1.0,1.0,0.1124,0.503,1.0,1.0,1.0
1687,us-101__2826,818,81.8,0.477352,0.27834,8.5,4.861,0,0.5768,0.8059,1.0,1.0,0.7245,0.4186,0.9032,1.0
1688,us-101__2610,908,90.8,0.585463,0.288737,30.4,0.339,6,0.4422,1.0,1.0,1.0,1.0,1.0,1.0,1.0
1689,lankershim__259,1608,160.8,0.635269,0.311302,69.3,0.506,14,0.7125,1.0,1.0,1.0,1.0,0.9992,0.9359,1.0
1690,i-80__3248,313,31.3,0.414563,0.273993,2.4,15.29,0,0.8109,1.0,1.0,0.1537,0.6049,0.0,0.4589,1.0
1691,lankershim__1497,370,37.0,0.566378,0.363923,0.4,8.33,0,0.6379,1.0,1.0,0.4624,1.0,0.0,0.7388,1.0
1692,peachtree__97,52,5.2,0.431697,0.241089,5.1,inf,0,0.3062,1.0,1.0,1.0,1.0,0.0,0.0,0.16
1693,i-80__3111,912,91.2,0.674683,0.320939,1.8,2.599,0,0.3633,1.0,1.0,1.0,1.0,0.7201,0.9026,1.0
1694,lankershim__764,957,95.7,0.590587,0.361573,3.9,0.441,8,0.9382,1.0,1.0,1.0,1.0,1.0,0.9306,1.0
1695,us-101__2640,967,96.7,0.629359,0.311739,83.3,0.763,3,0.5045,1.0,1.0,1.0,0.6909,0.9649,1.0,1.0
1696,i-80__3260,589,58.9,0.564046,0.303776,46.5,6.534,0,0.4304,1.0,1.0,1.0,0.8731,0.1954,0.7646,1.0
1697,i-80__264,571,57.1,0.457789,0.258238,33.7,3.539,0,0.5233,1.0,1.0,0.1463,0.4793,0.5948,0.8682,1.0
1698,i-80__805,552,55.2,0.645782,0.330077,22.3,0.411,11,0.4434,0.9524,1.0,0.8487,1.0,1.0,0.8768,1.0
1699,us-101__2585,391,39.1,0.542342,0.272441,3.3,1.061,6,0.5255,1.0,1.0,0.043,1.0,0.9251,0.6313,1.0
1700,us-101__2329,506,50.6,0.446999,0.261689,46.5,9.761,0,0.5963,0.7909,0.9533,0.0831,0.9354,0.0,0.7816,1.0
1701,i-80__106,922,92.2,0.706954,0.316768,49.3,0.029,16,0.366,0.9399,1.0,1.0,1.0,1.0,1.0,1.0
1702,us-101__685,706,70.6,0.455971,0.272661,38.0,4.376,0,0.4641,0.7495,0.814,0.0731,0.6833,0.4832,0.852,1.0
1703,lankershim__310,577,57.7,0.622205,0.317018,1.0,4.85,0,0.7208,1.0,1.0,1.0,1.0,0.42,0.7463,1.0
1704,i-80__1052,673,67.3,0.614948,0.254002,11.0,1.971,1,0.4822,1.0,1.0,0.1843,0.5784,0.8039,0.8029,1.0
1705,peachtree__476,1501,150.1,0.797065,0.323829,15.9,0.409,17,1.0,1.0,1.0,1.0,1.0,1.0,0.9208,1.0
1706,lankershim__184,923,92.3,0.570497,0.291062,6.1,2.714,0,0.8442,1.0,1.0,1.0,1.0,0.7048,0.8986,1.0
1707,i-80__2722,431,43.1,0.456214,0.285348,28.5,8.878,0,0.5656,1.0,1.0,0.0504,0.533,0.0,0.7693,1.0
1708,us-101__2291,510,51.0,0.450632,0.295351,46.4,5.512,0,0.6303,0.9583,1.0,0.1339,0.6887,0.3317,0.8369,1.0
1709,peachtree__1299,1201,120.1,0.712042,0.324526,39.8,1.129,3,0.6172,1.0,1.0,1.0,1.0,0.9161,0.8788,0.72
1710,lankershim__572,1634,163.4,0.70241,0.306168,43.0,0.408,9,0.6873,1.0,1.0,1.0,1.0,1.0,0.9281,1.0
1711,us-101__2616,714,71.4,0.54334,0.273685,61.6,1.23,3,0.4914,0.7642,1.0,0.9502,0.8375,0.9027,0.9065,1.0
1712,lankershim__1169,393,39.3,0.644177,0.385244,19.5,0.571,6,0.7885,1.0,1.0,1.0,1.0,0.9905,0.8858,1.0
1713,lankershim__1503,1130,113.0,0.619477,0.280457,0.0,6.362,0,0.6153,1.0,1.0,1.0,1.0,0.2184,0.8681,1.0
1714,i-80__489,667,66.7,0.488496,0.237946,60.5,3.61,0,0.4291,0.7943,0.8515,0.1467,0.5014,0.5853,0.8954,1.0
1715,i-80__817,808,80.8,0.570778,0.307489,11.6,2.185,0,0.5343,0.9934,1.0,1.0,1.0,0.7753,0.9345,1.0
1716,i-80__771,544,54.4,0.538966,0.297439,5.4,2.24,0,0.4669,1.0,1.0,0.3391,1.0,0.768,0.8362,1.0
1717,i-80__2492,947,94.7,0.700167,0.340312,0.7,2.836,0,0.9346,1.0,1.0,1.0,0.9152,0.6885,0.9508,1.0
1718,us-101__2650,918,91.8,0.499662,0.262238,10.2,2.031,0,0.4602,0.759,0.965,1.0,0.9581,0.7958,0.8661,1.0
1719,peachtree__1483,1691,169.1,0.720056,0.278441,3.2,1.8,1,0.4577,1.0,1.0,1.0,1.0,0.8266,0.9149,0.68
1720,i-80__2599,1390,139.0,0.560526,0.258778,14.9,3.696,0,0.3268,1.0,1.0,1.0,0.7457,0.5739,0.9548,1.0
1721,peachtree__1144,858,85.8,0.666428,0.343682,40.0,1.073,17,0.4977,1.0,1.0,1.0,1.0,0.9236,0.9625,1.0
1722,us-101__2388,453,45.3,0.513035,0.291738,24.6,2.077,0,0.6941,1.0,1.0,0.068,1.0,0.7897,0.7619,1.0
1723,lankershim__613,961,96.1,0.614579,0.287776,69.2,0.432,11,0.825,1.0,1.0,1.0,1.0,1.0,0.0,1.0
1724,i-80__2807,1583,158.3,0.499386,0.2665,128.1,3.81,0,0.3291,1.0,1.0,1.0,0.6743,0.5586,0.9335,1.0
1725,lankershim__1555,851,85.1,0.699386,0.379996,33.7,1.538,7,0.7275,1.0,1.0,1.0,1.0,0.8616,1.0,1.0
1726,i-80__2184,1565,156.5,0.40909,0.214585,101.3,7.073,0,0.2672,1.0,1.0,1.0,0.5756,0.1236,0.6681,1.0
1727,us-101__1356,1087,108.7,0.482364,0.247281,56.3,3.707,0,0.4728,0.8563,0.9614,1.0,0.6416,0.5724,0.89,1.0
1728,i-80__1832,2660,266.0,0.767513,0.301602,100.8,0.913,12,1.0,1.0,1.0,1.0,1.0,0.9449,0.9333,1.0
1729,i-80__181,883,88.3,0.44555,0.26147,46.9,2.326,0,0.3707,1.0,1.0,1.0,1.0,0.7565,0.914,1.0
1730,i-80__2893,952,95.2,0.544458,0.286015,24.1,4.593,0,0.3565,1.0,1.0,1.0,0.4872,0.4542,0.8879,1.0
1731,us-101__2869,780,78.0,0.52206,0.294136,22.9,4.43,0,0.6019,0.9136,1.0,1.0,0.832,0.4761,0.8916,1.0
1732,i-80__255,623,62.3,0.446874,0.292813,0.6,6.606,0,0.4235,1.0,1.0,0.5524,0.8256,0.1859,0.834,1.0
1733,i-80__1935,2285,228.5,0.791873,0.277176,63.1,0.285,26,1.0,1.0,1.0,1.0,1.0,1.0,1.0,1.0
1734,us-101__2321,646,64.6,0.516607,0.322001,26.1,5.725,0,0.4959,1.0,1.0,0.0719,1.0,0.3033,0.8819,1.0
1735,peachtree__726,205,20.5,0.421475,0.258269,19.7,9.699,0,0.6351,1.0,1.0,1.0,1.0,0.0,0.2666,0.44
1736,us-101__1983,358,35.8,0.442975,0.257715,27.0,3.072,0,0.6083,0.8629,1.0,0.1103,1.0,0.6571,0.5792,1.0
1737,us-101__1299,1174,117.4,0.500814,0.280065,84.6,4.971,0,0.3833,0.7563,1.0,1.0,0.6019,0.4039,0.9478,1.0
1738,i-80__2851,1588,158.8,0.801261,0.285003,42.4,0.532,14,1.0,1.0,1.0,1.0,1.0,0.9957,0.9028,1.0
1739,us-101__2778,804,80.4,0.54334,0.27248,69.0,3.45,0,0.5999,0.7316,0.8715,1.0,1.0,0.6067,0.9331,1.0
1740,i-80__1311,1127,112.7,0.578088,0.253473,12.8,1.064,4,0.3224,1.0,1.0,0.412,0.3596,0.9248,0.8946,1.0
1741,i-80__1827,1751,175.1,0.545201,0.265547,7.6,4.982,0,0.2402,1.0,1.0,1.0,0.5309,0.4024,0.9272,1.0
1742,i-80__310,446,44.6,0.446373,0.279299,5.7,8.523,0,0.5666,1.0,1.0,0.2826,0.6189,0.0,0.8079,1.0
1743,lankershim__34,1213,121.3,0.627367,0.337637,8.6,1.236,5,0.805,1.0,1.0,1.0,1.0,0.9018,0.9273,1.0
1744,peachtree__546,265,26.5,0.508108,0.26818,3.1,10.045,0,0.3157,1.0,1.0,1.0,1.0,0.0,0.8654,0.52
1745,i-80__1094,560,56.0,0.768346,0.303524,12.4,0.072,14,0.6134,1.0,1.0,1.0,1.0,1.0,1.0,1.0
1746,i-80__3357,831,83.1,0.624806,0.314332,52.0,2.157,0,0.4227,1.0,1.0,1.0,0.474,0.7791,0.8982,1.0
1747,peachtree__472,293,29.3,0.641952,0.226884,2.4,0.583,8,0.3023,1.0,1.0,1.0,1.0,0.9889,0.5378,0.8
1748,i-80__241,1070,107.0,0.525686,0.27204,33.0,4.309,0,0.2814,1.0,1.0,1.0,0.6064,0.4921,0.924,1.0
1749,peachtree__87,1040,104.0,0.689679,0.245123,14.4,0.153,30,1.0,1.0,1.0,1.0,1.0,1.0,0.7298,0.92
1750,us-101__2404,659,65.9,0.414137,0.243073,0.5,8.233,0,0.4551,0.6779,1.0,0.1267,0.6901,0.0,0.7725,1.0
1751,i-80__2726,1877,187.7,0.541672,0.279195,21.1,3.419,0,0.2688,1.0,1.0,1.0,0.4918,0.6109,0.953,1.0
1752,us-101__1492,478,47.8,0.448583,0.292356,5.6,17.333,0,0.5881,1.0,1.0,0.0788,0.8633,0.0,0.7139,1.0
1753,i-80__3097,955,95.5,0.57981,0.294296,26.3,3.252,0,0.4518,1.0,1.0,1.0,0.5622,0.6331,0.8768,1.0
1754,peachtree__1190,903,90.3,0.659406,0.32578,21.0,2.723,0,0.4808,1.0,1.0,1.0,1.0,0.7035,0.8555,0.76
1755,peachtree__318,1198,119.8,0.837663,0.265015,52.3,0.39,24,1.0,1.0,1.0,1.0,1.0,1.0,0.8241,1.0
1756,peachtree__975,1143,114.3,0.60904,0.187408,18.1,0.631,7,0.5339,1.0,1.0,1.0,1.0,0.9825,0.6994,1.0
1757,i-80__1944,629,62.9,0.577886,0.300425,13.7,1.644,2,0.4612,1.0,1.0,1.0,0.7851,0.8475,0.8387,1.0
1758,peachtree__416,101,10.1,0.409761,0.219677,10.0,21.817,0,0.4708,1.0,1.0,1.0,1.0,0.0,0.0,0.28
1759,us-101__2317,668,66.8,0.450317,0.267685,4.7,6.513,0,0.5457,0.736,0.8533,0.0787,0.7934,0.1983,0.8317,1.0
1760,peachtree__390,1375,137.5,0.63762,0.288316,94.4,1.665,3,0.446,1.0,1.0,1.0,1.0,0.8447,0.9662,0.84
1761,peachtree__1210,3198,319.8,0.822064,0.263016,90.2,0.092,53,1.0,1.0,1.0,1.0,1.0,1.0,0.9231,1.0
1762,us-101__2309,497,49.7,0.397574,0.2551,6.1,4.129,0,0.565,1.0,1.0,0.089,0.7363,0.5161,0.7466,1.0
1763,peachtree__1188,1660,166.0,0.699008,0.262858,19.8,0.693,18,0.4542,1.0,1.0,1.0,1.0,0.9743,0.9362,1.0
1764,us-101__2836,948,94.8,0.500791,0.28352,23.3,4.198,0,0.5723,1.0,1.0,1.0,0.8986,0.5069,0.8874,1.0
1765,peachtree__425,70,7.0,0.399982,0.197033,6.3,inf,0,0.1308,0.8496,0.9707,1.0,1.0,0.0,0.0,0.6
1766,i-80__3170,356,35.6,0.455058,0.308393,24.8,16.386,0,0.6384,1.0,1.0,0.1019,0.6498,0.0,0.6573,1.0
1767,lankershim__1457,843,84.3,0.766953,0.401968,81.8,0.556,14,0.9391,1.0,1.0,1.0,1.0,0.9925,0.9166,1.0
1768,i-80__2787,438,43.8,0.358519,0.271395,26.7,11.029,0,0.6341,1.0,1.0,0.2419,1.0,0.0,0.4,1.0
1769,lankershim__170,452,45.2,0.468537,0.310791,38.9,5.102,0,0.7241,1.0,1.0,1.0,1.0,0.3864,0.4841,1.0
1770,i-80__3051,1143,114.3,0.606161,0.312636,110.5,2.424,0,0.4139,1.0,1.0,1.0,0.936,0.7435,0.9194,1.0
1771,i-80__3253,613,61.3,0.482371,0.283078,54.8,6.458,0,0.4554,1.0,1.0,1.0,0.716,0.2056,0.8477,1.0
1772,peachtree__706,1181,118.1,0.792604,0.334609,3.2,0.219,44,1.0,1.0,1.0,1.0,1.0,1.0,1.0,0.92
1773,i-80__3327,317,31.7,0.446455,0.279793,18.6,12.908,0,0.7004,1.0,1.0,0.0988,0.7285,0.0,0.5259,1.0
1774,peachtree__134,1562,156.2,0.822941,0.333625,22.8,0.76,15,1.0,1.0,1.0,1.0,1.0,0.9653,0.9374,1.0
1775,i-80__348,1449,144.9,0.91644,0.284038,69.6,0.445,16,1.0,1.0,1.0,1.0,1.0,1.0,0.9046,1.0
1776,i-80__248,929,92.9,0.585794,0.264249,8.1,3.033,0,0.383,1.0,1.0,1.0,0.4472,0.6622,0.9167,1.0
1777,i-80__128,1135,113.5,0.502893,0.264381,14.6,4.834,0,0.4485,1.0,1.0,1.0,1.0,0.4221,0.9003,1.0
1778,lankershim__809,1904,190.4,0.851988,0.365693,114.8,0.061,46,1.0,1.0,1.0,1.0,1.0,1.0,1.0,1.0
1779,us-101__1974,290,29.0,0.40219,0.26545,13.7,5.33,0,0.6553,1.0,1.0,0.0723,1.0,0.356,0.6832,1.0
1780,i-80__3133,704,70.4,0.629125,0.30763,3.7,3.137,0,0.8238,1.0,1.0,1.0,1.0,0.6485,0.8945,1.0
1781,i-80__1975,2611,261.1,0.89472,0.298898,172.2,0.304,17,1.0,1.0,1.0,1.0,1.0,1.0,0.9412,1.0
1782,i-80__2656,390,39.0,0.368622,0.216154,6.7,81.731,0,0.5794,0.9191,1.0,0.0294,0.6397,0.0,0.6299,1.0
1783,peachtree__144,899,89.9,0.718605,0.350691,2.6,0.419,6,1.0,1.0,1.0,1.0,1.0,1.0,0.9033,1.0
1784,i-80__1752,985,98.5,0.638741,0.298431,43.7,0.394,9,0.4045,1.0,1.0,1.0,1.0,1.0,0.9107,1.0
1785,peachtree__39,1632,163.2,0.872488,0.341662,4.0,0.331,28,1.0,1.0,1.0,1.0,1.0,1.0,0.9199,0.72
1786,peachtree__1556,832,83.2,0.756795,0.271289,13.1,0.676,12,0.4839,1.0,1.0,1.0,1.0,0.9766,0.8761,0.96
1787,lankershim__550,1164,116.4,0.717747,0.350836,46.8,2.454,0,1.0,1.0,1.0,1.0,1.0,0.7395,0.8962,1.0
1788,us-101__2716,848,84.8,0.669057,0.28449,31.8,3.13,0,0.5247,1.0,1.0,1.0,0.6419,0.6493,1.0,1.0
1789,us-101__2298,480,48.0,0.554559,0.24781,18.1,1.122,3,0.6512,1.0,1.0,0.0568,0.807,0.9171,0.7448,1.0
1790,peachtree__1476,1615,161.5,0.653693,0.223276,63.0,0.574,5,1.0,1.0,1.0,1.0,1.0,0.9901,0.8975,0.76
1791,us-101__1992,581,58.1,0.496853,0.299839,30.9,6.308,0,0.568,1.0,1.0,0.0564,0.7222,0.2257,0.849,1.0
1792,us-101__1986,866,86.6,0.460437,0.262306,29.2,2.815,0,0.6069,0.6969,1.0,1.0,0.7546,0.6914,0.8886,1.0
1793,peachtree__444,705,70.5,0.680905,0.332964,26.9,2.298,0,1.0,1.0,1.0,1.0,1.0,0.7603,0.9402,1.0
1794,us-101__2200,694,69.4,0.489079,0.262309,18.8,3.746,0,0.5785,0.8909,1.0,0.4355,0.8945,0.5672,0.9114,1.0
1795,i-80__1826,1151,115.1,0.574254,0.274613,20.2,2.403,0,0.3958,0.8809,1.0,1.0,0.6054,0.7462,0.9529,1.0
1796,i-80__1335,634,63.4,0.620184,0.330342,53.2,3.067,0,0.5519,1.0,1.0,1.0,1.0,0.6578,0.9127,1.0
1797,i-80__305,562,56.2,0.377959,0.237543,53.1,5.644,0,0.4522,0.8583,1.0,0.1883,0.5705,0.3142,0.7542,0.76
1798,peachtree__119,1211,121.1,0.637965,0.246626,15.0,0.929,5,1.0,1.0,1.0,1.0,1.0,0.9428,0.4033,0.88
1799,i-80__3273,708,70.8,0.498149,0.268542,58.3,1.201,2,0.3605,1.0,1.0,1.0,0.6221,0.9065,0.816,1.0
1800,us-101__2190,694,69.4,0.449614,0.262061,10.9,4.55,0,0.5795,0.8982,1.0,0.3593,0.6854,0.46,0.9027,1.0
1801,i-80__347,1481,148.1,0.783411,0.267154,62.3,0.485,18,1.0,1.0,1.0,1.0,1.0,1.0,0.8921,1.0
1802,peachtree__194,1189,118.9,0.892974,0.287236,31.7,0.552,8,1.0,1.0,1.0,1.0,1.0,0.9931,0.9497,1.0
1803,lankershim__519,956,95.6,0.664799,0.391182,7.5,3.151,0,0.7326,1.0,1.0,1.0,1.0,0.6465,0.9128,1.0
1804,i-80__450,436,43.6,0.553876,0.275908,1.6,7.175,0,0.5954,1.0,1.0,1.0,0.8577,0.11,0.7563,1.0
1805,lankershim__416,856,85.6,0.700105,0.426192,39.6,4.026,0,0.7559,1.0,1.0,1.0,1.0,0.5298,0.9279,1.0
1806,lankershim__560,1110,111.0,0.661901,0.31159,98.1,1.028,1,0.743,1.0,1.0,1.0,1.0,0.9296,0.9352,1.0
1807,us-101__2901,809,80.9,0.390271,0.252235,32.0,6.619,0,0.6457,0.8488,1.0,0.6514,0.4846,0.1841,0.8904,1.0
1808,us-101__2973,771,77.1,0.607125,0.309072,12.1,2.929,0,0.6724,0.9585,1.0,1.0,0.6326,0.6761,0.9129,1.0
1809,peachtree__718,968,96.8,0.776899,0.327535,36.1,1.329,6,1.0,1.0,1.0,1.0,1.0,0.8895,0.9176,0.76
1810,peachtree__572,1107,110.7,0.806292,0.352745,50.5,1.26,6,1.0,1.0,1.0,1.0,1.0,0.8986,0.9367,1.0
1811,i-80__2556,392,39.2,0.4108,0.285179,26.6,7.77,0,0.6732,1.0,1.0,0.0346,0.5153,0.0306,0.7896,1.0
1812,lankershim__1491,649,64.9,0.575706,0.380482,8.6,3.259,0,0.9663,1.0,1.0,1.0,1.0,0.6321,0.9083,1.0
1813,peachtree__763,881,88.1,0.723051,0.344299,48.7,0.293,24,1.0,1.0,1.0,1.0,1.0,1.0,0.9009,0.88
1814,i-80__1996,1439,143.9,0.532428,0.281406,26.3,2.322,0,0.2841,1.0,1.0,1.0,0.4495,0.7571,0.9268,1.0
1815,us-101__2732,850,85.0,0.549639,0.302043,75.2,3.059,0,1.0,1.0,1.0,1.0,1.0,0.6588,0.8875,1.0
1816,i-80__1771,1486,148.6,0.712637,0.305511,11.1,1.944,2,0.4855,1.0,1.0,1.0,0.796,0.8075,0.9411,1.0
1817,us-101__2639,685,68.5,0.395891,0.260464,63.4,8.885,0,0.5141,0.7806,1.0,0.5178,0.689,0.0,0.7903,1.0
1818,i-80__277,1495,149.5,0.755976,0.285142,66.4,1.309,3,1.0,1.0,1.0,1.0,0.7251,0.8921,0.8812,1.0
1819,i-80__76,1113,111.3,0.570162,0.274014,60.1,5.47,0,0.2792,1.0,1.0,1.0,0.7771,0.3373,0.9069,1.0
1820,us-101__3018,714,71.4,0.436684,0.254027,42.7,4.472,0,0.649,1.0,1.0,1.0,0.7206,0.4704,0.938,1.0
1821,us-101__2996,858,85.8,0.544623,0.285232,52.6,4.35,0,0.6902,0.9228,1.0,1.0,1.0,0.4867,0.895,1.0
1822,lankershim__784,1225,122.5,0.8859,0.411357,110.5,0.86,15,1.0,1.0,1.0,1.0,1.0,0.952,0.9025,1.0
1823,lankershim__511,909,90.9,0.716818,0.416559,8.8,1.734,8,1.0,1.0,1.0,1.0,1.0,0.8355,0.9237,1.0
1824,us-101__3002,589,58.9,0.498011,0.314752,8.9,5.443,0,0.6893,1.0,1.0,0.2026,0.8147,0.341,0.8905,1.0
1825,us-101__2518,739,73.9,0.442076,0.26155,36.9,5.706,0,0.5284,0.9043,0.9644,0.1939,0.6498,0.3058,0.8246,1.0
1826,i-80__2955,344,34.4,0.600104,0.343504,1.4,2.741,0,0.746,1.0,1.0,0.1717,0.7303,0.7011,0.8326,1.0
1827,peachtree__75,2403,240.3,0.676354,0.294957,191.3,0.526,18,1.0,1.0,1.0,1.0,1.0,0.9965,0.9485,1.0
1828,us-101__3006,741,74.1,0.550259,0.280385,10.8,3.658,0,0.6267,1.0,1.0,1.0,0.8907,0.5789,0.8939,1.0
1829,i-80__99,890,89.0,0.389218,0.249589,22.3,5.048,0,0.2861,1.0,1.0,0.3899,0.5575,0.3936,0.8849,1.0
1830,us-101__894,719,71.9,0.465097,0.25506,49.4,6.17,0,0.5665,1.0,1.0,0.1063,0.8045,0.244,0.8732,1.0
1831,lankershim__1563,780,78.0,0.791918,0.355916,28.0,0.061,32,0.6241,1.0,1.0,1.0,1.0,1.0,0.98,1.0
1832,i-80__2844,698,69.8,0.759622,0.347635,22.2,1.918,1,0.3771,1.0,1.0,1.0,1.0,0.811,1.0,1.0
1833,us-101__2527,713,71.3,0.398392,0.268394,53.3,7.332,0,0.4379,0.6779,0.8496,0.1771,0.5322,0.0891,0.8675,1.0
1834,peachtree__1194,541,54.1,0.689981,0.29229,11.0,1.909,3,0.3969,1.0,1.0,1.0,1.0,0.8121,0.9257,0.92
1835,us-101__3021,678,67.8,0.60082,0.300553,57.0,1.128,3,0.6734,1.0,1.0,1.0,1.0,0.9163,0.9178,1.0
1836,peachtree__146,1539,153.9,0.792877,0.374423,38.5,0.31,26,0.4853,1.0,1.0,1.0,1.0,1.0,0.9275,1.0
1837,i-80__458,1394,139.4,0.77172,0.297206,57.5,0.565,15,1.0,1.0,1.0,1.0,1.0,0.9913,0.9178,1.0
1838,i-80__63,428,42.8,0.387702,0.252746,3.3,6.565,0,0.6236,0.9236,0.9852,0.0496,0.3123,0.1913,0.7299,1.0
1839,i-80__2373,295,29.5,0.397662,0.230394,19.2,15.561,0,0.7667,1.0,1.0,0.2569,0.7303,0.0,0.0659,1.0
1840,lankershim__1357,783,78.3,0.72375,0.341799,74.9,0.793,14,0.702,1.0,1.0,1.0,1.0,0.9609,0.91,0.8
1841,lankershim__565,1037,103.7,0.631563,0.412132,12.1,2.4,0,0.7368,1.0,1.0,1.0,1.0,0.7466,0.916,1.0
1842,lankershim__589,1116,111.6,0.815731,0.405234,64.3,0.952,8,1.0,1.0,1.0,1.0,1.0,0.9398,0.9303,1.0
1843,i-80__901,881,88.1,0.621218,0.316662,8.2,0.527,13,0.4963,1.0,1.0,1.0,0.7497,0.9964,1.0,1.0
1844,i-80__116,792,79.2,0.461018,0.270575,43.0,3.268,0,0.3931,1.0,1.0,0.3837,0.8359,0.6309,0.8594,1.0
1845,us-101__2868,796,79.6,0.492779,0.267748,8.5,3.654,0,0.6286,1.0,1.0,1.0,0.6879,0.5794,0.909,1.0
1846,lankershim__1235,1031,103.1,0.619571,0.366127,25.6,5.416,0,0.5528,1.0,1.0,1.0,1.0,0.3445,0.9128,1.0
1847,i-80__1736,2602,260.2,0.863811,0.284241,84.6,0.366,16,1.0,1.0,1.0,1.0,0.7138,1.0,0.9271,1.0
1848,i-80__2614,370,37.0,0.659424,0.326493,1.2,0.564,9,0.6328,1.0,1.0,0.0392,0.7443,0.9915,1.0,1.0
1849,i-80__623,821,82.1,0.691138,0.293985,9.8,4.791,0,0.4002,1.0,1.0,1.0,1.0,0.4279,0.9017,1.0
1850,us-101__2924,954,95.4,0.533312,0.306209,67.8,4.097,0,0.6861,0.9207,1.0,1.0,0.8705,0.5203,0.8981,1.0
1851,us-101__2758,986,98.6,0.769814,0.237779,29.5,0.811,4,0.5112,1.0,1.0,1.0,1.0,0.9585,0.8869,1.0
1852,i-80__2503,1447,144.7,0.498245,0.236865,140.2,1.563,2,0.3226,1.0,1.0,1.0,0.4964,0.8582,0.8736,1.0
1853,peachtree__232,890,89.0,0.558373,0.260093,17.6,1.148,4,0.492,1.0,1.0,1.0,1.0,0.9137,0.9533,1.0
1854,peachtree__742,1335,133.5,0.670185,0.311925,93.9,0.988,6,0.6288,1.0,1.0,1.0,1.0,0.9349,0.9151,0.84
1855,peachtree__832,1214,121.4,0.812776,0.295189,29.9,0.27,18,1.0,1.0,1.0,1.0,1.0,1.0,0.9153,1.0
1856,i-80__2667,407,40.7,0.565802,0.27668,5.0,3.503,0,0.5837,0.8181,0.9942,0.0408,0.7973,0.5996,0.8818,1.0
1857,us-101__2983,731,73.1,0.669559,0.344793,12.2,2.381,0,0.7966,1.0,1.0,1.0,1.0,0.7493,0.9113,1.0
1858,lankershim__674,1243,124.3,0.813699,0.402976,86.9,1.364,2,1.0,1.0,1.0,1.0,1.0,0.8847,0.9201,1.0
1859,lankershim__1305,1221,122.1,0.781824,0.403041,89.4,0.625,18,0.7695,1.0,1.0,1.0,1.0,0.9834,0.9507,1.0
1860,lankershim__853,684,68.4,0.580793,0.346638,0.2,8.856,0,0.9298,1.0,1.0,1.0,1.0,0.0,0.6629,1.0
1861,us-101__2289,417,41.7,0.41339,0.285034,10.6,5.768,0,0.6286,1.0,1.0,0.0613,1.0,0.2976,0.8922,1.0
1862,peachtree__574,905,90.5,0.82945,0.329385,3.2,0.639,15,1.0,1.0,1.0,1.0,1.0,0.9815,0.7814,1.0
1863,peachtree__139,132,13.2,0.41007,0.242814,1.8,inf,0,0.1383,1.0,1.0,1.0,1.0,0.0,0.0,0.48
1864,peachtree__990,951,95.1,0.565519,0.296074,25.4,2.246,0,0.5202,1.0,1.0,1.0,1.0,0.7672,0.837,0.96
1865,peachtree__1312,381,38.1,0.626714,0.306784,20.9,0.901,6,0.6463,1.0,1.0,1.0,1.0,0.9466,0.3798,0.6
1866,us-101__2954,788,78.8,0.649797,0.280699,18.4,2.6,0,0.7124,1.0,1.0,1.0,0.5161,0.72,0.9332,1.0
1867,peachtree__1283,242,24.2,0.603307,0.296001,8.8,1.497,1,0.3632,1.0,1.0,1.0,1.0,0.8671,0.6089,1.0
1868,i-80__2605,1376,137.6,0.521893,0.254775,77.0,1.663,1,0.3201,1.0,1.0,1.0,0.5913,0.8449,0.9429,1.0
1869,i-80__3294,336,33.6,0.52757,0.332102,3.5,3.95,0,0.7422,1.0,1.0,1.0,0.5771,0.54,0.7075,1.0
1870,lankershim__448,448,44.8,0.477248,0.273806,4.2,inf,0,0.4169,1.0,1.0,1.0,1.0,0.0,0.0,1.0
1871,i-80__49,904,90.4,0.714178,0.311741,4.2,0.249,10,0.3886,1.0,1.0,1.0,1.0,1.0,0.9417,1.0
1872,i-80__3344,537,53.7,0.706309,0.353805,16.8,1.939,1,0.4377,1.0,1.0,1.0,1.0,0.8081,0.8854,1.0
1873,lankershim__1517,1050,105.0,0.658069,0.275047,7.2,1.226,3,0.8006,1.0,1.0,1.0,1.0,0.9032,0.8703,1.0
1874,lankershim__1467,1753,175.3,0.686987,0.30854,166.8,0.709,16,0.9777,1.0,1.0,1.0,1.0,0.9722,1.0,1.0
1875,i-80__2563,383,38.3,0.567625,0.324348,37.7,0.243,1,0.6063,1.0,1.0,0.0495,1.0,1.0,1.0,1.0
1876,i-80__330,779,77.9,0.700972,0.30073,37.7,0.168,13,0.3781,0.8664,1.0,0.3894,1.0,1.0,0.9584,1.0
1877,i-80__107,804,80.4,0.399155,0.273184,28.2,8.16,0,0.3856,0.8209,0.9434,0.7753,0.5225,0.0,0.8886,1.0
1878,i-80__2911,731,73.1,0.681655,0.323452,48.6,0.321,10,0.4216,1.0,1.0,1.0,1.0,1.0,0.9395,1.0
1879,peachtree__1050,1295,129.5,0.805316,0.291149,65.8,0.13,18,0.5026,1.0,1.0,1.0,1.0,1.0,0.9961,1.0
1880,i-80__95,1171,117.1,0.613151,0.270732,33.8,1.573,2,0.3956,1.0,1.0,1.0,1.0,0.8569,0.8964,1.0
1881,i-80__313,595,59.5,0.783492,0.299608,4.3,1.119,9,0.4455,1.0,1.0,1.0,0.5536,0.9175,0.9268,0.88
1882,lankershim__425,391,39.1,0.640434,0.360184,35.7,2.225,0,0.7858,1.0,1.0,1.0,1.0,0.7699,0.8818,1.0
1883,peachtree__961,959,95.9,0.682636,0.284852,58.9,0.285,30,1.0,1.0,1.0,1.0,1.0,1.0,0.7737,1.0
1884,i-80__854,1121,112.1,0.776229,0.310291,53.5,0.738,8,1.0,1.0,1.0,1.0,1.0,0.9683,0.8812,1.0
1885,i-80__2923,952,95.2,0.573757,0.308052,68.9,3.71,0,0.4363,1.0,1.0,1.0,1.0,0.5721,0.9157,1.0
1886,us-101__2268,472,47.2,0.431628,0.288946,5.2,9.304,0,0.5815,0.8227,0.9015,0.0626,0.591,0.0,0.8048,1.0
1887,us-101__2910,957,95.7,0.588679,0.266463,20.6,3.916,0,0.6727,1.0,1.0,1.0,0.9307,0.5445,0.9299,1.0
1888,peachtree__28,1002,100.2,0.716807,0.216211,8.8,0.961,4,1.0,1.0,1.0,1.0,1.0,0.9385,0.8795,0.84
1889,i-80__237,1315,131.5,0.913943,0.319565,54.4,0.655,7,1.0,1.0,1.0,1.0,1.0,0.9793,0.9233,1.0
1890,lankershim__1448,356,35.6,0.683145,0.411243,6.4,2.568,0,0.3494,1.0,1.0,1.0,1.0,0.7243,0.8674,1.0
1891,i-80__1786,672,67.2,0.72769,0.333715,61.1,1.954,1,0.4429,1.0,1.0,1.0,1.0,0.8061,0.9343,1.0
1892,peachtree__152,106,10.6,0.401837,0.257414,10.4,inf,0,0.1901,0.9508,1.0,1.0,1.0,0.0,0.0,0.4
1893,i-80__2946,348,34.8,0.690183,0.30103,2.5,5.662,0,0.7037,1.0,1.0,1.0,1.0,0.3117,0.7256,1.0
1894,us-101__984,755,75.5,0.579334,0.244886,16.6,0.696,6,0.4707,1.0,1.0,1.0,1.0,0.9739,0.8975,1.0
1895,i-80__424,1328,132.8,0.929005,0.323939,49.8,0.199,25,1.0,1.0,1.0,1.0,1.0,1.0,0.9558,1.0
1896,i-80__760,940,94.0,0.528663,0.267506,48.0,2.143,0,0.4463,0.9347,1.0,1.0,1.0,0.7809,0.9268,1.0
1897,lankershim__68,452,45.2,0.675287,0.417943,12.8,3.257,0,0.7215,1.0,1.0,1.0,1.0,0.6324,0.8565,1.0
1898,peachtree__645,697,69.7,0.723627,0.306632,57.7,0.636,8,1.0,1.0,1.0,1.0,1.0,0.9818,0.8044,1.0
1899,peachtree__1157,1376,137.6,0.731398,0.317909,35.5,0.614,24,0.4413,1.0,1.0,1.0,1.0,0.9848,0.9404,1.0
1900,i-80__3146,361,36.1,0.473557,0.283032,4.8,6.567,0,0.7461,1.0,1.0,0.1468,0.3958,0.191,0.7411,1.0
1901,i-80__1691,2434,243.4,0.777695,0.261881,101.7,1.104,8,1.0,1.0,1.0,1.0,1.0,0.9195,0.9124,1.0
1902,us-101__2709,737,73.7,0.455765,0.275848,66.5,3.415,0,0.4953,1.0,1.0,0.0988,1.0,0.6113,0.7909,1.0
1903,lankershim__545,1866,186.6,0.827109,0.401486,24.4,0.443,25,1.0,1.0,1.0,1.0,1.0,1.0,1.0,1.0
1904,i-80__2130,1719,171.9,0.677276,0.305277,11.5,1.201,21,0.5545,1.0,1.0,1.0,0.4751,0.9065,0.9899,1.0
1905,i-80__3135,333,33.3,0.541708,0.330372,4.4,7.362,0,0.7704,1.0,1.0,1.0,0.8569,0.0851,0.7647,1.0
1906,lankershim__1600,614,61.4,0.644835,0.332988,12.4,4.18,0,0.7207,1.0,1.0,1.0,1.0,0.5093,0.8213,1.0
1907,i-80__414,460,46.0,0.62904,0.292569,21.7,3.304,0,0.8293,1.0,1.0,0.0777,0.5809,0.6262,0.8229,1.0
1908,us-101__2688,941,94.1,0.539884,0.270618,46.5,2.496,0,0.4485,1.0,1.0,1.0,0.7931,0.7338,0.9397,1.0
1909,us-101__2504,824,82.4,0.448517,0.298573,68.1,8.588,0,0.5464,0.8905,1.0,1.0,0.8843,0.0,0.874,1.0
1910,i-80__2451,733,73.3,0.680271,0.324299,7.1,3.506,0,0.5066,1.0,1.0,1.0,1.0,0.5992,0.8617,1.0
1911,i-80__2810,288,28.8,0.534258,0.318719,26.6,7.436,0,0.7358,1.0,1.0,0.4673,0.8756,0.0752,0.6099,1.0
1912,us-101__2305,530,53.0,0.432846,0.271631,6.7,10.941,0,0.5459,1.0,1.0,0.112,0.665,0.0,0.6872,1.0
1913,i-80__2554,465,46.5,0.612329,0.272472,37.3,0.614,8,0.6028,0.8642,1.0,0.0483,1.0,0.9848,0.868,1.0
1914,peachtree__406,195,19.5,0.444891,0.218642,15.1,inf,0,0.324,1.0,1.0,1.0,1.0,0.0,0.0,0.76
1915,i-80__3094,650,65.0,0.417525,0.244708,0.2,12.539,0,0.4147,1.0,1.0,0.4483,0.377,0.0,0.6863,1.0
1916,peachtree__614,800,80.0,0.732524,0.359635,36.8,0.179,42,1.0,1.0,1.0,1.0,1.0,1.0,1.0,0.96
1917,us-101__2242,733,73.3,0.378055,0.256916,66.2,6.085,0,0.4963,0.6851,0.8677,0.191,0.5874,0.2554,0.8851,1.0
1918,i-80__31,685,68.5,0.489317,0.279683,13.7,3.59,0,0.4832,1.0,1.0,1.0,1.0,0.5881,0.9217,1.0
1919,i-80__842,1637,163.7,0.813033,0.270182,65.5,0.623,11,1.0,1.0,1.0,1.0,0.9255,0.9836,0.895,1.0
1920,us-101__2380,630,63.0,0.514785,0.278993,59.0,2.747,0,0.4675,0.8746,1.0,0.0659,0.6664,0.7004,0.875,1.0
1921,peachtree__1395,595,59.5,0.614194,0.286035,33.5,1.992,1,0.6426,1.0,1.0,1.0,1.0,0.8011,0.8524,1.0
1922,peachtree__1013,705,70.5,0.680947,0.301236,15.8,0.518,9,0.428,1.0,1.0,1.0,1.0,0.9977,0.8708,0.84
1923,lankershim__1480,1245,124.5,0.749625,0.317624,88.8,0.306,21,0.6494,1.0,1.0,1.0,1.0,1.0,0.922,1.0
1924,i-80__1580,911,91.1,0.728172,0.290727,10.4,0.152,13,0.5415,1.0,1.0,1.0,1.0,1.0,1.0,1.0
1925,us-101__2872,777,77.7,0.562988,0.23378,29.6,6.162,0,0.6056,1.0,1.0,1.0,0.9244,0.2451,0.872,1.0
1926,lankershim__118,521,52.1,0.659538,0.412237,22.3,2.44,0,0.8237,1.0,1.0,1.0,1.0,0.7413,0.8963,1.0
1927,i-80__124,485,48.5,0.705201,0.310519,9.1,0.353,20,0.5917,1.0,1.0,0.8413,1.0,1.0,1.0,1.0
1928,lankershim__655,179,17.9,0.491361,0.290703,17.0,6.847,0,0.5137,1.0,1.0,1.0,1.0,0.1537,0.1735,1.0
1929,lankershim__1536,1036,103.6,0.682391,0.403839,19.9,2.01,0,0.9143,1.0,1.0,1.0,1.0,0.7986,0.9161,1.0
1930,i-80__2612,816,81.6,0.633607,0.30031,40.1,0.841,7,0.4006,1.0,1.0,1.0,1.0,0.9545,0.9359,1.0
1931,lankershim__1070,736,73.6,0.572956,0.272471,64.1,3.637,0,0.3489,1.0,1.0,1.0,1.0,0.5818,0.7062,1.0
1932,peachtree__112,1681,168.1,0.60564,0.27042,96.9,0.555,7,0.5656,1.0,1.0,1.0,1.0,0.9927,0.9293,0.92
1933,peachtree__5,155,15.5,0.41493,0.226623,11.3,inf,0,0.2302,1.0,1.0,1.0,1.0,0.0,0.0,0.12
1934,lankershim__433,1363,136.3,0.709363,0.331958,109.3,0.232,20,0.5976,1.0,1.0,1.0,1.0,1.0,1.0,1.0
1935,peachtree__635,1453,145.3,0.682658,0.279068,66.7,0.422,17,0.5005,1.0,1.0,1.0,1.0,1.0,0.9004,1.0
1936,i-80__584,614,61.4,0.585199,0.259982,26.6,2.364,0,0.6899,1.0,1.0,0.3085,0.7049,0.7514,0.8982,1.0
1937,us-101__2692,833,83.3,0.50096,0.236612,13.2,3.508,0,0.8365,1.0,1.0,0.3297,0.9841,0.5989,1.0,1.0
1938,i-80__2864,460,46.0,0.695356,0.325461,1.4,0.81,4,0.6445,1.0,1.0,1.0,1.0,0.9586,1.0,1.0
1939,i-80__906,1333,133.3,0.778991,0.275142,89.4,1.004,3,1.0,1.0,1.0,1.0,0.7414,0.9328,0.9421,1.0
1940,peachtree__620,809,80.9,0.681546,0.294665,58.4,0.175,25,1.0,1.0,1.0,1.0,1.0,1.0,0.0,0.96
1941,i-80__3153,786,78.6,0.803612,0.316901,16.1,2.074,0,0.4954,1.0,1.0,1.0,1.0,0.7901,0.8848,1.0
1942,peachtree__1446,1477,147.7,0.822933,0.345588,95.8,0.61,18,1.0,1.0,1.0,1.0,1.0,0.9853,0.9145,1.0
1943,i-80__2276,1230,123.0,0.609999,0.303446,6.8,3.238,0,0.3521,1.0,1.0,1.0,1.0,0.635,0.9503,1.0
1944,us-101__2645,941,94.1,0.492815,0.285124,78.4,0.551,3,0.4677,1.0,1.0,0.8959,1.0,0.9932,1.0,1.0
1945,peachtree__1327,139,13.9,0.432888,0.274741,12.1,16.181,0,0.4558,1.0,1.0,1.0,1.0,0.0,0.0,0.32
1946,peachtree__1183,1456,145.6,0.702804,0.339253,3.1,0.482,20,1.0,1.0,1.0,1.0,1.0,1.0,0.9272,0.96
1947,i-80__2547,1301,130.1,0.458607,0.24705,61.3,5.289,0,0.3164,0.9265,1.0,1.0,1.0,0.3615,0.9019,1.0
1948,peachtree__654,1385,138.5,0.695373,0.336399,44.6,1.148,5,1.0,1.0,1.0,1.0,1.0,0.9136,0.9714,1.0
1949,i-80__2546,1551,155.1,0.470411,0.262068,0.4,2.661,0,0.2234,1.0,1.0,1.0,1.0,0.7119,0.8645,1.0
1950,us-101__2047,960,96.0,0.564865,0.25919,28.3,2.563,0,0.554,0.9042,1.0,1.0,0.716,0.7249,0.9436,1.0
1951,us-101__2531,873,87.3,0.610981,0.269566,67.7,3.76,0,0.4948,1.0,1.0,1.0,0.7515,0.5654,0.8827,1.0
1952,us-101__2468,715,71.5,0.549057,0.283941,50.6,2.66,0,0.5606,0.9347,1.0,1.0,0.7816,0.7119,0.9002,1.0
1953,peachtree__1517,877,87.7,0.642658,0.23385,10.8,2.067,0,0.6546,1.0,1.0,1.0,1.0,0.7911,0.6659,1.0
1954,i-80__65,1117,111.7,0.509046,0.257606,107.0,3.631,0,0.3148,1.0,1.0,1.0,0.5172,0.5826,0.9155,1.0
1955,us-101__2481,691,69.1,0.573534,0.301749,62.2,4.899,0,0.449,0.8814,1.0,1.0,1.0,0.4135,0.8967,1.0
1956,i-80__261,914,91.4,0.547867,0.312903,11.7,5.199,0,0.4603,1.0,1.0,1.0,1.0,0.3735,0.8837,1.0
1957,lankershim__1309,1188,118.8,0.755223,0.388785,85.9,0.401,23,0.781,1.0,1.0,1.0,1.0,1.0,0.9272,1.0
1958,peachtree__609,502,50.2,0.674618,0.350541,16.4,2.526,0,1.0,1.0,1.0,1.0,1.0,0.7299,0.8996,1.0
1959,i-80__3287,596,59.6,0.468642,0.268427,17.3,2.925,0,0.6679,1.0,1.0,1.0,0.749,0.6766,0.6133,1.0
1960,i-80__3059,726,72.6,0.607146,0.310602,4.8,3.447,0,0.4455,1.0,1.0,0.537,1.0,0.6071,0.9273,1.0
1961,i-80__2336,276,27.6,0.478771,0.32373,22.0,4.518,0,0.8037,1.0,1.0,0.0521,0.7502,0.4642,0.6556,1.0
1962,i-80__2948,1002,100.2,0.621705,0.302208,14.2,2.616,0,0.3696,1.0,1.0,1.0,1.0,0.7178,0.9054,1.0
1963,i-80__598,591,59.1,0.531025,0.271168,29.4,5.085,0,0.4818,1.0,1.0,0.7561,1.0,0.3887,0.8694,1.0
1964,i-80__2270,415,41.5,0.386455,0.266126,39.0,9.209,0,0.5235,0.9901,1.0,0.0553,0.725,0.0,0.6757,1.0
1965,lankershim__1212,192,19.2,0.594443,0.390379,8.7,6.854,0,0.545,1.0,1.0,1.0,1.0,0.1528,0.8724,0.8
1966,us-101__1955,661,66.1,0.434529,0.257394,30.3,5.01,0,0.5535,1.0,1.0,0.1094,0.9396,0.3987,0.7909,1.0
1967,peachtree__594,1014,101.4,0.43107,0.24398,96.3,14.895,0,0.5079,1.0,1.0,1.0,1.0,0.0,0.0,0.92
1968,i-80__3024,707,70.7,0.710466,0.329486,31.0,2.976,0,0.5283,1.0,1.0,1.0,0.9016,0.6699,0.8962,1.0
1969,i-80__1730,381,38.1,0.660372,0.315945,20.0,5.844,0,0.608,1.0,1.0,1.0,0.8347,0.2875,0.8216,1.0
1970,i-80__358,1320,132.0,0.78649,0.27398,56.4,0.709,6,1.0,1.0,1.0,1.0,1.0,0.9721,0.8741,1.0
1971,peachtree__714,953,95.3,0.7247,0.312642,29.5,1.372,5,1.0,1.0,1.0,1.0,1.0,0.8838,0.9934,0.96
1972,us-101__2520,483,48.3,0.673598,0.285639,7.2,0.296,10,0.5562,1.0,1.0,0.7316,1.0,1.0,0.8081,1.0
1973,i-80__802,559,55.9,0.537892,0.272681,2.3,2.818,0,0.5305,1.0,1.0,0.1218,0.7371,0.6909,0.8026,1.0
1974,peachtree__932,1373,137.3,0.878705,0.330815,50.8,0.829,21,1.0,1.0,1.0,1.0,1.0,0.9561,0.9227,1.0
1975,us-101__1293,1220,122.0,0.600113,0.250399,82.5,2.076,0,0.4395,1.0,1.0,1.0,0.6884,0.7898,0.9056,1.0
1976,lankershim__1192,800,80.0,0.754095,0.415233,68.1,0.844,11,0.9545,1.0,1.0,1.0,1.0,0.9541,0.8982,1.0
1977,lankershim__744,561,56.1,0.69319,0.412875,35.5,2.675,0,1.0,1.0,1.0,1.0,1.0,0.71,0.9199,1.0
1978,lankershim__350,872,87.2,0.662636,0.384554,21.1,2.682,0,0.895,1.0,1.0,1.0,1.0,0.709,0.9241,1.0
1979,us-101__2559,393,39.3,0.60343,0.273383,14.4,0.417,10,0.5315,1.0,1.0,0.0762,1.0,1.0,0.8771,1.0
1980,peachtree__251,1109,110.9,0.750562,0.32266,1.8,0.28,33,1.0,1.0,1.0,1.0,1.0,1.0,0.9652,1.0
1981,i-80__2846,2103,210.3,0.776736,0.285173,93.7,1.256,7,1.0,1.0,1.0,1.0,0.5288,0.8992,0.9506,1.0
1982,i-80__2765,821,82.1,0.636114,0.308116,36.8,2.619,0,0.396,1.0,1.0,1.0,1.0,0.7175,0.9233,1.0
1983,us-101__2565,654,65.4,0.615894,0.307807,52.7,1.96,2,0.5536,1.0,1.0,1.0,0.906,0.8054,0.9101,1.0
1984,us-101__1632,707,70.7,0.434461,0.254311,26.6,3.098,0,0.4371,0.8042,0.9343,0.0944,0.7289,0.6536,0.8748,1.0
1985,peachtree__77,372,37.2,0.419232,0.230108,3.8,inf,0,0.4236,1.0,1.0,1.0,1.0,0.0,0.0,0.56
1986,peachtree__1018,153,15.3,0.711359,0.303449,2.5,0.789,5,0.4412,1.0,1.0,1.0,1.0,0.9615,0.781,0.68
1987,us-101__939,965,96.5,0.409078,0.246645,47.4,4.375,0,0.4268,1.0,1.0,1.0,0.4697,0.4834,0.8649,1.0
1988,i-80__3055,936,93.6,0.464307,0.287834,40.8,5.174,0,0.4303,1.0,1.0,1.0,0.5219,0.3768,0.8919,1.0
1989,i-80__2797,414,41.4,0.678306,0.375017,4.5,0.502,23,0.6651,1.0,1.0,0.0831,1.0,0.9998,1.0,1.0
1990,us-101__1018,1280,128.0,0.89724,0.291948,43.8,0.494,8,1.0,1.0,1.0,1.0,1.0,1.0,0.916,1.0
1991,i-80__2163,773,77.3,0.607767,0.311157,34.3,0.324,2,0.4186,1.0,1.0,1.0,1.0,1.0,1.0,1.0
1992,us-101__2551,765,76.5,0.557342,0.307737,37.0,2.963,0,0.4923,0.9124,1.0,1.0,0.8238,0.6716,0.9253,1.0
1993,i-80__2157,350,35.0,0.45969,0.311215,22.0,11.406,0,0.5905,1.0,1.0,0.189,0.7518,0.0,0.6691,1.0
1994,i-80__3032,728,72.8,0.616217,0.31249,10.9,2.994,0,0.4156,1.0,1.0,1.0,1.0,0.6675,0.8563,1.0
1995,us-101__2741,809,80.9,0.548912,0.260991,69.1,1.556,2,0.502,0.9399,0.9772,0.4022,0.5379,0.8592,0.9789,1.0
1996,peachtree__670,1371,137.1,0.515362,0.288803,79.4,1.395,3,0.5047,1.0,1.0,1.0,1.0,0.8806,0.8819,0.76
1997,i-80__70,381,38.1,0.426317,0.310857,5.2,8.647,0,0.7413,1.0,1.0,0.3589,0.7457,0.0,0.7771,1.0
1998,i-80__2323,281,28.1,0.419171,0.264637,17.2,14.696,0,0.8331,1.0,1.0,0.0436,0.483,0.0,0.4485,1.0
1999,peachtree__375,1167,116.7,0.667591,0.231374,23.6,0.2,22,0.5306,1.0,1.0,1.0,1.0,1.0,0.0,1.0
2000,peachtree__337,844,84.4,0.483075,0.25341,3.8,0.424,1,0.5258,1.0,1.0,1.0,1.0,1.0,0.7647,1.0
2001,lankershim__37,1247,124.7,0.77215,0.328251,75.8,0.51,23,0.5201,1.0,1.0,1.0,1.0,0.9986,1.0,1.0
2002,i-80__287,560,56.0,0.558459,0.276549,3.7,0.915,7,0.6956,1.0,1.0,1.0,1.0,0.9446,0.7837,1.0
2003,i-80__217,614,61.4,0.520665,0.234112,45.4,4.333,0,0.4342,1.0,1.0,0.2693,0.3746,0.4889,0.7936,1.0
2004,lankershim__622,1496,149.6,0.736759,0.322848,83.9,0.678,14,1.0,1.0,1.0,1.0,1.0,0.9763,0.9502,1.0
2005,us-101__2495,707,70.7,0.448465,0.250328,28.0,2.418,0,0.4964,0.7803,1.0,0.0847,0.8331,0.7442,0.7719,1.0
2006,i-80__2085,768,76.8,0.783868,0.307983,31.0,0.307,10,0.4389,1.0,1.0,1.0,1.0,1.0,0.9509,1.0
2007,i-80__58,1010,101.0,0.5326,0.282859,47.4,4.472,0,0.4578,1.0,1.0,1.0,1.0,0.4704,0.9412,1.0
2008,i-80__164,725,72.5,0.537384,0.283502,57.6,0.644,10,0.3588,1.0,1.0,1.0,0.6712,0.9808,1.0,1.0
2009,lankershim__78,786,78.6,0.444453,0.250631,7.6,10.629,0,1.0,1.0,1.0,1.0,1.0,0.0,0.3837,1.0
2010,lankershim__945,1763,176.3,0.844071,0.407961,142.7,0.301,25,1.0,1.0,1.0,1.0,1.0,1.0,0.9179,1.0
2011,us-101__2757,448,44.8,0.57594,0.256743,20.4,0.806,5,0.6769,1.0,1.0,0.1426,1.0,0.9592,0.7392,1.0
2012,lankershim__1269,889,88.9,0.592228,0.293717,1.5,0.766,12,0.9141,1.0,1.0,1.0,1.0,0.9646,0.8899,1.0
2013,peachtree__738,1379,137.9,0.536692,0.249647,7.3,3.565,0,1.0,1.0,1.0,1.0,1.0,0.5913,0.3139,0.88
2014,i-80__2932,794,79.4,0.59087,0.328224,45.8,5.229,0,0.4798,1.0,1.0,1.0,0.649,0.3695,0.8788,1.0
2015,lankershim__108,513,51.3,0.520844,0.328421,9.7,10.079,0,0.6039,1.0,1.0,1.0,1.0,0.0,0.651,1.0
2016,peachtree__1463,1424,142.4,0.856202,0.306783,91.2,1.559,2,1.0,1.0,1.0,1.0,1.0,0.8588,0.8867,0.72
2017,i-80__1012,240,24.0,0.488845,0.252584,12.3,2.924,0,0.873,1.0,1.0,0.0187,0.5151,0.6768,0.5968,1.0
2018,us-101__2113,990,99.0,0.459795,0.278662,92.1,3.889,0,0.5493,0.8503,1.0,1.0,1.0,0.5481,0.9158,1.0
2019,i-80__2704,759,75.9,0.5835,0.306546,27.9,0.223,12,0.425,1.0,1.0,1.0,1.0,1.0,0.9483,1.0
2020,lankershim__884,749,74.9,0.829777,0.42408,12.1,0.401,7,1.0,1.0,1.0,1.0,1.0,1.0,1.0,1.0
2021,us-101__2045,514,51.4,0.618949,0.363012,36.2,2.253,0,0.6281,1.0,1.0,0.0597,1.0,0.7663,0.9234,1.0
2022,i-80__3162,354,35.4,0.471537,0.336974,33.4,5.204,0,0.6733,1.0,1.0,1.0,0.7356,0.3728,0.7423,1.0
2023,peachtree__407,1638,163.8,0.720926,0.238051,53.0,0.172,33,0.4524,1.0,1.0,1.0,1.0,1.0,0.8955,1.0
2024,i-80__3171,565,56.5,0.47732,0.328674,11.5,6.285,0,0.5205,1.0,1.0,0.8479,1.0,0.2286,0.8633,1.0
2025,i-80__1751,2349,234.9,0.688754,0.306299,7.0,2.162,0,1.0,1.0,1.0,1.0,1.0,0.7785,0.9529,1.0
2026,lankershim__27,854,85.4,0.767395,0.377686,75.0,0.605,9,0.654,1.0,1.0,1.0,1.0,0.986,1.0,1.0
2027,lankershim__1311,893,89.3,0.561096,0.375661,15.9,1.961,1,0.711,1.0,1.0,1.0,1.0,0.8053,0.88,1.0
2028,peachtree__818,424,42.4,0.61292,0.297774,27.1,2.968,0,0.6946,1.0,1.0,1.0,1.0,0.6709,0.0,0.72
2029,i-80__2755,1360,136.0,0.503571,0.205299,92.1,16.351,0,0.3166,1.0,1.0,1.0,0.7772,0.0,0.8115,1.0
2030,i-80__3072,588,58.8,0.53137,0.283428,12.6,4.455,0,0.5542,1.0,1.0,0.5952,0.6884,0.4727,0.7333,1.0
2031,lankershim__157,908,90.8,0.802232,0.379259,24.5,0.209,14,0.6869,1.0,1.0,1.0,1.0,1.0,0.9179,1.0
2032,us-101__2654,720,72.0,0.524824,0.28448,57.6,1.29,3,0.5169,0.8364,0.9983,0.0832,0.8534,0.8946,0.8991,1.0
2033,i-80__849,244,24.4,0.457575,0.323194,16.0,11.542,0,0.8411,1.0,1.0,0.0397,0.5175,0.0,0.7166,1.0
2034,us-101__2855,829,82.9,0.562971,0.298031,26.2,4.204,0,0.6472,1.0,1.0,1.0,0.5592,0.5061,0.9143,1.0
2035,lankershim__42,404,40.4,0.482939,0.302896,17.9,inf,0,0.8567,1.0,1.0,1.0,1.0,0.0,0.0,1.0
2036,i-80__2520,2202,220.2,0.527474,0.271465,40.6,3.454,0,0.3009,1.0,1.0,1.0,0.4026,0.6062,0.9546,1.0
2037,us-101__2449,638,63.8,0.388763,0.240046,45.5,5.324,0,0.494,0.6388,0.9284,0.1575,0.7761,0.3568,0.7685,1.0
2038,us-101__2681,746,74.6,0.564158,0.248933,39.0,0.444,11,0.4736,0.9447,1.0,0.3009,0.9182,1.0,0.9833,1.0
2039,i-80__2888,768,76.8,0.656574,0.312204,6.3,0.712,7,0.3727,1.0,1.0,1.0,1.0,0.9717,0.8912,1.0
2040,us-101__2460,704,70.4,0.390142,0.261724,9.3,10.417,0,0.443,0.8217,0.9171,0.0715,0.6947,0.0,0.7967,1.0
2041,i-80__2104,834,83.4,0.651569,0.317707,49.0,1.642,1,0.66,1.0,1.0,1.0,1.0,0.8477,0.8904,1.0
2042,peachtree__1558,1329,132.9,0.627114,0.239913,75.4,0.381,18,0.5514,1.0,1.0,1.0,1.0,1.0,0.89,0.84
2043,lankershim__478,558,55.8,0.814829,0.37948,41.9,0.652,21,0.8528,1.0,1.0,1.0,1.0,0.9797,0.9431,1.0
2044,i-80__1258,628,62.8,0.523653,0.296366,58.8,1.206,4,0.4474,1.0,1.0,1.0,0.7455,0.9059,0.89,1.0
2045,i-80__2957,1091,109.1,0.736788,0.308892,6.5,1.716,5,0.4097,1.0,1.0,1.0,0.7756,0.8379,0.9327,1.0
2046,i-80__3237,662,66.2,0.627891,0.289901,26.6,1.059,3,0.5235,1.0,1.0,1.0,1.0,0.9254,0.8689,1.0
2047,i-80__180,997,99.7,0.547664,0.307694,74.8,4.258,0,0.4274,1.0,1.0,0.4411,1.0,0.4989,0.9592,1.0
2048,i-80__3262,316,31.6,0.707465,0.339119,2.0,3.199,0,1.0,1.0,1.0,1.0,0.7079,0.6401,0.6058,1.0
2049,us-101__2614,669,66.9,0.350178,0.224661,15.4,5.577,0,0.5046,0.7156,0.9072,0.1096,0.9395,0.323,0.8033,1.0
2050,us-101__2484,683,68.3,0.656705,0.253931,26.7,1.647,1,0.5503,1.0,1.0,1.0,1.0,0.8471,0.8029,1.0
2051,lankershim__1440,60,6.0,0.384055,0.269502,0.2,inf,0,0.3998,1.0,1.0,0.0438,1.0,0.0,0.0,1.0
2052,us-101__2567,928,92.8,0.547963,0.279283,38.6,4.653,0,0.4915,1.0,1.0,1.0,0.7807,0.4463,0.8901,1.0
2053,i-80__2678,1448,144.8,0.435577,0.235704,24.3,6.984,0,0.2433,0.7403,1.0,1.0,0.6036,0.1355,0.8445,1.0
2054,us-101__2669,947,94.7,0.516965,0.269515,71.6,0.461,7,0.4544,1.0,1.0,0.5169,0.8988,1.0,1.0,1.0
2055,us-101__621,441,44.1,0.599412,0.257362,19.4,0.54,8,0.6509,0.8598,0.9995,0.0796,1.0,0.9946,0.8927,1.0
2056,us-101__941,814,81.4,0.44267,0.252909,4.6,6.468,0,0.4649,1.0,1.0,0.2693,0.5796,0.2042,0.8735,1.0
2057,us-101__1958,375,37.5,0.799992,0.332275,7.3,0.172,22,0.6433,1.0,1.0,0.8602,1.0,1.0,0.8999,1.0
2058,i-80__1668,2418,241.8,0.773837,0.269016,95.0,0.766,8,1.0,1.0,1.0,1.0,0.5776,0.9646,0.8931,1.0
2059,lankershim__597,1028,102.8,0.831673,0.407107,60.4,0.545,32,1.0,1.0,1.0,1.0,1.0,0.994,0.9357,1.0
2060,i-80__3353,305,30.5,0.432514,0.25251,18.0,10.538,0,0.8184,1.0,1.0,0.0865,0.7923,0.0,0.4872,1.0
2061,us-101__2238,501,50.1,0.399483,0.265091,6.7,19.81,0,0.5932,1.0,1.0,0.1996,0.7308,0.0,0.7015,1.0
2062,lankershim__391,642,64.2,0.670505,0.432834,2.4,3.134,0,0.7543,1.0,1.0,1.0,1.0,0.6488,0.9384,1.0
2063,i-80__2800,754,75.4,0.734933,0.337379,23.2,1.474,4,1.0,1.0,1.0,1.0,0.7624,0.8701,0.944,1.0
2064,i-80__3305,605,60.5,0.597033,0.307138,4.6,6.062,0,0.5623,1.0,1.0,1.0,0.6394,0.2584,0.7876,1.0
2065,us-101__2783,760,76.0,0.486757,0.290409,25.5,3.591,0,0.9534,1.0,1.0,1.0,0.6546,0.5879,0.882,1.0
2066,i-80__624,339,33.9,0.388119,0.210513,27.1,8.258,0,0.7169,1.0,1.0,0.2567,0.5708,0.0,0.3815,1.0
2067,lankershim__1230,331,33.1,0.492153,0.282675,1.3,0.841,7,0.4039,1.0,1.0,1.0,1.0,0.9546,0.7279,1.0
2068,lankershim__1455,1450,145.0,0.715435,0.366288,104.0,0.383,13,0.6113,1.0,1.0,1.0,1.0,1.0,0.9389,1.0
2069,i-80__3063,703,70.3,0.637245,0.298432,0.7,1.294,2,0.8618,1.0,1.0,1.0,0.9609,0.8941,0.7438,1.0
2070,lankershim__1483,321,32.1,0.557014,0.39048,1.6,2.306,0,0.7112,1.0,1.0,0.7923,1.0,0.7593,0.7493,1.0
2071,i-80__1471,2287,228.7,0.780525,0.289869,100.1,0.732,12,1.0,1.0,1.0,1.0,1.0,0.9691,0.9841,1.0
2072,i-80__302,803,80.3,0.621019,0.263421,9.7,2.533,0,0.4105,1.0,1.0,1.0,1.0,0.729,1.0,1.0
2073,i-80__250,369,36.9,0.458166,0.32276,34.5,11.781,0,0.5961,1.0,1.0,0.051,0.8398,0.0,0.7337,1.0
2074,lankershim__595,1590,159.0,0.792103,0.371404,68.8,1.372,2,1.0,1.0,1.0,1.0,1.0,0.8838,0.9126,1.0
2075,us-101__2926,781,78.1,0.595682,0.297786,11.0,2.812,0,0.6584,1.0,1.0,1.0,0.8322,0.6917,0.9547,1.0
2076,us-101__2446,661,66.1,0.512222,0.281575,49.2,4.756,0,0.5484,0.9779,0.9697,1.0,0.5641,0.4326,0.9134,1.0
2077,i-80__980,833,83.3,0.469133,0.260545,56.7,2.848,0,0.3831,0.872,1.0,1.0,0.5137,0.687,0.8763,1.0
2078,i-80__2873,779,77.9,0.774674,0.336517,27.2,0.407,15,0.5815,1.0,1.0,1.0,1.0,1.0,0.9682,1.0
2079,us-101__2021,951,95.1,0.455649,0.282506,25.5,5.088,0,0.4409,0.7267,1.0,1.0,1.0,0.3882,0.9279,1.0
2080,peachtree__671,845,84.5,0.751837,0.341544,3.5,0.462,37,1.0,1.0,1.0,1.0,1.0,1.0,0.9025,0.96
2081,peachtree__702,1075,107.5,0.637936,0.273566,15.8,0.239,3,0.585,1.0,1.0,1.0,1.0,1.0,1.0,1.0
2082,i-80__3077,380,38.0,0.633968,0.377937,5.8,3.06,0,0.7089,1.0,1.0,0.118,0.7419,0.6587,0.8965,1.0
2083,lankershim__349,1129,112.9,0.732929,0.388781,105.6,0.869,5,0.7513,1.0,1.0,1.0,1.0,0.9507,0.9412,1.0
2084,i-80__156,1491,149.1,0.920058,0.315813,62.2,0.38,21,1.0,1.0,1.0,1.0,1.0,1.0,0.9155,1.0
2085,us-101__2300,663,66.3,0.428522,0.290324,49.8,7.155,0,0.4756,0.915,0.9765,0.2411,0.8933,0.1127,0.8573,1.0
2086,i-80__3015,720,72.0,0.510455,0.307501,34.2,7.181,0,0.3992,1.0,1.0,0.9293,0.7632,0.1092,0.8444,1.0
2087,lankershim__87,958,95.8,0.696257,0.379163,4.3,0.45,10,0.812,1.0,1.0,1.0,1.0,1.0,0.9383,1.0
2088,i-80__2975,733,73.3,0.57009,0.294574,60.2,2.278,0,0.4779,1.0,1.0,1.0,0.6825,0.763,0.9573,1.0
2089,peachtree__1440,913,91.3,0.529497,0.266014,36.5,2.769,0,0.4143,1.0,1.0,1.0,1.0,0.6975,0.8828,1.0
2090,lankershim__723,1010,101.0,0.703763,0.348833,52.2,0.668,28,0.8641,1.0,1.0,1.0,1.0,0.9775,1.0,1.0
2091,peachtree__373,1437,143.7,0.665923,0.317924,32.3,0.983,9,0.4706,1.0,1.0,1.0,1.0,0.9356,0.9136,0.96
2092,peachtree__461,1568,156.8,0.759501,0.347565,37.6,0.486,31,0.5244,1.0,1.0,1.0,1.0,1.0,1.0,1.0
2093,peachtree__582,993,99.3,0.863144,0.260667,3.8,0.376,18,1.0,1.0,1.0,1.0,1.0,1.0,0.9006,0.8
2094,peachtree__63,925,92.5,0.726337,0.281832,32.3,0.367,16,0.4682,1.0,1.0,1.0,1.0,1.0,0.9729,0.8
2095,us-101__1884,816,81.6,0.454284,0.250725,53.2,3.821,0,0.4904,0.7478,0.9481,0.1071,0.5562,0.5572,0.8823,1.0
2096,i-80__555,670,67.0,0.445084,0.245535,24.9,3.7,0,0.4589,1.0,1.0,0.1874,0.4798,0.5733,0.8265,1.0
2097,i-80__78,989,98.9,0.601134,0.277737,35.6,2.349,0,0.3263,1.0,1.0,1.0,0.6623,0.7534,0.9086,1.0
2098,i-80__2827,430,43.0,0.42889,0.317145,3.6,8.211,0,0.5829,1.0,1.0,0.0411,0.7949,0.0,0.7143,1.0
2099,i-80__1629,584,58.4,0.640249,0.279345,9.7,0.415,10,0.5055,1.0,1.0,0.2636,1.0,1.0,1.0,1.0
2100,lankershim__704,901,90.1,0.642103,0.370956,30.6,1.23,3,0.5466,1.0,1.0,1.0,1.0,0.9026,0.9119,1.0
2101,i-80__2585,1377,137.7,0.730126,0.280249,19.4,0.486,21,0.5676,1.0,1.0,1.0,1.0,1.0,1.0,1.0
2102,us-101__2090,579,57.9,0.435631,0.297622,13.6,4.652,0,0.5493,0.7707,0.9798,0.1189,0.7696,0.4464,0.9171,1.0
2103,lankershim__1372,674,67.4,0.671213,0.417488,7.7,1.549,1,0.969,1.0,1.0,1.0,1.0,0.8601,0.9186,0.84
2104,i-80__792,553,55.3,0.701678,0.313038,21.5,0.528,8,0.4785,1.0,1.0,1.0,1.0,0.9962,0.9121,1.0
2105,us-101__2062,1024,102.4,0.473291,0.237081,49.2,1.488,1,0.5194,0.8306,0.8992,1.0,0.4042,0.8683,1.0,1.0
2106,i-80__601,694,69.4,0.600785,0.242773,39.6,3.625,0,0.5511,1.0,1.0,0.2764,0.5619,0.5833,0.875,1.0
2107,i-80__2375,373,37.3,0.418531,0.269699,18.3,4.329,0,0.6701,1.0,1.0,0.0423,0.7289,0.4895,0.7427,1.0
2108,i-80__2555,1326,132.6,0.678188,0.258114,72.2,2.048,0,0.7063,1.0,1.0,1.0,0.8288,0.7936,0.8905,1.0
2109,i-80__2963,357,35.7,0.587187,0.312894,1.2,3.195,0,0.7234,1.0,1.0,0.1231,0.6346,0.6407,0.8386,1.0
2110,us-101__868,751,75.1,0.498251,0.27496,1.9,3.45,0,0.5135,1.0,1.0,0.1693,0.877,0.6066,0.9302,1.0
2111,i-80__3127,655,65.5,0.729578,0.312358,4.3,0.814,7,0.5181,1.0,1.0,1.0,0.4305,0.9581,0.9019,1.0
2112,i-80__1108,895,89.5,0.573054,0.264957,61.3,3.944,0,0.3388,1.0,1.0,0.9694,0.8202,0.5408,0.9059,1.0
2113,peachtree__1629,1404,140.4,0.758555,0.309513,107.3,1.178,4,0.528,1.0,1.0,1.0,1.0,0.9096,0.9433,0.64
2114,us-101__2637,888,88.8,0.486834,0.277042,82.2,4.048,0,0.5225,1.0,1.0,1.0,1.0,0.5269,0.9333,1.0
2115,lankershim__1554,946,94.6,0.585941,0.395988,7.6,4.574,0,0.7872,1.0,1.0,1.0,1.0,0.4568,0.9184,1.0
2116,i-80__3053,1085,108.5,0.751664,0.326578,57.2,3.027,0,0.4627,1.0,1.0,1.0,0.869,0.663,0.9282,1.0
2117,i-80__591,1104,110.4,0.597999,0.303316,17.9,1.145,4,0.3509,1.0,1.0,1.0,1.0,0.9141,0.9241,1.0
2118,us-101__600,701,70.1,0.482382,0.23777,25.6,2.661,0,0.5736,0.694,0.7438,0.0801,0.6939,0.7118,0.8157,1.0
2119,lankershim__273,404,40.4,0.574895,0.361668,37.5,5.168,0,0.7353,1.0,1.0,0.7547,1.0,0.3777,0.6883,1.0
2120,i-80__1650,1123,112.3,0.569009,0.285953,89.5,3.593,0,0.2808,1.0,1.0,1.0,1.0,0.5876,0.887,1.0
2121,i-80__423,1406,140.6,0.825116,0.273153,65.8,0.659,7,1.0,1.0,1.0,1.0,0.9545,0.9788,0.8404,1.0
2122,lankershim__630,1328,132.8,0.628209,0.29961,3.0,0.655,21,0.8099,1.0,1.0,1.0,1.0,0.9793,0.9312,1.0
2123,peachtree__404,1670,167.0,0.557922,0.234057,24.3,0.379,11,0.4974,1.0,1.0,1.0,1.0,1.0,0.0,1.0
2124,i-80__2785,804,80.4,0.558288,0.291316,77.7,3.238,0,0.337,1.0,1.0,1.0,1.0,0.635,0.8983,1.0
2125,us-101__2253,675,67.5,0.523041,0.305768,56.0,0.343,4,0.492,0.8009,1.0,0.077,0.8165,1.0,1.0,1.0
2126,i-80__2506,2000,200.0,0.748193,0.293564,11.0,0.029,111,0.2878,0.9416,1.0,1.0,0.7044,1.0,1.0,1.0
2127,peachtree__2,1707,170.7,0.492,0.213608,2.9,inf,0,1.0,1.0,1.0,1.0,1.0,0.0,0.0,0.68
2128,i-80__60,852,85.2,0.582848,0.272526,62.2,2.718,0,0.3941,0.9998,1.0,1.0,1.0,0.7043,0.8846,1.0
2129,i-80__1845,798,79.8,0.612223,0.28555,45.1,2.488,0,1.0,1.0,1.0,1.0,1.0,0.735,0.911,1.0
2130,us-101__2064,960,96.0,0.555612,0.2718,29.3,2.015,0,0.5716,0.9938,1.0,1.0,0.6384,0.798,0.9163,1.0
2131,lankershim__1548,635,63.5,0.467951,0.277003,0.3,83.927,0,0.9213,1.0,1.0,1.0,1.0,0.0,0.0,1.0
2132,i-80__1188,1134,113.4,0.612965,0.274493,92.7,3.603,0,0.4389,1.0,1.0,1.0,1.0,0.5862,0.9372,1.0
2133,peachtree__170,1831,183.1,0.712751,0.244974,30.9,0.318,22,1.0,1.0,1.0,1.0,1.0,1.0,1.0,1.0
2134,i-80__1671,1744,174.4,0.712356,0.285553,50.9,2.06,0,1.0,1.0,1.0,1.0,0.7884,0.792,0.9264,1.0
2135,us-101__2245,674,67.4,0.563262,0.311339,35.2,4.929,0,0.4925,1.0,1.0,1.0,0.8086,0.4095,0.89,1.0
2136,peachtree__539,1314,131.4,0.79258,0.303806,11.7,0.166,18,1.0,1.0,1.0,1.0,1.0,1.0,0.9203,1.0
2137,i-80__3109,728,72.8,0.67173,0.285935,2.3,3.422,0,0.6431,1.0,1.0,1.0,0.6509,0.6105,0.8387,1.0
2138,i-80__3240,807,80.7,0.600863,0.275986,68.1,2.93,0,0.4257,1.0,1.0,1.0,0.4849,0.676,0.8795,1.0
2139,i-80__2922,1093,109.3,0.712087,0.345424,56.3,1.811,1,0.3496,1.0,1.0,1.0,1.0,0.8252,0.9527,1.0
2140,us-101__2660,902,90.2,0.473563,0.244835,0.4,4.239,0,0.4609,0.9934,1.0,1.0,0.7613,0.5014,0.8936,1.0
2141,us-101__606,760,76.0,0.586006,0.287945,12.1,3.156,0,0.5802,1.0,1.0,0.5831,0.6906,0.6459,0.9033,1.0
2142,lankershim__1499,382,38.2,0.596531,0.34874,24.0,1.01,4,0.6538,1.0,1.0,0.8965,1.0,0.932,0.6873,1.0
2143,lankershim__328,965,96.5,0.659895,0.306432,16.5,0.607,8,0.6008,1.0,1.0,1.0,1.0,0.9858,0.8356,1.0
2144,us-101__2902,292,29.2,0.506669,0.308447,15.6,2.491,0,0.7411,1.0,1.0,0.2188,1.0,0.7346,0.7489,1.0
2145,i-80__2854,737,73.7,0.492391,0.276413,15.5,5.626,0,0.6512,1.0,1.0,1.0,0.564,0.3166,0.8423,1.0
2146,lankershim__321,701,70.1,0.753652,0.394193,0.7,2.924,0,0.7052,1.0,1.0,1.0,1.0,0.6768,0.9412,1.0
2147,us-101__1957,896,89.6,0.53055,0.296769,25.8,0.197,24,0.5019,0.9934,1.0,1.0,1.0,1.0,1.0,1.0
2148,i-80__350,526,52.6,0.510392,0.289929,7.4,3.697,0,0.4442,1.0,1.0,0.3025,0.4681,0.5737,0.917,1.0
2149,lankershim__763,1094,109.4,0.755106,0.382291,90.2,0.38,11,1.0,1.0,1.0,1.0,1.0,1.0,0.8933,1.0
2150,us-101__2995,746,74.6,0.513893,0.28697,70.4,2.217,0,0.7148,1.0,1.0,1.0,1.0,0.771,0.9037,1.0
2151,i-80__276,911,91.1,0.577495,0.281144,8.8,4.358,0,0.4034,1.0,1.0,1.0,0.801,0.4856,0.9363,1.0
2152,i-80__122,829,82.9,0.385121,0.235588,4.6,4.493,0,0.5147,1.0,1.0,0.7043,0.5528,0.4677,0.7694,1.0
2153,i-80__2985,1096,109.6,0.588684,0.301997,41.2,0.938,7,0.4177,1.0,1.0,1.0,0.4951,0.9416,0.9704,1.0
2154,peachtree__833,350,35.0,0.64805,0.317147,3.6,0.763,5,0.6728,1.0,1.0,1.0,1.0,0.9649,0.5296,0.6
2155,i-80__2701,411,41.1,0.353069,0.25599,3.6,10.145,0,0.5772,0.9556,1.0,0.0479,0.5671,0.0,0.6,1.0
2156,peachtree__590,1079,107.9,0.603215,0.237296,19.3,0.258,18,0.5737,1.0,1.0,1.0,1.0,1.0,0.4278,1.0
2157,i-80__3191,701,70.1,0.537356,0.305102,8.7,4.927,0,0.4456,1.0,1.0,0.6722,0.5896,0.4098,0.8709,1.0
2158,i-80__2312,3057,305.7,0.800582,0.276528,131.1,0.42,20,1.0,1.0,1.0,1.0,1.0,1.0,0.9114,1.0
2159,i-80__48,1105,110.5,0.601962,0.283444,17.6,1.468,9,0.344,1.0,1.0,1.0,1.0,0.871,0.9373,1.0
2160,peachtree__1543,1049,104.9,0.701483,0.335044,24.4,0.565,19,0.6284,1.0,1.0,1.0,1.0,0.9913,0.9415,0.84
2161,i-80__783,955,95.5,0.557186,0.332866,36.9,3.247,0,0.388,0.8293,0.9751,0.9317,1.0,0.6337,0.9269,1.0
2162,us-101__2762,964,96.4,0.70371,0.305816,80.7,2.109,0,0.6243,1.0,1.0,1.0,1.0,0.7855,0.9214,1.0
2163,us-101__2668,883,88.3,0.593012,0.295923,68.2,3.041,0,0.5529,1.0,1.0,1.0,0.7668,0.6611,0.8821,1.0
2164,i-80__3340,722,72.2,0.563407,0.29093,50.4,4.801,0,0.3922,1.0,1.0,1.0,0.6732,0.4265,0.8493,1.0
2165,lankershim__1157,952,95.2,0.626847,0.25434,91.9,0.265,23,0.9343,1.0,1.0,1.0,1.0,1.0,0.5495,1.0
2166,peachtree__588,76,7.6,0.640904,0.356616,2.0,3.16,0,0.4158,1.0,1.0,1.0,1.0,0.6453,0.8405,0.4
2167,us-101__2310,490,49.0,0.441222,0.298735,43.0,7.452,0,0.6598,1.0,1.0,0.0669,1.0,0.0731,0.8867,1.0
2168,peachtree__1709,1083,108.3,0.653614,0.237015,21.8,0.235,20,0.79,1.0,1.0,1.0,1.0,1.0,0.0,1.0
2169,us-101__731,308,30.8,0.419707,0.262178,5.9,5.874,0,0.6166,0.9792,1.0,0.0518,1.0,0.2834,0.7746,1.0
2170,i-80__2730,669,66.9,0.640274,0.28367,25.4,0.228,12,0.4603,0.9858,1.0,0.1584,1.0,1.0,0.9266,1.0
2171,i-80__1348,1133,113.3,0.641206,0.280966,6.9,0.042,35,0.4347,1.0,1.0,1.0,0.4632,1.0,1.0,1.0
2172,i-80__2595,1996,199.6,0.577996,0.285215,159.4,2.606,0,0.2765,1.0,1.0,1.0,1.0,0.7192,0.973,1.0
2173,lankershim__1468,1109,110.9,0.712234,0.357873,72.4,0.494,11,1.0,1.0,1.0,1.0,1.0,1.0,0.932,1.0
2174,lankershim__1376,864,86.4,0.68686,0.403599,25.6,1.932,1,0.6122,1.0,1.0,1.0,1.0,0.8091,0.915,1.0
2175,lankershim__1035,600,60.0,0.594941,0.339559,4.3,2.949,0,0.4661,1.0,1.0,1.0,1.0,0.6735,0.8575,1.0
2176,peachtree__1093,212,21.2,0.704699,0.329675,4.6,2.348,0,0.2487,1.0,1.0,1.0,1.0,0.7536,0.8976,0.92
2177,lankershim__873,1057,105.7,0.789304,0.405246,23.8,0.433,10,0.5718,1.0,1.0,1.0,1.0,1.0,0.9234,1.0
2178,us-101__3008,724,72.4,0.37277,0.259743,15.0,5.481,0,0.6222,0.7025,0.931,0.1275,0.5665,0.3359,0.9136,1.0
2179,i-80__44,675,67.5,0.665005,0.279435,22.7,0.506,10,0.4804,1.0,1.0,1.0,1.0,0.9991,0.8416,1.0
2180,lankershim__751,719,71.9,0.756009,0.367186,42.4,0.344,20,0.8375,1.0,1.0,1.0,1.0,1.0,0.9177,1.0
2181,i-80__2674,1922,192.2,0.539925,0.246376,135.4,3.295,0,0.2329,0.8011,0.8784,1.0,0.4902,0.6273,0.9221,1.0
2182,peachtree__315,1328,132.8,0.872055,0.358835,46.0,0.48,16,1.0,1.0,1.0,1.0,1.0,1.0,1.0,1.0
2183,lankershim__620,51,5.1,0.462868,0.29196,2.9,inf,0,0.3029,1.0,1.0,1.0,1.0,0.0,0.0,0.68
2184,i-80__775,782,78.2,0.460394,0.253614,11.7,5.302,0,0.4475,1.0,1.0,0.35,0.7243,0.3597,0.8743,1.0
2185,us-101__193,512,51.2,0.531387,0.278256,45.3,5.343,0,0.6019,0.818,0.9555,0.0629,0.6742,0.3543,0.8359,1.0
2186,i-80__2397,927,92.7,0.625474,0.31214,22.4,1.975,1,0.5259,1.0,1.0,1.0,0.8383,0.8033,0.9472,1.0
2187,i-80__940,922,92.2,0.55309,0.269774,83.7,3.718,0,0.437,0.922,1.0,1.0,1.0,0.5709,0.893,1.0
2188,us-101__1969,520,52.0,0.556713,0.345498,40.5,5.369,0,0.616,1.0,1.0,0.0733,1.0,0.3508,0.9037,1.0
2189,i-80__3176,525,52.5,0.752832,0.328085,4.3,0.389,24,0.5535,1.0,1.0,0.487,1.0,1.0,1.0,1.0
2190,us-101__2950,798,79.8,0.433287,0.261122,57.4,2.87,0,0.6005,1.0,1.0,0.3936,0.809,0.684,0.853,1.0
2191,lankershim__793,1419,141.9,0.753926,0.349412,43.5,0.143,25,0.6598,1.0,1.0,1.0,1.0,1.0,0.917,1.0
2192,i-80__2806,300,30.0,0.520181,0.300817,3.4,4.445,0,1.0,1.0,1.0,0.1064,0.3782,0.474,0.6665,1.0
2193,us-101__2943,743,74.3,0.582937,0.319266,11.0,2.543,0,0.7007,0.9837,1.0,1.0,0.8074,0.7276,0.9562,1.0
2194,peachtree__556,1457,145.7,0.74614,0.252793,28.7,1.087,4,1.0,1.0,1.0,1.0,1.0,0.9217,1.0,0.96
2195,peachtree__1634,149,14.9,0.611476,0.29377,2.8,2.051,0,0.5384,1.0,1.0,1.0,1.0,0.7932,0.6366,0.64
2196,i-80__891,270,27.0,0.390231,0.25767,2.1,14.389,0,0.7918,1.0,1.0,0.0276,0.4671,0.0,0.5005,1.0
2197,i-80__3091,364,36.4,0.553463,0.310794,34.6,5.371,0,0.8571,1.0,1.0,0.1392,0.4476,0.3505,0.7899,1.0
2198,i-80__3254,770,77.0,0.523218,0.307629,62.2,4.89,0,0.3847,1.0,1.0,1.0,0.6134,0.4147,0.8991,1.0
2199,i-80__2002,2025,202.5,0.588139,0.231277,118.6,0.793,10,0.2049,1.0,1.0,1.0,0.7638,0.9609,1.0,1.0
2200,i-80__2646,1464,146.4,0.505377,0.252539,96.9,2.91,0,0.2192,0.975,1.0,1.0,1.0,0.6787,0.8918,1.0
2201,us-101__2108,599,59.9,0.349306,0.22245,5.3,9.473,0,0.5481,0.9328,1.0,0.089,0.7248,0.0,0.6221,1.0
2202,us-101__2761,797,79.7,0.449304,0.304758,27.5,4.483,0,0.7157,1.0,1.0,1.0,0.7478,0.4689,0.9354,1.0
2203,i-80__3074,493,49.3,0.680667,0.326304,6.3,0.325,16,0.5377,1.0,1.0,0.3615,1.0,1.0,0.8961,1.0
2204,peachtree__1638,1370,137.0,0.697781,0.300835,27.1,0.851,12,0.5418,1.0,1.0,1.0,1.0,0.9532,0.9135,0.48
2205,peachtree__692,927,92.7,0.591007,0.256522,4.0,1.937,1,1.0,1.0,1.0,1.0,1.0,0.8084,0.698,0.84
2206,peachtree__758,1119,111.9,0.798889,0.288443,24.8,0.578,26,0.664,1.0,1.0,1.0,1.0,0.9896,1.0,0.88
2207,us-101__552,614,61.4,0.437967,0.28144,30.6,8.464,0,0.4959,1.0,1.0,0.0764,0.6133,0.0,0.8035,1.0
2208,i-80__2114,754,75.4,0.527075,0.26711,39.4,2.248,0,0.376,1.0,1.0,1.0,0.6308,0.767,0.8646,1.0
2209,us-101__2255,481,48.1,0.415957,0.26266,7.8,17.56,0,0.6108,1.0,1.0,0.0535,0.6044,0.0,0.5396,1.0
2210,lankershim__362,155,15.5,0.598789,0.321453,2.9,1.813,1,0.3672,1.0,1.0,0.7914,1.0,0.8249,0.582,1.0
2211,i-80__2154,807,80.7,0.595968,0.312243,23.6,4.354,0,0.414,1.0,1.0,1.0,1.0,0.4862,0.8561,1.0
2212,i-80__1884,1766,176.6,0.671758,0.298423,31.9,2.968,0,0.2999,1.0,1.0,1.0,1.0,0.671,0.9441,1.0
2213,i-80__919,1025,102.5,0.661947,0.288555,56.1,2.275,0,0.3162,1.0,1.0,1.0,0.7932,0.7634,0.9034,1.0
2214,lankershim__1528,404,40.4,0.547223,0.327953,0.8,18.041,0,0.6043,1.0,1.0,1.0,1.0,0.0,0.646,1.0
2215,peachtree__187,1441,144.1,0.737591,0.350211,13.9,0.471,17,1.0,1.0,1.0,1.0,1.0,1.0,0.9306,0.88
2216,us-101__3104,474,47.4,0.435177,0.235461,22.7,2.355,0,0.6404,0.9256,1.0,0.0573,0.8968,0.7527,0.6942,1.0
2217,i-80__3300,337,33.7,0.492355,0.357935,20.4,6.973,0,0.6689,1.0,1.0,0.2537,0.7226,0.1369,0.8018,1.0
2218,i-80__3140,599,59.9,0.656947,0.325023,9.6,0.546,13,0.6466,1.0,1.0,1.0,1.0,0.9938,0.904,1.0
2219,peachtree__1377,938,93.8,0.691805,0.253983,35.7,0.155,27,0.5723,1.0,1.0,1.0,1.0,1.0,0.5427,1.0
2220,peachtree__746,1223,122.3,0.637634,0.281049,84.1,0.275,10,1.0,1.0,1.0,1.0,1.0,1.0,0.8621,1.0
2221,us-101__2672,875,87.5,0.616814,0.301437,67.9,2.585,0,0.4499,1.0,1.0,1.0,0.9934,0.722,0.9352,1.0
2222,lankershim__428,255,25.5,0.737025,0.350488,1.2,3.317,0,0.5818,1.0,1.0,1.0,1.0,0.6243,0.8286,1.0
2223,i-80__2661,1330,133.0,0.683428,0.326976,15.7,0.035,125,0.2681,1.0,1.0,1.0,1.0,1.0,1.0,1.0
2224,us-101__2723,834,83.4,0.717465,0.275609,30.6,1.859,1,0.5487,1.0,1.0,1.0,0.7484,0.8188,1.0,1.0
2225,i-80__1545,723,72.3,0.714025,0.264973,13.7,1.568,2,0.5489,1.0,1.0,1.0,0.9719,0.8576,0.8189,1.0
2226,lankershim__205,1598,159.8,0.78461,0.35002,20.5,0.887,10,1.0,1.0,1.0,1.0,1.0,0.9484,0.9121,1.0
2227,i-80__1364,910,91.0,0.625031,0.284913,31.8,3.286,0,0.3521,1.0,1.0,0.3166,0.5519,0.6285,0.8891,1.0
2228,us-101__2151,573,57.3,0.585493,0.295962,21.6,0.956,1,0.5492,0.6995,0.8915,0.2893,1.0,0.9392,1.0,1.0
2229,lankershim__312,1171,117.1,0.774065,0.416097,35.0,0.098,22,1.0,1.0,1.0,1.0,1.0,1.0,0.9367,1.0
2230,peachtree__1244,1476,147.6,0.830292,0.350253,81.1,0.509,14,1.0,1.0,1.0,1.0,1.0,0.9988,0.9165,0.92
2231,i-80__2662,2048,204.8,0.554271,0.282698,24.8,2.785,0,0.2337,1.0,1.0,1.0,0.8074,0.6953,0.9522,1.0
2232,i-80__3256,560,56.0,0.791274,0.372289,12.2,0.096,45,0.5885,1.0,1.0,1.0,1.0,1.0,1.0,1.0
2233,us-101__1785,460,46.0,0.522155,0.275086,13.8,11.896,0,0.6856,1.0,1.0,0.721,0.7826,0.0,1.0,1.0
2234,lankershim__732,1789,178.9,0.810317,0.340647,172.5,0.431,10,1.0,1.0,1.0,1.0,1.0,1.0,0.9087,1.0
2235,peachtree__1368,615,61.5,0.473912,0.231213,17.5,8.188,0,0.4255,1.0,1.0,1.0,1.0,0.0,0.0,1.0
2236,i-80__3317,310,31.0,0.470066,0.338385,12.4,6.804,0,0.9475,1.0,1.0,0.2037,0.4966,0.1595,0.6929,1.0
2237,i-80__2516,399,39.9,0.462191,0.261061,38.2,6.92,0,0.6012,1.0,1.0,0.0909,0.587,0.144,0.6585,1.0
2238,i-80__1,884,88.4,0.516318,0.172761,47.5,0.395,7,0.4172,0.8732,1.0,0.802,0.6652,1.0,0.8888,1.0
2239,peachtree__37,263,26.3,0.439617,0.249219,25.1,inf,0,0.3424,1.0,1.0,1.0,1.0,0.0,0.0,0.32
2240,peachtree__261,1235,123.5,0.54,0.241373,31.9,3.267,0,1.0,1.0,1.0,1.0,1.0,0.6311,1.0,1.0
2241,us-101__2899,845,84.5,0.514648,0.320957,19.2,3.411,0,0.6558,1.0,1.0,1.0,0.8828,0.6119,0.934,1.0
2242,peachtree__1542,87,8.7,0.336328,0.198147,3.6,inf,0,0.2151,0.9739,0.9395,0.3278,1.0,0.0,0.0,0.92
2243,lankershim__69,418,41.8,0.582902,0.368948,19.6,2.984,0,0.603,1.0,1.0,0.5989,1.0,0.6688,0.6059,1.0
2244,us-101__884,823,82.3,0.419763,0.267998,30.1,5.862,0,0.5223,1.0,1.0,0.4676,0.6275,0.285,0.8819,1.0
2245,peachtree__262,1240,124.0,0.807474,0.308,80.5,0.178,38,1.0,1.0,1.0,1.0,1.0,1.0,1.0,1.0
2246,i-80__643,494,49.4,0.359205,0.260083,49.3,12.025,0,0.9618,1.0,1.0,0.1402,0.582,0.0,0.68,1.0
2247,i-80__25,359,35.9,0.541596,0.270579,9.3,0.63,3,0.7732,1.0,1.0,0.0541,0.7181,0.9827,1.0,1.0
2248,lankershim__125,896,89.6,0.618007,0.37972,58.2,3.551,0,0.8366,1.0,1.0,1.0,1.0,0.5933,0.9133,1.0
2249,peachtree__863,260,26.0,0.442966,0.269176,12.5,inf,0,0.182,1.0,1.0,1.0,1.0,0.0,0.0,0.76
2250,peachtree__655,661,66.1,0.582733,0.292698,35.1,0.568,9,1.0,1.0,1.0,1.0,1.0,0.9909,0.6905,1.0
2251,us-101__2993,728,72.8,0.418087,0.274842,70.3,5.034,0,0.686,0.7601,0.9315,1.0,1.0,0.3954,0.9001,1.0
2252,i-80__2096,294,29.4,0.439516,0.32675,24.7,2.843,0,0.7948,1.0,1.0,0.1119,0.3028,0.6877,0.7121,1.0
2253,lankershim__871,731,73.1,0.750803,0.355808,0.6,2.839,0,0.786,1.0,1.0,1.0,1.0,0.6881,0.7998,1.0
2254,us-101__2152,545,54.5,0.57486,0.295795,14.2,0.805,6,0.6044,0.7002,0.8666,0.0721,0.8019,0.9593,1.0,1.0
2255,i-80__211,574,57.4,0.621288,0.268019,11.0,1.379,2,0.3912,1.0,1.0,0.5955,1.0,0.8828,0.8575,1.0
2256,lankershim__356,160,16.0,0.497255,0.31172,13.3,4.476,0,0.4657,1.0,1.0,1.0,1.0,0.4698,0.489,1.0
2257,us-101__2338,307,30.7,0.451201,0.289081,30.4,5.596,0,0.9026,1.0,1.0,0.0608,1.0,0.3206,0.8442,1.0
2258,peachtree__1731,103,10.3,0.377286,0.177208,9.9,inf,0,0.3233,1.0,1.0,0.3331,1.0,0.0,0.0,0.52
2259,i-80__3245,790,79.0,0.657273,0.316716,1.8,3.205,0,0.3582,1.0,1.0,1.0,1.0,0.6394,0.9118,1.0
2260,us-101__2185,548,54.8,0.477155,0.296711,16.3,4.014,0,0.6997,1.0,1.0,0.1837,1.0,0.5315,0.8822,1.0
2261,i-80__2940,761,76.1,0.502784,0.282391,1.4,1.399,3,0.3333,1.0,1.0,1.0,0.4282,0.8802,0.883,1.0
2262,i-80__52,1076,107.6,0.743629,0.324349,0.8,2.08,0,0.3636,1.0,1.0,1.0,1.0,0.7893,0.9527,1.0
2263,lankershim__1595,193,19.3,0.494563,0.335823,0.1,6.804,0,0.5219,1.0,1.0,1.0,1.0,0.1594,0.4478,0.84
2264,i-80__30,1177,117.7,0.528077,0.252188,112.0,1.746,1,0.3956,1.0,1.0,1.0,0.7095,0.8339,0.9049,1.0
2265,us-101__1977,525,52.5,0.481908,0.311709,1.1,7.161,0,0.5711,1.0,1.0,0.1185,0.9734,0.1118,0.8133,1.0
2266,lankershim__547,1665,166.5,0.598344,0.29706,65.0,0.587,11,1.0,1.0,1.0,1.0,1.0,0.9884,0.9208,1.0
2267,i-80__2883,746,74.6,0.602029,0.306249,43.7,4.694,0,0.4742,1.0,1.0,1.0,1.0,0.4408,0.8699,1.0
2268,peachtree__552,408,40.8,0.438302,0.24429,2.4,9.974,0,0.4903,1.0,1.0,1.0,1.0,0.0,0.0423,0.76
2269,i-80__1803,2286,228.6,0.787629,0.315143,76.1,1.1,6,1.0,1.0,1.0,1.0,0.9985,0.92,0.9433,1.0
2270,lankershim__725,818,81.8,0.501902,0.30199,20.0,6.813,0,1.0,1.0,1.0,1.0,1.0,0.1582,0.4792,1.0
2271,us-101__2922,835,83.5,0.38578,0.243257,22.3,7.086,0,0.5719,0.9437,1.0,0.3606,0.5304,0.1219,0.8269,1.0
2272,lankershim__178,741,74.1,0.556176,0.304992,23.5,0.58,7,0.893,1.0,1.0,1.0,1.0,0.9893,0.8722,1.0
2273,lankershim__229,713,71.3,0.56736,0.288866,2.0,0.114,17,0.7974,1.0,1.0,1.0,1.0,1.0,0.0,1.0
2274,lankershim__1541,692,69.2,0.750839,0.306451,3.6,0.818,4,0.7967,1.0,1.0,1.0,1.0,0.9576,0.7994,1.0
2275,us-101__2665,590,59.0,0.611533,0.298489,3.1,1.395,3,0.5567,1.0,1.0,1.0,1.0,0.8807,0.8744,1.0
2276,i-80__2237,433,43.3,0.558916,0.412088,33.1,7.641,0,0.5825,1.0,1.0,0.3098,1.0,0.0479,0.8776,1.0
2277,i-80__2933,764,76.4,0.585068,0.311825,0.2,3.882,0,0.6215,1.0,1.0,1.0,0.831,0.5491,0.9098,1.0
2278,us-101__2111,656,65.6,0.510352,0.293112,7.2,4.455,0,0.6366,0.9826,1.0,1.0,1.0,0.4726,0.8822,1.0
2279,i-80__645,733,73.3,0.463394,0.254407,54.1,3.766,0,0.4364,0.8591,1.0,1.0,0.5384,0.5645,0.8815,1.0
2280,us-101__2416,772,77.2,0.49876,0.286027,3.1,4.495,0,0.5574,1.0,1.0,1.0,0.55,0.4673,0.9222,1.0
2281,lankershim__248,373,37.3,0.67672,0.334553,17.8,0.714,20,0.6326,1.0,1.0,0.4828,1.0,0.9715,0.7937,1.0
2282,i-80__2518,2085,208.5,0.61412,0.268821,147.1,1.026,4,0.2628,1.0,1.0,1.0,1.0,0.9299,0.9624,1.0
2283,lankershim__1451,232,23.2,0.567745,0.339129,3.0,0.698,6,0.318,1.0,1.0,1.0,1.0,0.9736,0.7834,1.0
2284,i-80__159,565,56.5,0.528441,0.317951,36.1,4.014,0,0.5242,1.0,1.0,0.3108,1.0,0.5315,0.8739,1.0
2285,i-80__3289,740,74.0,0.559719,0.268608,20.6,3.83,0,0.4528,1.0,1.0,1.0,0.4943,0.556,0.8775,1.0
2286,peachtree__1158,1866,186.6,0.696195,0.286903,175.2,0.472,20,1.0,1.0,1.0,1.0,1.0,1.0,0.9145,1.0
2287,lankershim__681,1895,189.5,0.619246,0.352381,0.6,2.391,0,1.0,1.0,1.0,1.0,1.0,0.7478,0.8869,1.0
2288,i-80__1750,2540,254.0,0.847597,0.297437,74.6,0.126,19,1.0,1.0,1.0,1.0,1.0,1.0,0.9846,1.0
2289,i-80__3095,716,71.6,0.600074,0.295205,52.3,4.495,0,0.5374,1.0,1.0,0.7806,1.0,0.4673,0.8101,1.0
2290,i-80__2196,738,73.8,0.83574,0.354217,7.5,0.417,1,0.6128,1.0,1.0,1.0,1.0,1.0,1.0,1.0
2291,lankershim__528,759,75.9,0.710167,0.41944,15.2,0.958,4,0.6025,1.0,1.0,1.0,1.0,0.9389,0.8979,1.0
2292,i-80__2688,1929,192.9,0.682482,0.277767,143.0,3.573,0,0.2286,1.0,1.0,1.0,0.7446,0.5902,0.934,1.0
2293,i-80__201,605,60.5,0.524376,0.220851,42.4,2.496,0,0.4405,1.0,1.0,0.2876,0.5686,0.7339,0.5892,1.0
2294,i-80__3180,351,35.1,0.724091,0.338209,2.9,0.276,4,0.8064,1.0,1.0,1.0,0.6868,1.0,1.0,1.0
2295,lankershim__927,385,38.5,0.76016,0.429304,27.2,0.646,14,0.7008,1.0,1.0,1.0,1.0,0.9806,0.8766,1.0
2296,i-80__3299,599,59.9,0.458474,0.295131,55.1,8.325,0,0.3808,1.0,1.0,0.607,0.7345,0.0,0.9237,1.0
2297,i-80__2409,937,93.7,0.536148,0.261166,47.2,4.004,0,0.3193,1.0,1.0,1.0,0.7151,0.5328,0.8674,1.0
2298,i-80__675,659,65.9,0.497862,0.278062,54.8,8.806,0,0.373,1.0,1.0,1.0,0.6819,0.0,0.8249,1.0
2299,us-101__1991,380,38.0,0.618169,0.327792,4.7,0.337,12,0.6118,1.0,1.0,0.1328,1.0,1.0,0.8612,1.0
2300,us-101__2489,621,62.1,0.46408,0.26312,45.1,4.935,0,0.5016,0.8254,0.8995,0.1975,1.0,0.4087,0.7812,1.0
2301,peachtree__269,868,86.8,0.817062,0.380781,40.3,0.064,44,1.0,1.0,1.0,1.0,1.0,1.0,0.9994,1.0
2302,i-80__2781,297,29.7,0.520689,0.355129,12.7,5.632,0,0.7125,1.0,1.0,0.0467,0.79,0.3157,0.7935,1.0
2303,i-80__2902,344,34.4,0.469588,0.319198,17.1,10.11,0,0.8746,1.0,1.0,0.0668,0.6659,0.0,0.6513,1.0
2304,us-101__2408,468,46.8,0.436559,0.281002,3.3,3.569,0,0.7504,0.879,1.0,0.1088,1.0,0.5908,0.7895,1.0
2305,i-80__542,1766,176.6,0.812534,0.275888,64.2,0.667,7,1.0,1.0,1.0,1.0,0.6087,0.9778,0.9237,1.0
2306,lankershim__1406,555,55.5,0.604738,0.284091,26.3,1.134,4,0.7898,1.0,1.0,1.0,1.0,0.9155,0.8817,0.84
2307,peachtree__360,867,86.7,0.680452,0.314408,40.5,1.403,2,0.4136,1.0,1.0,1.0,1.0,0.8796,0.9361,1.0
2308,us-101__1825,710,71.0,0.395879,0.251906,67.6,9.719,0,0.405,0.7961,1.0,0.1101,0.7928,0.0,0.714,1.0
2309,us-101__3108,359,35.9,0.694322,0.43952,33.9,0.578,31,0.8723,1.0,1.0,0.0886,1.0,0.9896,1.0,1.0
2310,lankershim__1188,1268,126.8,0.749197,0.320844,121.7,2.458,0,0.6925,1.0,1.0,1.0,1.0,0.7389,0.9088,1.0
2311,i-80__2819,1187,118.7,0.590204,0.257213,21.9,3.412,0,0.3807,1.0,1.0,1.0,0.5396,0.6118,0.9009,1.0
2312,lankershim__232,458,45.8,0.639591,0.347188,4.8,2.443,0,0.6199,1.0,1.0,1.0,1.0,0.741,0.8715,1.0
2313,lankershim__1441,538,53.8,0.687805,0.294046,1.5,0.346,10,0.8194,1.0,1.0,1.0,1.0,1.0,0.0,1.0
2314,lankershim__955,2411,241.1,0.701029,0.326827,117.2,0.901,3,1.0,1.0,1.0,1.0,1.0,0.9466,0.9269,1.0
2315,i-80__2345,853,85.3,0.657713,0.315508,52.2,3.945,0,0.4415,1.0,1.0,1.0,0.4912,0.5407,0.9246,1.0
2316,lankershim__1476,1074,107.4,0.719039,0.408934,86.9,1.488,21,1.0,1.0,1.0,1.0,1.0,0.8683,1.0,1.0
2317,i-80__3360,697,69.7,0.555846,0.255441,0.0,1.942,1,0.9593,1.0,1.0,1.0,0.5661,0.8078,0.8439,1.0
2318,us-101__2863,792,79.2,0.55561,0.318039,45.1,4.476,0,0.6482,1.0,1.0,1.0,0.7082,0.4699,0.8824,1.0
2319,i-80__2761,968,96.8,0.578514,0.293614,5.5,1.494,1,0.6649,1.0,1.0,1.0,1.0,0.8675,0.9058,1.0
2320,i-80__3194,848,84.8,0.588321,0.287326,51.3,1.884,1,0.4748,1.0,1.0,1.0,0.5959,0.8155,0.8607,1.0
2321,i-80__799,811,81.1,0.482406,0.256225,16.4,2.912,0,0.3923,1.0,1.0,0.9398,0.7113,0.6784,0.8672,1.0
2322,peachtree__577,1034,103.4,0.712205,0.346223,44.6,2.003,0,1.0,1.0,1.0,1.0,1.0,0.7997,0.9128,1.0
2323,i-80__2739,428,42.8,0.564266,0.281731,18.6,4.805,0,0.8983,1.0,1.0,0.034,0.5718,0.426,0.7264,1.0
2324,us-101__2553,719,71.9,0.403742,0.252666,6.4,6.992,0,0.4259,0.791,1.0,0.5872,0.5683,0.1344,0.835,1.0
2325,i-80__3285,696,69.6,0.567134,0.283163,52.1,2.657,0,0.3576,1.0,1.0,1.0,0.7272,0.7124,0.9281,1.0
2326,peachtree__988,208,20.8,0.458179,0.299872,20.1,8.021,0,0.4175,1.0,1.0,1.0,1.0,0.0,0.0,0.64
2327,peachtree__1232,1925,192.5,0.630455,0.271566,16.0,1.029,10,0.4868,1.0,1.0,1.0,1.0,0.9294,0.9116,1.0
2328,i-80__349,477,47.7,0.456499,0.284541,39.4,2.095,0,0.4632,1.0,1.0,0.0404,0.6673,0.7873,0.8369,1.0
2329,i-80__301,908,90.8,0.388103,0.246305,54.7,3.541,0,0.3529,0.7336,0.8989,0.9033,0.5344,0.5945,0.8728,1.0
2330,lankershim__966,1720,172.0,0.751832,0.390171,91.2,0.153,36,1.0,1.0,1.0,1.0,1.0,1.0,1.0,1.0
2331,us-101__2577,264,26.4,0.548911,0.300768,4.0,4.877,0,0.9114,1.0,1.0,0.0438,1.0,0.4163,0.8461,1.0
2332,lankershim__650,1189,118.9,0.726967,0.358623,57.2,0.766,22,0.5966,1.0,1.0,1.0,1.0,0.9646,0.9382,1.0
2333,i-80__3132,434,43.4,0.81324,0.297453,21.2,0.91,4,0.6221,1.0,1.0,0.8388,1.0,0.9453,0.804,1.0
2334,i-80__2178,397,39.7,0.880156,0.350114,8.9,0.344,15,0.6352,1.0,1.0,1.0,1.0,1.0,0.9468,1.0
2335,us-101__3030,667,66.7,0.426247,0.259626,5.0,5.129,0,0.6294,1.0,1.0,0.2297,0.7606,0.3829,0.8503,1.0
2336,peachtree__1445,1211,121.1,0.621324,0.298405,31.7,0.19,6,0.6349,1.0,1.0,1.0,1.0,1.0,0.8978,0.68
2337,i-80__2657,1322,132.2,0.493887,0.269418,103.1,4.464,0,0.283,0.798,0.9016,1.0,0.7201,0.4715,0.9241,1.0
2338,i-80__2591,380,38.0,0.578486,0.298625,20.1,0.713,2,0.6453,1.0,1.0,0.0287,0.7307,0.9716,1.0,1.0
2339,lankershim__1557,527,52.7,0.623453,0.363864,20.5,0.645,10,1.0,1.0,1.0,1.0,1.0,0.9807,0.917,0.8
2340,i-80__2374,1306,130.6,0.733794,0.296234,93.7,0.097,1,0.3693,1.0,1.0,1.0,0.8742,1.0,1.0,1.0
2341,i-80__235,1075,107.5,0.664095,0.279728,20.4,2.601,0,0.3304,1.0,1.0,1.0,1.0,0.7198,0.8845,1.0
2342,i-80__378,1509,150.9,0.813473,0.276822,69.8,0.327,10,1.0,1.0,1.0,1.0,0.6413,1.0,0.9025,1.0
2343,us-101__2554,910,91.0,0.538092,0.264453,72.5,0.904,1,0.5433,0.6461,0.8334,1.0,0.6595,0.9461,1.0,1.0
2344,i-80__425,437,43.7,0.502729,0.32172,41.5,5.042,0,0.5149,1.0,1.0,0.0744,0.8898,0.3943,0.8223,1.0
2345,i-80__238,511,51.1,0.454388,0.268818,3.8,4.52,0,0.66,1.0,1.0,0.1612,0.7465,0.464,0.8531,1.0
2346,peachtree__497,439,43.9,0.694948,0.234646,2.2,1.433,3,0.4823,1.0,1.0,1.0,1.0,0.8756,0.9026,0.84
2347,i-80__222,1278,127.8,0.792493,0.323542,78.6,0.53,8,1.0,1.0,1.0,1.0,1.0,0.9961,0.9486,1.0
2348,peachtree__388,1183,118.3,0.653216,0.318654,29.9,0.25,17,0.4908,1.0,1.0,1.0,1.0,1.0,0.9093,0.88
2349,lankershim__1325,2573,257.3,0.740319,0.348282,241.9,1.659,14,1.0,1.0,1.0,1.0,1.0,0.8454,0.9955,1.0
2350,lankershim__578,503,50.3,0.754467,0.422152,14.2,3.159,0,0.9623,1.0,1.0,1.0,1.0,0.6455,0.8635,1.0
2351,peachtree__1082,2168,216.8,0.699045,0.277466,78.0,0.512,40,1.0,1.0,1.0,1.0,1.0,0.9983,0.9969,1.0
2352,lankershim__668,2088,208.8,0.710629,0.384591,147.6,0.393,13,1.0,1.0,1.0,1.0,1.0,1.0,0.943,1.0
2353,lankershim__1179,783,78.3,0.585097,0.267508,12.9,0.187,14,0.762,1.0,1.0,1.0,1.0,1.0,0.4007,1.0
2354,us-101__2706,818,81.8,0.655701,0.265969,36.4,0.308,2,0.4907,1.0,1.0,1.0,0.7089,1.0,1.0,1.0
2355,us-101__2205,564,56.4,0.454884,0.316035,10.9,5.728,0,0.5915,0.9879,1.0,0.3624,0.7646,0.3029,0.8243,1.0
2356,i-80__1954,945,94.5,0.554253,0.281627,25.3,1.931,1,0.4519,1.0,1.0,1.0,0.449,0.8092,0.8674,1.0
2357,lankershim__790,850,85.0,0.731241,0.405785,9.0,1.05,11,0.7784,1.0,1.0,1.0,1.0,0.9267,0.9212,1.0
2358,peachtree__267,415,41.5,0.5328,0.258587,29.9,inf,0,1.0,1.0,1.0,1.0,1.0,0.0,0.0,0.92
2359,i-80__2465,959,95.9,0.535158,0.293837,46.8,2.632,0,0.3377,1.0,1.0,1.0,1.0,0.7157,0.9024,1.0
2360,peachtree__335,274,27.4,0.571179,0.367916,24.0,0.226,6,0.2073,1.0,1.0,1.0,1.0,1.0,0.8956,0.68
2361,i-80__2534,401,40.1,0.413765,0.278563,26.8,8.226,0,0.6093,0.9132,0.9944,0.0234,0.6892,0.0,0.6353,1.0
2362,peachtree__735,1565,156.5,0.673251,0.223275,24.3,0.188,14,0.5371,1.0,1.0,1.0,1.0,1.0,0.8101,1.0
2363,i-80__1564,439,43.9,0.437262,0.319372,18.0,7.681,0,0.4861,0.7374,0.9643,0.065,0.8719,0.0426,0.7605,1.0
2364,lankershim__845,358,35.8,0.658706,0.414509,0.7,4.855,0,0.6484,1.0,1.0,0.6089,1.0,0.4194,0.7651,1.0
2365,lankershim__562,349,34.9,0.55572,0.320511,11.3,2.626,0,0.7684,1.0,1.0,1.0,1.0,0.7166,0.5274,1.0
2366,i-80__1604,2611,261.1,0.733575,0.297981,96.1,0.54,12,1.0,1.0,1.0,1.0,1.0,0.9946,0.9501,1.0
2367,us-101__2204,503,50.3,0.568585,0.333137,39.4,2.7,0,0.7801,1.0,1.0,0.092,1.0,0.7066,0.8914,1.0
2368,us-101__2080,302,30.2,0.58233,0.293405,20.8,1.028,1,0.7292,1.0,1.0,1.0,1.0,0.9297,0.766,1.0
2369,us-101__3102,443,44.3,0.488033,0.301264,27.6,5.161,0,0.7325,0.9325,1.0,0.0935,1.0,0.3785,0.7718,1.0
2370,lankershim__1341,858,85.8,0.746768,0.374723,78.8,0.782,5,0.6594,1.0,1.0,1.0,1.0,0.9624,0.9227,0.72
2371,i-80__3018,739,73.9,0.538929,0.299251,16.0,0.565,20,0.4316,1.0,1.0,1.0,0.4718,0.9913,1.0,1.0
2372,peachtree__1196,166,16.6,0.691506,0.29945,2.8,0.906,4,0.3647,1.0,1.0,1.0,1.0,0.9458,0.7217,1.0
2373,peachtree__1370,102,10.2,0.432995,0.185441,10.0,inf,0,0.114,1.0,1.0,1.0,1.0,0.0,0.0,0.52
2374,i-80__407,1329,132.9,0.73678,0.274113,56.2,1.321,3,1.0,1.0,1.0,1.0,1.0,0.8905,0.8642,1.0
2375,us-101__2276,381,38.1,0.576589,0.274712,10.5,0.699,6,0.5951,1.0,1.0,0.3747,1.0,0.9735,0.8151,1.0
2376,us-101__2075,981,98.1,0.494475,0.249008,21.9,2.046,0,0.4933,0.8537,1.0,1.0,0.4363,0.7939,0.9124,1.0
2377,i-80__2164,1679,167.9,0.537002,0.298266,93.1,4.392,0,0.3406,1.0,1.0,1.0,0.965,0.4811,0.9188,1.0
2378,i-80__1599,1624,162.4,0.588385,0.307386,44.4,3.898,0,0.4252,1.0,1.0,1.0,1.0,0.547,0.9316,1.0
2379,peachtree__1564,1537,153.7,0.762654,0.320198,31.6,0.203,37,0.4833,1.0,1.0,1.0,1.0,1.0,1.0,0.88
2380,i-80__669,1053,105.3,0.536143,0.292291,101.6,3.801,0,0.3273,1.0,1.0,1.0,0.741,0.5599,0.9573,1.0
2381,i-80__2834,907,90.7,0.675752,0.311633,86.1,3.025,0,0.4042,1.0,1.0,1.0,0.5778,0.6633,0.9278,1.0
2382,i-80__1856,2419,241.9,0.806529,0.296047,89.8,0.45,13,1.0,1.0,1.0,1.0,1.0,1.0,0.9301,1.0
2383,i-80__28,410,41.0,0.500984,0.302808,3.3,5.58,0,0.609,0.9859,1.0,0.0953,0.7341,0.3227,0.7852,1.0
2384,lankershim__1453,974,97.4,0.637053,0.37543,88.2,0.539,9,0.7318,1.0,1.0,1.0,1.0,0.9948,0.903,1.0
2385,i-80__231,582,58.2,0.603547,0.298679,0.0,1.811,1,0.4905,1.0,1.0,1.0,1.0,0.8252,0.9166,1.0
2386,us-101__1832,856,85.6,0.558615,0.259367,13.1,1.485,2,0.6008,0.9103,0.95,1.0,0.467,0.8686,0.8944,1.0
2387,i-80__3215,561,56.1,0.541017,0.327497,47.1,5.343,0,0.4813,1.0,1.0,1.0,0.6689,0.3543,1.0,1.0
2388,i-80__2052,1476,147.6,0.648465,0.318488,95.0,1.249,2,0.5491,1.0,1.0,1.0,0.841,0.9002,0.9451,1.0
2389,lankershim__1135,129,12.9,0.560954,0.309161,2.9,2.687,0,0.4742,1.0,1.0,1.0,1.0,0.7084,0.5072,0.92
2390,us-101__1978,643,64.3,0.603772,0.277909,16.8,2.813,0,0.5537,1.0,1.0,0.0882,0.7092,0.6916,0.8719,1.0
2391,us-101__2714,811,81.1,0.575853,0.289572,30.5,2.097,0,0.551,1.0,1.0,1.0,0.6367,0.7871,0.9372,1.0
2392,i-80__2131,1967,196.7,0.588403,0.220381,16.0,2.865,0,0.4575,1.0,1.0,1.0,0.8304,0.6847,0.9639,1.0
2393,lankershim__1281,1342,134.2,0.72988,0.409358,89.9,0.566,16,0.9987,1.0,1.0,1.0,1.0,0.9912,0.9166,1.0
2394,us-101__2837,820,82.0,0.505183,0.275586,41.0,3.989,0,0.6775,0.897,1.0,1.0,0.9457,0.5348,0.9467,1.0
2395,i-80__3021,959,95.9,0.658369,0.303832,7.8,2.932,0,0.4452,1.0,1.0,1.0,0.7428,0.6758,0.895,1.0
2396,lankershim__1509,1127,112.7,0.660208,0.358728,1.3,2.548,0,0.5362,1.0,1.0,1.0,1.0,0.7269,0.9199,1.0
2397,lankershim__1501,555,55.5,0.485952,0.246969,52.1,40.344,0,0.379,1.0,1.0,1.0,1.0,0.0,0.7871,1.0
2398,i-80__442,423,42.3,0.442824,0.231929,10.2,3.451,0,0.5154,1.0,1.0,0.0557,0.7256,0.6066,0.7336,1.0
2399,i-80__17,413,41.3,0.684128,0.314329,27.7,0.188,8,0.7752,1.0,1.0,0.1507,0.7472,1.0,1.0,1.0
2400,peachtree__1371,564,56.4,0.589921,0.225063,14.4,0.4,10,1.0,1.0,1.0,1.0,1.0,1.0,0.4565,0.56
2401,us-101__2099,353,35.3,0.640892,0.288337,14.8,0.743,6,0.6424,0.8392,1.0,0.0879,1.0,0.9677,0.7886,1.0
2402,us-101__2689,745,74.5,0.477253,0.260087,67.0,9.04,0,0.4371,1.0,1.0,0.2925,0.4734,0.0,0.7772,1.0
2403,i-80__2622,367,36.7,0.522998,0.318401,35.1,5.831,0,0.6573,0.9321,1.0,0.029,0.686,0.2892,0.8354,1.0
2404,peachtree__1153,1132,113.2,0.717473,0.334982,52.5,0.775,13,0.4982,1.0,1.0,1.0,1.0,0.9633,0.9609,0.96
2405,lankershim__1489,1150,115.0,0.675751,0.310477,63.8,0.701,6,0.6444,1.0,1.0,1.0,1.0,0.9731,0.9238,1.0
2406,peachtree__1427,351,35.1,0.593431,0.296777,13.6,1.287,3,0.6011,1.0,1.0,1.0,1.0,0.8951,0.6883,0.96
2407,us-101__2886,784,78.4,0.560513,0.278935,1.2,1.43,10,0.7009,0.8661,0.8976,1.0,0.9238,0.8759,0.9153,1.0
2408,i-80__513,204,20.4,0.445446,0.315586,12.6,6.785,0,1.0,1.0,1.0,0.0213,0.5456,0.162,0.6874,1.0
2409,i-80__3103,379,37.9,0.496632,0.322937,5.2,5.4,0,0.7368,1.0,1.0,0.077,0.8146,0.3467,0.7336,1.0
2410,peachtree__1405,1502,150.2,0.71718,0.271651,42.6,0.46,7,0.5028,1.0,1.0,1.0,1.0,1.0,0.9059,1.0
2411,i-80__3092,362,36.2,0.533852,0.319805,5.2,4.928,0,0.7354,1.0,1.0,1.0,0.7079,0.4096,0.7396,1.0
2412,i-80__88,1133,113.3,0.435801,0.241695,76.7,2.718,0,0.3793,1.0,1.0,1.0,0.4884,0.7042,0.8586,1.0
2413,peachtree__68,1199,119.9,0.856848,0.28581,16.9,0.317,12,1.0,1.0,1.0,1.0,1.0,1.0,0.919,0.72
2414,i-80__3239,727,72.7,0.556468,0.279258,43.0,2.763,0,0.4494,1.0,1.0,1.0,1.0,0.6982,0.8469,1.0
2415,i-80__74,949,94.9,0.431327,0.261322,52.5,4.184,0,0.3761,1.0,1.0,0.8354,0.4018,0.5087,0.9532,1.0
2416,i-80__2897,736,73.6,0.599439,0.30294,19.6,3.839,0,0.4138,1.0,1.0,1.0,0.7363,0.5547,0.8848,1.0
2417,lankershim__703,991,99.1,0.673647,0.384805,24.9,2.333,0,0.7083,1.0,1.0,1.0,1.0,0.7557,0.9151,1.0
2418,i-80__3,1153,115.3,0.525475,0.202124,31.7,8.38,0,0.2837,0.9806,1.0,1.0,1.0,0.0,0.9232,1.0
2419,lankershim__642,430,43.0,0.671394,0.378645,11.5,0.979,4,0.3623,1.0,1.0,1.0,1.0,0.9361,0.9183,1.0
2420,peachtree__1098,366,36.6,0.742295,0.324989,12.7,0.56,10,0.3099,1.0,1.0,1.0,1.0,0.9921,0.9045,1.0
2421,i-80__2476,1093,109.3,0.675468,0.327932,59.3,0.202,16,0.4158,1.0,1.0,1.0,1.0,1.0,1.0,1.0
2422,us-101__2458,784,78.4,0.567246,0.278916,71.9,3.72,0,0.5279,1.0,1.0,1.0,0.9423,0.5707,0.8884,1.0
2423,us-101__2931,838,83.8,0.450214,0.246281,2.9,2.944,0,0.565,0.9523,1.0,0.3504,0.7728,0.6741,0.8168,1.0
2424,lankershim__1127,801,80.1,0.715253,0.392744,22.6,1.936,9,0.9348,1.0,1.0,1.0,1.0,0.8085,1.0,1.0
2425,peachtree__177,1815,181.5,0.769922,0.249462,25.6,0.464,19,1.0,1.0,1.0,1.0,1.0,1.0,0.9268,1.0
2426,us-101__2359,511,51.1,0.573189,0.270881,5.4,0.359,9,0.4452,0.7945,1.0,0.1103,1.0,1.0,0.8486,1.0
2427,i-80__704,473,47.3,0.49059,0.303096,12.0,3.068,0,0.5407,1.0,1.0,0.0304,0.6025,0.6577,0.8958,1.0
2428,us-101__1809,915,91.5,0.397304,0.25343,27.3,2.705,0,0.4946,0.6168,0.7756,0.5381,0.7465,0.7059,0.8812,1.0
2429,i-80__1887,2734,273.4,0.733676,0.283366,77.5,1.393,5,1.0,1.0,1.0,1.0,0.6386,0.881,0.937,1.0
2430,i-80__3000,952,95.2,0.648626,0.327126,59.8,3.7,0,0.4004,1.0,1.0,1.0,0.6615,0.5734,0.876,1.0
2431,i-80__2338,401,40.1,0.428296,0.270745,38.5,12.766,0,0.5505,0.768,1.0,0.0768,0.7118,0.0,0.6522,1.0
2432,i-80__661,1011,101.1,0.446879,0.258558,36.3,5.434,0,0.3062,0.6982,0.8421,1.0,0.5789,0.3422,0.8473,1.0
2433,i-80__214,1032,103.2,0.527616,0.294438,77.4,3.437,0,0.4274,1.0,1.0,1.0,0.9207,0.6084,0.9175,1.0
2434,peachtree__131,951,95.1,0.577798,0.27544,1.5,2.819,0,1.0,1.0,1.0,1.0,1.0,0.6907,0.7252,1.0
2435,us-101__2972,714,71.4,0.542009,0.265168,7.8,4.471,0,0.704,0.9358,1.0,1.0,0.5625,0.4705,0.9367,1.0
2436,us-101__2725,842,84.2,0.501482,0.271102,36.5,3.763,0,0.5476,0.9252,1.0,1.0,0.4496,0.5649,0.8821,1.0
2437,i-80__3166,678,67.8,0.589532,0.315975,7.7,2.731,0,0.387,1.0,1.0,1.0,0.9379,0.7025,0.8806,1.0
2438,peachtree__1191,838,83.8,0.724113,0.344238,55.4,0.529,19,0.6678,1.0,1.0,1.0,1.0,0.9961,0.9498,0.92
2439,i-80__125,356,35.6,0.434196,0.302976,5.8,4.753,0,0.685,0.8023,0.8845,0.0939,0.6415,0.433,0.859,1.0
2440,lankershim__410,1116,111.6,0.687209,0.335322,99.1,0.826,8,0.6732,1.0,1.0,1.0,1.0,0.9565,0.8837,1.0
2441,us-101__2013,950,95.0,0.52594,0.2463,26.4,3.468,0,0.4288,0.8007,1.0,1.0,0.9738,0.6043,0.8955,1.0
2442,us-101__2061,564,56.4,0.530701,0.220347,33.6,0.999,6,0.5461,0.8179,1.0,0.0517,0.7566,0.9334,0.7669,1.0
2443,peachtree__356,129,12.9,0.40925,0.236461,0.2,inf,0,0.2049,1.0,1.0,1.0,1.0,0.0,0.0,0.68
2444,i-80__3064,942,94.2,0.504416,0.283408,0.9,4.855,0,0.5014,1.0,1.0,1.0,0.5752,0.4193,0.9093,1.0
2445,i-80__626,721,72.1,0.517636,0.260485,60.8,1.395,2,0.5829,1.0,1.0,0.2386,1.0,0.8807,0.896,1.0
2446,i-80__2126,682,68.2,0.614299,0.406392,25.8,1.426,3,0.466,1.0,1.0,1.0,1.0,0.8766,0.9094,1.0
2447,us-101__2635,720,72.0,0.480886,0.271286,6.8,7.848,0,0.5107,1.0,1.0,0.121,0.695,0.0202,0.8612,1.0
2448,lankershim__972,1240,124.0,0.571475,0.323277,19.1,1.558,1,0.7755,1.0,1.0,1.0,1.0,0.8589,0.9323,1.0
2449,i-80__3302,702,70.2,0.557232,0.309479,31.1,3.428,0,0.4786,1.0,1.0,1.0,0.7794,0.6097,0.9262,1.0
2450,i-80__693,692,69.2,0.588123,0.288041,10.1,2.614,0,0.5131,1.0,1.0,1.0,1.0,0.7182,0.895,1.0
2451,i-80__3076,972,97.2,0.706256,0.312944,13.4,3.014,0,0.4216,1.0,1.0,1.0,1.0,0.6648,0.8718,1.0
2452,peachtree__105,1661,166.1,0.563611,0.263668,111.1,0.228,14,0.5375,1.0,1.0,1.0,1.0,1.0,0.8768,1.0
2453,i-80__808,716,71.6,0.520545,0.278563,43.7,0.964,4,0.5418,1.0,1.0,1.0,0.7146,0.9381,1.0,1.0
2454,us-101__2076,917,91.7,0.405458,0.264388,79.8,4.836,0,0.5841,0.9486,1.0,1.0,1.0,0.4219,0.9137,1.0
2455,i-80__2046,298,29.8,0.383838,0.260814,4.0,15.271,0,0.8748,1.0,1.0,0.1766,0.6021,0.0,0.2532,1.0
2456,us-101__2903,804,80.4,0.522873,0.289898,23.3,4.107,0,0.6993,0.7991,0.9202,1.0,1.0,0.519,0.9344,1.0
2457,i-80__1869,2886,288.6,0.765022,0.295954,96.5,1.288,3,1.0,1.0,1.0,1.0,1.0,0.8949,0.9316,1.0
2458,us-101__2170,713,71.3,0.474526,0.265096,20.8,4.513,0,0.5116,0.8616,0.9426,1.0,0.9439,0.4649,0.8898,1.0
2459,us-101__862,549,54.9,0.430226,0.285516,7.8,6.489,0,0.5741,1.0,1.0,0.072,0.9409,0.2015,0.7846,1.0
2460,i-80__3264,605,60.5,0.525145,0.297591,55.7,3.105,0,0.4517,1.0,1.0,1.0,0.5797,0.6526,0.8292,1.0
2461,lankershim__2,965,96.5,0.742307,0.252112,79.2,0.591,12,0.8412,1.0,1.0,1.0,1.0,0.9879,1.0,1.0
2462,i-80__2742,1258,125.8,0.443653,0.246373,124.2,2.219,0,0.424,0.9224,1.0,1.0,1.0,0.7708,0.9405,1.0
2463,us-101__2266,426,42.6,0.695585,0.395272,31.1,0.592,39,0.514,1.0,1.0,0.5255,1.0,0.9878,1.0,1.0
2464,i-80__3089,494,49.4,0.780528,0.362319,11.4,0.262,11,0.6129,1.0,1.0,0.8475,1.0,1.0,0.9377,1.0
2465,lankershim__761,1887,188.7,0.739433,0.414379,87.5,0.799,10,1.0,1.0,1.0,1.0,1.0,0.9601,0.9126,1.0
2466,i-80__2180,420,42.0,0.501466,0.286335,6.0,5.184,0,0.6098,1.0,1.0,0.2887,0.441,0.3755,0.7576,1.0
2467,peachtree__451,1559,155.9,0.810941,0.357907,3.2,0.257,24,1.0,1.0,1.0,1.0,1.0,1.0,0.9253,0.76
2468,i-80__3242,599,59.9,0.44242,0.261057,48.1,7.142,0,0.4568,1.0,1.0,0.2189,0.5636,0.1144,0.6802,1.0
2469,peachtree__1552,398,39.8,0.378706,0.217841,3.2,9.945,0,0.5327,1.0,1.0,1.0,1.0,0.0,0.0,0.96
2470,lankershim__1471,1769,176.9,0.649068,0.380144,165.2,0.459,9,0.9049,1.0,1.0,1.0,1.0,1.0,0.9288,1.0
2471,lankershim__680,2049,204.9,0.749452,0.359002,23.6,0.721,7,1.0,1.0,1.0,1.0,1.0,0.9705,0.9284,1.0
2472,lankershim__1264,878,87.8,0.684248,0.37804,25.2,3.483,0,0.6231,1.0,1.0,1.0,1.0,0.6023,0.9067,1.0
2473,us-101__2455,701,70.1,0.526199,0.286254,48.1,4.152,0,0.4973,0.8227,0.9566,0.1449,1.0,0.5131,0.882,1.0
2474,us-101__2472,738,73.8,0.520432,0.274409,56.3,3.628,0,0.5602,0.9441,1.0,1.0,1.0,0.5829,0.9325,1.0
2475,us-101__1946,820,82.0,0.477931,0.254932,78.4,2.209,0,0.5695,0.9649,1.0,0.1264,0.7415,0.7721,0.8697,1.0
2476,lankershim__962,952,95.2,0.711864,0.291385,2.2,1.322,3,0.7977,1.0,1.0,1.0,1.0,0.8904,0.8082,1.0
2477,us-101__2087,937,93.7,0.61354,0.290135,70.9,2.403,0,0.6708,1.0,1.0,1.0,1.0,0.7462,0.9289,1.0
2478,peachtree__882,1489,148.9,0.616445,0.254501,69.1,1.272,8,0.4763,1.0,1.0,1.0,1.0,0.8971,1.0,1.0
2479,lankershim__9,932,93.2,0.59756,0.388162,1.5,0.925,4,0.9089,1.0,1.0,1.0,1.0,0.9433,0.9214,1.0
2480,i-80__1185,902,90.2,0.345949,0.214818,7.6,11.08,0,0.346,0.8689,1.0,0.2637,0.6879,0.0,0.5931,1.0
2481,us-101__2457,737,73.7,0.467264,0.282099,24.6,4.77,0,0.4914,0.6934,0.7914,0.1042,0.523,0.4307,0.9229,1.0
2482,i-80__1958,2095,209.5,0.844302,0.309588,40.2,0.918,5,1.0,1.0,1.0,1.0,0.8597,0.9443,0.9294,1.0
2483,lankershim__849,903,90.3,0.647805,0.285931,32.8,0.244,14,0.8092,1.0,1.0,1.0,1.0,1.0,0.8153,1.0
2484,peachtree__708,877,87.7,0.661204,0.340486,24.0,0.64,15,0.5775,1.0,1.0,1.0,1.0,0.9814,0.8761,0.64
2485,i-80__2086,367,36.7,0.47435,0.31213,26.1,6.856,0,0.637,1.0,1.0,0.0295,0.6789,0.1525,0.8576,1.0
2486,lankershim__101,53,5.3,0.376015,0.265206,4.8,inf,0,0.5053,1.0,1.0,0.0507,1.0,0.0,0.0,0.68
2487,us-101__2841,948,94.8,0.545889,0.29017,24.5,4.932,0,0.5975,1.0,1.0,1.0,0.9079,0.4091,0.9136,1.0
2488,peachtree__704,1116,111.6,0.64658,0.328947,48.8,0.326,9,1.0,1.0,1.0,1.0,1.0,1.0,0.8782,1.0
2489,i-80__2703,1902,190.2,0.567221,0.269907,8.9,3.678,0,0.2644,1.0,1.0,1.0,0.4447,0.5763,0.9369,1.0
2490,i-80__110,886,88.6,0.550643,0.272908,83.5,3.729,0,0.3318,1.0,1.0,0.4499,0.8568,0.5694,0.9169,1.0
2491,i-80__127,829,82.9,0.698315,0.283467,78.0,3.169,0,0.5497,1.0,1.0,0.413,1.0,0.6442,0.9135,1.0
2492,i-80__2500,1461,146.1,0.553926,0.281076,127.3,2.475,0,0.4345,0.8982,1.0,1.0,0.5885,0.7367,0.9695,1.0
2493,us-101__229,502,50.2,0.405847,0.272491,22.9,8.39,0,0.7062,0.8757,1.0,0.0667,0.8792,0.0,0.8642,1.0
2494,peachtree__480,1592,159.2,0.724921,0.348488,2.8,0.478,26,1.0,1.0,1.0,1.0,1.0,1.0,0.9275,1.0
2495,lankershim__113,530,53.0,0.722343,0.422146,47.6,1.079,4,0.7268,1.0,1.0,1.0,1.0,0.9229,0.898,1.0
2496,i-80__265,880,88.0,0.429326,0.243562,16.0,3.727,0,0.3164,0.9408,1.0,0.6121,0.6534,0.5697,0.8486,1.0
2497,peachtree__363,1305,130.5,0.788594,0.341755,96.9,0.488,30,0.5391,1.0,1.0,1.0,1.0,1.0,0.9529,1.0
2498,i-80__2502,417,41.7,0.369159,0.237943,0.2,15.632,0,0.579,0.8208,1.0,0.0752,0.6321,0.0,0.6164,1.0
2499,us-101__2079,641,64.1,0.491151,0.289587,22.3,3.713,0,0.6001,0.7719,0.9015,1.0,0.7382,0.5716,0.8894,1.0
2500,lankershim__10,950,95.0,0.622919,0.391231,84.6,0.835,8,0.9138,1.0,1.0,1.0,1.0,0.9553,0.9227,1.0
2501,i-80__2193,1467,146.7,0.549386,0.260573,121.3,2.023,0,0.4314,1.0,1.0,1.0,0.7138,0.797,0.9115,1.0
2502,i-80__2088,2914,291.4,0.80864,0.289474,90.6,0.121,25,1.0,1.0,1.0,1.0,1.0,1.0,1.0,1.0
2503,i-80__3258,314,31.4,0.545147,0.332183,3.4,4.718,0,0.6913,1.0,1.0,0.1027,0.6577,0.4376,0.7329,1.0
2504,i-80__434,909,90.9,0.481556,0.294316,30.0,4.466,0,0.3938,0.9215,1.0,1.0,0.8625,0.4712,0.9327,1.0
2505,i-80__72,773,77.3,0.542652,0.29497,68.8,0.596,12,0.4467,1.0,1.0,1.0,0.6469,0.9872,1.0,1.0
2506,i-80__1047,668,66.8,0.694332,0.310131,18.9,0.446,9,0.4238,1.0,1.0,1.0,1.0,1.0,0.9175,1.0
2507,i-80__147,486,48.6,0.513392,0.287171,20.8,0.76,2,0.572,0.9209,1.0,0.0475,0.6315,0.9654,1.0,1.0
2508,lankershim__473,877,87.7,0.65542,0.337329,19.5,0.472,7,0.9682,1.0,1.0,1.0,1.0,1.0,0.856,1.0
2509,peachtree__1057,1479,147.9,0.710631,0.320751,44.2,0.682,15,0.4065,1.0,1.0,1.0,1.0,0.9758,0.8869,0.96
2510,lankershim__220,1368,136.8,0.832278,0.386574,8.0,0.889,8,1.0,1.0,1.0,1.0,1.0,0.9481,0.9057,1.0
2511,i-80__2773,1329,132.9,0.493864,0.252433,128.2,4.9,0,0.3282,1.0,1.0,1.0,0.3807,0.4133,0.9335,1.0
2512,i-80__3093,627,62.7,0.613376,0.334248,53.1,1.844,1,0.6334,1.0,1.0,1.0,1.0,0.8208,0.8912,1.0
2513,peachtree__972,687,68.7,0.713936,0.270225,43.8,0.369,16,0.4323,1.0,1.0,1.0,1.0,1.0,0.914,1.0
2514,peachtree__911,576,57.6,0.644484,0.324359,18.5,3.772,0,0.4396,1.0,1.0,1.0,1.0,0.5637,0.8482,0.76
2515,i-80__83,969,96.9,0.402742,0.273095,79.3,6.152,0,0.4374,1.0,1.0,0.3371,0.782,0.2464,0.8573,1.0
2516,i-80__2877,760,76.0,0.625849,0.301646,32.8,0.247,12,0.3216,1.0,1.0,1.0,1.0,1.0,1.0,1.0
2517,us-101__2641,935,93.5,0.469865,0.269247,10.0,3.867,0,0.4328,0.7586,0.8793,1.0,0.5458,0.551,0.9307,1.0
2518,peachtree__1195,796,79.6,0.726347,0.323009,54.2,2.445,0,1.0,1.0,1.0,1.0,1.0,0.7406,0.9294,0.92
2519,i-80__2317,900,90.0,0.752998,0.312663,27.5,2.132,0,0.8353,1.0,1.0,1.0,0.5156,0.7824,0.9667,1.0
2520,i-80__2711,1648,164.8,0.647068,0.27345,38.1,2.335,0,0.2436,1.0,1.0,1.0,1.0,0.7553,0.9326,1.0
2521,i-80__268,585,58.5,0.625664,0.262602,29.3,0.553,6,0.413,1.0,1.0,1.0,1.0,0.9929,0.9564,1.0
2522,i-80__3246,500,50.0,0.583088,0.337801,40.8,1.351,6,0.47,1.0,1.0,0.7471,1.0,0.8865,0.927,1.0
2523,i-80__2767,2087,208.7,0.726884,0.30419,93.1,0.797,5,1.0,1.0,1.0,1.0,1.0,0.9604,1.0,1.0
2524,i-80__908,1318,131.8,0.75347,0.289353,71.6,1.519,2,1.0,1.0,1.0,1.0,0.7388,0.8641,0.9188,1.0
2525,i-80__939,1457,145.7,0.758937,0.298811,78.0,1.08,5,1.0,1.0,1.0,1.0,0.9446,0.9227,0.907,1.0
2526,peachtree__715,762,76.2,0.628159,0.289212,26.8,1.69,3,1.0,1.0,1.0,1.0,1.0,0.8413,0.7455,0.8
2527,lankershim__1495,1122,112.2,0.776815,0.344355,62.9,0.525,8,0.6657,1.0,1.0,1.0,1.0,0.9967,0.9184,1.0
2528,lankershim__587,920,92.0,0.802733,0.410067,67.6,0.59,15,1.0,1.0,1.0,1.0,1.0,0.9879,0.9128,1.0
2529,lankershim__453,1159,115.9,0.755595,0.437533,12.9,1.082,13,0.6128,1.0,1.0,1.0,1.0,0.9223,0.9379,1.0
2530,us-101__3025,644,64.4,0.626979,0.265721,3.8,3.647,0,0.7185,1.0,1.0,1.0,0.9435,0.5804,0.8691,1.0
2531,us-101__2052,491,49.1,0.473807,0.301104,22.5,2.315,0,0.6475,1.0,1.0,0.0786,0.5339,0.758,0.9191,1.0
2532,us-101__2802,791,79.1,0.577269,0.307089,76.1,4.255,0,0.6902,1.0,1.0,1.0,0.6871,0.4993,0.9321,1.0
2533,i-80__2424,1489,148.9,0.705452,0.30723,2.9,1.362,10,0.3448,1.0,1.0,1.0,1.0,0.885,1.0,1.0
2534,us-101__1465,469,46.9,0.645642,0.26691,31.6,0.472,10,0.4364,0.7578,0.8343,0.0798,1.0,1.0,0.8521,1.0
2535,i-80__433,584,58.4,0.531594,0.274966,3.4,4.832,0,0.5325,1.0,1.0,0.9721,0.591,0.4225,0.881,1.0
2536,lankershim__1561,1140,114.0,0.534833,0.351279,15.0,3.038,0,0.7177,1.0,1.0,1.0,1.0,0.6616,0.8734,1.0
2537,us-101__1960,385,38.5,0.620307,0.323371,7.1,0.253,9,0.5809,1.0,1.0,0.2241,1.0,1.0,0.8387,1.0
2538,i-80__351,494,49.4,0.482329,0.281027,32.6,3.553,0,0.7583,1.0,1.0,0.0976,1.0,0.5929,0.9025,1.0
2539,i-80__2406,376,37.6,0.422671,0.267298,36.0,8.896,0,0.5832,0.8117,0.9642,0.0363,0.6573,0.0,0.7029,1.0
2540,i-80__3101,638,63.8,0.592116,0.305105,58.5,3.576,0,0.4401,1.0,1.0,0.6812,1.0,0.5899,0.9096,1.0
2541,us-101__1993,936,93.6,0.645362,0.283924,30.2,4.223,0,0.5065,1.0,1.0,1.0,0.7027,0.5036,0.8731,1.0
2542,peachtree__449,1564,156.4,0.761427,0.348565,20.0,0.906,8,0.5145,1.0,1.0,1.0,1.0,0.9459,0.9309,1.0
2543,lankershim__49,521,52.1,0.722627,0.320283,23.0,2.106,0,0.3723,1.0,1.0,1.0,1.0,0.7858,0.8953,1.0
2544,i-80__2941,1096,109.6,0.674365,0.319183,46.1,1.922,1,0.409,1.0,1.0,1.0,0.5843,0.8104,0.9246,1.0
2545,i-80__2714,431,43.1,0.511209,0.307575,29.4,5.259,0,0.5728,1.0,1.0,0.3862,0.9436,0.3655,0.8322,1.0
2546,i-80__1829,817,81.7,0.600399,0.306896,55.6,3.782,0,0.5358,1.0,1.0,1.0,0.728,0.5624,0.888,1.0
2547,i-80__3308,847,84.7,0.759658,0.308024,9.8,0.49,11,0.4588,1.0,1.0,1.0,1.0,1.0,0.8937,1.0
2548,us-101__1034,909,90.9,0.521582,0.275549,60.1,3.628,0,0.521,1.0,1.0,1.0,0.6452,0.583,0.9267,1.0
2549,i-80__2221,1584,158.4,0.617265,0.290397,126.2,1.283,3,0.3379,1.0,1.0,1.0,1.0,0.8955,0.9444,1.0
2550,i-80__2413,3340,334.0,0.814683,0.286906,139.7,0.089,58,1.0,1.0,1.0,1.0,1.0,1.0,1.0,1.0
2551,i-80__43,845,84.5,0.625097,0.269501,6.5,1.829,9,0.3621,1.0,1.0,1.0,0.6865,0.8228,0.9664,1.0
2552,i-80__794,719,71.9,0.40494,0.232861,18.4,3.573,0,0.3641,0.8765,1.0,0.3118,0.5892,0.5903,0.7625,1.0
2553,i-80__2912,797,79.7,0.65952,0.330022,11.7,1.89,3,0.4416,1.0,1.0,1.0,0.6071,0.8146,0.9435,1.0
2554,lankershim__958,1735,173.5,0.657342,0.370769,162.1,0.672,12,1.0,1.0,1.0,1.0,1.0,0.9771,0.9331,1.0
2555,i-80__605,692,69.2,0.498879,0.259652,59.1,4.144,0,0.5292,1.0,1.0,0.4631,1.0,0.5142,0.8626,1.0
2556,i-80__3016,333,33.3,0.407204,0.298001,23.5,5.871,0,0.7743,1.0,1.0,0.0907,0.4757,0.2838,0.6138,1.0
2557,us-101__2971,911,91.1,0.690804,0.304081,18.4,2.224,0,0.6701,1.0,1.0,1.0,1.0,0.7701,0.9366,1.0
2558,lankershim__1562,836,83.6,0.705953,0.390524,0.8,1.153,5,0.8972,1.0,1.0,1.0,1.0,0.9129,0.887,1.0
2559,i-80__1760,243,24.3,0.648894,0.322488,9.9,1.619,2,0.8768,1.0,1.0,0.335,0.7892,0.8507,0.5273,1.0
2560,peachtree__651,648,64.8,0.826917,0.353809,39.1,1.062,24,1.0,1.0,1.0,1.0,1.0,0.9251,1.0,1.0
2561,peachtree__619,1132,113.2,0.619575,0.225473,80.3,0.161,23,1.0,1.0,1.0,1.0,1.0,1.0,0.3548,1.0
2562,i-80__3366,291,29.1,0.430735,0.311601,13.9,8.087,0,0.7721,1.0,1.0,0.0677,0.6659,0.0,0.5854,1.0
2563,i-80__2049,1049,104.9,0.667558,0.317497,36.2,1.554,10,0.4845,1.0,1.0,1.0,1.0,0.8594,0.9513,1.0
2564,lankershim__70,495,49.5,0.668256,0.405423,12.4,3.315,0,0.8063,1.0,1.0,1.0,1.0,0.6246,0.8272,1.0
2565,i-80__1027,727,72.7,0.404233,0.27046,14.2,7.812,0,0.3862,0.7909,1.0,0.4986,0.6288,0.0251,0.8774,1.0
2566,us-101__2454,703,70.3,0.39331,0.279782,26.4,8.799,0,0.4372,0.7995,0.861,0.1557,0.7079,0.0,0.8498,1.0
2567,us-101__2858,958,95.8,0.453431,0.294218,20.9,5.161,0,0.638,1.0,1.0,1.0,0.7567,0.3785,0.895,1.0
2568,us-101__2133,557,55.7,0.497616,0.341775,23.3,4.604,0,0.6124,0.8353,1.0,0.1019,1.0,0.4528,0.8976,1.0
2569,us-101__2962,785,78.5,0.377102,0.245255,74.9,6.573,0,0.601,0.9539,1.0,0.2721,0.8293,0.1903,0.7598,1.0
2570,us-101__2779,796,79.6,0.48103,0.274932,36.2,4.476,0,0.5358,1.0,1.0,1.0,1.0,0.4699,0.9162,1.0
2571,lankershim__376,1085,108.5,0.862205,0.384905,30.7,0.495,12,1.0,1.0,1.0,1.0,1.0,1.0,0.9147,1.0
2572,lankershim__1191,367,36.7,0.68019,0.41523,0.8,1.298,3,0.547,1.0,1.0,0.4482,1.0,0.8936,0.8801,1.0
2573,lankershim__581,862,86.2,0.73438,0.310837,17.6,0.497,7,0.6995,1.0,1.0,1.0,1.0,1.0,0.9212,1.0
2574,us-101__2012,989,98.9,0.579739,0.263852,85.0,0.258,5,0.5035,0.8096,1.0,1.0,0.6938,1.0,1.0,1.0
2575,i-80__949,687,68.7,0.645735,0.343058,13.1,0.34,14,0.5244,1.0,1.0,1.0,1.0,1.0,0.9616,1.0
2576,i-80__8,1171,117.1,0.535394,0.229863,30.1,0.76,6,0.275,0.7281,0.9746,1.0,0.5435,0.9653,0.9235,1.0
2577,peachtree__606,918,91.8,0.696295,0.288571,40.0,1.003,4,1.0,1.0,1.0,1.0,1.0,0.9329,0.9267,1.0
2578,i-80__1625,2433,243.3,0.779116,0.275394,98.6,0.917,6,1.0,1.0,1.0,1.0,1.0,0.9444,0.9005,1.0
2579,us-101__2880,829,82.9,0.564975,0.268411,78.1,1.162,3,0.6,1.0,1.0,1.0,1.0,0.9117,0.8772,1.0
2580,lankershim__434,1374,137.4,0.809557,0.292101,36.9,0.108,16,1.0,1.0,1.0,1.0,1.0,1.0,1.0,1.0
2581,lankershim__61,452,45.2,0.660841,0.382108,2.6,0.805,5,0.3261,1.0,1.0,1.0,1.0,0.9593,0.9068,1.0
2582,lankershim__86,957,95.7,0.684873,0.277614,91.0,0.464,7,0.8662,1.0,1.0,1.0,1.0,1.0,0.87,1.0
2583,lankershim__556,618,61.8,0.686866,0.361656,20.4,2.382,0,0.7631,1.0,1.0,1.0,1.0,0.7491,0.908,1.0
2584,lankershim__1481,1656,165.6,0.643437,0.299915,79.8,0.253,13,0.8454,1.0,1.0,1.0,1.0,1.0,0.9243,1.0
2585,us-101__2911,810,81.0,0.494236,0.272843,3.6,5.25,0,0.7073,0.9676,1.0,1.0,0.5468,0.3666,0.8988,1.0
2586,i-80__3304,601,60.1,0.517357,0.306657,4.1,6.549,0,0.4426,1.0,1.0,0.6714,1.0,0.1934,0.8362,1.0
2587,i-80__3355,1192,119.2,0.754833,0.281482,50.2,0.15,33,0.4449,1.0,1.0,1.0,1.0,1.0,1.0,1.0
2588,i-80__2514,1577,157.7,0.541776,0.25864,147.9,2.831,0,0.3508,0.8767,1.0,0.7546,1.0,0.6893,0.9109,1.0
2589,i-80__1308,358,35.8,0.371073,0.27115,1.9,9.413,0,0.6079,0.9776,1.0,0.0735,0.4664,0.0,0.6544,1.0
2590,peachtree__1165,1309,130.9,0.652643,0.315115,87.4,0.805,13,0.4989,1.0,1.0,1.0,1.0,0.9593,0.9322,0.88
2591,lankershim__262,1187,118.7,0.748999,0.38757,1.7,0.599,14,0.4953,1.0,1.0,1.0,1.0,0.9868,0.9033,1.0
2592,i-80__3354,282,28.2,0.422098,0.272155,17.2,15.298,0,0.7511,1.0,1.0,0.0621,0.9412,0.0,0.0333,1.0
2593,i-80__2718,1832,183.2,0.526651,0.26035,97.1,2.213,0,0.3025,1.0,1.0,1.0,0.8125,0.7716,0.9412,1.0
2594,lankershim__690,972,97.2,0.688771,0.254727,1.0,4.451,0,0.6709,1.0,1.0,1.0,1.0,0.4732,0.8742,1.0
2595,peachtree__809,337,33.7,0.667356,0.376821,3.7,2.956,0,0.2113,1.0,1.0,1.0,1.0,0.6726,0.9517,0.64
2596,us-101__2089,590,59.0,0.450992,0.279245,17.6,3.998,0,0.5906,1.0,1.0,0.0811,0.7259,0.5336,0.8323,1.0
2597,us-101__3034,567,56.7,0.540845,0.230906,25.0,2.394,0,0.6727,1.0,1.0,0.4406,1.0,0.7475,0.8372,1.0
2598,i-80__2567,1734,173.4,0.558184,0.221189,121.1,1.114,5,0.2227,0.8135,1.0,1.0,1.0,0.9182,0.9396,1.0
2599,i-80__3281,791,79.1,0.604095,0.277019,25.8,0.44,8,0.6045,1.0,1.0,1.0,0.7818,1.0,0.9653,1.0
2600,i-80__2978,769,76.9,0.598175,0.33644,1.0,0.113,11,0.3723,1.0,1.0,1.0,1.0,1.0,0.985,1.0
2601,i-80__32,807,80.7,0.603696,0.274264,12.3,1.942,3,0.3649,1.0,1.0,1.0,1.0,0.8077,0.9279,1.0
2602,lankershim__1089,2632,263.2,0.871354,0.387481,171.9,0.434,20,1.0,1.0,1.0,1.0,1.0,1.0,0.9337,1.0
2603,lankershim__940,1278,127.8,0.763696,0.376053,75.2,0.415,49,0.5132,1.0,1.0,1.0,1.0,1.0,0.9454,1.0
2604,i-80__403,1039,103.9,0.497199,0.279507,59.8,2.352,0,0.376,0.9584,1.0,1.0,0.5746,0.7531,0.9278,1.0
2605,peachtree__229,889,88.9,0.533313,0.272231,5.1,1.003,4,0.5096,1.0,1.0,1.0,1.0,0.9329,0.8668,1.0
2606,peachtree__593,1225,122.5,0.711913,0.291433,80.3,0.328,27,1.0,1.0,1.0,1.0,1.0,1.0,0.9273,0.92
2607,i-80__1934,1532,153.2,0.559396,0.267837,120.3,2.446,0,0.4038,1.0,1.0,1.0,1.0,0.7405,0.9791,1.0
2608,i-80__2943,823,82.3,0.621956,0.307389,70.6,2.762,0,0.684,1.0,1.0,1.0,1.0,0.6984,0.8725,1.0
2609,i-80__2752,428,42.8,0.454412,0.305783,17.9,5.191,0,0.6276,1.0,1.0,0.0433,0.5494,0.3745,0.8959,1.0
2610,i-80__900,978,97.8,0.659666,0.281072,48.3,0.243,10,0.3814,1.0,1.0,1.0,1.0,1.0,0.8949,1.0
2611,i-80__684,809,80.9,0.658987,0.325462,21.9,0.542,6,0.4072,1.0,1.0,1.0,1.0,0.9944,0.8912,1.0
2612,i-80__3088,728,72.8,0.595753,0.271212,18.1,2.225,0,0.3931,1.0,1.0,0.3687,1.0,0.7701,0.8107,1.0
2613,i-80__91,886,88.6,0.621162,0.288425,45.9,0.158,10,0.3563,0.9302,1.0,1.0,1.0,1.0,0.9599,1.0
2614,peachtree__1392,1580,158.0,0.836939,0.340381,93.0,0.475,16,1.0,1.0,1.0,1.0,1.0,1.0,0.8996,1.0
2615,lankershim__401,157,15.7,0.514341,0.293433,6.9,4.304,0,0.365,0.9582,1.0,0.6952,1.0,0.4927,0.4856,1.0
2616,lankershim__218,479,47.9,0.509614,0.298156,14.2,0.162,15,0.8144,1.0,1.0,1.0,1.0,1.0,0.0,1.0
2617,i-80__2539,1448,144.8,0.51111,0.272761,47.6,4.273,0,0.2724,1.0,1.0,1.0,0.7709,0.497,0.9332,1.0
2618,peachtree__747,1556,155.6,0.873488,0.339715,18.4,0.599,11,1.0,1.0,1.0,1.0,1.0,0.9868,0.8961,0.8
2619,us-101__2417,543,54.3,0.420319,0.284648,45.8,7.524,0,0.5999,0.8205,0.7953,0.0817,0.7358,0.0635,0.8145,1.0
2620,us-101__2485,271,27.1,0.403262,0.284612,11.2,6.403,0,0.7902,1.0,1.0,0.0544,1.0,0.2129,0.8826,1.0
2621,peachtree__1583,1463,146.3,0.75728,0.348871,2.8,0.311,37,0.5445,1.0,1.0,1.0,1.0,1.0,1.0,0.68
2622,i-80__2916,758,75.8,0.686167,0.360167,30.5,0.189,12,0.3849,1.0,1.0,1.0,1.0,1.0,0.9496,1.0
2623,us-101__2043,537,53.7,0.451676,0.272937,5.8,6.651,0,0.5493,1.0,1.0,0.0827,0.8019,0.1799,0.8184,1.0
2624,us-101__3000,595,59.5,0.46005,0.295767,9.0,5.741,0,0.7043,1.0,1.0,0.0723,0.4872,0.3012,0.8777,1.0
2625,lankershim__658,1272,127.2,0.694785,0.377902,13.2,0.887,4,1.0,1.0,1.0,1.0,1.0,0.9484,0.922,1.0
2626,lankershim__117,743,74.3,0.728909,0.420652,13.3,2.209,0,0.5968,1.0,1.0,1.0,1.0,0.7722,0.8943,1.0
2627,lankershim__1368,382,38.2,0.390027,0.210447,0.2,inf,0,0.2589,0.8302,1.0,1.0,1.0,0.0,0.0,0.32
2628,i-80__514,627,62.7,0.496361,0.286079,58.8,6.241,0,0.5061,1.0,1.0,1.0,1.0,0.2345,0.8909,1.0
2629,peachtree__570,844,84.4,0.845684,0.341982,3.2,0.872,11,1.0,1.0,1.0,1.0,1.0,0.9504,0.937,0.88
2630,us-101__2819,946,94.6,0.652348,0.288074,23.7,0.975,30,0.5605,1.0,1.0,1.0,0.7027,0.9367,1.0,1.0
2631,us-101__2696,741,74.1,0.448386,0.248132,5.6,13.687,0,0.4598,1.0,1.0,0.1594,0.7804,0.0,0.7008,1.0
2632,i-80__138,1173,117.3,0.523004,0.301396,71.1,0.909,4,0.3161,1.0,1.0,1.0,1.0,0.9455,0.9145,1.0
2633,i-80__1719,1856,185.6,0.797989,0.261757,50.8,0.479,6,1.0,1.0,1.0,1.0,0.6565,1.0,0.9656,1.0
2634,us-101__2589,920,92.0,0.547502,0.249364,10.6,0.624,4,0.4709,1.0,1.0,1.0,0.6931,0.9835,0.8848,1.0
2635,lankershim__1551,957,95.7,0.588515,0.272391,0.8,0.588,7,0.6667,1.0,1.0,1.0,1.0,0.9882,0.7637,1.0
2636,us-101__2566,665,66.5,0.577457,0.316976,53.8,1.934,2,0.5791,1.0,1.0,0.1176,0.8135,0.8089,0.9087,1.0
2637,us-101__2246,647,64.7,0.440382,0.283511,60.1,6.198,0,0.5991,0.7696,0.9522,0.0625,0.9087,0.2403,0.9112,1.0
2638,peachtree__855,111,11.1,0.377704,0.250154,0.1,inf,0,0.1151,0.6114,1.0,1.0,1.0,0.0,0.0,0.6
2639,lankershim__1566,828,82.8,0.640897,0.308128,60.1,1.478,2,0.9767,1.0,1.0,1.0,1.0,0.8695,0.9222,1.0
2640,us-101__2545,576,57.6,0.465971,0.268105,5.2,9.389,0,0.5163,1.0,1.0,0.0973,0.581,0.0,0.7683,1.0
2641,peachtree__565,1129,112.9,0.546189,0.253897,9.3,0.702,6,0.5784,1.0,1.0,1.0,1.0,0.9731,0.5126,1.0
2642,lankershim__1532,1060,106.0,0.707944,0.402636,26.4,2.013,0,0.794,1.0,1.0,1.0,1.0,0.7983,0.9251,1.0
2643,i-80__872,471,47.1,0.47566,0.260418,15.0,4.817,0,0.5356,1.0,1.0,0.2782,0.74,0.4244,0.8271,1.0
2644,i-80__2642,2100,210.0,0.493345,0.256869,115.9,2.861,0,0.223,1.0,1.0,1.0,0.8349,0.6852,0.9082,1.0
2645,us-101__2207,472,47.2,0.498929,0.210418,22.4,1.295,2,0.6675,1.0,1.0,0.1374,0.5926,0.8939,0.606,1.0
2646,lankershim__504,881,88.1,0.768713,0.427463,12.6,0.976,5,0.9502,1.0,1.0,1.0,1.0,0.9366,0.9282,1.0
2647,us-101__2048,520,52.0,0.481457,0.323549,5.5,8.849,0,0.6062,1.0,1.0,0.0886,1.0,0.0,0.839,1.0
2648,i-80__3179,577,57.7,0.58075,0.270511,5.1,5.255,0,0.4776,1.0,1.0,1.0,0.6358,0.366,0.7861,1.0
2649,i-80__1875,1357,135.7,0.559273,0.305318,4.4,2.913,0,0.4186,1.0,1.0,1.0,0.6595,0.6783,0.9305,1.0
2650,lankershim__1445,976,97.6,0.534044,0.310772,69.6,1.18,2,0.9965,1.0,1.0,1.0,1.0,0.9094,0.8704,1.0
2651,i-80__2942,675,67.5,0.664135,0.321747,39.6,3.428,0,0.4347,1.0,1.0,1.0,0.8972,0.6096,0.8665,1.0
2652,i-80__691,362,36.2,0.366598,0.235184,34.9,8.274,0,0.6382,0.8673,1.0,0.0603,0.8445,0.0,0.3664,1.0
2653,lankershim__456,1890,189.0,0.635006,0.324487,31.8,1.888,1,0.5728,1.0,1.0,1.0,1.0,0.815,0.9287,1.0
2654,lankershim__309,733,73.3,0.62862,0.304993,0.6,5.926,0,0.7314,1.0,1.0,1.0,1.0,0.2765,0.7292,1.0
2655,peachtree__1173,1228,122.8,0.560392,0.248729,69.9,0.417,25,0.6439,1.0,1.0,1.0,1.0,1.0,0.8308,1.0
2656,us-101__2827,803,80.3,0.551122,0.269756,33.2,2.879,0,0.6674,0.8217,1.0,1.0,0.575,0.6828,0.9122,1.0
2657,i-80__359,462,46.2,0.384417,0.273477,29.9,6.857,0,0.4776,0.6744,0.9628,0.0476,0.5149,0.1524,0.7666,1.0
2658,peachtree__82,126,12.6,0.516,0.261954,12.4,inf,0,1.0,1.0,1.0,1.0,1.0,0.0,0.0,0.64
2659,lankershim__1391,820,82.0,0.688724,0.365413,26.9,1.858,12,0.5963,1.0,1.0,1.0,1.0,0.8189,0.927,0.72
2660,lankershim__59,393,39.3,0.567721,0.344822,0.4,9.768,0,0.6196,1.0,1.0,1.0,1.0,0.0,0.7037,1.0
2661,peachtree__587,673,67.3,0.5064,0.249565,6.0,inf,0,1.0,1.0,1.0,1.0,1.0,0.0,0.505,1.0
2662,us-101__2780,828,82.8,0.620092,0.279811,30.9,3.698,0,0.6038,1.0,1.0,1.0,1.0,0.5736,0.9084,1.0
2663,lankershim__1475,1269,126.9,0.663282,0.366008,85.4,0.693,9,0.6863,1.0,1.0,1.0,1.0,0.9743,0.9322,1.0
2664,i-80__3223,748,74.8,0.41272,0.240969,18.5,14.446,0,0.3524,1.0,1.0,0.7945,0.6059,0.0,0.606,1.0
2665,i-80__2641,2086,208.6,0.587145,0.286784,53.0,2.674,0,0.213,0.8746,0.9854,1.0,0.7229,0.7101,0.9466,1.0
2666,i-80__2939,975,97.5,0.720432,0.311967,3.6,1.974,1,0.6696,1.0,1.0,1.0,0.5662,0.8035,0.9183,1.0
2667,us-101__2670,879,87.9,0.396806,0.256433,81.7,8.121,0,0.4718,0.958,0.9568,0.0984,0.7708,0.0,1.0,1.0
2668,i-80__1737,2430,243.0,0.865114,0.302292,71.6,0.445,10,1.0,1.0,1.0,1.0,1.0,1.0,0.9557,1.0
2669,i-80__312,240,24.0,0.371563,0.239162,0.2,7.953,0,1.0,1.0,1.0,0.1082,0.5052,0.0062,0.1267,1.0
2670,i-80__2771,964,96.4,0.718162,0.323703,36.7,0.695,25,0.3423,1.0,1.0,1.0,0.6845,0.974,1.0,1.0
2671,i-80__2809,1856,185.6,0.821383,0.292916,76.4,0.563,11,1.0,1.0,1.0,1.0,0.7313,0.9916,0.9774,1.0
2672,us-101__2956,933,93.3,0.565758,0.275912,63.7,4.049,0,0.6717,1.0,1.0,1.0,1.0,0.5268,1.0,1.0
2673,i-80__86,1430,143.0,0.81938,0.28665,84.3,0.987,5,1.0,1.0,1.0,1.0,1.0,0.935,0.9222,1.0
2674,peachtree__861,919,91.9,0.767525,0.319673,55.2,0.893,22,0.5265,1.0,1.0,1.0,1.0,0.9476,0.9719,0.92
2675,i-80__2568,1400,140.0,0.545584,0.251541,137.7,0.185,6,0.434,1.0,1.0,1.0,0.8131,1.0,1.0,1.0
2676,i-80__117,726,72.6,0.620197,0.29576,0.8,2.281,0,0.3968,1.0,1.0,1.0,0.5673,0.7625,0.8763,1.0
2677,us-101__910,917,91.7,0.422977,0.27969,53.5,7.272,0,0.5149,0.9686,1.0,0.1521,0.503,0.097,0.914,1.0
2678,us-101__2750,823,82.3,0.489032,0.244655,34.5,3.833,0,0.5369,0.9404,1.0,1.0,0.5478,0.5556,0.8342,1.0
2679,us-101__2800,733,73.3,0.592757,0.284782,49.7,5.981,0,0.4731,0.9283,1.0,0.3861,1.0,0.2692,0.8961,1.0
2680,lankershim__106,912,91.2,0.813643,0.355341,83.5,0.608,40,0.4604,1.0,1.0,1.0,1.0,0.9855,1.0,1.0
2681,i-80__3067,1033,103.3,0.530403,0.299063,40.3,1.738,1,0.5206,1.0,1.0,1.0,0.563,0.8349,0.9148,1.0
2682,i-80__27,757,75.7,0.534636,0.260101,8.0,2.968,0,0.353,1.0,1.0,1.0,1.0,0.6709,0.8981,1.0
2683,us-101__2861,830,83.0,0.580371,0.285433,30.2,3.577,0,0.6396,1.0,1.0,1.0,0.4685,0.5897,0.9213,1.0
2684,i-80__2829,1669,166.9,0.558535,0.26793,53.5,2.02,0,0.3001,1.0,1.0,1.0,1.0,0.7974,1.0,1.0
2685,lankershim__1377,675,67.5,0.685213,0.399628,36.1,1.653,17,0.8926,1.0,1.0,1.0,1.0,0.8463,0.9235,0.84
2686,peachtree__370,1390,139.0,0.768213,0.275946,34.5,0.779,14,0.5552,1.0,1.0,1.0,1.0,0.9628,0.9266,1.0
2687,us-101__938,1179,117.9,0.555605,0.283314,65.9,0.706,5,1.0,1.0,1.0,1.0,1.0,0.9725,0.8874,1.0
2688,i-80__232,717,71.7,0.412973,0.253343,0.2,16.513,0,0.3669,1.0,1.0,0.3124,0.439,0.0,0.8526,1.0
2689,i-80__3307,698,69.8,0.471326,0.295952,35.6,4.79,0,0.3576,1.0,1.0,0.396,0.5558,0.428,0.8567,1.0
2690,us-101__2120,957,95.7,0.398418,0.231654,13.6,4.391,0,0.4773,0.6131,0.8526,1.0,0.7451,0.4812,0.8951,1.0
2691,i-80__2584,1600,160.0,0.500051,0.243358,28.4,4.514,0,0.2891,1.0,1.0,1.0,0.713,0.4648,0.9138,1.0
2692,lankershim__1129,853,85.3,0.721897,0.399038,76.1,1.895,1,0.9466,1.0,1.0,1.0,1.0,0.8141,0.9203,1.0
2693,i-80__2910,689,68.9,0.602993,0.351341,46.1,1.639,2,0.7082,1.0,1.0,1.0,1.0,0.8481,0.9345,1.0
2694,us-101__2506,704,70.4,0.521476,0.268704,50.5,4.459,0,0.4591,1.0,1.0,0.3642,0.6817,0.4721,0.8422,1.0
2695,i-80__1819,2450,245.0,0.748223,0.30297,77.7,1.453,6,1.0,1.0,1.0,1.0,0.7813,0.8729,0.9417,1.0
2696,i-80__462,447,44.7,0.443093,0.288457,27.8,7.352,0,0.5603,1.0,1.0,0.0633,0.7148,0.0865,0.7838,1.0
2697,peachtree__545,680,68.0,0.669178,0.327387,39.8,0.523,17,0.488,1.0,1.0,1.0,1.0,0.9969,0.8098,1.0
2698,i-80__3128,603,60.3,0.577683,0.335845,47.8,4.137,0,0.5331,1.0,1.0,1.0,0.7679,0.5151,0.8583,1.0
2699,i-80__2181,1686,168.6,0.645156,0.277404,12.7,3.7,0,0.3255,1.0,1.0,1.0,0.6891,0.5734,0.9626,1.0
2700,i-80__1973,2987,298.7,0.840204,0.284983,75.6,0.277,17,1.0,1.0,1.0,1.0,1.0,1.0,1.0,1.0
2701,i-80__702,2288,228.8,0.874069,0.284278,147.8,0.406,18,1.0,1.0,1.0,1.0,0.9405,1.0,0.9174,1.0
2702,us-101__1437,863,86.3,0.464991,0.247107,35.3,4.226,0,0.4909,1.0,1.0,1.0,0.5477,0.5031,0.919,1.0
2703,i-80__2299,521,52.1,0.640839,0.344888,19.0,0.257,10,0.5237,1.0,1.0,0.8389,1.0,1.0,0.9244,1.0
2704,us-101__2631,968,96.8,0.505541,0.290191,32.4,4.139,0,0.4923,0.9129,1.0,1.0,1.0,0.5148,1.0,1.0
2705,us-101__1998,586,58.6,0.467147,0.299967,30.9,5.943,0,0.5757,1.0,1.0,0.0375,0.9333,0.2743,0.7868,1.0
2706,i-80__2030,323,32.3,0.411142,0.277525,22.0,14.206,0,0.6544,0.9849,1.0,0.0234,0.626,0.0,0.6941,1.0
2707,us-101__1798,788,78.8,0.535275,0.274115,63.7,3.659,0,0.55,1.0,1.0,0.5017,0.5086,0.5788,0.9442,1.0
2708,peachtree__1617,98,9.8,0.481314,0.251677,9.7,inf,0,0.6864,1.0,1.0,1.0,1.0,0.0,0.0,0.48
2709,i-80__431,849,84.9,0.511607,0.269575,27.4,2.251,0,0.3706,0.954,1.0,1.0,1.0,0.7666,0.9306,1.0
2710,peachtree__759,913,91.3,0.686235,0.272693,49.1,0.173,43,0.5078,1.0,1.0,1.0,1.0,1.0,0.617,0.92
2711,i-80__3019,979,97.9,0.665838,0.311692,82.4,2.058,0,0.387,1.0,1.0,1.0,1.0,0.7923,0.9303,1.0
2712,us-101__2854,768,76.8,0.4617,0.274556,9.8,8.88,0,0.6287,0.912,1.0,1.0,0.548,0.0,0.8479,1.0
2713,i-80__2073,349,34.9,0.421043,0.273637,24.2,20.025,0,0.6909,1.0,1.0,0.1053,0.815,0.0,0.5927,1.0
2714,i-80__3031,958,95.8,0.686742,0.307969,9.3,1.165,2,0.4215,1.0,1.0,1.0,0.6207,0.9113,0.9147,1.0
2715,i-80__223,812,81.2,0.491877,0.264672,42.7,5.622,0,0.3638,1.0,1.0,0.5478,0.4203,0.317,0.8687,1.0
2716,i-80__3309,851,85.1,0.62509,0.347381,32.5,2.357,0,0.5512,1.0,1.0,1.0,0.9316,0.7524,0.907,1.0
2717,i-80__2727,458,45.8,0.560976,0.284872,2.8,4.606,0,0.5592,1.0,1.0,0.0643,0.7933,0.4525,0.8094,1.0
2718,lankershim__1550,294,29.4,0.73053,0.291516,0.9,2.958,0,0.7261,1.0,1.0,1.0,1.0,0.6722,0.8769,0.6
2719,i-80__1949,390,39.0,0.493504,0.302147,3.2,15.613,0,0.6075,1.0,1.0,0.785,0.8034,0.0,0.6246,1.0
2720,us-101__1457,977,97.7,0.550205,0.26196,14.9,1.226,5,0.4371,1.0,1.0,1.0,1.0,0.9032,0.9323,1.0
2721,us-101__1967,594,59.4,0.415409,0.282052,10.6,7.141,0,0.5584,0.9627,1.0,0.1676,0.7175,0.1145,0.8475,1.0
2722,i-80__3173,351,35.1,0.749265,0.342516,33.6,0.2,7,1.0,1.0,1.0,1.0,0.6161,1.0,1.0,1.0
2723,i-80__97,789,78.9,0.483614,0.282255,2.2,9.168,0,0.3963,1.0,1.0,1.0,0.9389,0.0,0.9375,1.0
2724,i-80__2525,1019,101.9,0.741527,0.331583,84.6,0.261,20,0.3956,1.0,1.0,1.0,1.0,1.0,1.0,1.0
2725,i-80__2575,379,37.9,0.6213,0.284402,26.5,1.077,1,0.6092,0.9246,1.0,0.0354,0.3641,0.9231,1.0,1.0
2726,peachtree__1007,796,79.6,0.86,0.365519,74.0,0.859,24,1.0,1.0,1.0,1.0,1.0,0.9521,0.9695,0.84
2727,peachtree__978,1594,159.4,0.698471,0.337364,44.8,0.839,13,0.5346,1.0,1.0,1.0,1.0,0.9547,0.9203,1.0
2728,peachtree__1530,1056,105.6,0.678071,0.294976,40.8,2.347,0,0.5352,1.0,1.0,1.0,1.0,0.7537,0.9314,0.72
2729,i-80__677,1038,103.8,0.518582,0.267453,73.9,2.572,0,0.3309,1.0,1.0,1.0,0.7002,0.7237,0.9474,1.0
2730,i-80__959,762,76.2,0.607609,0.274219,12.0,2.311,0,0.3829,1.0,1.0,1.0,0.4277,0.7585,0.8785,1.0
2731,peachtree__1374,1426,142.6,0.718528,0.321327,99.7,1.077,8,0.6089,1.0,1.0,1.0,1.0,0.923,0.9173,0.76
2732,i-80__2216,1790,179.0,0.594674,0.264142,18.9,0.609,18,0.34,1.0,1.0,1.0,1.0,0.9855,1.0,1.0
2733,i-80__852,1147,114.7,0.800928,0.315685,55.8,0.393,17,1.0,1.0,1.0,1.0,1.0,1.0,0.8962,1.0
2734,us-101__2833,817,81.7,0.520793,0.271763,31.1,3.777,0,0.711,0.8889,1.0,1.0,1.0,0.5631,0.9108,1.0
2735,us-101__1474,652,65.2,0.484845,0.256372,26.5,2.156,0,0.5164,1.0,1.0,0.0603,0.5536,0.7792,0.8375,1.0
2736,lankershim__17,466,46.6,0.459391,0.258695,33.9,inf,0,0.318,1.0,1.0,1.0,1.0,0.0,0.0,0.92
2737,lankershim__1443,209,20.9,0.467915,0.277642,14.1,inf,0,0.3783,1.0,1.0,1.0,1.0,0.0,0.0,1.0
2738,us-101__2839,816,81.6,0.508407,0.269807,20.1,4.433,0,0.6507,1.0,1.0,1.0,1.0,0.4756,0.8289,1.0
2739,i-80__216,694,69.4,0.520605,0.241489,46.0,1.847,1,0.4109,1.0,1.0,1.0,0.8556,0.8203,0.6045,1.0
2740,i-80__2945,365,36.5,0.697723,0.384698,5.5,1.544,1,0.8714,1.0,1.0,1.0,0.7071,0.8608,0.91,1.0
2741,i-80__2690,1842,184.2,0.564944,0.257126,180.4,1.08,3,0.2374,1.0,1.0,1.0,0.6761,0.9227,0.9532,1.0
2742,us-101__3009,732,73.2,0.677066,0.289205,13.8,2.867,0,0.6496,0.9992,1.0,1.0,0.6358,0.6844,0.9309,1.0
2743,us-101__1982,552,55.2,0.529482,0.274507,23.8,7.243,0,0.5489,1.0,1.0,1.0,0.8563,0.1009,0.6793,1.0
2744,i-80__420,1589,158.9,0.831371,0.253816,77.5,0.223,12,1.0,1.0,1.0,1.0,0.8363,1.0,0.945,1.0
2745,i-80__2179,352,35.2,0.462106,0.328884,22.0,11.837,0,0.6016,1.0,1.0,0.093,0.8973,0.0,0.5383,1.0
2746,lankershim__794,2351,235.1,0.737332,0.353516,75.2,1.071,6,1.0,1.0,1.0,1.0,1.0,0.9238,0.9584,1.0
2747,lankershim__20,926,92.6,0.722545,0.270176,79.1,0.175,22,0.8324,1.0,1.0,1.0,1.0,1.0,0.7338,1.0
2748,us-101__3019,704,70.4,0.505988,0.274277,15.8,5.269,0,0.5927,0.8875,1.0,0.1684,0.7334,0.3642,0.893,1.0
2749,peachtree__707,1127,112.7,0.74931,0.345845,52.3,0.795,13,1.0,1.0,1.0,1.0,1.0,0.9607,0.9393,0.96
2750,us-101__2534,638,63.8,0.493871,0.263485,40.6,4.559,0,0.4939,0.6799,0.8555,0.0591,0.9994,0.4588,1.0,1.0
2751,i-80__701,662,66.2,0.520741,0.268893,31.3,3.507,0,0.4863,1.0,1.0,0.1564,0.7463,0.5991,0.8887,1.0
2752,i-80__639,994,99.4,0.503501,0.281181,53.2,3.141,0,0.3984,0.9125,1.0,1.0,0.6697,0.6478,0.9352,1.0
2753,us-101__1316,1044,104.4,0.457941,0.268367,48.2,4.532,0,0.4705,0.8189,0.9976,0.5536,0.7075,0.4624,0.8795,1.0
2754,peachtree__256,2143,214.3,0.751347,0.244821,91.6,0.564,7,1.0,1.0,1.0,1.0,1.0,0.9915,0.8535,1.0
2755,us-101__2948,801,80.1,0.501524,0.276541,52.7,4.884,0,0.6719,1.0,1.0,1.0,0.7206,0.4155,0.9008,1.0
2756,i-80__444,634,63.4,0.521906,0.275,22.0,1.235,3,0.4267,1.0,1.0,0.0751,0.5714,0.902,0.8971,1.0
2757,us-101__2477,733,73.3,0.626457,0.283006,37.1,2.718,0,0.5475,1.0,1.0,0.1475,1.0,0.7043,0.8893,1.0
2758,lankershim__783,2149,214.9,0.728055,0.369854,172.7,0.625,11,1.0,1.0,1.0,1.0,1.0,0.9833,0.9313,1.0
2759,us-101__2313,662,66.2,0.494148,0.286577,4.1,3.0,0,0.5178,0.71,0.9212,0.1115,0.8123,0.6666,0.8566,1.0
2760,us-101__1305,1701,170.1,0.891794,0.276638,51.6,0.356,15,1.0,1.0,1.0,1.0,1.0,1.0,0.9243,1.0
2761,i-80__244,642,64.2,0.51455,0.268616,26.1,1.731,2,0.4037,1.0,1.0,1.0,0.6803,0.8358,0.8975,1.0
2762,us-101__2736,630,63.0,0.583065,0.255745,15.7,1.608,2,0.4924,1.0,1.0,1.0,1.0,0.8523,0.809,1.0
2763,lankershim__257,507,50.7,0.775454,0.367413,46.6,0.142,11,0.8371,1.0,1.0,1.0,1.0,1.0,1.0,1.0
2764,lankershim__522,259,25.9,0.818545,0.360378,1.0,0.539,10,0.4969,1.0,1.0,1.0,1.0,0.9948,0.9065,0.88
2765,peachtree__263,1617,161.7,0.763385,0.359791,81.3,0.514,8,1.0,1.0,1.0,1.0,1.0,0.9981,0.915,1.0
2766,i-80__2408,912,91.2,0.71229,0.288527,6.6,2.313,0,0.8955,1.0,1.0,1.0,0.4754,0.7582,0.9213,1.0
2767,us-101__2390,516,51.6,0.572877,0.316609,9.6,1.124,3,0.6761,1.0,1.0,0.1109,1.0,0.9168,0.8849,1.0
2768,peachtree__1155,1350,135.0,0.738078,0.323305,34.6,0.617,25,0.4558,1.0,1.0,1.0,1.0,0.9844,0.9441,1.0
2769,i-80__3187,344,34.4,0.60581,0.305368,10.2,0.487,3,0.6459,1.0,1.0,0.0805,0.7205,1.0,1.0,1.0
2770,us-101__1899,893,89.3,0.455232,0.2707,50.5,5.393,0,0.4954,1.0,1.0,0.4162,0.5632,0.3476,0.8898,1.0
2771,i-80__388,1323,132.3,0.903047,0.296094,56.4,0.429,18,1.0,1.0,1.0,1.0,1.0,1.0,0.9243,1.0
2772,i-80__2938,676,67.6,0.538201,0.310301,17.1,6.187,0,0.4546,1.0,1.0,1.0,0.6512,0.2417,0.8062,1.0
2773,peachtree__637,895,89.5,0.66975,0.266317,59.5,0.416,20,1.0,1.0,1.0,1.0,1.0,1.0,0.897,1.0
2774,i-80__2210,409,40.9,0.401773,0.262227,27.7,19.352,0,0.5703,0.9329,1.0,0.0452,0.7283,0.0,0.5444,1.0
2775,i-80__2858,1531,153.1,0.554526,0.283761,121.1,1.544,1,0.4042,1.0,1.0,1.0,1.0,0.8608,0.9357,1.0
2776,i-80__2574,396,39.6,0.367648,0.236527,30.6,12.503,0,0.5898,0.7225,0.8699,0.0293,0.4145,0.0,1.0,1.0
2777,peachtree__1708,1415,141.5,0.686676,0.304637,49.5,1.638,1,0.7575,1.0,1.0,1.0,1.0,0.8483,0.8976,1.0
2778,us-101__2369,511,51.1,0.602961,0.302655,8.4,2.069,0,0.591,0.7539,0.9831,0.0523,1.0,0.7907,0.879,1.0
2779,us-101__2623,933,93.3,0.62434,0.302658,10.1,2.054,0,0.4857,1.0,1.0,1.0,0.7968,0.7928,0.9809,1.0
2780,i-80__1872,676,67.6,0.480476,0.266577,1.1,2.55,0,0.3726,1.0,1.0,1.0,0.7558,0.7267,0.8027,1.0
2781,i-80__303,784,78.4,0.683346,0.262475,34.3,0.409,8,0.4198,1.0,1.0,1.0,1.0,1.0,0.8871,1.0
2782,peachtree__15,1727,172.7,0.691348,0.266448,62.7,0.891,17,1.0,1.0,1.0,1.0,1.0,0.9479,0.9565,0.8
2783,i-80__226,500,50.0,0.607312,0.278344,2.0,1.9,2,0.7374,1.0,1.0,0.0477,0.5413,0.8134,0.8271,1.0
2784,i-80__822,1310,131.0,0.519429,0.27856,95.3,2.992,0,1.0,1.0,1.0,1.0,1.0,0.6677,0.8664,1.0
2785,i-80__2848,2103,210.3,0.809876,0.297561,96.2,0.427,7,1.0,1.0,1.0,1.0,0.6854,1.0,0.9477,1.0
2786,us-101__2607,786,78.6,0.380874,0.18764,17.7,12.621,0,0.4193,0.7541,0.8941,0.2397,1.0,0.0,0.643,0.88
2787,lankershim__90,954,95.4,0.920202,0.399388,26.7,0.591,8,1.0,1.0,1.0,1.0,1.0,0.9879,0.9035,1.0
2788,lankershim__1331,239,23.9,0.480044,0.305436,12.1,inf,0,0.3865,1.0,1.0,1.0,1.0,0.0,0.6554,1.0
2789,i-80__3159,572,57.2,0.495009,0.283723,30.0,4.132,0,0.5922,1.0,1.0,0.4796,0.7213,0.5157,0.7958,1.0
2790,i-80__2929,797,79.7,0.684387,0.315491,63.6,3.464,0,0.6622,1.0,1.0,1.0,1.0,0.6048,0.9157,1.0
2791,i-80__554,1603,160.3,0.825318,0.302331,63.2,0.812,7,1.0,1.0,1.0,1.0,0.6839,0.9584,0.9195,1.0
2792,us-101__2840,822,82.2,0.435166,0.282602,30.0,5.237,0,0.6533,0.8665,0.9643,1.0,0.8703,0.3684,0.9037,1.0
2793,i-80__3252,597,59.7,0.638271,0.306804,8.7,4.743,0,0.4512,1.0,1.0,1.0,0.7241,0.4343,0.8532,1.0
2794,lankershim__667,1318,131.8,0.804793,0.391231,106.5,1.592,1,1.0,1.0,1.0,1.0,1.0,0.8544,0.9156,1.0
2795,i-80__3230,557,55.7,0.611592,0.293899,16.8,0.914,7,0.557,1.0,1.0,0.8858,1.0,0.9448,0.9422,1.0
2796,i-80__2319,1730,173.0,0.680242,0.280003,75.7,2.431,0,0.4477,1.0,1.0,1.0,1.0,0.7426,0.9371,1.0
2797,i-80__1603,2323,232.3,0.703002,0.302668,91.5,0.302,19,1.0,1.0,1.0,1.0,1.0,1.0,1.0,1.0
2798,lankershim__1559,535,53.5,0.68911,0.327528,33.6,0.236,19,0.7187,1.0,1.0,1.0,1.0,1.0,1.0,0.76
2799,i-80__1796,2738,273.8,0.783365,0.29261,117.1,1.055,13,1.0,1.0,1.0,1.0,1.0,0.926,0.9526,1.0
2800,peachtree__507,681,68.1,0.752784,0.36238,28.0,0.936,10,0.4625,1.0,1.0,1.0,1.0,0.9418,0.9569,1.0
2801,i-80__1906,2314,231.4,0.849608,0.298999,37.9,0.446,10,1.0,1.0,1.0,1.0,1.0,1.0,0.9903,1.0
2802,us-101__2330,695,69.5,0.466821,0.268559,0.3,6.845,0,0.5076,0.9177,1.0,0.1838,0.8725,0.154,0.8038,1.0
2803,peachtree__215,1011,101.1,0.669428,0.330307,86.7,0.192,29,0.5238,1.0,1.0,1.0,1.0,1.0,0.8761,1.0
2804,i-80__2828,2087,208.7,0.7935,0.293502,92.5,0.641,27,1.0,1.0,1.0,1.0,0.7422,0.9812,0.9874,1.0
2805,us-101__3033,633,63.3,0.488362,0.280313,27.5,3.562,0,0.7458,1.0,1.0,0.6321,0.7438,0.5917,0.8434,1.0
2806,i-80__3277,548,54.8,0.736705,0.335902,17.5,0.099,8,0.5206,1.0,1.0,1.0,1.0,1.0,1.0,1.0
2807,i-80__2509,1070,107.0,0.619302,0.327787,21.8,0.078,14,0.4567,0.8786,1.0,1.0,1.0,1.0,1.0,1.0
2808,us-101__2357,674,67.4,0.442015,0.264353,7.4,9.721,0,0.4371,0.9228,1.0,0.0711,0.892,0.0,0.7879,1.0
2809,i-80__3114,587,58.7,0.559342,0.305421,9.0,2.968,0,0.5782,1.0,1.0,1.0,0.7144,0.671,0.8871,1.0
2810,lankershim__268,506,50.6,0.624327,0.36659,28.0,4.012,0,0.5915,1.0,1.0,1.0,1.0,0.5317,0.8685,1.0
2811,us-101__2705,867,86.7,0.55396,0.302873,39.5,4.048,0,0.4923,1.0,1.0,1.0,1.0,0.5269,0.9399,1.0
2812,us-101__2030,937,93.7,0.496903,0.241727,68.4,0.324,4,0.5227,0.8385,1.0,1.0,0.509,1.0,1.0,1.0
2813,lankershim__646,818,81.8,0.558446,0.220983,69.8,0.464,9,0.3228,1.0,1.0,1.0,1.0,1.0,0.0,1.0
2814,peachtree__1055,1159,115.9,0.705348,0.292536,14.7,0.665,14,1.0,1.0,1.0,1.0,1.0,0.978,0.807,0.92
2815,i-80__863,834,83.4,0.684512,0.289808,17.7,0.789,5,0.4042,1.0,1.0,1.0,1.0,0.9614,1.0,1.0
2816,lankershim__1479,1039,103.9,0.642848,0.345967,10.6,1.075,11,1.0,1.0,1.0,1.0,1.0,0.9234,1.0,1.0
2817,i-80__135,1104,110.4,0.552804,0.288471,107.7,4.496,0,0.4372,1.0,1.0,1.0,1.0,0.4672,0.9161,1.0
2818,us-101__2843,840,84.0,0.536646,0.297895,50.6,4.908,0,0.6232,1.0,1.0,1.0,0.76,0.4122,0.8707,1.0
2819,us-101__2507,592,59.2,0.43423,0.265147,54.0,10.037,0,0.6059,1.0,1.0,0.0779,0.9856,0.0,0.8165,1.0
2820,peachtree__1350,1351,135.1,0.824117,0.354481,104.2,0.427,26,1.0,1.0,1.0,1.0,1.0,1.0,0.933,0.96
2821,i-80__839,1338,133.8,0.785443,0.286779,75.2,0.589,9,1.0,1.0,1.0,1.0,0.673,0.9881,0.8644,1.0
2822,i-80__2528,2148,214.8,0.631872,0.280495,26.7,2.321,0,0.2698,1.0,1.0,1.0,0.5957,0.7572,0.9432,1.0
2823,peachtree__1162,1115,111.5,0.677459,0.321108,23.7,0.663,11,0.5635,1.0,1.0,1.0,1.0,0.9783,0.9026,0.88
2824,lankershim__848,946,94.6,0.70965,0.31362,47.9,0.313,27,0.6728,1.0,1.0,1.0,1.0,1.0,0.9176,1.0
2825,i-80__2930,794,79.4,0.702036,0.321802,41.7,2.203,0,0.4497,1.0,1.0,1.0,0.468,0.7729,0.9365,1.0
2826,i-80__1021,632,63.2,0.646137,0.322109,16.7,0.25,12,0.3811,1.0,1.0,1.0,1.0,1.0,0.9246,1.0
2827,i-80__2388,1318,131.8,0.685285,0.291292,6.6,2.092,0,0.3638,1.0,1.0,1.0,0.5452,0.7877,1.0,1.0
2828,i-80__2332,3304,330.4,0.731559,0.258234,159.0,1.648,2,1.0,1.0,1.0,1.0,1.0,0.8469,0.9163,1.0
2829,lankershim__1435,1711,171.1,0.600255,0.335847,103.3,0.335,20,1.0,1.0,1.0,1.0,1.0,1.0,0.9379,1.0
2830,us-101__2898,954,95.4,0.514851,0.259965,68.0,2.984,0,0.6192,1.0,1.0,1.0,1.0,0.6688,0.8669,1.0
2831,i-80__2693,430,43.0,0.397862,0.269452,3.8,7.653,0,0.5466,0.8564,0.9757,0.0452,0.6803,0.0463,0.8229,1.0
2832,i-80__319,782,78.2,0.521368,0.269312,3.9,5.374,0,0.3919,1.0,1.0,0.2711,0.5238,0.3502,0.8977,1.0
2833,lankershim__366,668,66.8,0.551574,0.242498,47.1,0.704,11,1.0,1.0,1.0,1.0,1.0,0.9729,0.7031,1.0
2834,us-101__2512,348,34.8,0.402801,0.262831,0.2,24.621,0,0.6515,1.0,1.0,0.0869,1.0,0.0,0.7293,1.0
2835,i-80__2015,1559,155.9,0.617631,0.297909,62.2,2.835,0,0.5031,1.0,1.0,1.0,0.7454,0.6886,0.9153,1.0
2836,i-80__2720,1305,130.5,0.486789,0.264754,118.5,2.099,0,0.4588,1.0,1.0,1.0,0.8294,0.7868,0.9399,1.0
2837,lankershim__990,796,79.6,0.680822,0.394078,21.7,2.691,0,0.6809,1.0,1.0,1.0,1.0,0.7079,0.8932,1.0
2838,us-101__2913,840,84.0,0.479141,0.302767,78.9,3.063,0,0.6194,1.0,1.0,1.0,0.7231,0.6582,0.9144,1.0
2839,i-80__2652,1392,139.2,0.508434,0.232165,42.3,2.056,0,0.4053,1.0,1.0,1.0,0.7081,0.7926,0.8952,1.0
2840,us-101__893,805,80.5,0.484274,0.290203,25.1,6.173,0,0.491,1.0,1.0,0.1114,0.8518,0.2436,0.8695,1.0
2841,peachtree__870,723,72.3,0.582931,0.286172,19.1,2.281,0,0.3571,1.0,1.0,1.0,1.0,0.7625,0.8954,0.92
2842,us-101__2740,792,79.2,0.532411,0.281745,76.3,1.847,1,0.4906,1.0,1.0,0.8928,0.791,0.8204,0.9076,1.0
2843,peachtree__1020,1450,145.0,0.751236,0.298973,75.7,0.5,7,1.0,1.0,1.0,1.0,1.0,1.0,0.9118,1.0
2844,lankershim__5,926,92.6,0.473995,0.251271,91.8,inf,0,0.9934,1.0,1.0,1.0,1.0,0.0,0.0,1.0
2845,lankershim__1547,906,90.6,0.681904,0.378722,1.0,1.28,7,0.6286,1.0,1.0,1.0,1.0,0.896,0.8988,1.0
2846,lankershim__1442,525,52.5,0.575819,0.306867,2.7,0.616,7,0.7801,1.0,1.0,1.0,1.0,0.9845,0.0,1.0
2847,i-80__2838,1489,148.9,0.576561,0.271819,91.2,1.98,1,0.3293,1.0,1.0,1.0,1.0,0.8027,0.9897,1.0
2848,peachtree__1262,1149,114.9,0.703102,0.26493,16.0,0.854,15,1.0,1.0,1.0,1.0,1.0,0.9528,0.9048,1.0
2849,peachtree__1104,776,77.6,0.689268,0.345465,3.6,0.702,11,1.0,1.0,1.0,1.0,1.0,0.973,0.9287,1.0
2850,lankershim__403,865,86.5,0.749371,0.385343,1.2,2.993,0,0.7407,1.0,1.0,1.0,1.0,0.6676,0.9144,1.0
2851,peachtree__1123,1515,151.5,0.606876,0.291962,45.3,0.597,19,1.0,1.0,1.0,1.0,1.0,0.987,0.9222,1.0
2852,us-101__2248,474,47.4,0.408554,0.264188,5.8,15.788,0,0.6004,0.8955,1.0,0.0923,0.6758,0.0,0.6554,1.0
2853,i-80__61,810,81.0,0.521415,0.256157,70.3,4.438,0,0.4209,1.0,1.0,0.8943,0.7243,0.475,0.7962,1.0
2854,lankershim__711,950,95.0,0.624955,0.374024,26.3,2.67,0,0.5443,1.0,1.0,1.0,1.0,0.7107,0.9106,1.0
2855,lankershim__80,1244,124.4,0.717449,0.288323,88.1,0.598,13,1.0,1.0,1.0,1.0,1.0,0.9869,1.0,1.0
2856,us-101__2674,937,93.7,0.614158,0.293163,4.9,4.291,0,0.4914,0.9729,1.0,1.0,0.6907,0.4945,0.9218,1.0
2857,peachtree__1486,219,21.9,0.440549,0.162385,1.7,inf,0,0.2412,1.0,1.0,1.0,1.0,0.0,0.6125,0.48
2858,lankershim__870,1038,103.8,0.719096,0.376327,22.5,1.694,20,0.6581,1.0,1.0,1.0,1.0,0.8408,0.9165,1.0
2859,lankershim__862,638,63.8,0.694153,0.412006,29.8,1.991,2,0.7189,1.0,1.0,1.0,1.0,0.8012,0.9207,1.0
2860,i-80__3282,324,32.4,0.499509,0.304299,29.7,8.902,0,0.7663,1.0,1.0,1.0,0.3599,0.0,0.6505,1.0
2861,peachtree__104,798,79.8,0.524654,0.238647,28.2,1.351,3,0.5875,1.0,1.0,1.0,1.0,0.8865,0.0964,0.8
2862,i-80__2751,1181,118.1,0.580172,0.277238,77.8,2.811,0,0.2896,1.0,1.0,1.0,0.6921,0.6919,0.9363,1.0
2863,us-101__2382,726,72.6,0.381102,0.256008,50.0,8.688,0,0.4528,0.7833,0.9437,0.1358,0.6048,0.0,0.7834,1.0
2864,i-80__2953,976,97.6,0.540513,0.284994,17.0,3.918,0,0.478,1.0,1.0,1.0,0.5813,0.5443,0.8955,1.0
2865,i-80__1236,887,88.7,0.612191,0.2735,3.9,2.637,0,0.3648,1.0,1.0,1.0,0.5601,0.715,0.9153,1.0
2866,peachtree__1508,442,44.2,0.431723,0.164722,41.1,inf,0,0.2262,1.0,1.0,1.0,1.0,0.0,0.0,0.84
2867,i-80__2616,1231,123.1,0.700323,0.283695,23.1,0.015,69,0.4734,1.0,1.0,1.0,1.0,1.0,1.0,1.0
2868,i-80__3039,661,66.1,0.52063,0.314693,22.9,5.806,0,0.4322,1.0,1.0,1.0,0.7719,0.2925,0.8222,1.0
2869,us-101__2658,926,92.6,0.438909,0.260449,39.1,3.68,0,0.4377,0.85,1.0,1.0,0.9496,0.576,0.8612,1.0
2870,i-80__1894,1779,177.9,0.475479,0.281318,173.1,4.425,0,0.3085,1.0,1.0,1.0,1.0,0.4767,0.9376,1.0
2871,lankershim__1478,595,59.5,0.467861,0.287028,19.7,inf,0,1.0,1.0,1.0,1.0,1.0,0.0,0.5086,1.0
2872,lankershim__318,752,75.2,0.711832,0.404158,3.7,0.548,10,0.7001,1.0,1.0,1.0,1.0,0.9937,1.0,1.0
2873,i-80__3085,753,75.3,0.5683,0.279924,6.5,2.693,0,0.4266,1.0,1.0,0.4572,0.4892,0.7075,0.8278,1.0
2874,lankershim__1257,828,82.8,0.711296,0.353735,55.8,0.441,7,0.5686,1.0,1.0,1.0,1.0,1.0,0.9198,1.0
2875,peachtree__411,990,99.0,0.678532,0.3318,26.0,0.34,26,1.0,1.0,1.0,1.0,1.0,1.0,1.0,1.0
2876,us-101__2643,877,87.7,0.52553,0.266297,80.8,1.256,3,0.4943,0.8637,1.0,1.0,0.7151,0.8992,0.9276,1.0
2877,i-80__2786,1292,129.2,0.499774,0.277056,3.8,3.071,0,0.2906,1.0,1.0,1.0,0.6898,0.6571,0.8747,1.0
2878,i-80__2242,415,41.5,0.504368,0.300232,25.3,6.043,0,0.545,1.0,1.0,0.0356,0.6842,0.2609,0.7953,1.0
2879,lankershim__1012,726,72.6,0.732239,0.361801,15.0,0.438,10,0.6213,1.0,1.0,1.0,1.0,1.0,0.9552,1.0
2880,us-101__2925,804,80.4,0.399174,0.285369,47.9,6.005,0,0.7087,0.8958,1.0,1.0,0.5966,0.2659,0.8925,1.0
2881,us-101__2499,597,59.7,0.487031,0.305827,9.4,5.673,0,0.4913,0.8665,1.0,0.1376,0.759,0.3103,0.8878,1.0
2882,i-80__3200,344,34.4,0.732416,0.373179,2.8,3.247,0,0.851,1.0,1.0,1.0,0.7283,0.6337,0.8413,1.0
2883,i-80__3151,352,35.2,0.441612,0.295703,4.8,7.085,0,0.7209,1.0,1.0,0.1994,0.4637,0.122,0.6891,1.0
2884,i-80__2875,875,87.5,0.860773,0.333771,79.8,0.669,14,0.6921,1.0,1.0,1.0,1.0,0.9775,1.0,1.0
2885,us-101__195,355,35.5,0.572336,0.295327,11.2,0.597,6,0.819,0.9848,1.0,0.0968,1.0,0.987,0.7989,1.0
2886,peachtree__308,1237,123.7,0.643426,0.220425,61.8,2.553,0,1.0,1.0,1.0,1.0,1.0,0.7263,0.7281,1.0
2887,peachtree__686,1254,125.4,0.704572,0.32428,55.7,1.828,5,1.0,1.0,1.0,1.0,1.0,0.8229,0.9196,0.96
2888,i-80__1576,340,34.0,0.475237,0.317128,32.4,5.917,0,0.676,1.0,1.0,0.1096,1.0,0.2777,0.8486,1.0
2889,lankershim__414,864,86.4,0.772882,0.427495,22.9,2.787,0,0.7214,1.0,1.0,1.0,1.0,0.695,0.9176,1.0
2890,lankershim__534,464,46.4,0.751197,0.385639,12.8,1.84,5,0.5482,1.0,1.0,1.0,1.0,0.8213,0.9039,1.0
2891,peachtree__1507,1534,153.4,0.646278,0.258711,48.6,0.203,20,1.0,1.0,1.0,1.0,1.0,1.0,0.8801,0.8
2892,us-101__2745,639,63.9,0.583327,0.310943,36.0,0.622,9,0.5059,0.8545,1.0,1.0,1.0,0.9838,0.9034,1.0
2893,peachtree__4,226,22.6,0.411729,0.249007,0.1,inf,0,0.3182,1.0,1.0,1.0,1.0,0.0,0.0,0.36
2894,i-80__446,585,58.5,0.430975,0.27435,29.2,10.69,0,0.4688,1.0,1.0,0.1264,0.8196,0.0,0.7713,1.0
2895,lankershim__599,180,18.0,0.47411,0.311989,0.1,inf,0,0.3867,1.0,1.0,1.0,1.0,0.0,0.0,1.0
2896,i-80__1972,3068,306.8,0.819701,0.283783,33.7,0.763,15,1.0,1.0,1.0,1.0,1.0,0.9649,0.963,1.0
2897,i-80__176,1109,110.9,0.58407,0.30003,61.5,1.853,1,1.0,1.0,1.0,1.0,1.0,0.8196,0.8859,1.0
2898,i-80__2430,594,59.4,0.676913,0.219826,23.8,0.16,10,0.5531,1.0,1.0,0.797,1.0,1.0,0.8456,1.0
2899,lankershim__174,673,67.3,0.529337,0.263635,4.3,2.228,0,0.4905,1.0,1.0,1.0,1.0,0.7696,0.6853,1.0
2900,peachtree__1424,878,87.8,0.387719,0.23782,25.7,17.72,0,0.4242,1.0,1.0,1.0,1.0,0.0,0.015,0.92
2901,peachtree__65,1315,131.5,0.502918,0.243584,14.3,4.461,0,1.0,1.0,1.0,1.0,1.0,0.4719,0.362,0.8
2902,lankershim__89,1168,116.8,0.828467,0.39481,24.2,1.822,1,1.0,1.0,1.0,1.0,1.0,0.8238,0.942,1.0
2903,lankershim__1151,86,8.6,0.392059,0.24146,1.9,inf,0,0.3823,1.0,1.0,0.6948,1.0,0.0,0.0,1.0
2904,i-80__3113,607,60.7,0.655431,0.328677,11.5,1.288,4,0.5697,1.0,1.0,0.3631,1.0,0.8949,0.9165,1.0
2905,us-101__2633,935,93.5,0.457007,0.299634,87.2,4.489,0,0.4435,0.9734,1.0,1.0,0.8313,0.4682,0.9029,1.0
2906,peachtree__895,139,13.9,0.417681,0.222419,11.7,8.007,0,0.3836,1.0,1.0,0.8786,1.0,0.0,0.373,0.44
2907,us-101__2038,985,98.5,0.470845,0.253876,54.7,2.128,0,0.4776,1.0,1.0,1.0,0.5031,0.7829,0.9421,1.0
2908,us-101__519,628,62.8,0.441645,0.272054,12.1,6.059,0,0.5702,0.9803,1.0,0.292,0.586,0.2588,0.8776,1.0
2909,i-80__3050,382,38.2,0.446513,0.306802,26.5,13.067,0,0.6293,1.0,1.0,0.0951,0.56,0.0,0.7799,1.0
2910,us-101__2293,699,69.9,0.419199,0.290318,43.7,8.573,0,0.5028,0.7191,0.7963,0.2532,1.0,0.0,0.8864,1.0
2911,i-80__3219,665,66.5,0.574978,0.303874,11.0,4.436,0,0.3922,1.0,1.0,1.0,0.6329,0.4751,0.863,1.0
2912,i-80__2728,1016,101.6,0.652541,0.276151,24.0,0.31,11,0.2873,0.9644,1.0,0.3928,1.0,1.0,0.9025,1.0
2913,peachtree__1289,1596,159.6,0.793873,0.273099,50.4,0.521,19,1.0,1.0,1.0,1.0,1.0,0.9972,0.9325,1.0
2914,peachtree__1737,161,16.1,0.682613,0.285999,2.8,1.293,2,0.4018,1.0,1.0,1.0,1.0,0.8942,0.6753,0.52
2915,lankershim__79,197,19.7,0.335034,0.229396,13.6,inf,0,0.4403,0.8362,1.0,1.0,1.0,0.0,0.0,0.48
2916,i-80__2586,265,26.5,0.753967,0.462654,16.8,0.42,56,0.8625,1.0,1.0,0.0728,1.0,1.0,1.0,1.0
2917,i-80__2393,1511,151.1,0.563428,0.250786,50.0,2.102,0,0.3166,1.0,1.0,1.0,0.6068,0.7864,0.9005,1.0
2918,i-80__3136,684,68.4,0.522722,0.259144,0.0,1.21,3,0.5359,1.0,1.0,1.0,1.0,0.9053,0.6764,1.0
2919,us-101__2339,502,50.2,0.588684,0.262885,47.4,1.786,1,0.6232,0.8966,0.9399,0.0589,0.6627,0.8285,0.7593,1.0
2920,us-101__1786,484,48.4,0.547332,0.263258,28.9,2.152,0,0.6079,1.0,1.0,0.0551,0.414,0.7798,0.7013,1.0
2921,peachtree__721,1077,107.7,0.785219,0.3173,70.7,0.611,55,0.5555,1.0,1.0,1.0,1.0,0.9852,0.9985,0.84
2922,i-80__818,1308,130.8,0.854126,0.303824,74.8,0.603,6,1.0,1.0,1.0,1.0,1.0,0.9862,0.9014,1.0
2923,i-80__1636,669,66.9,0.557517,0.282315,1.8,3.817,0,0.4211,1.0,1.0,0.3036,0.5679,0.5578,0.8981,1.0
2924,i-80__2412,3841,384.1,0.828398,0.274064,178.5,0.204,14,1.0,1.0,1.0,1.0,1.0,1.0,0.9626,1.0
2925,i-80__2553,1445,144.5,0.515735,0.247043,85.1,5.772,0,0.2891,1.0,1.0,1.0,0.7225,0.2971,0.9124,1.0
2926,i-80__2348,1204,120.4,0.507665,0.26548,13.5,3.434,0,0.4388,0.8105,1.0,1.0,0.6026,0.6088,0.9378,1.0
2927,i-80__1693,310,31.0,0.4044,0.2698,19.2,7.917,0,0.6559,0.9541,1.0,0.065,0.5391,0.011,0.7006,1.0
2928,peachtree__807,374,37.4,0.704579,0.385196,12.6,2.393,0,0.4627,1.0,1.0,1.0,1.0,0.7475,0.9204,1.0
2929,i-80__2479,3724,372.4,0.63981,0.261282,162.2,4.313,0,1.0,1.0,1.0,1.0,0.687,0.4916,0.9196,1.0
2930,peachtree__106,1656,165.6,0.659119,0.318253,80.4,0.166,5,0.5037,1.0,1.0,1.0,1.0,1.0,0.9446,1.0
2931,lankershim__1142,815,81.5,0.706839,0.34042,48.4,2.616,0,0.696,1.0,1.0,1.0,1.0,0.7179,0.9654,1.0
2932,lankershim__1244,1819,181.9,0.681881,0.262823,42.9,0.185,34,0.4716,1.0,1.0,1.0,1.0,1.0,0.9291,1.0
2933,i-80__1665,2395,239.5,0.747894,0.257391,67.5,1.128,4,1.0,1.0,1.0,1.0,0.691,0.9163,0.9215,1.0
2934,i-80__1608,2612,261.2,0.757443,0.290617,106.9,0.461,5,1.0,1.0,1.0,1.0,1.0,1.0,1.0,1.0
2935,lankershim__393,673,67.3,0.722917,0.383324,6.6,1.882,12,0.993,1.0,1.0,1.0,1.0,0.8157,0.9407,1.0
2936,us-101__2978,755,75.5,0.545209,0.238549,18.2,4.537,0,0.6604,0.8232,1.0,1.0,0.7537,0.4618,0.919,1.0
2937,i-80__2582,2044,204.4,0.641006,0.276664,162.4,2.58,0,0.2971,1.0,1.0,1.0,1.0,0.7226,0.947,1.0
2938,us-101__2094,974,97.4,0.477292,0.271526,14.3,4.392,0,0.5549,0.9656,1.0,1.0,0.4876,0.4811,0.9129,1.0
2939,lankershim__199,382,38.2,0.455071,0.257627,35.6,inf,0,0.7638,1.0,1.0,1.0,1.0,0.0,0.0,1.0
2940,us-101__2679,820,82.0,0.439898,0.271564,76.1,5.365,0,0.5272,0.942,1.0,0.5827,0.8248,0.3513,1.0,1.0
2941,us-101__2127,567,56.7,0.537033,0.288059,52.3,3.18,0,0.6022,1.0,1.0,0.0822,0.9213,0.6427,1.0,1.0
2942,us-101__2114,1058,105.8,0.502592,0.268988,64.3,2.341,0,0.4369,0.9145,1.0,1.0,1.0,0.7545,0.8232,1.0
2943,i-80__2972,346,34.6,0.585293,0.347115,4.3,3.494,0,0.7244,1.0,1.0,0.2938,0.7634,0.6008,0.8008,1.0
2944,lankershim__1159,612,61.2,0.718175,0.400621,2.1,0.584,8,0.7727,1.0,1.0,1.0,1.0,0.9889,1.0,1.0
2945,i-80__486,612,61.2,0.485965,0.283502,39.1,4.476,0,0.4194,0.8338,1.0,1.0,0.7851,0.4698,0.872,1.0
2946,us-101__2680,913,91.3,0.675979,0.295357,47.1,0.404,16,0.4403,1.0,1.0,1.0,1.0,1.0,1.0,1.0
2947,i-80__1971,2120,212.0,0.703153,0.248149,176.0,3.145,0,1.0,1.0,1.0,1.0,1.0,0.6474,0.9293,1.0
2948,i-80__3054,693,69.3,0.567766,0.314769,57.0,4.024,0,0.5406,1.0,1.0,1.0,0.5995,0.5301,0.8869,1.0
2949,us-101__2763,759,75.9,0.547413,0.283072,26.6,4.476,0,0.4497,1.0,1.0,1.0,0.4865,0.4699,0.9231,1.0
2950,i-80__6,1131,113.1,0.259187,0.123317,92.6,157.063,0,0.3866,0.6377,1.0,0.5021,0.4949,0.0,0.4606,1.0
2951,i-80__488,643,64.3,0.398909,0.23415,6.4,9.782,0,0.4545,1.0,1.0,0.287,0.6419,0.0,0.6727,1.0
2952,us-101__2748,795,79.5,0.514164,0.272772,14.7,7.779,0,0.4922,1.0,1.0,1.0,1.0,0.0294,0.8549,1.0
2953,peachtree__1643,1142,114.2,0.687026,0.261358,2.5,1.38,4,0.6503,1.0,1.0,1.0,1.0,0.8826,0.8981,0.6
2954,us-101__2555,860,86.0,0.496659,0.26869,71.7,1.381,2,0.5024,1.0,1.0,1.0,0.8358,0.8826,0.8774,1.0
2955,us-101__1831,613,61.3,0.493917,0.266512,54.9,7.222,0,0.4982,1.0,1.0,0.4756,0.6936,0.1037,0.7607,1.0
2956,i-80__1571,703,70.3,0.611592,0.317568,19.7,2.169,0,0.437,1.0,1.0,0.4642,1.0,0.7775,0.9257,1.0
2957,us-101__2821,806,80.6,0.374944,0.258714,43.1,3.922,0,0.623,1.0,1.0,1.0,0.4154,0.5437,0.9317,1.0
2958,us-101__2945,812,81.2,0.402704,0.267055,76.0,7.802,0,0.5729,0.8239,0.9664,0.4663,0.5574,0.0263,0.8535,1.0
2959,peachtree__36,1414,141.4,0.763296,0.240099,2.6,1.028,11,1.0,1.0,1.0,1.0,1.0,0.9296,0.8883,0.8
2960,peachtree__464,1603,160.3,0.828875,0.362412,8.9,0.526,28,1.0,1.0,1.0,1.0,1.0,0.9966,0.9371,0.96
2961,i-80__1724,759,75.9,0.798584,0.38266,29.0,0.28,10,0.5364,1.0,1.0,1.0,1.0,1.0,0.9363,1.0
2962,peachtree__222,464,46.4,0.568298,0.276827,19.7,0.58,12,0.4858,1.0,1.0,1.0,1.0,0.9893,0.8609,1.0
2963,i-80__2522,407,40.7,0.565624,0.312777,3.6,4.238,0,0.5976,1.0,1.0,1.0,0.5488,0.5016,0.855,1.0
2964,lankershim__180,694,69.4,0.711996,0.4003,26.1,1.707,23,0.7842,1.0,1.0,1.0,1.0,0.8391,0.9191,1.0
2965,i-80__2901,847,84.7,0.629748,0.306426,15.6,4.404,0,0.4029,1.0,1.0,1.0,1.0,0.4795,0.8871,1.0
2966,i-80__3125,608,60.8,0.584527,0.312496,47.8,1.953,1,0.5187,1.0,1.0,1.0,0.51,0.8062,0.8477,1.0
2967,i-80__2353,803,80.3,0.609085,0.29967,62.8,1.539,3,0.4982,1.0,1.0,1.0,0.5554,0.8614,0.9726,1.0
2968,lankershim__48,449,44.9,0.54,0.282558,11.7,inf,0,1.0,1.0,1.0,1.0,1.0,0.0,0.2315,1.0
2969,i-80__1359,672,67.2,0.484117,0.283067,21.4,5.692,0,0.4226,1.0,1.0,0.7193,0.6863,0.3077,0.821,1.0
2970,i-80__2669,849,84.9,0.651796,0.312276,30.8,0.128,20,0.3055,1.0,1.0,0.5972,1.0,1.0,0.9895,1.0
2971,lankershim__1470,467,46.7,0.694035,0.357279,24.9,0.428,19,0.5843,1.0,1.0,1.0,1.0,1.0,0.8942,1.0
2972,i-80__376,1529,152.9,0.891521,0.33247,70.6,0.332,32,1.0,1.0,1.0,1.0,1.0,1.0,0.9376,1.0
2973,lankershim__647,647,64.7,0.395029,0.266052,1.0,inf,0,0.4417,0.914,1.0,1.0,1.0,0.0,0.0,1.0
2974,peachtree__460,1619,161.9,0.734998,0.351031,40.3,0.51,27,0.5261,1.0,1.0,1.0,1.0,0.9987,1.0,0.96
2975,lankershim__1450,573,57.3,0.556766,0.354779,20.1,10.915,0,0.6708,1.0,1.0,1.0,1.0,0.0,0.9039,1.0
2976,i-80__732,1357,135.7,0.751382,0.263188,79.2,1.031,6,1.0,1.0,1.0,1.0,1.0,0.9292,0.9146,1.0
2977,lankershim__424,165,16.5,0.559614,0.315883,6.9,5.066,0,0.3876,1.0,1.0,0.7617,1.0,0.3912,0.4914,1.0
2978,i-80__540,444,44.4,0.429925,0.272812,4.2,9.015,0,0.527,1.0,1.0,0.0692,0.4448,0.0,0.8725,1.0
2979,i-80__2277,443,44.3,0.405721,0.298287,41.6,4.941,0,0.5104,0.774,0.9586,0.0499,0.8211,0.4078,0.8059,1.0
