idx,trajectory_id,frames,duration_s,R_max,R_mean,peak_at_s,min_ttc_raw,ticks_ttc_lt2,max_speed,max_accel,max_jerk,max_steer_var,max_lane_offset,max_ttc,max_headway,max_density
1,4ec771b54362b9f9,91,9.1,0.118545,0.097952,3.0,94.344,0,0.023,0.0915,0.1032,0.0,0.2424,0.0,0.1942,1.0
2,aa38408d5a96a2df,91,9.1,0.295944,0.059878,3.8,3.225,0,0.1533,0.1656,0.0673,0.0,0.1647,0.6367,0.7671,0.12
3,52274504cc95b537,91,9.1,0.193017,0.181875,3.7,24.45,0,0.0119,0.0522,0.0495,0.0,0.1938,0.0,0.9004,0.52
4,1822395725337b67,91,9.1,0.130088,0.110704,2.2,16.512,0,0.1155,0.2436,0.2317,0.0001,0.2513,0.0,0.0543,1.0
5,4c83db00f791a29e,91,9.1,0.390008,0.253331,5.6,2.358,0,0.304,0.2467,0.164,0.0021,0.3543,0.7522,0.7663,1.0
6,4ab41134d1841c11,91,9.1,0.124597,0.102751,2.4,1000000.0,0,0.7217,0.2806,0.2628,0.001,0.271,0.0,0.0,0.44
7,a524851f8ee22ef8,91,9.1,0.312307,0.065784,0.8,3.348,0,0.2406,0.2273,0.0991,0.0,0.1639,0.6202,0.7137,0.08
8,f944c4570e647202,91,9.1,0.237946,0.225699,0.7,42.316,0,0.0694,0.0978,0.054,0.0,0.3261,0.0,0.8453,1.0
9,b46bf883038a8cee,91,9.1,0.218933,0.173498,0.8,1000000.0,0,0.4391,0.333,0.1031,0.0001,0.2555,0.0,0.6451,1.0
10,3d2ba1a8671f3348,91,9.1,0.152849,0.092964,8.8,1000000.0,0,0.2293,0.2014,0.2374,0.0003,1.0,0.0,0.0,0.2
11,2200a096978b8099,91,9.1,0.183611,0.177789,0.5,44.493,0,0.0012,0.0174,0.0289,0.0,0.1612,0.0,0.8815,0.48
12,ebf51bbfa4e26c82,91,9.1,0.345415,0.180097,8.9,4.18,0,0.4838,0.2891,0.1827,0.0001,0.176,0.5094,0.7979,0.52
13,bdc1475ad97c84d3,91,9.1,0.276321,0.146983,2.5,4.147,0,0.1726,0.3521,0.1149,0.0001,0.1962,0.5137,0.6673,0.68
14,e2e8980b2fdd2244,91,9.1,0.235332,0.140771,7.0,5.707,0,0.2055,0.201,0.4687,0.0113,1.0,0.3058,0.4266,0.24
15,fab91e45c89b795f,91,9.1,0.159235,0.097944,9.0,11.37,0,0.0001,0.0011,0.0024,0.0,0.0794,0.0,0.7119,0.72
16,4bd767df6fd62d7f,91,9.1,0.400593,0.16883,8.7,2.7,0,0.1582,0.3188,0.4524,0.0338,0.7353,0.7066,0.735,0.64
17,8623b5f6da5d98eb,91,9.1,0.202205,0.136161,4.9,1000000.0,0,0.6089,0.3675,0.1494,0.0018,1.0,0.0,0.0,0.92
18,5f01f5745bd156f4,91,9.1,0.253415,0.095646,1.2,3.392,0,0.4012,0.3486,0.4975,0.0002,0.1766,0.6145,0.0,0.68
19,995ea55d143df9fc,91,9.1,0.335137,0.079579,2.2,3.151,0,0.1429,0.1533,0.0561,0.0,0.1842,0.6466,0.7285,0.56
20,f4806369790b7473,91,9.1,0.199125,0.183355,1.0,20.54,0,0.0787,0.1295,0.0982,0.0,0.2386,0.0,0.8762,1.0
21,6c75c8f3c67ef658,91,9.1,0.208805,0.192144,7.1,163.223,0,0.3409,0.2065,0.0525,0.0,0.3307,0.0,0.7913,0.56
22,547d851d8022cba,91,9.1,0.21304,0.127781,6.2,134.429,0,0.5637,0.0591,0.1159,0.0002,0.3126,0.0,0.7711,0.32
23,71635e65c4886b6b,91,9.1,0.146167,0.109612,1.6,11.532,0,0.473,0.2119,0.1524,0.0002,0.3582,0.0,0.3631,1.0
24,1058032e9c59ca7a,91,9.1,0.135711,0.103336,7.8,13.653,0,0.2404,0.2567,0.342,0.0007,0.3012,0.0,0.0,1.0
25,5a2c32dfa793e04b,91,9.1,0.195577,0.178272,0.6,1000000.0,0,0.383,0.225,0.0654,0.0,0.1759,0.0,0.8205,0.56
26,969b3b6ead4174b5,91,9.1,0.270198,0.074417,8.9,2.087,0,0.1169,0.2075,0.2495,0.0056,0.1838,0.7884,0.521,0.48
27,1d78f907db2aa7b7,91,9.1,0.031543,0.029662,5.2,1000000.0,0,0.0,0.001,0.0036,0.0,0.1412,0.0,0.0,0.24
28,9787eff2b0abe1c3,91,9.1,0.170986,0.08596,3.7,1000000.0,0,0.3266,0.3853,0.8381,0.0034,0.5712,0.0,0.0,0.36
29,80c7d95f9b290c6f,91,9.1,0.2632,0.062123,1.5,4.524,0,0.2064,0.3575,0.123,0.0,0.1674,0.4634,0.7265,0.48
30,1e89206b16380c3e,91,9.1,0.246962,0.187805,0.6,33.761,0,0.1742,0.4316,0.5327,0.0088,0.2668,0.0,0.8101,1.0
31,46ce054fdc528391,91,9.1,0.070117,0.037227,0.0,1000000.0,0,0.1311,0.3201,0.0968,0.0,0.166,0.0,0.0,0.2
32,88e6dba7bda5fc94,91,9.1,0.405164,0.206253,7.3,1.698,4,0.4542,0.5006,1.0,0.0256,0.7064,0.8402,0.6878,0.36
33,1a2d76d2097dae7d,91,9.1,0.187534,0.091863,7.6,41.109,0,0.0517,0.0573,0.0595,0.0,0.1678,0.0,0.6656,1.0
34,4492466e3d320dd5,91,9.1,0.176,0.161485,5.3,1000000.0,0,0.3434,0.2903,0.0706,0.0,0.1638,0.0,0.8733,0.28
35,7d13fea7a15a763c,91,9.1,0.17793,0.172757,1.1,1000000.0,0,0.0,0.0007,0.0033,0.0,0.1353,0.0,0.8852,0.48
36,9e129c5d6dd4a1fc,91,9.1,0.429683,0.193195,2.3,2.223,0,0.2976,0.3229,0.4879,0.023,0.2539,0.7703,0.8593,1.0
37,a9c885120ac6a9e6,91,9.1,0.248808,0.112874,8.9,7.893,0,0.0621,0.1551,0.1721,0.0013,0.2652,0.0143,0.8885,1.0
38,7f321aa88c95c080,91,9.1,0.2495,0.067485,0.1,4.755,0,0.1557,0.3525,0.1227,0.0,0.2693,0.4326,0.5713,0.44
39,2479c4ab482232e6,91,9.1,0.274606,0.107788,6.9,6.533,0,0.2142,0.388,0.6374,0.0532,0.9528,0.1957,0.6209,0.28
40,30aae074739ab5df,91,9.1,0.343141,0.251787,5.0,3.641,0,0.4156,0.2685,0.0736,0.0,0.1678,0.5812,0.8812,0.44
41,fece282666731df4,91,9.1,0.11945,0.097054,2.5,1000000.0,0,0.4211,0.3143,0.1705,0.0001,0.3725,0.0,0.0,0.52
42,12b8a14ee2a1fe12,91,9.1,0.289933,0.237202,5.6,4.702,0,0.4213,0.5401,0.4396,0.0002,0.3573,0.4398,0.8635,0.36
43,44d5f98fecd53608,91,9.1,0.200427,0.116622,7.9,6.372,0,0.2116,0.1525,0.1154,0.0001,0.3288,0.2171,0.452,0.32
44,9b0ece91d8150a11,91,9.1,0.226239,0.203288,8.7,7.33,0,0.4487,0.2589,0.1037,0.0001,0.2624,0.0893,0.7623,1.0
45,5f489f55c70496d3,91,9.1,0.268551,0.110608,0.4,5.118,0,0.0001,0.0011,0.0079,0.0,0.154,0.3843,0.8082,0.72
46,264fec10c802fe,91,9.1,0.099679,0.07521,0.2,1000000.0,0,0.0506,0.1967,0.0979,0.0007,0.2341,0.0,0.0,0.76
47,b3f6141ebebdf8ef,91,9.1,0.245517,0.154041,0.3,1000000.0,0,0.3461,0.2387,0.8147,0.0164,1.0,0.0,0.6941,0.48
48,c784c798092f0e3,91,9.1,0.300436,0.185601,8.8,3.909,0,0.5915,0.2031,0.2007,0.0001,0.1697,0.5454,0.5939,0.6
49,93aef8541b947f97,91,9.1,0.196624,0.174211,0.3,10.571,0,0.0464,0.066,0.0499,0.0,0.1654,0.0,0.8612,0.72
50,6e0f0ae790d48f3,91,9.1,0.14272,0.034698,0.8,39.801,0,0.0001,0.0011,0.0027,0.0,0.156,0.0,0.746,0.24
51,fbc1dd436eae81a1,91,9.1,0.154913,0.106569,8.9,43.636,0,0.5647,0.2422,0.1164,0.001,0.9073,0.0,0.2894,0.2
52,7f68f7bc9c63e020,91,9.1,0.369189,0.273781,5.2,3.643,0,0.1977,0.3493,1.0,0.0163,0.3244,0.5809,0.6843,1.0
53,c360df80aa500629,91,9.1,0.23484,0.209638,7.5,1000000.0,0,0.4488,0.3073,0.2281,0.0,0.222,0.0,0.8781,0.92
54,6c350c45eaa0f5e1,91,9.1,0.21899,0.116742,8.6,4.342,0,0.4857,0.5379,1.0,0.0009,0.2031,0.4877,0.0379,0.48
55,ed317cd54c452f13,91,9.1,0.267207,0.097524,0.3,4.763,0,0.0583,0.1676,0.0623,0.0,0.162,0.4316,0.6829,0.52
56,e2c801f2582cde23,91,9.1,0.191578,0.186966,6.4,1000000.0,0,0.0001,0.0018,0.0042,0.0,0.0925,0.0,0.8802,0.8
57,7c2ab24298bfc8c9,91,9.1,0.071479,0.061658,0.0,1000000.0,0,0.0001,0.001,0.0042,0.0,0.2516,0.0,0.0,0.68
58,99de564b21454f07,91,9.1,0.277255,0.104365,5.1,3.725,0,0.447,0.4107,0.7057,0.0027,0.5092,0.5701,0.1281,0.16
59,d8d57fc55a78a2,91,9.1,0.104617,0.089227,8.9,1000000.0,0,0.0213,0.1338,0.1457,0.0001,0.2264,0.0,0.0,1.0
60,726670f95229668,91,9.1,0.149007,0.135733,2.1,54.222,0,0.7025,0.0834,0.0708,0.0001,0.2313,0.0,0.3615,0.28
61,b6f80d1868497b8e,91,9.1,0.266609,0.089527,5.7,4.025,0,0.0,0.0007,0.002,0.0,0.167,0.53,0.7249,0.32
62,360c42d9d1fade1f,91,9.1,0.220851,0.195628,8.8,1000000.0,0,0.4127,0.2894,0.1245,0.0001,0.2719,0.0,0.8443,0.72
63,1e04699790f1a11b,91,9.1,0.203814,0.171019,8.4,6.777,0,0.2808,0.1118,0.1282,0.0005,0.5864,0.1631,0.8061,0.04
64,8d32cb204635a40f,91,9.1,0.242221,0.240603,1.1,1000000.0,0,0.0001,0.0012,0.0038,0.0,0.4734,0.0,0.8825,0.88
65,85dc50c949f4e018,91,9.1,0.187611,0.142381,0.1,36.375,0,0.5542,0.4067,0.1796,0.0001,0.2309,0.0,0.482,0.36
66,88b2a2e2d3454aa1,91,9.1,0.253409,0.209452,4.5,50.555,0,0.155,0.1954,0.433,0.0004,0.365,0.0,0.8118,0.8
67,82e0e1cc76d97138,91,9.1,0.1938,0.156572,0.2,22.504,0,0.0978,0.1007,0.1831,0.0021,1.0,0.0,0.1705,1.0
68,fbc759ea03acff5,91,9.1,0.194466,0.09859,4.1,1000000.0,0,0.2421,0.3103,0.693,0.013,0.8381,0.0,0.7538,0.4
69,a8377704cc4fed6b,91,9.1,0.435649,0.20827,8.9,1.729,3,0.3747,0.0729,0.0823,0.0019,0.8843,0.8362,0.5569,0.72
70,63cbf5d10fda3a29,91,9.1,0.222033,0.136471,0.2,1000000.0,0,0.168,0.1554,0.4415,0.0123,0.3732,0.0,0.8384,0.56
71,ceacd8ec5202a7c2,91,9.1,0.44439,0.115051,7.1,2.323,0,0.1701,0.198,0.4941,0.0042,1.0,0.7569,0.705,0.2
72,5dc1c35595009d0b,91,9.1,0.338515,0.180877,2.9,2.313,0,0.3381,0.1926,0.24,0.012,1.0,0.7582,0.4437,0.2
73,9cf5b246b0436a77,91,9.1,0.355073,0.257888,8.8,2.945,0,0.257,0.3468,0.9657,0.0129,1.0,0.674,0.6731,0.44
74,e4c3f2ac790ffd11,91,9.1,0.287515,0.157499,8.3,5.971,0,0.0474,0.0824,0.0631,0.0003,0.5523,0.2706,0.8082,0.88
75,be6caf3f59d3b862,91,9.1,0.187192,0.158739,2.2,139.884,0,0.533,0.1972,0.2743,0.0016,0.2435,0.0,0.5324,0.36
76,59a6f0bba21580dc,91,9.1,0.375018,0.126632,7.3,5.096,0,0.1674,0.2234,0.4821,0.0108,1.0,0.3872,0.7021,0.28
77,248badb5da378bc0,91,9.1,0.211178,0.195847,7.9,20.118,0,0.2033,0.1239,0.1044,0.0001,0.3105,0.0,0.8049,0.52
78,86ec9a43b5642873,91,9.1,0.104773,0.083049,9.0,1000000.0,0,0.7221,0.0228,0.0469,0.0,0.2396,0.0,0.0,0.28
79,fe01616f47e581b4,91,9.1,0.158622,0.072514,8.1,14.205,0,0.0001,0.0018,0.0058,0.0,0.1034,0.0,0.7317,0.64
80,ec0fb97170f79f30,91,9.1,0.332389,0.121165,4.4,4.451,0,0.3266,0.4091,0.842,0.0171,0.5329,0.4732,0.5465,0.32
81,dac2ef9b2525cdf4,91,9.1,0.243035,0.164016,0.4,410.109,0,0.6328,0.506,1.0,0.0095,1.0,0.0,0.4706,0.72
82,6f374d7a2b3d8284,91,9.1,0.192513,0.190521,5.5,33.704,0,0.0001,0.0012,0.0034,0.0,0.3161,0.0,0.8792,0.4
83,3f21b22efb71f136,91,9.1,0.220753,0.189207,1.7,11.313,0,0.4811,0.2707,0.2495,0.0009,0.262,0.0,0.528,1.0
84,ab95754647bd7608,91,9.1,0.178433,0.095793,5.9,10.249,0,0.0515,0.0993,0.0402,0.0,0.282,0.0,0.7861,0.48
85,a8ec57a3bb2076cc,91,9.1,0.329044,0.197033,8.5,4.85,0,0.2515,0.2617,0.2068,0.008,0.3759,0.42,0.693,1.0
86,8abdf4f5ced29e14,91,9.1,0.156929,0.153166,0.2,1000000.0,0,0.0001,0.0014,0.0043,0.0,0.0542,0.0,0.8722,0.32
87,bd87783d92017846,91,9.1,0.207483,0.178758,6.7,9.685,0,0.4828,0.1729,0.2132,0.0002,0.4015,0.0,0.6943,0.52
88,e8f5a0a358422c19,91,9.1,0.330588,0.170631,0.2,2.317,0,0.5843,0.3239,0.0777,0.0042,0.4483,0.7578,0.5119,0.84
89,acf6b2bf75f8db75,91,9.1,0.346335,0.138189,1.3,3.761,0,0.2866,0.4927,0.6659,0.0014,0.6855,0.5652,0.5699,0.36
90,45d7b24254eff136,91,9.1,0.07672,0.059531,0.0,1000000.0,0,0.4009,0.0253,0.0512,0.0001,0.1725,0.0,0.0,0.4
91,75437102f2e4d929,91,9.1,0.34008,0.212125,4.2,3.299,0,0.1798,0.1781,0.4032,0.0265,1.0,0.6268,0.7181,1.0
92,2b39d53f62a5f375,91,9.1,0.366424,0.225478,2.8,3.336,0,0.3399,0.4313,0.8108,0.0091,0.6984,0.6218,0.7086,0.96
93,972b3dc15546f0c3,91,9.1,0.141169,0.136318,2.5,235.238,0,0.0001,0.0009,0.0017,0.0,0.0876,0.0,0.6943,0.44
94,cc51b0f7a833d870,91,9.1,0.361529,0.164168,5.8,3.401,0,0.2314,0.371,1.0,0.004,1.0,0.6132,0.4723,0.96
95,9ac7b732e1ce88d8,91,9.1,0.129638,0.091444,0.0,120.228,0,0.0124,0.0998,0.2234,0.0,0.1659,0.0,0.3516,0.44
96,136c6b9f915e2a72,91,9.1,0.296121,0.085784,7.0,4.228,0,0.1424,0.2794,0.126,0.0132,0.4483,0.503,0.7338,0.44
97,1fdb9a648c79f2e7,91,9.1,0.225544,0.117961,4.8,1000000.0,0,0.6242,0.7102,1.0,0.0187,1.0,0.0,0.0,0.24
98,1c9709396c8a4ffe,91,9.1,0.074109,0.057631,5.0,10.039,0,0.4009,0.224,0.0998,0.0,0.1622,0.0,0.0,0.24
99,ffad0eaaea0bca6f,91,9.1,0.200476,0.034625,8.8,6.125,0,0.0,0.0014,0.0033,0.0,0.1238,0.2499,0.7575,0.36
100,e4746ae304a62bc5,91,9.1,0.461515,0.253808,0.2,2.563,0,0.2676,0.4293,0.6467,0.0001,0.3934,0.7249,0.9044,0.2
101,eb008ca5126a9f40,91,9.1,0.182913,0.161519,4.8,30.116,0,0.6728,0.0823,0.1181,0.0001,0.2109,0.0,0.4908,0.56
102,8804a5187cbde1ec,91,9.1,0.240976,0.208576,3.0,20.57,0,0.0684,0.109,0.0674,0.0003,0.89,0.0,0.693,1.0
103,36292e0a0340a1f1,91,9.1,0.221323,0.203219,4.8,66.596,0,0.3027,0.2746,0.0953,0.0006,0.3881,0.0,0.8786,0.44
104,fa89f85da14efa60,91,9.1,0.228669,0.06714,8.8,5.861,0,0.2515,0.589,0.8887,0.0,0.1686,0.2853,0.8034,0.36
105,1b210eff0a8f82a7,91,9.1,0.298416,0.134681,7.6,2.202,0,0.7138,0.3376,0.0977,0.0,0.2468,0.7731,0.0215,0.76
106,841a1829d19c6db0,91,9.1,0.333819,0.185232,5.7,3.78,0,0.3077,0.2428,0.181,0.0001,1.0,0.5627,0.4923,1.0
107,623ae0ab678989aa,91,9.1,0.115333,0.076615,4.0,1000000.0,0,0.1712,0.1947,0.4308,0.011,0.5176,0.0,0.0,0.2
108,8e1f88724c91bc14,91,9.1,0.057888,0.040525,0.1,1000000.0,0,0.0356,0.0781,0.1106,0.0,0.1684,0.0,0.0,0.4
109,84f33a4b4033d63d,91,9.1,0.238443,0.119418,0.7,3.237,0,0.4398,0.8099,1.0,0.0001,0.5106,0.6351,0.0,0.2
110,ad1ed68026852a63,91,9.1,0.077885,0.061286,4.9,1000000.0,0,0.4005,0.0626,0.0876,0.0001,0.1619,0.0,0.0,0.32
111,e1c42e6f083d1292,91,9.1,0.216394,0.127132,8.7,4.195,0,0.4794,0.4265,1.0,0.0024,0.1776,0.5074,0.0749,0.4
112,a3f0ddb4ee1da741,91,9.1,0.196914,0.177601,8.1,175.06,0,0.042,0.1869,0.0917,0.0,0.1802,0.0,0.8735,0.48
113,bfdec07db6e0868f,91,9.1,0.218772,0.191237,3.9,1000000.0,0,0.5541,0.2997,0.1494,0.0,0.2221,0.0,0.7789,0.88
114,ab5cb43d694a1de6,91,9.1,0.185798,0.100106,6.6,8.351,0,0.0,0.0008,0.0026,0.0,0.1664,0.0,0.7687,0.88
115,bedbb8fbcae4f03,91,9.1,0.208078,0.138371,7.7,4.582,0,0.459,0.3261,0.0756,0.0,0.175,0.4557,0.4313,0.68
116,7b30c56fa1217f11,91,9.1,0.236515,0.120161,7.6,4.797,0,0.329,0.8196,0.8544,0.0156,1.0,0.4271,0.7534,0.12
117,3194f358bdaa9c35,91,9.1,0.199595,0.177508,8.5,8.791,0,0.4294,0.1735,0.1617,0.0001,0.1715,0.0,0.5958,0.92
118,61f4b09f7ba3b331,91,9.1,0.326902,0.106956,2.3,4.029,0,0.0199,0.1213,0.1629,0.0,0.2527,0.5295,0.8371,0.64
119,409d84fcfa9fcd12,91,9.1,0.251004,0.136625,4.3,4.511,0,0.0468,0.2018,0.0908,0.0,0.1817,0.4652,0.7207,0.96
120,c4e99ed711c48002,91,9.1,0.396077,0.162307,0.6,2.562,0,0.0884,0.1801,0.0813,0.0001,0.632,0.725,0.7473,0.28
121,c4d9c5dc736b3641,91,9.1,0.127015,0.101135,0.1,1000000.0,0,0.7224,0.1298,0.1198,0.0001,0.243,0.0,0.0,0.64
122,2f4d79ab2731e2e0,91,9.1,0.316535,0.137665,0.5,3.767,0,0.2355,0.2744,0.202,0.0,0.2978,0.5643,0.5725,0.72
123,d7d1a26ffb6c39a1,91,9.1,0.455702,0.198403,3.8,3.894,0,0.2337,0.3265,0.6434,0.0215,1.0,0.5474,0.6926,0.64
124,447d46b12295e858,91,9.1,0.234939,0.217005,7.1,1000000.0,0,0.4813,0.2428,0.35,0.0001,0.2048,0.0,0.7495,1.0
125,915138329e4bcc45,91,9.1,0.202533,0.174461,0.3,1000000.0,0,0.3246,0.2093,0.1081,0.0,0.1661,0.0,0.801,0.52
126,9b0c9f7e8cc15a8d,91,9.1,0.171238,0.168192,0.5,29.224,0,0.0001,0.0016,0.0039,0.0,0.0267,0.0,0.8799,0.6
127,9445bc0b255e9eaa,91,9.1,0.046487,0.043034,7.8,1000000.0,0,0.0001,0.0009,0.0026,0.0,0.0579,0.0,0.15,0.28
128,e0c440f099b35c42,91,9.1,0.188338,0.151097,0.3,1000000.0,0,0.2392,0.1672,0.1399,0.0002,0.3397,0.0,0.6729,0.8
129,1554461b02a93a9d,91,9.1,0.115477,0.021085,8.9,5.59,0,0.0121,0.0865,0.0897,0.0,0.1295,0.3213,0.0,0.16
130,4e0a0cd71b0f6b77,91,9.1,0.056735,0.038709,0.0,1000000.0,0,0.2037,0.1738,0.0579,0.0,0.1827,0.0,0.0,0.24
131,54152a09f736f6c6,91,9.1,0.172238,0.044548,1.6,6.076,0,0.0,0.0009,0.0023,0.0,0.1204,0.2566,0.5592,0.24
132,2c9570ab000572b7,91,9.1,0.189095,0.080336,7.1,1000000.0,0,0.3145,0.4164,0.5995,0.0101,0.7632,0.0,0.5861,0.08
133,d493b4b5cee48cd1,91,9.1,0.23735,0.049575,0.9,3.977,0,0.1667,0.3592,0.1374,0.0,0.1598,0.5364,0.5999,0.2
134,d401b4bec2f34e62,91,9.1,0.215141,0.189348,2.4,1000000.0,0,0.2202,0.2099,0.1022,0.0,0.182,0.0,0.8878,0.72
135,6146f78fbeff4874,91,9.1,0.528167,0.190358,6.0,1.85,2,0.2769,0.397,0.6817,0.0185,1.0,0.82,0.8258,0.84
136,4df85062a23c01e,91,9.1,0.435411,0.197376,0.7,2.219,0,0.6375,1.0,1.0,0.0002,0.1863,0.7708,0.6179,1.0
137,6d9fd9547f800d99,91,9.1,0.237988,0.22368,7.9,155.4,0,0.1777,0.3244,0.0981,0.0,0.235,0.0,0.8815,1.0
138,98e20cb7a412f1de,91,9.1,0.274218,0.064254,8.5,5.568,0,0.1682,0.2555,0.4887,0.0133,0.3432,0.3242,0.627,0.28
139,1fac3d0f3acce209,91,9.1,0.340215,0.165345,7.4,3.445,0,0.143,0.1733,0.4339,0.0082,0.4036,0.6074,0.8136,1.0
140,680c8c721c48512c,91,9.1,0.384256,0.238221,0.0,12.273,0,0.5362,1.0,1.0,0.0001,0.3162,0.0,0.5972,0.76
141,fc1efca03ac60c18,91,9.1,0.11626,0.063439,2.8,12.157,0,0.0001,0.0047,0.0156,0.0,0.1262,0.0,0.4817,0.52
142,825a43a9e20fd0a5,91,9.1,0.173205,0.124446,5.2,1000000.0,0,0.356,0.1109,0.0676,0.0011,1.0,0.0,0.7135,0.36
143,5692f71fd2ef8948,91,9.1,0.192794,0.155418,8.9,17.239,0,0.3634,0.1628,0.1663,0.0007,0.23,0.0,0.5803,0.64
144,9acfb7115eca5a6c,91,9.1,0.179913,0.08492,2.0,11.245,0,0.1405,0.2555,0.3598,0.0215,0.544,0.0,0.8561,0.32
145,713e184104d2bc76,91,9.1,0.227933,0.123292,6.0,5.491,0,0.2605,0.1403,0.1202,0.0069,0.767,0.3345,0.243,0.76
146,fa70b12b6ee96753,91,9.1,0.232808,0.172614,7.2,65.613,0,0.9563,0.0701,0.095,0.0,0.2509,0.0,0.7235,0.32
147,ff4e19879aa2f324,91,9.1,0.204727,0.163739,8.6,19.514,0,0.7033,0.1059,0.1209,0.0001,0.3936,0.0,0.4959,0.4
148,7feb51c9319f2961,91,9.1,0.353296,0.12551,2.3,2.204,0,0.0001,0.0008,0.0043,0.0,0.1824,0.7728,0.7761,0.48
149,8231bec88aa207c8,91,9.1,0.18285,0.180043,3.8,1000000.0,0,0.0,0.0009,0.0033,0.0,0.0807,0.0,0.8806,0.68
150,b9ac4bf91757d62d,91,9.1,0.333694,0.174256,1.9,3.625,0,0.2409,0.2651,0.1143,0.0,0.1851,0.5834,0.8142,0.44
151,3e01920194f7a979,91,9.1,0.092771,0.077261,0.7,1000000.0,0,0.7232,0.0296,0.0517,0.0004,0.1947,0.0,0.0,0.12
152,4b4c116193de1f65,91,9.1,0.189623,0.087961,0.6,24.452,0,0.0001,0.0011,0.0061,0.0,0.1496,0.0,0.8543,0.72
153,937f055f5b9a5d62,91,9.1,0.348892,0.208434,6.9,1000000.0,0,0.56,0.7177,1.0,0.003,0.364,0.0,0.8246,0.64
154,561ff207d1a74554,91,9.1,0.165726,0.075356,5.8,38.238,0,0.21,0.3144,0.1379,0.0,0.1657,0.0,0.6155,0.52
155,612a8ab54947cc82,91,9.1,0.155433,0.132589,8.6,8.202,0,0.2674,0.1989,0.0546,0.0,0.1651,0.0,0.7235,0.08
156,2796f14bc43a21c7,91,9.1,0.149669,0.118031,1.0,84.628,0,0.7213,0.0306,0.0874,0.0002,0.2335,0.0,0.2473,0.36
157,712535c20276dd42,91,9.1,0.361054,0.119144,0.5,2.923,0,0.0,0.0007,0.0029,0.0,0.2525,0.6769,0.8357,0.68
158,e784321328f1e2cc,91,9.1,0.37736,0.137526,8.9,2.647,0,0.3011,0.3591,0.8412,0.0065,0.621,0.7137,0.3954,0.64
159,43365ebda5b42aa0,91,9.1,0.114859,0.07594,1.7,1000000.0,0,0.4395,0.1794,0.2097,0.0003,0.4051,0.0,0.0,0.28
160,326b6e409016357c,91,9.1,0.287258,0.192683,8.8,4.327,0,0.5837,0.1973,0.0954,0.0003,0.2986,0.4897,0.5942,0.4
161,3e816c74f2d8185,91,9.1,0.308788,0.214486,7.3,1000000.0,0,0.4828,0.2129,0.3073,0.0014,1.0,0.0,0.7033,0.64
162,e8e6bf2f400a096f,91,9.1,0.479031,0.149925,4.6,1.769,2,0.3093,0.3033,0.5175,0.0198,1.0,0.8307,0.8462,0.28
163,71f72b60dc7cd34c,91,9.1,0.150369,0.109896,1.9,8.999,0,0.7151,0.4666,0.1637,0.0001,0.1933,0.0,0.453,0.28
164,d80b5836b145eaa2,91,9.1,0.188179,0.148403,0.5,21.548,0,0.0927,0.1535,0.0947,0.0,0.2056,0.0,0.8285,0.56
165,811f2f895e87e604,91,9.1,0.206091,0.205746,0.0,1000000.0,0,0.0001,0.001,0.0041,0.0,0.1141,0.0,0.8794,1.0
166,f24ad59be7fea05,91,9.1,0.088939,0.052092,8.5,1000000.0,0,0.3508,0.3672,0.161,0.0,0.2098,0.0,0.0,0.08
167,49ad13f44257af88,91,9.1,0.091485,0.056305,0.8,1000000.0,0,0.0,0.0007,0.0016,0.0,0.2098,0.0,0.2434,0.64
168,23a8f2012ce9ed6d,91,9.1,0.157502,0.123917,7.4,1000000.0,0,0.5094,0.1764,0.2612,0.0001,0.4871,0.0,0.0,1.0
169,5bafc2c9b56b782d,91,9.1,0.507956,0.160606,2.9,2.388,0,0.4957,0.3808,0.6972,0.0299,1.0,0.7482,0.7458,0.6
170,57062978ee1d321c,91,9.1,0.108587,0.093734,3.3,1000000.0,0,0.7202,0.2142,0.0984,0.0001,0.2973,0.0,0.0,0.12
171,5507f0838443b4ba,91,9.1,0.207463,0.190031,8.0,1000000.0,0,0.2753,0.1715,0.0955,0.0,0.3268,0.0,0.7396,0.56
172,fd3164a8d4f473e1,91,9.1,0.195582,0.143357,3.7,6.628,0,0.2386,0.162,0.1247,0.0002,0.4979,0.1829,0.6559,0.28
173,4fef29288e5c7fca,91,9.1,0.120556,0.070249,4.3,6.57,0,0.3994,0.1756,0.0903,0.0,0.2453,0.1907,0.0,0.24
174,7058e12512877931,91,9.1,0.295187,0.123092,3.9,4.984,0,0.2267,0.2129,0.1818,0.0,0.1934,0.4022,0.6752,1.0
175,8ba6c6448347e05,91,9.1,0.244707,0.136512,5.3,5.44,0,0.6296,0.2888,0.2838,0.0001,0.2474,0.3413,0.5403,0.24
176,a2524f5c73d323c1,91,9.1,0.321009,0.118179,7.8,2.704,0,0.3975,0.2222,0.3528,0.0003,0.1864,0.7062,0.5287,0.32
177,4a3f5249bf940dd9,91,9.1,0.404305,0.147758,1.3,2.312,0,0.337,0.3268,0.7072,0.0217,0.5034,0.7584,0.775,0.68
178,9d79fa652bc981a5,91,9.1,0.290231,0.15523,8.7,4.183,0,0.5573,0.2155,0.1061,0.0,0.2814,0.509,0.564,0.44
179,f68fd38ed6a70318,91,9.1,0.287895,0.125421,0.8,5.36,0,0.1324,0.114,0.0866,0.0011,0.6933,0.352,0.5359,1.0
180,3d93d6b68ec1e719,91,9.1,0.196492,0.185965,8.3,8.06,0,0.0447,0.1155,0.0595,0.0,0.1753,0.0,0.8828,0.76
181,2e725c2c422efb5e,91,9.1,0.229014,0.176517,0.2,1000000.0,0,0.5955,0.3259,0.4861,0.0003,0.2005,0.0,0.6243,0.8
182,f1938b3317c03a42,91,9.1,0.249278,0.12018,7.2,1000000.0,0,0.2847,0.4144,0.7499,0.0208,0.9195,0.0,0.7631,0.6
183,43f751812a984d9b,91,9.1,0.128782,0.033535,3.5,8.115,0,0.0162,0.203,0.1509,0.0,0.1029,0.0,0.6953,0.24
184,413fb53273e9b3a8,91,9.1,0.128665,0.068189,2.5,10.122,0,0.0001,0.0008,0.0016,0.0,0.1482,0.0,0.5467,0.52
185,3473a0445361302b,91,9.1,0.120954,0.076229,8.8,1000000.0,0,0.5622,0.0288,0.0431,0.0,0.1643,0.0,0.3433,0.28
186,b00b28d4cb89186d,91,9.1,0.164132,0.162688,6.8,1000000.0,0,0.0001,0.0014,0.0043,0.0,0.281,0.0,0.7702,0.24
187,c498c91fe88ca533,91,9.1,0.206677,0.089019,6.3,5.459,0,0.3218,0.1479,0.1282,0.0001,0.6701,0.3388,0.2019,0.2
188,169fc093315e7bd8,91,9.1,0.213747,0.190586,5.9,1000000.0,0,0.4787,0.1766,0.1344,0.0006,0.1691,0.0,0.7386,0.72
189,f3903e4b5621e79f,91,9.1,0.236066,0.203713,0.1,52.099,0,0.2113,0.2049,0.2063,0.0002,0.2883,0.0,0.779,1.0
190,5a40bb3dc1a20d0c,91,9.1,0.222592,0.178674,2.1,18.519,0,0.5149,0.2349,0.1816,0.0002,0.3355,0.0,0.7801,0.24
191,e1891107ea4c8755,91,9.1,0.198765,0.090799,0.3,13.171,0,0.0291,0.069,0.0804,0.0,0.3606,0.0,0.8416,0.48
192,59a8a5f0615110e4,91,9.1,0.206776,0.123727,6.6,1000000.0,0,0.6585,0.3003,0.1874,0.0001,0.2805,0.0,0.7883,0.16
193,e6a4fded177b7cc3,91,9.1,0.28866,0.064774,0.8,3.384,0,0.0001,0.0014,0.0065,0.0,0.1091,0.6155,0.6976,0.36
194,b3a042689391b111,91,9.1,0.234146,0.178148,2.7,11.694,0,0.4631,0.3365,0.2613,0.0001,0.1659,0.0,0.5656,1.0
195,34e02331ffc02f99,91,9.1,0.181545,0.16537,8.4,13.788,0,0.0635,0.1409,0.0721,0.0002,0.1707,0.0,0.6856,0.84
196,e67c88c410429487,91,9.1,0.248112,0.141603,2.8,78.196,0,0.7242,0.0499,0.0727,0.0005,1.0,0.0,0.4076,0.2
197,49e46eba59786dca,91,9.1,0.311563,0.166881,8.4,3.524,0,0.0373,0.2152,0.1194,0.0,0.1642,0.5968,0.6,0.6
198,aff93d5bc4184092,91,9.1,0.260428,0.210893,8.7,21.312,0,0.0724,0.1399,0.1015,0.0001,0.49,0.0,0.8322,1.0
199,46fce0158d2fae57,91,9.1,0.24677,0.089065,7.2,4.303,0,0.0,0.0007,0.0029,0.0,0.1638,0.4929,0.6253,0.36
200,52a28ce9f806c71,91,9.1,0.335364,0.140825,2.4,8.475,0,0.6392,0.5139,0.9703,0.0109,0.9682,0.0,0.4755,0.8
201,db8d698c1d835020,91,9.1,0.212596,0.135557,4.8,10.081,0,0.418,0.389,0.5855,0.0208,0.5341,0.0,0.6716,0.48
202,f62146550732e03d,91,9.1,0.100982,0.082809,4.0,1000000.0,0,0.6584,0.3369,0.0906,0.0001,0.1879,0.0,0.0,0.24
203,301d95dc215ea881,91,9.1,0.383413,0.213588,0.2,3.195,0,0.1902,0.2835,0.3613,0.0,0.1544,0.6407,0.8942,0.48
204,bcbc28b5200e7713,91,9.1,0.362464,0.219675,0.1,3.03,0,0.179,0.3643,0.1178,0.0,0.1732,0.6627,0.8849,0.68
205,728ac0b145143077,91,9.1,0.077059,0.049579,0.7,1000000.0,0,0.2912,0.2529,0.1572,0.0,0.2791,0.0,0.0,0.08
206,c495e09258d4bca2,91,9.1,0.32548,0.18025,5.9,74.574,0,0.6304,0.5942,1.0,0.0006,0.2775,0.0,0.7857,0.24
207,7bb0aa73dd42c869,91,9.1,0.234756,0.208474,2.2,1000000.0,0,0.4099,0.1708,0.1098,0.0001,0.2759,0.0,0.6681,1.0
208,befd8ce099e02c9,91,9.1,0.181319,0.164865,0.9,17.92,0,0.5696,0.2043,0.194,0.0001,0.1682,0.0,0.6116,0.28
209,b50db63eadbfa16c,91,9.1,0.197208,0.093479,2.2,6.146,0,0.4737,0.1878,0.2189,0.002,0.3017,0.2472,0.6328,0.2
210,79e035fbe92f8a41,91,9.1,0.275714,0.178287,3.8,6.617,0,0.1021,0.5107,0.5685,0.0017,0.4162,0.1844,0.7186,1.0
211,8fafaf9ec7f5f9a,91,9.1,0.343191,0.248637,5.3,3.54,0,0.3054,0.2597,0.1518,0.0001,0.1688,0.5946,0.8756,0.44
212,168d3c6a04ceb96b,91,9.1,0.21922,0.208867,7.0,8.431,0,0.0627,0.1582,0.1158,0.0,0.2754,0.0,0.8805,0.88
213,7b66b683e56a04d3,91,9.1,0.179978,0.064921,4.6,139.2,0,0.1213,0.3144,0.1504,0.0003,0.38,0.0,0.8159,0.32
214,19d0d97505b203e8,91,9.1,0.13348,0.101032,7.0,30.202,0,0.5762,0.2514,0.3296,0.0,0.1634,0.0,0.2977,0.28
215,c8c779f3c235023c,91,9.1,0.262382,0.168365,7.6,106.14,0,0.0001,0.0013,0.0033,0.0,0.7477,0.0,0.7495,1.0
216,8adc5d440d2dbc9,91,9.1,0.301591,0.203411,5.2,11.311,0,0.1632,0.2295,0.4073,0.0012,1.0,0.0,0.849,0.6
217,b1c07acd4f8f7341,91,9.1,0.397092,0.121965,3.4,4.458,0,0.3602,0.362,0.7033,0.0188,0.9662,0.4723,0.5901,0.36
218,4aa53a497164481b,91,9.1,0.251763,0.168319,8.5,7.047,0,0.4422,0.6597,1.0,0.0007,0.3746,0.127,0.7286,0.44
219,b1e75b0feb09a9e4,91,9.1,0.16854,0.163242,7.6,77.073,0,0.0001,0.0012,0.0037,0.0,0.0893,0.0,0.8746,0.44
220,7e88657ae1e02727,91,9.1,0.307075,0.25407,4.8,4.427,0,0.3218,0.1994,0.1998,0.0,0.1674,0.4764,0.8736,0.64
221,fba62d55f6da354d,91,9.1,0.193622,0.185672,8.5,1000000.0,0,0.0001,0.0023,0.0091,0.0,0.1286,0.0,0.8825,0.76
222,d8feef6bdbbdcbc5,91,9.1,0.099502,0.07826,0.3,1000000.0,0,0.7232,0.0343,0.0487,0.0,0.1793,0.0,0.0725,0.16
223,b41784b9083d067b,91,9.1,0.192844,0.163786,4.8,23.213,0,0.603,0.1111,0.1783,0.0003,0.2216,0.0,0.4536,0.76
224,726da730c1e7bdbb,91,9.1,0.171534,0.091852,3.2,8.257,0,0.0001,0.001,0.0046,0.0,0.2541,0.0,0.7317,0.52
225,b9c111ab77691ffd,91,9.1,0.406545,0.196107,6.0,2.181,0,0.5366,0.4802,0.8836,0.0336,1.0,0.7759,0.349,0.2
226,d28d006d9ad889b1,91,9.1,0.24092,0.204104,0.2,55.57,0,0.4774,0.2535,0.3679,0.0001,0.2216,0.0,0.6874,1.0
227,6b2bb77b40c3a717,91,9.1,0.15258,0.110855,4.4,1000000.0,0,0.7222,0.1863,0.0854,0.0016,0.2526,0.0,0.2758,0.52
228,16194b35de961f00,91,9.1,0.303713,0.189136,8.0,5.615,0,0.234,0.242,0.1306,0.0003,0.5168,0.318,0.6646,1.0
229,d0fa6b3f96904c6c,91,9.1,0.22943,0.15461,6.9,93.607,0,0.7236,0.1488,0.1155,0.0008,1.0,0.0,0.4447,0.24
230,75148ec5e140ed97,91,9.1,0.28679,0.209966,8.9,12.877,0,0.1059,0.0698,0.1027,0.0002,1.0,0.0,0.7908,0.6
231,b74ce4afc838273f,91,9.1,0.177335,0.156553,8.9,10.852,0,0.4028,0.1628,0.1086,0.0,0.1767,0.0,0.6689,0.36
232,cf7adba2127b7af0,91,9.1,0.246973,0.156694,3.7,4.318,0,0.3078,0.3475,0.1339,0.0001,0.1645,0.4909,0.7519,0.28
233,dca0483edc5cc915,91,9.1,0.359659,0.062106,2.3,2.292,0,0.0962,0.1429,0.0965,0.0,0.284,0.761,0.8265,0.16
234,272fcc1c73956df4,91,9.1,0.104248,0.081941,1.8,1000000.0,0,0.4941,0.4445,0.2629,0.0031,0.1949,0.0,0.0446,0.4
235,8a3dfc5cd5fc729a,91,9.1,0.187078,0.17473,0.1,1000000.0,0,0.0445,0.1078,0.0747,0.0,0.9215,0.0,0.0,1.0
236,8e6e418aabf63f12,91,9.1,0.196629,0.110556,7.3,1000000.0,0,0.5653,0.0772,0.1659,0.0003,0.257,0.0,0.6506,0.36
237,4e13ef8009719a64,91,9.1,0.203388,0.082623,8.0,1000000.0,0,0.3842,0.4857,1.0,0.0006,0.2352,0.0,0.0,0.28
238,e11228be98fe0be1,91,9.1,0.224685,0.104248,7.7,10.057,0,0.272,0.2593,0.3768,0.0306,0.8501,0.0,0.3851,0.68
239,9cc8c9f4ea90882f,91,9.1,0.370764,0.104817,6.8,5.084,0,0.2666,0.4719,0.9941,0.0227,1.0,0.3888,0.7067,0.24
240,6f786879193491d4,91,9.1,0.115061,0.091054,3.5,7.98,0,0.2414,0.1049,0.1678,0.0025,0.2749,0.0027,0.0167,1.0
241,f985ddee48814774,91,9.1,0.21866,0.163922,9.0,8.676,0,0.3565,0.2349,0.4103,0.0015,0.228,0.0,0.6533,0.48
242,2d52d4dfc86fe54c,91,9.1,0.072795,0.058909,5.3,1000000.0,0,0.3978,0.1244,0.0633,0.0001,0.2593,0.0,0.0,0.24
243,354035c703bfed0,91,9.1,0.24669,0.216901,6.2,1000000.0,0,0.5302,0.2808,0.2243,0.0001,0.2654,0.0,0.7838,1.0
244,93e4d345952b0b41,91,9.1,0.0912,0.056686,7.8,1000000.0,0,0.2936,0.3264,0.0913,0.0001,0.2721,0.0,0.0,0.28
245,df2786eb97c30e06,91,9.1,0.218256,0.102802,5.8,5.13,0,0.6714,0.2663,0.2122,0.0001,0.2122,0.3827,0.2927,0.16
246,656cf4df9f49a093,91,9.1,0.332493,0.281609,5.5,4.538,0,0.3295,0.1651,0.0719,0.0003,0.559,0.4616,0.867,0.92
247,3edb7b3095dae136,91,9.1,0.166876,0.115895,6.9,7.053,0,0.2611,0.1693,0.2695,0.0129,0.5154,0.1263,0.3963,0.16
248,fea87f172a69d019,91,9.1,0.278013,0.158423,3.8,5.332,0,0.676,0.2818,0.1301,0.0001,0.2771,0.3557,0.5204,0.32
249,ef40a192e5b5bfa0,91,9.1,0.407213,0.113742,1.4,1.503,5,0.4648,0.3359,0.4606,0.0204,0.5912,0.8663,0.8725,0.16
250,6930bd54508cf2b1,91,9.1,0.084887,0.048722,9.0,1000000.0,0,0.3909,0.347,0.1059,0.0,0.1668,0.0,0.0,0.12
251,37bae683bb3b8c20,91,9.1,0.213494,0.199441,8.7,63.368,0,0.069,0.2463,0.0779,0.0,0.2314,0.0,0.8802,0.76
252,ff894d9969f601d5,91,9.1,0.165837,0.079068,6.4,11.589,0,0.0154,0.062,0.0596,0.0,0.1764,0.0,0.7424,0.56
253,16c7b51630d015c7,91,9.1,0.215981,0.189378,8.3,9.872,0,0.2416,0.2316,0.179,0.0001,0.1681,0.0,0.6328,1.0
254,aa386d00b39aac93,91,9.1,0.219663,0.203026,5.2,171.643,0,0.2075,0.2008,0.0974,0.0011,0.398,0.0,0.8421,0.56
255,aec788ac5f8396b1,91,9.1,0.290033,0.209613,2.6,5.387,0,0.2166,0.2266,0.2591,0.0003,0.2038,0.3484,0.8773,0.88
256,191bce15d27eb683,91,9.1,0.423488,0.167774,6.9,3.296,0,0.1808,0.2347,0.5755,0.0173,1.0,0.6272,0.7575,0.76
257,a64ef0189aebbe85,91,9.1,0.347898,0.132399,7.7,3.166,0,0.0,0.0005,0.0016,0.0,0.214,0.6445,0.7856,0.8
258,a875ef428dac3cde,91,9.1,0.204697,0.184469,0.7,74.489,0,0.482,0.1237,0.157,0.0001,0.2846,0.0,0.5886,0.8
259,a7f58b3665996e8a,91,9.1,0.176367,0.090604,8.9,7.385,0,0.3191,0.2985,0.0605,0.0,0.2222,0.082,0.6071,0.6
260,3dcf83e55c0f4c36,91,9.1,0.191409,0.178309,8.9,43.777,0,0.0083,0.1231,0.0943,0.0,0.104,0.0,0.882,0.68
261,d12eb66471d85fb1,91,9.1,0.142936,0.071782,8.6,9.113,0,0.3025,0.1227,0.0525,0.004,0.8291,0.0,0.424,0.28
262,dba626bf2b2a4504,91,9.1,0.540765,0.19778,4.1,1.019,7,0.4281,0.5096,0.9945,0.033,1.0,0.9308,0.8486,0.44
263,fb090e1afd8e3f9b,91,9.1,0.276726,0.091292,8.1,3.869,0,0.0,0.001,0.0023,0.0,0.1833,0.5508,0.7731,0.6
264,824fd0353a0e0532,91,9.1,0.457135,0.353504,5.8,2.754,0,0.4351,0.343,0.2257,0.0001,0.824,0.6994,0.9046,0.72
265,7ec190d5e3fcbdd8,91,9.1,0.109431,0.054176,5.6,6.652,0,0.3083,0.2988,0.1425,0.0001,0.1678,0.1797,0.0,0.28
266,34de63681e5dc70a,91,9.1,0.081327,0.04102,1.5,104.072,0,0.0011,0.0148,0.0383,0.0,0.2487,0.0,0.2861,0.12
267,32c9cfa3b5c7080f,91,9.1,0.343949,0.107522,7.2,2.245,0,0.0,0.0006,0.0022,0.0,0.134,0.7673,0.8101,0.4
268,1c01daaed3a2c4e4,91,9.1,0.209699,0.187267,7.4,8.735,0,0.2195,0.1803,0.0658,0.0,0.2212,0.0,0.8277,0.6
269,d3318ac9477533c1,91,9.1,0.136908,0.079208,1.9,1000000.0,0,0.0001,0.0012,0.0022,0.0,0.1307,0.0,0.5352,0.68
270,47df4dc5210851c,91,9.1,0.457648,0.163322,1.1,3.312,0,0.2577,0.2877,0.3544,0.0141,1.0,0.6251,0.6247,1.0
271,bd839cf530a045f4,91,9.1,0.304521,0.265725,3.1,1000000.0,0,0.0001,0.0013,0.0031,0.0,0.9214,0.0,0.892,1.0
272,8f72f845ea3a6382,91,9.1,0.304818,0.29326,6.5,13.086,0,0.0317,0.0864,0.0626,0.0,0.9032,0.0,0.8686,1.0
273,6a4e25c1f75126ef,91,9.1,0.241917,0.132901,6.2,19.544,0,0.6603,0.2068,0.1133,0.0018,1.0,0.0,0.3553,0.2
274,e61a2588db66a534,91,9.1,0.181511,0.148824,1.4,1000000.0,0,0.6968,0.1843,0.1708,0.0001,0.1917,0.0,0.489,0.28
275,8009335a54a9dc3a,91,9.1,0.115995,0.07251,8.4,1000000.0,0,0.2413,0.1201,0.1149,0.0037,0.3207,0.0,0.0,0.84
276,5fa9db2474f86103,91,9.1,0.090026,0.088447,0.0,173.207,0,0.0001,0.0019,0.0063,0.0,0.2081,0.0,0.2053,0.56
277,f4cda65c15dedcb1,91,9.1,0.354726,0.146034,5.2,3.143,0,0.3709,0.237,0.5317,0.0185,1.0,0.6476,0.5281,0.48
278,36a087b9190da9b2,91,9.1,0.417665,0.137998,7.1,3.033,0,0.238,0.3634,0.6228,0.0475,0.9967,0.6623,0.7792,0.52
279,fbdc10a6e18688fc,91,9.1,0.37085,0.159749,0.6,1.716,3,0.3996,0.1732,0.0824,0.0001,0.1779,0.8379,0.4855,0.88
280,ba1713656a23efbd,91,9.1,0.339484,0.131098,7.9,2.661,0,0.6124,0.1475,0.1345,0.0,0.1658,0.7119,0.5371,0.28
281,e62964122151d2d3,91,9.1,0.304452,0.231901,4.6,4.637,0,0.2821,0.1819,0.2667,0.0,0.2276,0.4485,0.8808,0.72
282,c07cf9f7267d1139,91,9.1,0.20648,0.110761,2.9,1000000.0,0,0.5905,0.3483,0.7065,0.0261,1.0,0.0,0.0,0.28
283,be8941129a0ee510,91,9.1,0.232451,0.210997,6.5,22.57,0,0.3281,0.2545,0.1173,0.0001,0.3949,0.0,0.8827,0.64
284,252cbe86329890bf,91,9.1,0.305044,0.227122,1.3,2.362,0,0.315,0.1852,0.0506,0.0004,0.2461,0.7517,0.7889,0.6
285,c2cd6e448c6ae415,91,9.1,0.199904,0.110079,1.6,1000000.0,0,0.1728,0.4098,0.3428,0.0002,0.1712,0.0,0.887,0.64
286,3c0bf66646ef9174,91,9.1,0.312067,0.132578,0.2,1000000.0,0,0.6135,1.0,1.0,0.0015,0.2862,0.0,0.453,0.76
287,282ffcb8d5729bbe,91,9.1,0.221694,0.18327,8.8,7.308,0,0.1137,0.2372,0.1703,0.006,0.3522,0.0922,0.6144,1.0
288,b700513762bce38d,91,9.1,0.100427,0.059655,0.3,1000000.0,0,0.41,0.1867,0.2594,0.0016,0.3051,0.0,0.0,0.04
289,b0c8ca12943a4473,91,9.1,0.196924,0.16247,8.9,7.396,0,0.3248,0.2777,0.1333,0.0005,0.3545,0.0806,0.6265,0.36
290,7c44c38c81c8cf1,91,9.1,0.189369,0.182889,8.2,16.914,0,0.023,0.1422,0.0671,0.0,0.156,0.0,0.8805,0.56
291,36027473dc7e8f2a,91,9.1,0.180638,0.109026,8.6,8.768,0,0.4985,0.3696,0.4492,0.0003,0.2051,0.0,0.0,1.0
292,5ee33639467c1d0d,91,9.1,0.20218,0.198415,8.1,1000000.0,0,0.0001,0.0009,0.0024,0.0,0.2058,0.0,0.8781,0.76
293,77c7e96c42235f3d,91,9.1,0.192892,0.167245,2.0,1000000.0,0,0.5162,0.3029,0.1525,0.0,0.1668,0.0,0.9009,0.24
294,df2da3043ef3a1a,91,9.1,0.339376,0.163738,6.9,5.076,0,0.2552,0.3234,0.7394,0.013,1.0,0.3899,0.5259,0.36
295,8bf256eeea7345eb,91,9.1,0.236738,0.133251,1.3,6.57,0,0.6287,0.1601,0.2013,0.0018,0.3624,0.1907,0.594,0.32
296,832398cb24446f86,91,9.1,0.255137,0.132203,0.1,3.63,0,0.3366,0.7568,0.6755,0.0024,0.6895,0.5827,0.0515,1.0
297,ed0bee32b074f18f,91,9.1,0.342489,0.137012,5.3,4.89,0,0.1156,0.1514,0.3269,0.0087,1.0,0.4146,0.9169,0.44
298,c27f2f13137c2993,91,9.1,0.267744,0.163426,3.3,4.251,0,0.3319,0.0703,0.0908,0.0003,0.6434,0.4999,0.3698,0.32
299,bdb037be2b64d097,91,9.1,0.278446,0.202754,7.0,6.097,0,0.5699,0.372,0.1055,0.0002,0.2796,0.2538,0.6619,1.0
300,dc9228186e52b2bd,91,9.1,0.355713,0.136533,4.5,6.281,0,0.3107,0.3155,0.4275,0.0228,1.0,0.2293,0.7087,0.56
301,699865e3dd2729f8,91,9.1,0.199062,0.064428,6.1,6.593,0,0.0004,0.0115,0.0271,0.0,0.1593,0.1876,0.7732,0.32
302,1b00543618aeccfc,91,9.1,0.294976,0.134496,8.9,3.574,0,0.7118,0.185,0.2709,0.0001,0.2572,0.5901,0.3033,0.36
303,9d0e167cd06f7a9,91,9.1,0.18715,0.137077,0.2,11.653,0,0.4059,0.1271,0.2008,0.0003,0.198,0.0,0.53,0.52
304,6db9e0eb0281fb1f,91,9.1,0.195578,0.099493,0.0,1000000.0,0,0.0005,0.0067,0.0246,0.0,0.024,0.0,0.8663,1.0
305,a8950b482fd82f5e,91,9.1,0.110121,0.044609,6.1,20.137,0,0.0001,0.0009,0.0039,0.0,0.1252,0.0,0.4737,0.52
306,c4ce5dbcbb3c2fa2,91,9.1,0.264644,0.148654,0.7,6.585,0,0.4358,0.3031,0.6062,0.0072,0.7608,0.1887,0.7834,0.68
307,2f666ac4469de4ff,91,9.1,0.258757,0.256039,0.0,1000000.0,0,0.0001,0.0009,0.0057,0.0,0.9676,0.0,0.5954,0.88
308,3915247dc54b5bdd,91,9.1,0.136917,0.070931,0.7,1000000.0,0,0.0748,0.2404,0.6322,0.0026,0.2984,0.0,0.0,0.64
309,ee1795fd1ac79ff,91,9.1,0.138975,0.118807,2.8,120.498,0,0.0077,0.0772,0.0612,0.0,0.0859,0.0,0.717,0.4
310,b57eb18742d8cfd8,91,9.1,0.171252,0.077631,1.2,1000000.0,0,0.3759,0.3703,0.8735,0.0022,0.316,0.0,0.0,0.36
311,e3f6fc058016cc67,91,9.1,0.307838,0.067106,8.5,4.028,0,0.2064,0.4571,0.6568,0.0,0.1967,0.5297,0.8595,0.24
312,b812dd827342439e,91,9.1,0.120948,0.072916,7.8,1000000.0,0,0.3788,0.2493,0.0841,0.0,0.1848,0.0,0.4795,0.36
313,da87d3c91ae8fe5,91,9.1,0.197374,0.06546,8.9,3.999,0,0.3317,0.1812,0.2351,0.0001,0.1796,0.5334,0.0,0.24
314,84ba548f777fc5b,91,9.1,0.21429,0.178935,8.4,38.277,0,0.0843,0.2285,0.0853,0.0003,0.1647,0.0,0.8804,0.76
315,ac4e4e544b5915ce,91,9.1,0.202266,0.194248,8.6,1000000.0,0,0.0001,0.0008,0.0021,0.0,0.1076,0.0,0.8774,0.96
316,e8af04de7cb2362a,91,9.1,0.262483,0.107683,8.0,1000000.0,0,0.1844,0.3002,0.4364,0.0026,1.0,0.0,0.8971,0.08
317,6874c4e6c99a5076,91,9.1,0.24887,0.233383,5.8,1000000.0,0,0.3366,0.3185,0.1039,0.0,0.3468,0.0,0.8812,1.0
318,1615586dd1af7ce5,91,9.1,0.350351,0.178854,7.2,4.628,0,0.2085,0.3229,0.4356,0.012,1.0,0.4496,0.6649,0.32
319,b0c72ad00400c35c,91,9.1,0.227132,0.170015,8.5,13.827,0,0.1533,0.2048,0.0912,0.001,0.9679,0.0,0.5367,0.76
320,b289cb5a05fae291,91,9.1,0.179225,0.173958,4.4,1000000.0,0,0.0001,0.0017,0.0038,0.0,0.0336,0.0,0.8785,0.72
321,8792f268456d1be8,91,9.1,0.279314,0.150015,1.5,140.488,0,0.4015,0.6938,1.0,0.0,0.2279,0.0,0.504,0.36
322,933fc7cdc3e64d95,91,9.1,0.293706,0.247525,5.7,4.336,0,0.3858,0.1893,0.2587,0.0,0.2064,0.4885,0.8542,0.4
323,57ce1196bacc25ca,91,9.1,0.173717,0.089143,8.9,5.676,0,0.1141,0.1859,0.086,0.0,0.1842,0.3098,0.6597,0.36
324,1917b222f8d0a668,91,9.1,0.40729,0.20612,0.6,5.955,0,0.5262,0.8323,1.0,0.0001,0.1967,0.2726,0.7673,0.32
325,984d7cf5b81d83e0,91,9.1,0.12148,0.091026,0.8,1000000.0,0,0.7231,0.1686,0.1272,0.0001,0.2,0.0,0.2236,0.2
326,67f884d982540cf7,91,9.1,0.323196,0.099949,1.9,2.808,0,0.0001,0.0012,0.0031,0.0,0.1261,0.6922,0.7558,0.56
327,48d048b36fa70de2,91,9.1,0.27488,0.217786,0.2,5.976,0,0.1133,0.1492,0.0431,0.0,0.2173,0.2698,0.8784,1.0
328,ab9213a26198bd26,91,9.1,0.199155,0.185745,2.7,21.048,0,0.4959,0.1098,0.1196,0.0,0.2069,0.0,0.6447,0.72
329,5c7e6e1b380fd48f,91,9.1,0.290945,0.213609,0.2,5.733,0,0.0646,0.1256,0.1364,0.0,0.2269,0.3022,0.8989,0.72
330,a61869ae9013a11,91,9.1,0.201961,0.198745,1.9,1000000.0,0,0.0007,0.0123,0.0313,0.0,0.638,0.0,0.4108,1.0
331,c822ce92a2394f31,91,9.1,0.335852,0.206804,2.9,5.382,0,0.4271,0.5098,1.0,0.0121,1.0,0.349,0.7438,0.88
332,1d0f18e6df81ea31,91,9.1,0.242758,0.112503,3.9,32.785,0,0.3488,0.2984,0.4726,0.0358,0.7107,0.0,0.8647,0.32
333,5c045849033a5efe,91,9.1,0.116197,0.028376,3.2,15.015,0,0.0001,0.001,0.0033,0.0,0.1042,0.0,0.6425,0.12
334,94e0cb51a8969a8e,91,9.1,0.349078,0.207551,3.5,1000000.0,0,0.5391,0.9507,1.0,0.0002,0.2712,0.0,0.6477,1.0
335,b2a426d4a64e5ca9,91,9.1,0.166625,0.08839,1.3,87.698,0,0.225,0.344,0.653,0.0128,0.3866,0.0,0.8322,0.36
336,36d69fec7674b067,91,9.1,0.197736,0.162042,0.4,100.809,0,0.6228,0.0965,0.0788,0.0003,0.236,0.0,0.6735,0.28
337,d48f619bc98de4fb,91,9.1,0.248215,0.182664,2.0,1000000.0,0,0.4797,0.2434,0.1392,0.0007,0.2839,0.0,0.8385,0.8
338,f8c9e30a8424f57f,91,9.1,0.124263,0.110816,2.0,1000000.0,0,1.0,0.1312,0.0783,0.0001,0.1718,0.0,0.0,0.2
339,2d9e1fa2ef1f31e0,91,9.1,0.442926,0.175987,1.4,4.614,0,0.254,0.2938,0.4675,0.0122,1.0,0.4515,0.7042,1.0
340,d19dd86fcec3d3d3,91,9.1,0.220536,0.197717,5.5,1000000.0,0,0.3631,0.2147,0.075,0.0,0.3358,0.0,0.8319,0.6
341,6addf15553bc5fde,91,9.1,0.249904,0.129232,8.5,5.47,0,0.7216,0.1999,0.0732,0.0001,0.2416,0.3373,0.4203,0.4
342,5f6b49e13a560626,91,9.1,0.06801,0.03357,8.6,1000000.0,0,0.0719,0.2032,0.0743,0.0,0.1645,0.0,0.0,0.32
343,4d786e27ba015c5,91,9.1,0.196596,0.170832,1.3,9.291,0,0.0695,0.173,0.1557,0.0026,0.2098,0.0,0.7432,0.8
344,18ae8d9616c01f46,91,9.1,0.147651,0.125764,3.3,7.944,0,0.5852,0.3946,0.1983,0.0,0.165,0.0074,0.5225,0.36
345,2fbc35b96cb84104,91,9.1,0.214204,0.140978,0.2,1000000.0,0,0.7193,0.2315,0.1814,0.0012,0.2377,0.0,0.425,0.92
346,11be030f0cd0b1f3,91,9.1,0.241603,0.218795,7.6,174.39,0,0.0934,0.1595,0.0855,0.0,0.709,0.0,0.8032,0.44
347,108b3c5870494c3f,91,9.1,0.375376,0.116031,1.0,2.02,0,0.0621,0.0854,0.187,0.0002,0.2474,0.7973,0.6788,0.92
348,7c1e237378848efb,91,9.1,0.23679,0.176,8.7,1000000.0,0,0.4249,0.2878,0.2178,0.0034,1.0,0.0,0.5628,1.0
349,23aa5db4a93a88b7,91,9.1,0.24751,0.183883,0.1,6.201,0,0.0639,0.1933,0.1129,0.0,0.164,0.2399,0.8844,0.64
350,287c7b17842844ae,91,9.1,0.228015,0.200599,0.2,40.527,0,0.4043,0.1961,0.2975,0.0,0.1804,0.0,0.7482,0.76
351,afad60cff0771867,91,9.1,0.184501,0.121315,4.7,6.268,0,0.5556,0.3572,0.1809,0.0002,0.3464,0.2309,0.0,0.84
352,fcf03314e2c303ac,91,9.1,0.157859,0.156551,8.9,1000000.0,0,0.0001,0.0016,0.0024,0.0,0.0212,0.0,0.8734,0.4
353,58fc1a44cbe4d0ea,91,9.1,0.243995,0.189534,5.2,6.613,0,0.1883,0.14,0.132,0.0001,0.1965,0.1849,0.8516,0.76
354,5b97a43c399d7159,91,9.1,0.385432,0.114555,0.7,1.695,6,0.0001,0.0009,0.0026,0.0,0.0958,0.8407,0.8503,0.64
355,e8c9994c31de4aee,91,9.1,0.283978,0.172267,1.9,3.057,0,0.5459,0.2626,0.1691,0.0005,0.2777,0.6591,0.563,0.52
356,afeb1d190fda6860,91,9.1,0.208858,0.184642,3.7,16.637,0,0.1837,0.1939,0.3012,0.0002,0.1797,0.0,0.8337,0.72
357,1b6cba4db8a89952,91,9.1,0.156388,0.079777,0.5,7.538,0,0.1466,0.1446,0.2164,0.0,0.247,0.0616,0.5825,0.28
358,85ca1fbab328064c,91,9.1,0.198763,0.104665,1.2,9.222,0,0.337,0.2942,0.5089,0.0042,1.0,0.0,0.2657,0.2
359,84f68dc541dfff0d,91,9.1,0.205629,0.183923,0.2,20.688,0,0.0157,0.0938,0.0592,0.0,0.1564,0.0,0.8762,0.72
360,e0a69cea2ac0a03d,91,9.1,0.277425,0.140423,8.6,5.02,0,0.1633,0.259,0.2473,0.0097,0.3977,0.3974,0.7467,1.0
361,f8f82b537895d977,91,9.1,0.186924,0.155179,7.6,14.871,0,0.5255,0.0932,0.0853,0.0,0.23,0.0,0.4923,0.68
362,9be728278c14cc45,91,9.1,0.202228,0.115444,1.5,1000000.0,0,0.5627,0.0521,0.0974,0.0002,0.2047,0.0,0.8009,0.28
363,6758cb8c636bc2d8,91,9.1,0.175364,0.175044,0.0,1000000.0,0,0.0001,0.0016,0.0038,0.0,0.9573,0.0,0.0,1.0
364,59221b3fe9bcca67,91,9.1,0.431345,0.196311,5.3,4.428,0,0.2138,0.3198,0.6263,0.0096,1.0,0.4762,0.8642,1.0
365,6d94cddb6f836b2f,91,9.1,0.405641,0.247853,5.6,1.776,3,0.2562,0.0773,0.0861,0.002,0.5459,0.8299,0.6291,0.72
366,7894e33b7a95dc3b,91,9.1,0.359987,0.162549,7.3,4.679,0,0.4071,0.4135,0.9485,0.0003,0.2928,0.4428,0.5866,0.32
367,e16f854d2929ff1,91,9.1,0.242002,0.23101,1.1,10.6,0,0.1962,0.2132,0.0689,0.0,0.4771,0.0,0.8823,0.72
368,7d2a4ddbb01a56ae,91,9.1,0.354358,0.190853,6.2,2.721,0,0.4866,0.2013,0.1578,0.001,0.4335,0.7039,0.4551,0.68
369,724493c130d4df84,91,9.1,0.203096,0.157148,5.6,32.619,0,0.0219,0.1059,0.1471,0.0,0.2597,0.0,0.6495,1.0
370,a02ae255a7476e1b,91,9.1,0.272231,0.144077,0.5,4.667,0,0.3133,0.451,0.6481,0.0159,0.8037,0.4444,0.4674,0.44
371,6ff70aa8c996a8f2,91,9.1,0.250188,0.219566,0.6,20.288,0,0.5599,0.2585,0.1742,0.0004,0.4569,0.0,0.637,1.0
372,bcf33b59779c12aa,91,9.1,0.161053,0.149295,3.2,343.089,0,0.3268,0.076,0.0848,0.0,0.162,0.0,0.7135,0.08
373,1b6c5d321c087cc7,91,9.1,0.381147,0.108284,3.8,2.649,0,0.386,0.3725,0.6311,0.0007,0.7863,0.7135,0.4421,0.16
374,7eef5cca2496bc87,91,9.1,0.174358,0.089091,5.1,10.699,0,0.2591,0.2569,0.0455,0.0003,0.2571,0.0,0.7418,0.32
375,2ce83889a8cb009d,91,9.1,0.207828,0.179706,2.0,20.073,0,0.3586,0.1648,0.1262,0.0006,0.2862,0.0,0.8129,0.76
376,324e4a8dc5c63543,91,9.1,0.19131,0.175723,4.2,7.608,0,0.0829,0.0835,0.0354,0.0,0.1871,0.0523,0.8748,0.56
377,72a5ecacbb0436ba,91,9.1,0.226466,0.099279,2.9,7.288,0,0.3036,0.4259,0.723,0.01,1.0,0.0949,0.2784,0.2
378,a1b71abb716b5962,91,9.1,0.297,0.14593,6.9,3.184,0,0.2285,0.2761,1.0,0.0137,1.0,0.6421,0.5153,0.32
379,cfded1526afda6e,91,9.1,0.205307,0.051115,2.9,6.278,0,0.0001,0.0009,0.0025,0.0,0.0776,0.2296,0.7498,0.52
380,45af4952f59d471c,91,9.1,0.247328,0.169537,9.0,10.414,0,0.1913,0.3012,0.766,0.0143,1.0,0.0,0.0364,0.4
381,3d3ebb4ef6efe9a8,91,9.1,0.298243,0.118476,0.5,3.938,0,0.3198,0.3581,0.6479,0.0192,1.0,0.5416,0.7174,0.16
382,5c00891d3dee045a,91,9.1,0.2124,0.211561,6.6,1000000.0,0,0.0,0.0009,0.0027,0.0,0.1767,0.0,0.8726,1.0
383,6d4264e2f4092f06,91,9.1,0.112906,0.084319,6.2,1000000.0,0,0.5441,0.3866,0.1808,0.0001,0.2139,0.0,0.0,0.28
384,f1865cf55f090ee0,91,9.1,0.342102,0.292308,2.1,2.949,0,0.3969,0.1997,0.2285,0.0001,0.2914,0.6734,0.7864,0.84
385,40ade856b1ce6bb,91,9.1,0.185605,0.156392,2.0,14.514,0,0.6893,0.2359,0.1151,0.0002,0.2425,0.0,0.4793,0.72
386,e6f0ef540cb005f0,91,9.1,0.187501,0.174154,2.9,333.145,0,0.4188,0.3198,0.1088,0.0,0.2232,0.0,0.8674,0.44
387,6d618f9eb7324212,91,9.1,0.220916,0.189064,6.9,1000000.0,0,0.6633,0.1918,0.1866,0.0001,0.3342,0.0,0.7911,0.4
388,d89b671818d994f3,91,9.1,0.304185,0.191051,5.9,3.08,0,0.3689,0.2213,0.0464,0.0,0.1735,0.656,0.6227,0.44
389,12ebcc6d97dddbe6,91,9.1,0.142875,0.101815,0.4,8.4,0,0.3465,0.346,0.1317,0.0009,0.603,0.0,0.0,0.6
390,6dcb7564a95b1244,91,9.1,0.351362,0.14491,4.7,2.532,0,0.2864,0.4015,0.7467,0.001,0.2503,0.729,0.6967,0.28
391,5d220e560c82ab80,91,9.1,0.197358,0.171372,7.7,34.038,0,0.1418,0.2985,0.1002,0.0,0.1606,0.0,0.8802,0.44
392,7f01b8f3bd7c6909,91,9.1,0.097805,0.084248,7.3,262.052,0,0.7215,0.0325,0.0649,0.0,0.2367,0.0,0.0,0.16
393,6c8deaf33f7ea2a,91,9.1,0.056305,0.014891,9.0,1000000.0,0,0.0315,0.2251,0.1376,0.0,0.1434,0.0,0.0,0.08
394,5ffa7c0873f841fd,91,9.1,0.211624,0.051661,6.8,5.534,0,0.0148,0.0583,0.0689,0.0,0.1682,0.3288,0.7392,0.28
395,bf2c8fc47ba65fa4,91,9.1,0.143262,0.093891,0.4,1000000.0,0,0.1036,0.1363,0.0538,0.0,0.1726,0.0,0.5413,0.68
396,9fa49863fbf42faa,91,9.1,0.578401,0.359036,1.3,2.783,0,0.3116,0.4689,0.6532,0.0474,1.0,0.6956,0.8413,1.0
397,1951ad8cad5f39fe,91,9.1,0.239419,0.221025,0.1,10.334,0,0.083,0.1549,0.0803,0.0,0.2593,0.0,0.8783,1.0
398,48855c5edb2ee010,91,9.1,0.22176,0.055397,8.7,5.828,0,0.2801,0.2169,0.3156,0.0,0.1736,0.2895,0.7832,0.4
399,8b390bf162d69832,91,9.1,0.108161,0.088518,0.1,9.539,0,0.5297,0.2006,0.082,0.0002,0.3086,0.0,0.1843,0.44
400,254bec66d8670f71,91,9.1,0.368023,0.108282,6.8,2.246,0,0.3921,0.2106,0.0379,0.0,0.1657,0.7672,0.7829,0.36
401,76044e29fdbe8d64,91,9.1,0.311637,0.28088,1.7,32.223,0,0.0001,0.0016,0.0039,0.0,0.9771,0.0,0.8951,1.0
402,a1a8f03474a7616b,91,9.1,0.154024,0.056208,0.8,13.641,0,0.0002,0.002,0.0031,0.0,0.0799,0.0,0.7703,0.56
403,439de32c04c4f1ce,91,9.1,0.133021,0.093943,0.1,1000000.0,0,0.4002,0.1485,0.2268,0.0007,0.4357,0.0,0.33,0.24
404,fe351ebe81b9a8bd,91,9.1,0.215287,0.174504,4.8,6.279,0,0.3462,0.1408,0.127,0.0,0.2039,0.2295,0.7151,0.88
405,94ab554a1427b352,91,9.1,0.292658,0.141981,6.1,5.064,0,0.4611,0.416,0.9217,0.013,1.0,0.3914,0.3297,0.52
406,23b6cd50f12dcf96,91,9.1,0.144409,0.121428,9.0,10.752,0,0.6277,0.2654,0.1011,0.0,0.1811,0.0,0.3777,0.4
407,f113f6469c7d6e54,91,9.1,0.195444,0.104676,4.0,5.592,0,0.3904,0.4432,0.5957,0.0133,1.0,0.3211,0.0051,0.28
408,156a91bbdcd531af,91,9.1,0.270565,0.227456,1.9,6.569,0,0.1921,0.1804,0.2477,0.0,0.2986,0.1908,0.8462,1.0
409,d055c4730b14ad66,91,9.1,0.196821,0.192507,0.0,1000000.0,0,0.0001,0.0008,0.0024,0.0,0.1888,0.0,0.8557,0.76
410,71ab595717ed3e73,91,9.1,0.259495,0.215991,0.1,9.603,0,0.2133,0.3576,0.3108,0.0002,0.2917,0.0,0.7934,1.0
411,5f1afb242983d951,91,9.1,0.24306,0.177453,0.2,8.486,0,0.227,0.2157,0.4362,0.0003,0.9318,0.0,0.3083,1.0
412,576bf1042ea00349,91,9.1,0.150289,0.104176,3.3,1000000.0,0,0.5472,0.4862,0.1564,0.0003,0.1703,0.0,0.0245,0.76
413,2584afbbc6e4cdc3,91,9.1,0.099883,0.076885,9.0,1000000.0,0,0.0256,0.1764,0.1022,0.0,0.3735,0.0,0.0,0.6
414,ca40f196134f0a87,91,9.1,0.217695,0.195143,2.4,23.813,0,0.4578,0.1595,0.156,0.0019,0.3874,0.0,0.8096,0.56
415,968e235c45266c77,91,9.1,0.360251,0.11893,4.8,5.516,0,0.5057,0.4876,0.8378,0.0291,0.6724,0.3311,0.348,0.36
416,b2afae1442e61a33,91,9.1,0.284503,0.120815,6.5,4.302,0,0.0,0.0008,0.0022,0.0,0.1643,0.4931,0.6625,0.84
417,45191a522cb5f6dc,91,9.1,0.146796,0.12373,0.0,1000000.0,0,0.7223,0.0264,0.0427,0.0,0.1641,0.0,0.3788,0.24
418,a07f81f679b534d7,91,9.1,0.220482,0.189957,0.1,9.689,0,0.3448,0.1846,0.2792,0.0004,0.3964,0.0,0.7242,0.56
419,70753736708d0926,91,9.1,0.195886,0.192409,1.0,89.312,0,0.0001,0.0013,0.0045,0.0,0.1476,0.0,0.8823,0.76
420,a3e51d70ac4cd4e8,91,9.1,0.238664,0.147014,8.0,5.108,0,0.1561,0.2515,0.4295,0.0124,1.0,0.3856,0.717,0.24
421,8e9ddf7da03d5f74,91,9.1,0.047975,0.040648,1.9,1000000.0,0,0.0001,0.0011,0.0032,0.0,0.1189,0.0,0.0,0.56
422,e18d00d79e1c2b67,91,9.1,0.061401,0.049873,8.9,1000000.0,0,0.41,0.0406,0.0602,0.0,0.1657,0.0,0.0,0.08
423,2963c3607b8019b9,91,9.1,0.318462,0.235918,4.6,4.117,0,0.3316,0.1952,0.0447,0.0002,0.2922,0.5178,0.8771,0.56
424,6f603eb0d92fd04d,91,9.1,0.388489,0.171291,2.8,3.329,0,0.3038,0.3571,0.841,0.0104,0.5189,0.6228,0.6089,0.56
425,2cfc5395b5e87796,91,9.1,0.267458,0.102349,5.0,3.519,0,0.3915,0.1825,0.0929,0.0006,0.5189,0.5975,0.1878,0.4
426,46fc93fc9a8e2a33,91,9.1,0.274071,0.107658,3.7,4.449,0,0.0,0.0008,0.0021,0.0,0.2481,0.4734,0.6699,0.64
427,de564efeea2c6384,91,9.1,0.219722,0.207481,2.5,24.988,0,0.0878,0.1032,0.0833,0.0,0.3258,0.0,0.8538,0.6
428,6eecaa1e51147544,91,9.1,0.341595,0.207954,8.9,4.714,0,0.247,0.3112,0.1414,0.0002,0.582,0.4382,0.8801,0.48
429,78d7d4788db7a6e2,91,9.1,0.187975,0.18507,1.7,1000000.0,0,0.0001,0.0033,0.0146,0.0,0.1841,0.0,0.8803,0.56
430,40e5b92009508249,91,9.1,0.157402,0.061754,7.9,10.29,0,0.1791,0.2382,0.5025,0.0196,0.3126,0.0,0.2805,0.2
431,79ce5b7b04ef3708,91,9.1,0.334426,0.270959,3.3,4.046,0,0.2619,0.2046,0.0452,0.0001,0.2109,0.5272,0.8818,1.0
432,3e921da7bc641fba,91,9.1,0.335451,0.089744,7.7,2.949,0,0.3922,0.3001,0.0896,0.0,0.2071,0.6735,0.7282,0.6
433,d4f5a86214666dbf,91,9.1,0.179905,0.157552,0.5,68.737,0,0.6317,0.0708,0.0676,0.0,0.1801,0.0,0.5424,0.4
434,8c26af982ef53980,91,9.1,0.194005,0.174325,4.9,7.65,0,0.4647,0.274,0.1321,0.0,0.1714,0.0467,0.8101,0.28
435,3a924f158a0c92da,91,9.1,0.285796,0.078459,2.7,3.371,0,0.0001,0.0007,0.0025,0.0,0.145,0.6172,0.6321,0.4
436,3bfe1c4434891625,91,9.1,0.301285,0.198914,8.9,4.704,0,0.5114,0.2763,0.2053,0.0,0.3043,0.4394,0.786,0.32
437,3966a6c29ba3bcfd,91,9.1,0.362313,0.105982,1.3,2.922,0,0.0,0.0008,0.0018,0.0,0.3165,0.6771,0.7931,0.64
438,70c6130ecb2e9192,91,9.1,0.096327,0.067599,0.7,1000000.0,0,0.5495,0.1339,0.3501,0.0002,0.1663,0.0,0.0,0.04
439,82c7b3567cb6c722,91,9.1,0.314479,0.11813,6.5,2.329,0,0.724,0.1504,0.1198,0.0,0.1693,0.7562,0.227,0.44
440,9614ed9f13187cfd,91,9.1,0.322295,0.26136,4.3,3.735,0,0.3574,0.2083,0.046,0.0,0.1798,0.5687,0.8799,0.68
441,22d5b8b9c686c0dd,91,9.1,0.265591,0.089018,3.8,4.45,0,0.0001,0.0029,0.0149,0.0,0.1484,0.4733,0.7027,0.52
442,743e7fa6974a671c,91,9.1,0.338635,0.122014,0.9,3.064,0,0.7124,0.3176,0.0998,0.0002,0.1802,0.6582,0.4111,0.56
443,bfc7353edb82e8d9,91,9.1,0.244592,0.178783,8.6,6.199,0,0.2792,0.1409,0.0609,0.0,0.1638,0.2402,0.8423,0.64
444,f5a22035edae03b8,91,9.1,0.274035,0.081951,3.4,2.057,0,0.0822,0.1306,0.1611,0.0002,0.4543,0.7924,0.7963,0.16
445,2385b23fda1d6de1,91,9.1,0.167178,0.164399,9.0,1000000.0,0,0.0001,0.0014,0.0035,0.0,0.1685,0.0,0.8826,0.24
446,5b35fe3b4d49a4be,91,9.1,0.262687,0.134214,1.3,1000000.0,0,0.5856,0.5873,1.0,0.0,0.2619,0.0,0.292,0.4
447,89feb1cee42969c7,91,9.1,0.177089,0.089069,2.8,6.374,0,0.5037,0.1947,0.0526,0.0,0.1829,0.2168,0.3714,0.12
448,6f9a99944247ce41,91,9.1,0.192951,0.188536,9.0,39.182,0,0.0001,0.0008,0.0031,0.0,0.0827,0.0,0.8828,0.84
449,8688d021b49fd104,91,9.1,0.179667,0.0873,1.0,10.077,0,0.1928,0.3413,0.1434,0.0,0.1965,0.0,0.7895,0.6
450,8103c5f015d71371,91,9.1,0.220558,0.19384,7.7,157.91,0,0.0518,0.1752,0.1012,0.0,0.3582,0.0,0.8644,0.56
451,daf1f33e500b42e5,91,9.1,0.433864,0.207784,4.9,2.065,0,0.246,0.08,0.067,0.02,0.8769,0.7914,0.5856,1.0
452,a02e679f2df464fb,91,9.1,0.243093,0.123768,1.9,1000000.0,0,0.0001,0.0008,0.002,0.0,0.7142,0.0,0.8275,0.56
453,563cc1bafc123812,91,9.1,0.320354,0.098493,5.9,3.01,0,0.0001,0.0011,0.0034,0.0,0.1027,0.6653,0.7509,0.52
454,ffc4eb6bb4e38dfc,91,9.1,0.39012,0.172113,0.8,1.882,2,0.4699,0.4459,0.8925,0.0007,0.669,0.8158,0.2726,0.72
455,e92075d8e04eac6a,91,9.1,0.163912,0.093075,7.9,145.168,0,0.7249,0.0289,0.0631,0.0,0.1836,0.0,0.4958,0.12
456,ad7c153ce00284ad,91,9.1,0.171979,0.113705,3.6,13.868,0,0.0001,0.0009,0.0024,0.0,0.1373,0.0,0.7486,0.84
457,733d9d3c58236e38,91,9.1,0.202817,0.176078,3.3,8.415,0,0.5439,0.3825,0.1746,0.0,0.2311,0.0,0.6124,0.44
458,7ff2aaf8972d4178,91,9.1,0.296482,0.202033,2.4,3.74,0,0.1412,0.1978,0.0992,0.0002,0.9036,0.5679,0.8543,0.28
459,3d3395d36bcff72d,91,9.1,0.252482,0.151877,6.7,7.813,0,0.0001,0.0019,0.0047,0.0,0.6559,0.025,0.9174,0.64
460,4fa2b889fb39d6b9,91,9.1,0.166524,0.133346,9.0,8.623,0,0.7176,0.3219,0.0719,0.0001,0.2473,0.0,0.3574,0.36
461,1154a477aeaf5c3d,91,9.1,0.149842,0.044499,3.6,9.957,0,0.0001,0.001,0.0031,0.0,0.1242,0.0,0.8184,0.24
462,39616fbcbf5ee41e,91,9.1,0.166281,0.10053,2.6,19.402,0,0.0001,0.0011,0.0036,0.0,0.1409,0.0,0.8192,0.48
463,3468e9dd85b384f7,91,9.1,0.219151,0.197117,4.7,44.239,0,0.6347,0.1523,0.1923,0.0003,0.5172,0.0,0.5017,0.32
464,34565a44b5562ae4,91,9.1,0.487361,0.209517,8.4,2.06,0,0.5131,0.3408,0.7041,0.0315,1.0,0.792,0.8261,0.72
465,59482d571cdd56e2,91,9.1,0.201432,0.194235,6.3,1000000.0,0,0.0,0.0007,0.0019,0.0,0.1731,0.0,0.8357,0.92
466,51c0b1aecdac2ba4,91,9.1,0.250248,0.200735,6.6,12.271,0,0.4469,0.1994,0.18,0.0006,0.8504,0.0,0.5356,0.92
467,f009d1ee29480fb8,91,9.1,0.48896,0.146729,1.3,1.539,4,0.1861,0.2517,0.4725,0.0154,0.7179,0.8614,0.7248,0.72
468,4d2115a01cfe8e0e,91,9.1,0.221455,0.136893,6.8,1000000.0,0,0.6242,0.1779,0.1382,0.0001,0.1814,0.0,0.8218,0.64
469,d5a19f87327f78a1,91,9.1,0.232647,0.198092,4.2,1000000.0,0,0.5957,0.2675,0.3936,0.0005,0.2127,0.0,0.5994,1.0
470,e5dc77c51febae48,91,9.1,0.174276,0.132286,1.8,1000000.0,0,0.5117,0.1513,0.2156,0.0001,0.1683,0.0,0.6423,0.24
471,461ebe669e731e05,91,9.1,0.046035,0.042407,1.7,1000000.0,0,0.0001,0.0007,0.0022,0.0,0.1223,0.0,0.0,0.52
472,1899b3e5726e61de,91,9.1,0.285886,0.153993,0.5,1000000.0,0,0.3527,0.4223,0.7633,0.0002,0.3192,0.0,0.6779,0.36
473,a78512eda485e131,91,9.1,0.27012,0.151911,7.0,5.527,0,0.6648,0.4003,0.2053,0.0002,0.1584,0.3298,0.6895,0.16
474,316005f07346ef04,91,9.1,0.447085,0.167959,4.5,2.308,0,0.3781,0.345,0.8418,0.0153,0.9623,0.7589,0.7108,0.36
475,b61a0b06334d0d7e,91,9.1,0.277314,0.165365,2.9,5.303,0,0.265,0.4527,0.5533,0.0001,0.4089,0.3595,0.6466,1.0
476,d3c657ef920b468b,91,9.1,0.191916,0.189678,9.0,1000000.0,0,0.0001,0.0018,0.0037,0.0,0.2339,0.0,0.8807,0.52
477,afa64f63463985d4,91,9.1,0.224506,0.095697,8.4,21.623,0,0.4433,0.6591,1.0,0.0115,1.0,0.0,0.0,0.28
478,50898662a33aa7c5,91,9.1,0.325746,0.143343,7.7,7.449,0,0.724,0.7719,1.0,0.0,0.1763,0.0734,0.4814,0.28
479,da48efa439080fc1,91,9.1,0.184397,0.170136,2.3,24.241,0,0.3091,0.2486,0.1013,0.0,0.1654,0.0,0.8054,0.32
480,c71c0c9e5455f168,91,9.1,0.303353,0.172277,0.1,3.425,0,0.456,0.5432,0.8163,0.0162,1.0,0.61,0.615,0.48
481,7603b1defe38d917,91,9.1,0.151395,0.089498,5.0,7.788,0,0.0001,0.0008,0.0021,0.0,0.1788,0.0283,0.7053,0.44
482,47db200ce74ffc7d,91,9.1,0.226372,0.215284,8.2,1000000.0,0,0.4381,0.1611,0.0859,0.0004,0.2487,0.0,0.7045,1.0
483,b6fad8865a6de6bd,91,9.1,0.233699,0.22189,5.1,1000000.0,0,0.3652,0.207,0.0659,0.0002,0.2843,0.0,0.8583,1.0
484,45281562861c8454,91,9.1,0.188243,0.158941,8.2,7.608,0,0.1813,0.1147,0.1796,0.0,0.1871,0.0523,0.8686,0.52
485,f22c1363a3642df,91,9.1,0.207918,0.178495,6.2,1000000.0,0,0.2986,0.1923,0.1319,0.0009,0.2125,0.0,0.8057,0.64
486,7f0cd076c459261d,91,9.1,0.200602,0.182405,0.4,111.508,0,0.5494,0.1445,0.1366,0.0001,0.1996,0.0,0.6786,0.6
487,c59b420f907d7cfa,91,9.1,0.283986,0.174378,4.1,4.978,0,0.6577,0.3188,0.2369,0.001,1.0,0.4029,0.4741,0.24
488,aaad0f9459a26250,91,9.1,0.190291,0.171164,3.1,1000000.0,0,0.2065,0.1833,0.0758,0.0,0.1711,0.0,0.8599,0.4
489,4b5c0231e56ee8d7,91,9.1,0.198763,0.18065,0.0,10.725,0,0.0347,0.1042,0.0448,0.0,0.167,0.0,0.8828,0.64
490,efe171ef425e5e73,91,9.1,0.251005,0.184993,0.8,11.382,0,0.3976,0.255,0.1675,0.0021,0.8336,0.0,0.8186,0.72
491,98693db1c6c0b5f0,91,9.1,0.185193,0.180699,7.2,43.534,0,0.0001,0.0009,0.0035,0.0,0.16,0.0,0.8819,0.56
492,137b0f01900c1af5,91,9.1,0.110919,0.070452,0.2,1000000.0,0,0.1498,0.2244,0.2031,0.0008,0.3784,0.0,0.0,0.48
493,baa89a06138304f6,91,9.1,0.208276,0.207756,4.4,1000000.0,0,0.0001,0.0009,0.0022,0.0,0.1361,0.0,0.878,1.0
494,a3d1e2b566a84dbd,91,9.1,0.308111,0.136273,8.9,4.917,0,0.1864,0.3647,0.4848,0.0239,0.1684,0.4111,0.8783,0.56
495,94a3057e1530e316,91,9.1,0.044962,0.043603,8.2,8.142,0,0.0001,0.0013,0.0071,0.0,0.1727,0.0,0.0,0.4
496,dcb8c955a6b9ee22,91,9.1,0.327709,0.2285,2.0,11.074,0,0.5758,0.6535,1.0,0.0001,0.276,0.0,0.6646,0.44
497,f1c30ee13bf6738b,91,9.1,0.229452,0.213324,7.9,117.08,0,0.0591,0.2422,0.1101,0.0,0.2008,0.0,0.8826,1.0
498,2b0aedbd76cf2330,91,9.1,0.216346,0.136155,5.1,1000000.0,0,0.6432,0.0422,0.0575,0.0003,0.2735,0.0,0.8075,0.4
499,504f73a594027956,91,9.1,0.139593,0.094517,6.6,1000000.0,0,0.549,0.3647,0.2026,0.0001,0.1612,0.0,0.0,0.72
500,1e1c1effd1fd42c3,91,9.1,0.110829,0.095822,8.9,36.873,0,0.1269,0.0939,0.168,0.0001,0.244,0.0,0.0,1.0
501,eeb77c413de41eaf,91,9.1,0.179073,0.119879,1.0,1000000.0,0,0.6025,0.3219,0.3781,0.0096,0.4204,0.0,0.0316,1.0
502,aa84e3e88a97c581,91,9.1,0.217496,0.144087,7.5,1000000.0,0,0.5008,0.21,0.3377,0.0014,0.2007,0.0,0.861,0.36
503,59ec47d06c78e658,91,9.1,0.293023,0.148555,1.0,5.585,0,0.143,0.2226,0.1405,0.0003,0.6996,0.322,0.7719,0.36
504,c6d49299f9cacc76,91,9.1,0.168632,0.165328,0.0,221.865,0,0.0001,0.0012,0.003,0.0,0.1208,0.0,0.834,0.48
505,9259bb76571fc43d,91,9.1,0.20687,0.089966,1.5,1000000.0,0,0.0196,0.185,0.251,0.0,0.1725,0.0,0.8295,1.0
506,a0faf2b1bc62a137,91,9.1,0.1764,0.115449,0.9,29.677,0,0.4532,0.1636,0.109,0.0009,0.2124,0.0,0.4656,1.0
507,3c3f2db908e51de6,91,9.1,0.308789,0.14882,7.3,3.72,0,0.0454,0.1094,0.0436,0.0,0.2065,0.5707,0.7178,0.68
508,20da6a84a8dd6883,91,9.1,0.444107,0.20272,4.0,4.562,0,0.5268,0.7601,1.0,0.0,0.1704,0.4585,0.7631,0.12
509,2ac18d5cb3a62001,91,9.1,0.185775,0.180832,7.6,1000000.0,0,0.0001,0.0007,0.0017,0.0,0.1553,0.0,0.8732,0.6
510,1d9d5040f371f312,91,9.1,0.313031,0.201578,3.4,2.282,0,0.402,0.1353,0.1735,0.0001,0.3689,0.7624,0.4506,0.6
511,ac530e939f758bfd,91,9.1,0.31262,0.246153,8.7,4.656,0,0.4069,0.2425,0.078,0.0,0.3716,0.4458,0.7653,0.88
512,75fec86b09913e78,91,9.1,0.191855,0.171295,4.2,128.59,0,0.3378,0.3034,0.0913,0.0001,0.1669,0.0,0.8842,0.36
513,19efb29dcef7a034,91,9.1,0.368077,0.145791,8.1,1.87,5,0.0001,0.0012,0.0045,0.0,0.1671,0.8174,0.8365,0.44
514,b2bc8106e6d27cc4,91,9.1,0.189244,0.166582,1.1,13.072,0,0.6556,0.1576,0.1204,0.0001,0.1956,0.0,0.5442,0.56
515,bb7878c7679dcbab,91,9.1,0.375651,0.201534,8.6,2.57,0,0.1233,0.3466,0.4539,0.0154,1.0,0.724,0.893,0.28
516,1dc1ccc6abc79efa,91,9.1,0.204223,0.174116,6.4,1000000.0,0,0.5165,0.402,0.2209,0.0002,0.193,0.0,0.8755,0.84
517,83d7e71abff67e62,91,9.1,0.272351,0.150333,8.8,12.257,0,0.498,0.8366,1.0,0.0002,0.1815,0.0,0.405,0.32
518,a8a67cbbcf715f0a,91,9.1,0.402977,0.185497,2.7,2.223,0,0.3816,0.4006,0.2525,0.0,0.208,0.7703,0.8319,0.36
519,fa57444190a0dbb,91,9.1,0.480735,0.277142,3.2,3.488,0,0.3983,0.5042,0.7401,0.0007,1.0,0.6016,0.8787,0.24
520,7be64af3159a6447,91,9.1,0.032668,0.026521,9.0,1000000.0,0,0.001,0.0139,0.0293,0.0,0.191,0.0,0.0,0.16
521,23e051bd92481588,91,9.1,0.225819,0.20217,8.4,11.667,0,0.1715,0.1936,0.096,0.0,0.2423,0.0,0.8578,0.84
522,e22c051e370f6dfe,91,9.1,0.264879,0.154297,0.6,36.641,0,0.4195,0.3496,0.8117,0.0066,0.2111,0.0,0.5498,0.64
523,2e7e6161f8937471,91,9.1,0.18299,0.170336,5.3,107.841,0,0.4026,0.0636,0.0552,0.0,0.1751,0.0,0.682,0.44
524,41b791ccb8b7baf5,91,9.1,0.288223,0.107929,2.4,3.219,0,0.7167,0.3713,0.1559,0.0,0.1632,0.6375,0.2667,0.04
525,8c24dfc57f492a91,91,9.1,0.298704,0.195534,2.4,7.366,0,0.5673,0.2159,0.2505,0.0011,1.0,0.0846,0.6469,0.76
526,5f8b6c3531dbff36,91,9.1,0.278966,0.106132,1.6,5.335,0,0.0001,0.0009,0.0034,0.0,0.1528,0.3553,0.8322,0.8
527,a69de55faf693713,91,9.1,0.214389,0.177223,0.1,1000000.0,0,0.4892,0.1625,0.2314,0.0,0.2224,0.0,0.699,0.52
528,1fc08e169b46faff,91,9.1,0.359317,0.262798,2.9,3.374,0,0.2897,0.2465,0.274,0.0,0.2398,0.6169,0.8838,0.84
529,4aeefe037493f4fd,91,9.1,0.434697,0.185938,0.4,4.162,0,0.0989,0.1154,0.2856,0.0064,0.7399,0.5118,0.8459,1.0
530,d6e25a0572abc0b1,91,9.1,0.207553,0.194856,6.2,8.275,0,0.31,0.203,0.0649,0.0001,0.3161,0.0,0.8678,0.48
531,b4647a3c78a5d2e2,91,9.1,0.407045,0.192543,1.4,2.187,0,0.1445,0.2301,0.3656,0.0217,1.0,0.7751,0.5621,0.36
532,a37fe9e56142660e,91,9.1,0.245152,0.195411,7.8,7.417,0,0.6094,0.258,0.1144,0.0,0.2541,0.0777,0.6486,1.0
533,d303318dc85485c1,91,9.1,0.247348,0.111401,5.8,7.184,0,0.1811,0.244,0.4776,0.0168,1.0,0.1087,0.6428,0.32
534,e656b8251b8c4f3f,91,9.1,0.259786,0.144595,4.3,1000000.0,0,0.3271,0.3399,0.9525,0.0122,1.0,0.0,0.8021,0.44
535,2a41ad7c770613ba,91,9.1,0.336091,0.125851,0.5,1.33,5,0.0412,0.1941,0.1052,0.0007,0.2568,0.8894,0.6028,0.28
536,1248dfbe9156a277,91,9.1,0.068769,0.05024,2.1,1000000.0,0,0.1642,0.1851,0.2259,0.0,0.1892,0.0,0.0,0.24
537,6b0f83e03ae22575,91,9.1,0.33189,0.086454,8.4,3.433,0,0.0001,0.001,0.0029,0.0,0.2566,0.6089,0.8656,0.56
538,bc874aaf4246f5ff,91,9.1,0.224869,0.218037,0.0,1000000.0,0,0.0001,0.0011,0.0049,0.0,0.2694,0.0,0.8802,1.0
539,c6ebce9e466617d8,91,9.1,0.309844,0.119364,8.0,3.311,0,0.3318,0.129,0.0819,0.0005,0.5511,0.6251,0.4622,0.44
540,3b5febd8b896cc28,91,9.1,0.163166,0.092834,8.9,17.021,0,0.2394,0.0946,0.0813,0.0006,1.0,0.0,0.4151,0.36
541,137685ccf55884c2,91,9.1,0.181773,0.143001,6.6,9.127,0,0.0001,0.0021,0.0089,0.0,0.5576,0.0,0.3652,1.0
542,4d80352efa42d538,91,9.1,0.328622,0.062104,1.8,2.756,0,0.0001,0.0011,0.0037,0.0,0.1409,0.6992,0.8161,0.24
543,33c0451c734c52a2,91,9.1,0.210779,0.210682,4.0,1000000.0,0,0.0001,0.0008,0.0018,0.0,0.1759,0.0,0.8632,1.0
544,d27071885871ce1b,91,9.1,0.100347,0.076127,8.8,1000000.0,0,0.5859,0.2913,0.218,0.0033,0.2129,0.0,0.0,0.16
545,5e3008f700c5c095,91,9.1,0.254764,0.14663,6.5,4.991,0,0.3745,0.3452,0.2342,0.0006,0.4824,0.4012,0.3779,0.64
546,115c5ec1589d7a43,91,9.1,0.168409,0.167594,2.5,58.103,0,0.0,0.0008,0.0019,0.0,0.1844,0.0,0.88,0.24
547,8a5befe026d9d927,91,9.1,0.111425,0.06134,6.7,17.202,0,0.1473,0.1498,0.299,0.0068,0.4421,0.0,0.3756,0.12
548,7d93f5961a44acf1,91,9.1,0.205088,0.126729,7.5,12.957,0,0.1283,0.2411,0.3721,0.0126,0.8701,0.0,0.4684,0.36
549,72260e66cb382ca4,91,9.1,0.191407,0.183242,6.1,8.319,0,0.0835,0.0717,0.0419,0.0,0.2343,0.0,0.8817,0.52
550,be8d59d3b4367db2,91,9.1,0.187456,0.183736,7.4,104.387,0,0.0001,0.0018,0.0053,0.0,0.2089,0.0,0.874,0.52
551,e68c85a92e10229b,91,9.1,0.244128,0.221786,1.0,78.015,0,0.0001,0.0016,0.0041,0.0,0.6304,0.0,0.7222,1.0
552,83f71e49053ba21,91,9.1,0.367133,0.245319,1.9,5.894,0,0.1476,0.191,0.4127,0.0125,1.0,0.2808,0.6802,0.8
553,ab2a72c63f8fd589,91,9.1,0.159893,0.13705,8.4,18.195,0,0.0582,0.1885,0.153,0.0004,0.3431,0.0,0.5483,0.48
554,d57108d79aa55230,91,9.1,0.162173,0.077405,7.0,7.896,0,0.0,0.0009,0.0025,0.0,0.2287,0.0139,0.7308,0.4
555,87c2718fcb4610ef,91,9.1,0.185614,0.092565,8.0,5.589,0,0.4146,0.2129,0.246,0.0001,0.2635,0.3215,0.0185,0.76
556,b14e9937d17f2192,91,9.1,0.258174,0.144283,8.0,1000000.0,0,0.2881,0.5665,0.5572,0.0228,1.0,0.0,0.3909,0.48
557,48311d12e5a8dd83,91,9.1,0.372508,0.182542,8.3,2.017,0,0.1157,0.1703,0.1485,0.0001,0.5138,0.7978,0.8492,0.6
558,15ff443b8e811c07,91,9.1,0.192209,0.113808,0.2,38.88,0,0.6253,0.2344,0.3346,0.0003,0.2883,0.0,0.3501,0.4
559,920f28447e703ac9,91,9.1,0.172972,0.169265,0.3,58.41,0,0.0008,0.0147,0.0182,0.0,0.0179,0.0,0.8864,0.6
560,4b7886080050c33,91,9.1,0.227257,0.164217,7.3,9.684,0,0.44,0.3648,0.2965,0.0001,0.2298,0.0,0.4768,0.96
561,51909f1c90b12d03,91,9.1,0.21842,0.181584,0.8,1000000.0,0,0.4478,0.2406,0.2785,0.0004,0.2462,0.0,0.5521,1.0
562,bd3e66f2b0867d4f,91,9.1,0.28586,0.200104,6.8,5.967,0,0.1644,0.2287,0.2222,0.0432,1.0,0.2711,0.8307,1.0
563,e21bea904e4a1119,91,9.1,0.22582,0.099818,5.9,11.033,0,0.0405,0.1611,0.163,0.0,0.2653,0.0,0.9067,1.0
564,542faef53f66c0e1,91,9.1,0.207326,0.207183,0.0,1000000.0,0,0.0001,0.0007,0.0025,0.0,0.1251,0.0,0.8805,1.0
565,ed6201a1f849b0a2,91,9.1,0.117885,0.054388,2.8,16.397,0,0.0,0.0007,0.0019,0.0,0.1101,0.0,0.4733,0.56
566,61bc596d25ff908f,91,9.1,0.435569,0.206162,4.9,3.904,0,0.1213,0.1767,0.5268,0.0081,1.0,0.5461,0.8847,1.0
567,105e15e9d4f9a1f2,91,9.1,0.30168,0.117263,0.2,3.354,0,0.3564,0.4479,0.9208,0.0006,0.501,0.6195,0.6248,0.64
568,210283507a625a98,91,9.1,0.304001,0.189735,0.8,11.694,0,0.3637,0.3739,0.9334,0.0,0.2316,0.0,0.7484,0.32
569,5690a16edf4ae25b,91,9.1,0.233664,0.153638,5.2,4.309,0,0.0313,0.1552,0.1814,0.0001,0.1901,0.4921,0.3265,1.0
570,7e16ac3acc704df1,91,9.1,0.065461,0.063525,5.5,1000000.0,0,0.0001,0.0009,0.0022,0.0,0.1432,0.0,0.0,0.8
571,c0aebf19307c88d4,91,9.1,0.348623,0.180966,5.0,3.54,0,0.3373,0.4151,0.6931,0.0236,0.86,0.5946,0.6437,0.68
572,a282a1d58501fab,91,9.1,0.197679,0.192703,8.3,89.312,0,0.0088,0.0546,0.055,0.0,0.1477,0.0,0.8823,0.76
573,4a326f20eb91448e,91,9.1,0.140473,0.107231,1.6,1000000.0,0,0.6424,0.1332,0.162,0.0002,0.1919,0.0,0.2843,0.4
574,10989405671b27cc,91,9.1,0.191233,0.129092,2.3,1000000.0,0,0.2398,0.2109,0.1114,0.0002,1.0,0.0,0.1344,0.44
575,96b454e44230643f,91,9.1,0.143285,0.092263,4.8,18.05,0,0.0001,0.0011,0.0027,0.0,0.1202,0.0,0.7271,0.4
576,46abb83e6f3916b4,91,9.1,0.308502,0.207033,9.0,7.909,0,0.1684,0.177,0.4519,0.0165,1.0,0.0122,0.8462,0.64
577,ede6f32a39dc774c,91,9.1,0.223641,0.160502,6.9,55.924,0,0.6384,0.1582,0.1606,0.0001,0.2338,0.0,0.7146,0.44
578,ef582c645913c839,91,9.1,0.179242,0.172519,5.1,1000000.0,0,0.0001,0.0017,0.0035,0.0,0.0497,0.0,0.8823,0.68
579,c030913fe7876646,91,9.1,0.226835,0.079012,0.3,6.73,0,0.6287,0.3835,0.4509,0.0,0.1656,0.1693,0.3127,0.4
580,3766becf3d09a28,91,9.1,0.204176,0.193083,5.1,1000000.0,0,0.3205,0.2549,0.0775,0.0,0.1838,0.0,0.8728,0.8
581,71c2e7b3db6e2527,91,9.1,0.092311,0.052508,0.0,1000000.0,0,0.1051,0.1813,0.2519,0.0001,0.1615,0.0,0.0,0.6
582,f79c946fdc140d73,91,9.1,0.180871,0.073832,0.3,10.158,0,0.0162,0.0964,0.0976,0.0,0.1615,0.0,0.764,0.92
583,e817c1a6f5519a08,91,9.1,0.219602,0.112829,5.6,199.454,0,0.0096,0.0389,0.0434,0.0,0.232,0.0,0.8585,1.0
584,b869a1414fdf6cf5,91,9.1,0.217191,0.191059,3.7,161.482,0,0.6193,0.1803,0.1511,0.0001,0.2872,0.0,0.6777,0.88
585,7b5b6e47288d5dff,91,9.1,0.355644,0.147114,1.2,3.03,0,0.5279,0.3498,0.1465,0.0,0.2121,0.6626,0.6452,1.0
586,da1bdfd2c01333e1,91,9.1,0.35015,0.131449,1.7,3.145,0,0.0001,0.001,0.0027,0.0,0.2398,0.6473,0.7969,0.76
587,68c5eb7c00ef5510,91,9.1,0.252177,0.144349,7.5,4.082,0,0.4007,0.1422,0.0997,0.0,0.2187,0.5224,0.6084,0.32
588,cffef7d3778fc611,91,9.1,0.210258,0.209836,0.0,1000000.0,0,0.0001,0.0012,0.0056,0.0,0.1418,0.0,0.8843,1.0
589,921bf0565dd5a355,91,9.1,0.134291,0.109422,0.3,1000000.0,0,0.0102,0.1649,0.1941,0.0001,0.6705,0.0,0.0,0.44
590,80438c0f44f1c2bf,91,9.1,0.386611,0.138366,7.5,3.281,0,0.0775,0.2603,0.2043,0.0036,1.0,0.6292,0.7687,0.16
591,58040b987a0fec3d,91,9.1,0.407863,0.19875,2.9,2.462,0,0.4432,0.5154,1.0,0.0112,1.0,0.7384,0.6076,0.76
592,f7c40d9b8bc9869e,91,9.1,0.366029,0.09178,3.2,1.817,1,0.0001,0.0013,0.0033,0.0,0.1991,0.8244,0.8105,0.32
593,ff8700f6f5933cd2,91,9.1,0.067303,0.028614,4.5,1000000.0,0,0.0368,0.1035,0.076,0.0,0.1636,0.0,0.3282,0.2
594,a211abb7afedb3bb,91,9.1,0.3196,0.174438,8.5,20.505,0,0.6358,0.6409,1.0,0.0001,0.1733,0.0,0.5725,0.44
595,b6820607fec83f6c,91,9.1,0.214508,0.170515,7.7,38.81,0,0.4625,0.2515,0.107,0.0004,0.3395,0.0,0.5362,0.8
596,934b6b27df40a18,91,9.1,0.168502,0.112165,0.7,8.839,0,0.16,0.1757,0.1049,0.0,0.1638,0.0,0.8753,0.12
597,59bf40e95510c634,91,9.1,0.403084,0.20921,8.6,2.75,0,0.1849,0.2839,0.2114,0.0012,0.729,0.7,0.6455,0.88
598,9f9315a438406a0d,91,9.1,0.144862,0.069083,0.9,11.636,0,0.0,0.0007,0.0016,0.0,0.1392,0.0,0.7103,0.44
599,5c28132031538a4b,91,9.1,0.133128,0.051057,3.5,47.938,0,0.0001,0.0011,0.0023,0.0,0.1219,0.0,0.6926,0.28
600,e7deacd84b604e6,91,9.1,0.148656,0.126601,0.0,15.054,0,0.7153,0.2178,0.0885,0.0003,0.3374,0.0,0.2793,0.32
601,93d8e48d57f32895,91,9.1,0.365539,0.195228,0.5,3.334,0,0.513,0.6322,1.0,0.0124,1.0,0.6222,0.745,0.48
602,ce5425f6ee043856,91,9.1,0.443244,0.2473,3.1,2.74,0,0.2566,0.3163,0.733,0.0132,0.1909,0.7014,0.7323,1.0
603,32385cb7729b123,91,9.1,0.334144,0.046517,5.2,2.398,0,0.0001,0.0009,0.0026,0.0,0.1546,0.7469,0.8252,0.12
604,2985a6481c4f1a23,91,9.1,0.386631,0.178708,6.3,2.91,0,0.2721,0.333,0.7719,0.0051,0.7914,0.6787,0.8651,0.56
605,2d0257747e871bb6,91,9.1,0.315659,0.105096,5.7,4.213,0,0.2254,0.3974,0.6124,0.0253,1.0,0.505,0.7966,0.24
606,edf78a4f9dd8f808,91,9.1,0.254752,0.239857,5.9,9.382,0,0.1638,0.2214,0.1235,0.0002,0.4487,0.0,0.8726,1.0
607,cc7441635724dda4,91,9.1,0.193956,0.172127,0.3,14.487,0,0.3422,0.1766,0.064,0.0,0.1871,0.0,0.7112,0.64
608,67a9d6f7282905b7,91,9.1,0.370954,0.116551,0.3,2.946,0,0.0,0.0008,0.0038,0.0,0.1989,0.6739,0.7887,1.0
609,59e9e5c2293963a9,91,9.1,0.206049,0.185084,5.2,1000000.0,0,0.1726,0.1433,0.136,0.0003,0.3445,0.0,0.8384,0.44
610,f1a1cefb523e27f0,91,9.1,0.079774,0.078797,0.0,1000000.0,0,0.0001,0.001,0.003,0.0,0.5618,0.0,0.0,0.2
611,811d8f0a53cbbb5d,91,9.1,0.445667,0.27832,6.6,3.621,0,0.3504,0.419,1.0,0.0001,0.6282,0.5839,0.4932,0.96
612,4c938cf553e17f4f,91,9.1,0.142127,0.090501,0.7,9.596,0,0.71,0.1119,0.1033,0.0,0.2111,0.0,0.3025,0.2
613,27f2870631288579,91,9.1,0.194013,0.040956,0.1,5.836,0,0.0393,0.2064,0.1113,0.0,0.1583,0.2886,0.6665,0.28
614,76e2434a932082f3,91,9.1,0.179839,0.158692,4.9,18.55,0,0.6137,0.2408,0.1364,0.0,0.2156,0.0,0.3663,0.92
615,6dcb718990ea5ad6,91,9.1,0.20776,0.183158,7.6,76.817,0,0.0897,0.2152,0.0752,0.0,0.1578,0.0,0.8797,0.8
616,2f4e242a2c0abd38,91,9.1,0.161651,0.113378,0.4,17.9,0,0.658,0.1844,0.0519,0.0001,0.1718,0.0,0.4544,0.36
617,568f5c5eb9d1e131,91,9.1,0.165717,0.102233,0.1,8.953,0,0.2029,0.2308,0.6599,0.0101,1.0,0.0,0.4984,0.28
618,f9709a01ca335927,91,9.1,0.230718,0.212571,5.4,1000000.0,0,0.3057,0.307,0.072,0.0,0.1691,0.0,0.8808,1.0
619,90ca1e7c3df1cb37,91,9.1,0.226665,0.059747,0.1,4.21,0,0.19,0.3647,0.1042,0.0,0.1571,0.5054,0.4894,0.52
620,7d87fec5e8f77dd0,91,9.1,0.416798,0.128868,3.6,1.143,4,0.0,0.0008,0.002,0.0,0.1234,0.9143,0.8668,0.84
621,2e5706040d2b4de5,91,9.1,0.223729,0.212481,9.0,1000000.0,0,0.0001,0.0007,0.0054,0.0,0.3044,0.0,0.8789,0.92
622,a017e38d66cae78f,91,9.1,0.31842,0.128549,8.8,6.685,0,0.1567,0.276,0.4323,0.0121,0.9479,0.1753,0.5544,0.56
623,3efcb649e6c0fdd2,91,9.1,0.285032,0.221694,5.7,20.173,0,0.3487,0.0946,0.1374,0.0007,0.9576,0.0,0.7095,1.0
624,497fa24d2a3b7a8c,91,9.1,0.32913,0.213253,8.8,4.499,0,0.3401,0.1939,0.1314,0.0011,0.3883,0.4669,0.6551,1.0
625,41e29dcbd44994ad,91,9.1,0.366602,0.249666,7.3,24.821,0,0.6317,0.654,1.0,0.0001,0.2634,0.0,0.5536,1.0
626,e3d8a79f8d627e7e,91,9.1,0.139579,0.097625,0.7,1000000.0,0,0.5547,0.2974,0.1498,0.0001,0.2812,0.0,0.0,0.64
627,5889920fda8329fa,91,9.1,0.169548,0.16134,8.3,28.758,0,0.0128,0.0803,0.0714,0.0,0.1408,0.0,0.8823,0.24
628,e161c3e9c6646b47,91,9.1,0.141463,0.0686,5.8,25.544,0,0.0019,0.0324,0.1055,0.0,0.1702,0.0,0.6692,0.52
629,5486da6aa2f8fc3f,91,9.1,0.101624,0.040755,0.2,1000000.0,0,0.1777,0.3052,0.3941,0.0,0.1658,0.0,0.0,0.32
630,f194626b55f341ec,91,9.1,0.398569,0.149741,8.8,4.751,0,0.3641,0.5456,1.0,0.0135,1.0,0.4332,0.6946,0.36
631,af9607cb0410785b,91,9.1,0.168055,0.109878,2.8,9.573,0,0.0001,0.0008,0.0054,0.0,0.1576,0.0,0.7217,0.72
632,6a713fff4c99be26,91,9.1,0.236314,0.115739,6.0,10.997,0,0.3152,0.3279,0.5213,0.0151,0.6696,0.0,0.7698,0.4
633,c6d5c0a9ccd902ef,91,9.1,0.11614,0.064423,8.4,7.074,0,0.399,0.355,0.1246,0.0001,0.1666,0.1234,0.0,0.68
634,3c92eca4c78ee83d,91,9.1,0.374242,0.107086,8.5,2.262,0,0.0919,0.1032,0.1113,0.0018,0.8888,0.765,0.8073,0.4
635,4246a9af13ee035b,91,9.1,0.18472,0.158259,2.8,39.607,0,0.6116,0.1214,0.1049,0.0004,0.3053,0.0,0.4765,0.32
636,80d4984abdf6ca5,91,9.1,0.180943,0.084245,3.4,1000000.0,0,0.4001,0.4749,1.0,0.0001,0.1694,0.0,0.0,0.52
637,45cf51672df682fe,91,9.1,0.272488,0.194302,7.5,5.379,0,0.5837,0.3194,0.1318,0.0,0.1814,0.3494,0.6999,0.8
638,7edca3f03388479c,91,9.1,0.38415,0.090594,8.2,5.06,0,0.1623,0.2059,0.4443,0.0118,1.0,0.392,0.7819,0.48
639,908ce2b86db110d6,91,9.1,0.159191,0.142257,0.2,48.445,0,0.3997,0.0995,0.0821,0.0,0.1834,0.0,0.5709,0.36
640,387adaf0475f713d,91,9.1,0.202398,0.183637,4.4,20.909,0,0.487,0.1644,0.2293,0.0001,0.245,0.0,0.6828,0.52
641,6b365fe9e7a33697,91,9.1,0.304008,0.228742,2.1,4.335,0,0.2075,0.2331,0.0879,0.0,0.2213,0.4886,0.8421,0.4
642,7384b2875853defb,91,9.1,0.348589,0.089346,6.1,2.079,0,0.0001,0.0009,0.0024,0.0,0.1728,0.7895,0.7893,0.36
643,f7cb24429c340157,91,9.1,0.300096,0.161568,7.7,1000000.0,0,0.036,0.2756,0.3,0.0022,1.0,0.0,0.8798,0.68
644,17b4d37acfc03729,91,9.1,0.150438,0.058026,4.4,11.281,0,0.0001,0.001,0.0024,0.0,0.1057,0.0,0.7574,0.44
645,565f76f66210264e,91,9.1,0.237857,0.073998,0.2,5.371,0,0.0837,0.1328,0.2069,0.0,0.1678,0.3505,0.6649,0.32
646,7e54d982b6a01a8,91,9.1,0.238117,0.185737,0.1,32.024,0,0.6102,0.1588,0.202,0.0003,0.6623,0.0,0.5053,0.84
647,8928c12348da34a9,91,9.1,0.339988,0.120561,7.8,2.455,0,0.2199,0.3042,0.0933,0.0,0.1689,0.7393,0.8262,0.32
648,51ad011585adc5af,91,9.1,0.154281,0.108663,2.1,8.454,0,0.0678,0.1055,0.0629,0.0,0.2213,0.0,0.6164,0.44
649,7f0b473b7669c2ab,91,9.1,0.105561,0.050084,7.8,7.892,0,0.3069,0.1723,0.2321,0.0,0.1624,0.0143,0.4677,0.12
650,690e7cc618987e35,91,9.1,0.138785,0.065255,2.9,1000000.0,0,0.3207,0.3431,0.6542,0.0007,0.33,0.0,0.0,0.2
651,2b4f9723fb6318a4,91,9.1,0.426298,0.167883,3.7,2.233,0,0.1301,0.2221,0.389,0.0145,0.2923,0.7689,0.8615,1.0
652,ecceb273e7395926,91,9.1,0.207487,0.18195,7.9,135.455,0,0.3274,0.2702,0.166,0.0001,0.1662,0.0,0.831,0.72
653,85a4abc7491e8eb2,91,9.1,0.199946,0.183147,8.7,55.467,0,0.0753,0.2336,0.076,0.0,0.2393,0.0,0.8796,0.4
654,9000b6225cd6a48a,91,9.1,0.404853,0.246943,1.3,3.1,0,0.3161,0.4343,0.4387,0.0013,0.5868,0.6534,0.8155,0.64
655,a7ed3ce87179c8de,91,9.1,0.202756,0.09489,1.4,5.071,0,0.1266,0.1946,0.122,0.0,0.2296,0.3905,0.7322,0.32
656,97efcd32a838baae,91,9.1,0.479993,0.211593,0.3,3.231,0,0.2888,0.6001,1.0,0.0,0.2217,0.6359,0.7972,0.52
657,8f8b92cf38dd7149,91,9.1,0.208391,0.203969,0.1,1000000.0,0,0.0001,0.0009,0.0063,0.0,0.2708,0.0,0.8967,0.68
658,ab621334f9dd59c9,91,9.1,0.16534,0.094064,0.7,8.878,0,0.0106,0.0733,0.114,0.0,0.1958,0.0,0.7599,0.6
659,d9af84ff6f180bbd,91,9.1,0.17828,0.055554,8.9,1000000.0,0,0.1725,0.3084,0.5169,0.0033,0.7096,0.0,0.0,0.2
660,70c4229305a99a76,91,9.1,0.170444,0.128663,0.7,15.443,0,0.6605,0.1893,0.2078,0.0002,0.1729,0.0,0.5546,0.32
661,56087a55b1943fdb,91,9.1,0.193738,0.131042,3.8,1000000.0,0,0.0001,0.0012,0.0037,0.0,0.1468,0.0,0.8055,1.0
662,8920d36ba10732d1,91,9.1,0.210197,0.141747,1.5,1000000.0,0,0.4502,0.2349,0.1514,0.0005,0.2575,0.0,0.5508,0.68
663,6206097b091f2660,91,9.1,0.340847,0.180652,5.7,6.788,0,0.1476,0.1977,0.2983,0.0067,1.0,0.1616,0.7512,1.0
664,bd421f240dc8ffe,91,9.1,0.268538,0.191762,5.1,5.427,0,0.457,0.3237,0.1984,0.0,0.1795,0.3431,0.8499,0.28
665,ef890396ca050a1c,91,9.1,0.163525,0.134924,8.9,10.868,0,0.4316,0.1627,0.0757,0.0,0.2413,0.0,0.5356,0.6
666,3f380493b10424df,91,9.1,0.432387,0.206987,6.7,4.403,0,0.2274,0.2855,0.5932,0.0078,1.0,0.4795,0.579,1.0
667,eabeda089d51704,91,9.1,0.222688,0.18789,0.1,15.878,0,0.0824,0.3206,0.2702,0.0,0.4023,0.0,0.7848,0.24
668,e3a90d9957fbd206,91,9.1,0.125065,0.124348,4.5,1000000.0,0,0.0003,0.0037,0.0079,0.0,0.5344,0.0,0.0,1.0
669,3ec084ea61be33a6,91,9.1,0.324659,0.18151,1.2,3.754,0,0.2004,0.348,0.2097,0.0001,0.2082,0.5661,0.8043,0.56
670,485cf3ee5a4df644,91,9.1,0.22681,0.216885,2.9,9.5,0,0.0613,0.1,0.0487,0.0,0.1977,0.0,0.8954,1.0
671,c182bcc96cbd42dc,91,9.1,0.197666,0.106843,9.0,10.562,0,0.0663,0.1852,0.1506,0.0,0.1663,0.0,0.8833,1.0
672,a799295e26042a92,91,9.1,0.301996,0.182153,0.3,4.368,0,0.1195,0.172,0.0881,0.0,0.1757,0.4843,0.8509,0.36
673,c832a9a19f028691,91,9.1,0.232454,0.101234,0.8,4.003,0,0.1997,0.2979,0.2955,0.0033,0.1765,0.5329,0.5198,0.28
674,25d41bb9787c2886,91,9.1,0.176707,0.064243,7.4,1000000.0,0,0.1592,0.3098,0.9212,0.0172,0.7173,0.0,0.0,0.24
675,845781047fcc73b8,91,9.1,0.173446,0.171428,7.6,126.152,0,0.0029,0.0303,0.0454,0.0,0.182,0.0,0.8814,0.32
676,533d368d3605c86c,91,9.1,0.274338,0.147661,8.9,4.114,0,0.5136,0.1585,0.1261,0.0001,0.1674,0.5181,0.5661,0.72
677,f518f60e14d1bbdf,91,9.1,0.151652,0.089588,0.8,1000000.0,0,0.0001,0.0011,0.0037,0.0,0.0986,0.0,0.6427,0.72
678,1e4bb1ea7ac0bd7b,91,9.1,0.352492,0.105273,0.3,2.7,0,0.0428,0.0642,0.0398,0.0,0.1593,0.7067,0.8021,0.72
679,902aab3431dacb47,91,9.1,0.227701,0.05047,2.5,5.315,0,0.0001,0.0012,0.0028,0.0,0.1275,0.3581,0.7495,0.36
680,e891d45f2f4ef5f9,91,9.1,0.499915,0.239007,2.3,1.884,1,0.309,0.3931,0.9154,0.0921,0.9557,0.8155,0.8606,0.76
681,97a42d8e204c7dbf,91,9.1,0.392742,0.21657,8.5,2.888,0,0.1866,0.2758,0.1848,0.0001,0.293,0.6816,0.8409,1.0
682,45c6cd9309b3ce87,91,9.1,0.241269,0.199214,7.6,5.152,0,0.2939,0.2984,0.2769,0.0001,0.1995,0.3797,0.8972,0.88
683,602ecf44c55e9404,91,9.1,0.169423,0.066385,6.8,15.731,0,0.1973,0.3169,0.5119,0.0014,0.4303,0.0,0.2625,0.4
684,c74ee4af30187817,91,9.1,0.237769,0.175664,2.3,6.519,0,0.0582,0.1268,0.1125,0.0,0.173,0.1975,0.9045,0.44
685,6945c519d1f49c00,91,9.1,0.147188,0.13316,7.6,1000000.0,0,0.1057,0.147,0.0927,0.0001,0.726,0.0,0.0,0.76
686,64a27389839a5a23,91,9.1,0.517178,0.191911,6.9,2.45,0,0.1798,0.3394,0.5092,0.0106,1.0,0.7399,0.8664,0.44
687,9f030dd37d8779c8,91,9.1,0.362182,0.154278,5.7,2.257,0,0.0,0.0007,0.0026,0.0,0.1747,0.7657,0.8013,0.6
688,16bcb115ba1f0a4,91,9.1,0.182768,0.15985,6.7,41.784,0,0.6681,0.1475,0.1207,0.0001,0.1979,0.0,0.437,0.56
689,95675616cfdfde82,91,9.1,0.3587,0.130067,5.4,1.978,1,0.0001,0.001,0.002,0.0,0.1506,0.8029,0.836,0.36
690,2c33034761e8c06c,91,9.1,0.225883,0.103521,6.7,9.449,0,0.1409,0.22,0.4037,0.0107,1.0,0.0,0.6456,0.2
691,e16667a1325981bf,91,9.1,0.391104,0.185796,3.2,5.09,0,0.2906,0.3712,0.603,0.0236,1.0,0.388,0.6498,0.56
692,920c10a81cf5df10,91,9.1,0.174741,0.157342,6.3,19.514,0,0.5382,0.2618,0.168,0.0,0.1701,0.0,0.5588,0.24
693,e145f25375feed05,91,9.1,0.16969,0.064807,7.1,9.345,0,0.0137,0.0609,0.0871,0.0,0.205,0.0,0.7859,0.48
694,2252be7dfc45ddc3,91,9.1,0.264705,0.138144,2.3,1000000.0,0,0.5012,0.4107,0.891,0.0128,1.0,0.0,0.0,0.84
695,d16059c7c7b27cf,91,9.1,0.36086,0.183895,4.3,3.575,0,0.2229,0.3356,0.1848,0.0096,1.0,0.59,0.7172,0.44
696,5c4cedd2887e9f4,91,9.1,0.241085,0.197268,5.7,22.687,0,0.5049,0.2101,0.1166,0.0003,0.6424,0.0,0.6946,1.0
697,152e541fa80e1e3e,91,9.1,0.293242,0.153123,1.8,163.662,0,0.6333,0.745,1.0,0.0002,0.3226,0.0,0.553,0.6
698,7533868fac7c4de0,91,9.1,0.114289,0.097848,4.8,11.416,0,0.3528,0.1661,0.0967,0.0,0.3304,0.0,0.0,0.88
699,fa16d8cea10e3aec,91,9.1,0.484264,0.078748,8.9,1.135,4,0.4011,0.7851,0.8387,0.001,0.2282,0.9153,0.6764,0.16
700,c3ba8149e1a09017,91,9.1,0.176337,0.167879,8.7,67.077,0,0.0307,0.1047,0.054,0.0,0.1658,0.0,0.8806,0.32
701,af87d27f460cd1b1,91,9.1,0.160096,0.133508,6.9,12.593,0,0.46,0.2064,0.1419,0.0009,0.2124,0.0,0.5334,0.48
702,aa40e61a89885b85,91,9.1,0.165899,0.163621,5.8,1000000.0,0,0.0001,0.0009,0.0027,0.0,1.0,0.0,0.0,0.76
703,56b0ae3272892402,91,9.1,0.271761,0.147003,8.9,4.872,0,0.6714,0.2675,0.1124,0.0001,0.1778,0.417,0.5906,0.28
704,da77d2eb4365bc68,91,9.1,0.257683,0.153358,9.0,1000000.0,0,0.2086,0.6054,0.5805,0.0122,1.0,0.0,0.0,0.08
705,3c152ebacbd7a3af,91,9.1,0.246989,0.18828,5.0,41.696,0,0.0651,0.1914,0.0766,0.0001,1.0,0.0,0.6515,0.52
706,e0f45e13d3d91286,91,9.1,0.182785,0.077974,5.8,8.874,0,0.2817,0.3825,0.4964,0.0195,0.4636,0.0,0.4322,0.32
707,12005b4d62eb975f,91,9.1,0.28962,0.212051,0.6,4.717,0,0.1546,0.1563,0.0574,0.0,0.2329,0.4378,0.881,0.44
708,a6b76c8132a9023f,91,9.1,0.137312,0.105536,0.2,29.296,0,0.7216,0.2057,0.1068,0.0001,0.2519,0.0,0.3476,0.2
709,79c963a724ed5ca,91,9.1,0.225676,0.208946,4.7,1000000.0,0,0.2047,0.2083,0.0744,0.0,0.2067,0.0,0.8801,0.96
710,1b6d641bbf1d7e0f,91,9.1,0.211808,0.195176,9.0,136.488,0,0.0206,0.0831,0.0632,0.0,0.1777,0.0,0.8852,0.92
711,684918f187912cb5,91,9.1,0.168053,0.138843,0.9,53.87,0,0.7197,0.1878,0.1078,0.0001,0.3434,0.0,0.4071,0.44
712,7580cb92f961c409,91,9.1,0.326313,0.11874,1.5,3.205,0,0.0,0.0009,0.0036,0.0,0.2723,0.6393,0.7474,0.4
713,757a3cc8e225905f,91,9.1,0.208233,0.20809,5.8,32.997,0,0.0001,0.0008,0.0024,0.0,0.131,0.0,0.8825,1.0
714,34c66592642d3daa,91,9.1,0.334745,0.148608,7.6,2.417,0,0.2203,0.291,0.5892,0.0236,1.0,0.7444,0.6628,0.2
715,e4d384372a4c23a,91,9.1,0.210185,0.090882,0.1,7.543,0,0.2617,0.3259,0.84,0.0043,0.9117,0.0609,0.4085,0.56
716,a20c1f439c5c41f1,91,9.1,0.148025,0.07913,0.0,1000000.0,0,0.0147,0.0482,0.0455,0.0,0.1572,0.0,0.7965,0.2
717,86cbe656ea792e03,91,9.1,0.216585,0.197218,0.2,10.045,0,0.2638,0.2239,0.0746,0.0,0.2605,0.0,0.8521,0.6
718,8bbe1a19d5aa0c78,91,9.1,0.022268,0.021154,5.2,1000000.0,0,0.0,0.0007,0.0019,0.0,0.1243,0.0,0.0,0.12
719,b488946ba2f68e0f,91,9.1,0.142829,0.04685,0.5,1000000.0,0,0.0,0.0006,0.0022,0.0,0.1641,0.0,0.6996,0.32
720,a346499ddd500ea5,91,9.1,0.264563,0.14126,8.8,4.743,0,0.5536,0.1949,0.2242,0.0019,0.3476,0.4343,0.5124,0.28
721,ec6e18461ff33a57,91,9.1,0.190533,0.148297,4.9,19.594,0,0.338,0.3576,0.5172,0.0002,0.2246,0.0,0.6966,0.24
722,3a712ba4bb5c2f47,91,9.1,0.293436,0.078388,7.1,5.04,0,0.2096,0.3105,0.557,0.0109,0.8523,0.3947,0.6418,0.16
723,5d9267c8ef4bb3ff,91,9.1,0.183145,0.149058,5.2,1000000.0,0,0.3893,0.2819,0.1491,0.0001,0.1733,0.0,0.5679,0.68
724,63bb454280af866,91,9.1,0.180366,0.165034,0.1,8.088,0,0.0415,0.0933,0.1662,0.0,0.1619,0.0,0.8854,0.28
725,e419607ee031139b,91,9.1,0.542292,0.175095,3.2,1.125,6,0.3885,0.4368,0.6656,0.0215,1.0,0.9166,0.8812,0.32
726,645e080215e00c5,91,9.1,0.145529,0.082998,0.5,6.418,0,0.3984,0.4344,0.5824,0.0079,0.2951,0.211,0.0128,0.44
727,fb7c8974a6127b3a,91,9.1,0.197771,0.172304,2.5,13.593,0,0.325,0.1833,0.2184,0.0017,0.4151,0.0,0.419,0.84
728,a2c70e8d3399f33c,91,9.1,0.349236,0.1225,7.9,2.789,0,0.0747,0.1419,0.1538,0.0004,0.1685,0.6948,0.8229,0.48
729,eece7d2dc7a9e5e8,91,9.1,0.172923,0.068685,3.1,7.384,0,0.1455,0.1464,0.0468,0.0003,0.4396,0.0821,0.6464,0.12
730,b299628cd0586040,91,9.1,0.221689,0.145105,6.5,1000000.0,0,0.7221,0.317,0.1819,0.0003,0.3405,0.0,0.8091,0.88
731,dca522a24f56a441,91,9.1,0.183183,0.131676,3.6,9.004,0,0.1628,0.1733,0.4572,0.0003,0.7706,0.0,0.3643,0.64
732,f910c89ddb84592a,91,9.1,0.250613,0.222306,0.1,1000000.0,0,0.463,0.293,0.4107,0.0003,0.3675,0.0,0.7174,1.0
733,7d2e264c906377d6,91,9.1,0.317943,0.088547,1.6,3.017,0,0.3826,0.3501,0.134,0.0001,0.1748,0.6644,0.772,0.44
734,34e42c374529ff2b,91,9.1,0.167096,0.160762,0.4,45.702,0,0.0014,0.024,0.0464,0.0,0.0678,0.0,0.8267,0.48
735,aed13c1cc3482790,91,9.1,0.227614,0.072525,5.8,5.394,0,0.0819,0.0959,0.0979,0.0,0.4381,0.3474,0.4966,0.2
736,a46148bc8277a9d7,91,9.1,0.149804,0.115379,7.2,1000000.0,0,0.7222,0.2287,0.2271,0.0002,0.2952,0.0,0.358,0.2
737,194921d60eb9f3ca,91,9.1,0.284995,0.078643,2.8,4.367,0,0.1882,0.241,0.5037,0.0197,0.9843,0.4844,0.8218,0.08
738,30b5b0ff9e54fb20,91,9.1,0.334289,0.221457,0.2,5.323,0,0.0644,0.2441,0.3109,0.0,0.4589,0.3569,0.8799,0.56
739,4c7528afa31d9eff,91,9.1,0.221945,0.150859,0.2,6.91,0,0.3719,0.2335,0.3376,0.003,0.4945,0.1453,0.74,0.36
740,ffa0c4f8a70578cb,91,9.1,0.529031,0.108908,3.1,1.911,1,0.3721,0.27,0.5696,0.0209,1.0,0.8118,0.8956,0.24
741,25f2799095b9761e,91,9.1,0.330713,0.119135,5.7,4.046,0,0.0001,0.0009,0.0023,0.0,0.2006,0.5272,0.774,1.0
742,9d0ca5155d1767a1,91,9.1,0.122562,0.08316,1.3,20.143,0,0.0001,0.0011,0.0056,0.0,0.19,0.0,0.521,0.4
743,394a7bc0899ee9f6,91,9.1,0.159565,0.126461,2.7,1000000.0,0,0.5639,0.3498,0.1589,0.0001,0.2559,0.0,0.0,1.0
744,c98d7791214cc115,91,9.1,0.303471,0.234264,5.3,4.151,0,0.3939,0.2439,0.3353,0.0,0.1796,0.5132,0.8725,0.4
745,981c3dffae71a7fe,91,9.1,0.402683,0.16813,4.4,2.249,0,0.2844,0.2245,0.3034,0.0003,0.2588,0.7668,0.7023,1.0
746,a7e9d6a54b5b1e84,91,9.1,0.142656,0.028689,7.8,22.599,0,0.0001,0.0014,0.0032,0.0,0.1368,0.0,0.7612,0.24
747,6ee73f97f8da3693,91,9.1,0.341919,0.146478,5.7,2.912,0,0.0366,0.1311,0.1083,0.0,0.1669,0.6785,0.8309,0.72
748,e69c7dbc0e0104ad,91,9.1,0.322001,0.251649,3.1,4.05,0,0.3076,0.2355,0.0379,0.0,0.1711,0.5267,0.8807,0.6
749,c622dffd734bb54f,91,9.1,0.205538,0.168617,9.0,26.311,0,0.185,0.2511,0.1238,0.0,0.2596,0.0,0.8491,0.44
750,ae7b4588426725ab,91,9.1,0.200714,0.197572,8.3,1000000.0,0,0.0,0.001,0.0021,0.0,0.2507,0.0,0.8807,0.64
751,b15b7c2aa3bfdfa3,91,9.1,0.372775,0.15262,1.0,1.126,10,0.3556,0.453,0.6441,0.0098,0.9929,0.9165,0.7536,0.12
752,2fdebe510263ae81,91,9.1,0.44109,0.195761,3.0,1.826,3,0.2291,0.3997,0.4693,0.0183,0.5995,0.8232,0.7409,0.52
753,cb6542d8ed9ab78,91,9.1,0.377895,0.224068,8.5,4.388,0,0.2061,0.2022,0.0853,0.005,0.8407,0.4816,0.7008,1.0
754,12981b73d1d52c6b,91,9.1,0.226148,0.186966,0.3,1000000.0,0,0.098,0.1504,0.1109,0.0001,1.0,0.0,0.6422,0.52
755,88e9d5ba6ad63b0c,91,9.1,0.304481,0.133556,7.8,3.838,0,0.6133,0.2413,0.1883,0.0004,0.8446,0.5549,0.3667,0.52
756,aaea1faa4b17d1cc,91,9.1,0.157674,0.103837,4.2,7.855,0,0.1084,0.1221,0.0559,0.0001,0.2458,0.0193,0.6632,0.48
757,6df2d8d8cd719c10,91,9.1,0.179751,0.119095,0.0,1000000.0,0,0.7224,0.1426,0.053,0.0001,0.3275,0.0,0.4857,0.36
758,956c7591f9c52876,91,9.1,0.151452,0.076271,5.7,10.787,0,0.0087,0.055,0.0435,0.0,0.0595,0.0,0.8202,0.52
759,dac02a1c98556219,91,9.1,0.243356,0.207935,1.1,6.483,0,0.1565,0.1715,0.1046,0.0,0.2862,0.2023,0.7151,1.0
760,9a6d57b86098b181,91,9.1,0.2802,0.140843,5.2,3.654,0,0.0,0.0008,0.0022,0.0,0.1272,0.5794,0.6759,0.56
761,9f36d053ff8c3362,91,9.1,0.201195,0.1862,5.7,21.462,0,0.2883,0.1424,0.2838,0.0002,0.2408,0.0,0.7518,0.44
762,3d8db3d361f3e92,91,9.1,0.117268,0.092655,4.7,26.662,0,0.6405,0.1081,0.0906,0.0001,0.1596,0.0,0.1245,0.36
763,5e30299aabedbb26,91,9.1,0.358978,0.182108,7.6,2.61,0,0.4727,0.7307,1.0,0.0,0.1911,0.7187,0.6927,0.56
764,63dcfcb31f2063a3,91,9.1,0.299101,0.099365,0.4,4.117,0,0.0001,0.0008,0.0021,0.0,0.3917,0.5177,0.5558,0.68
765,2836dce1e58d327d,91,9.1,0.182778,0.164463,8.7,80.206,0,0.0897,0.2728,0.095,0.0,0.1467,0.0,0.8826,0.32
766,2f8081d49702b6d2,91,9.1,0.083976,0.072543,4.9,1000000.0,0,0.7222,0.0222,0.0617,0.0,0.1943,0.0,0.0,0.0
767,c3d9259e6f22e774,91,9.1,0.262131,0.108806,0.0,4.395,0,0.3451,0.1987,1.0,0.0138,1.0,0.4807,0.3059,0.28
768,c1acebfa1347a039,91,9.1,0.192228,0.186565,8.6,1000000.0,0,0.0001,0.001,0.0033,0.0,0.1191,0.0,0.8816,0.76
769,622376bd3e44d39c,91,9.1,0.249292,0.14966,2.1,1000000.0,0,0.5935,0.5346,1.0,0.0199,1.0,0.0,0.0,0.36
770,50fc1b897aec95bf,91,9.1,0.200195,0.19317,7.2,1000000.0,0,0.0001,0.0007,0.0022,0.0,0.2247,0.0,0.8818,0.68
771,8b4a6ca1bc0ea7c4,91,9.1,0.26195,0.125834,4.2,56.099,0,0.7494,0.7975,1.0,0.0073,0.3095,0.0,0.4279,0.24
772,b1ec732e2f001108,91,9.1,0.180421,0.178076,0.0,1000000.0,0,0.0001,0.0007,0.0047,0.0,0.1386,0.0,0.8804,0.52
773,16e0899d2b345b97,91,9.1,0.160917,0.093671,0.2,54.71,0,0.506,0.2706,0.1633,0.0089,0.1937,0.0,0.5164,0.56
774,c965a673b7bea804,91,9.1,0.22979,0.19906,0.8,1000000.0,0,0.2965,0.285,0.1147,0.0001,0.239,0.0,0.8452,1.0
775,6401c49d1a78ab96,91,9.1,0.09624,0.083317,0.0,1000000.0,0,0.7219,0.0317,0.0583,0.0001,0.2187,0.0,0.0,0.16
776,861b140a1920aa87,91,9.1,0.214237,0.193458,4.2,32.067,0,0.3295,0.2901,0.1365,0.0,0.2639,0.0,0.8839,0.68
777,46f8757a338d1891,91,9.1,0.231152,0.170173,6.5,7.265,0,0.0002,0.0036,0.0053,0.0,0.4356,0.098,0.6357,1.0
778,41781ddb4f7c1cf3,91,9.1,0.223466,0.109614,5.0,5.107,0,0.5631,0.2775,0.1486,0.0011,0.5437,0.3857,0.1756,0.64
779,ce79b61bc55ff5,91,9.1,0.151417,0.14415,8.2,1000000.0,0,0.0057,0.0573,0.0714,0.0,0.724,0.0,0.0,0.96
780,2a6eb88ca13bbc4,91,9.1,0.086723,0.072429,5.9,1000000.0,0,0.564,0.0402,0.1124,0.0002,0.1889,0.0,0.0,0.32
781,928e600f464e3b4a,91,9.1,0.39419,0.119798,0.9,2.69,0,0.0992,0.1043,0.2347,0.0003,0.7993,0.7081,0.5566,0.64
782,5110d8cd45c3b7f4,91,9.1,0.127027,0.0668,8.9,1000000.0,0,0.4043,0.3804,0.1174,0.0001,0.1686,0.0,0.0,0.64
783,e76aed236e544630,91,9.1,0.189086,0.112648,2.7,1000000.0,0,0.4,0.4164,0.5994,0.0064,0.7632,0.0,0.5861,0.08
784,7fb67f3d932ff49b,91,9.1,0.231209,0.193905,0.1,1000000.0,0,0.6454,0.2735,0.3798,0.0001,0.2529,0.0,0.629,0.84
785,37c55487bc67ae2,91,9.1,0.14083,0.040705,2.0,9.609,0,0.0001,0.001,0.0029,0.0,0.14,0.0,0.7462,0.2
786,acb9660986d69d5b,91,9.1,0.20802,0.179714,0.7,1000000.0,0,0.5843,0.1706,0.0998,0.0001,0.3413,0.0,0.7128,0.64
787,c2d91f8e12dd592e,91,9.1,0.187872,0.165566,3.2,13.329,0,0.3471,0.1453,0.33,0.0001,0.2325,0.0,0.7455,0.44
788,b695afb4565ed642,91,9.1,0.302432,0.217119,4.2,4.197,0,0.3414,0.2089,0.1826,0.0,0.1642,0.5071,0.8669,0.36
789,e12388e8a1498e08,91,9.1,0.088491,0.03238,4.6,32.712,0,0.0001,0.0014,0.013,0.0,0.1097,0.0,0.4047,0.28
790,cd6634a1addee35f,91,9.1,0.512112,0.220038,7.1,2.0,1,0.2169,0.2772,0.5712,0.0274,0.8123,0.8,0.8795,1.0
791,f900472761096d48,91,9.1,0.32811,0.2146,8.1,4.115,0,0.497,0.2285,0.0609,0.0,0.2312,0.5181,0.8329,0.56
792,93bab7a1f47dbec1,91,9.1,0.111578,0.077287,5.8,1000000.0,0,0.6328,0.3749,0.1893,0.0,0.1701,0.0,0.0,0.16
793,73e8459eeb9d57ee,91,9.1,0.156806,0.122587,0.1,22.079,0,0.6201,0.1543,0.1776,0.0002,0.2218,0.0,0.3771,0.32
794,5e0731e746a0d5f4,91,9.1,0.24616,0.089315,4.5,5.942,0,0.2024,0.1799,0.2881,0.0078,0.3392,0.2744,0.7898,0.48
795,e9ed6f0701efb25c,91,9.1,0.237693,0.190818,2.8,28.416,0,0.6099,0.2244,0.2112,0.0002,0.1889,0.0,0.5781,1.0
796,22e123f6a6253b2e,91,9.1,0.22031,0.172116,6.6,6.753,0,0.1743,0.1691,0.0613,0.001,0.3709,0.1663,0.8133,0.64
797,62fc27421794930a,91,9.1,0.165883,0.156632,0.4,60.215,0,0.0083,0.0405,0.0438,0.0,0.1619,0.0,0.8029,0.44
798,2bdb91d177735b4a,91,9.1,0.342397,0.15933,4.2,4.548,0,0.0791,0.2329,0.2271,0.0012,1.0,0.4602,0.7315,0.52
799,5e61ae6d9cb90a7e,91,9.1,0.310122,0.09102,2.6,3.394,0,0.0001,0.0011,0.0025,0.0,0.119,0.6141,0.726,0.64
800,f954c2bdf06b47f4,91,9.1,0.401,0.174966,3.7,1.157,9,0.3453,0.5905,0.8669,0.0067,0.6816,0.9124,0.6206,0.52
801,8de1aba6e04d0bdb,91,9.1,0.263302,0.1162,3.6,3.962,0,0.7232,0.0833,0.0904,0.0001,0.2637,0.5384,0.3084,0.16
802,224ee7e331ff2174,91,9.1,0.320201,0.227083,5.4,1000000.0,0,0.5013,0.2881,0.2259,0.0024,1.0,0.0,0.7157,0.92
803,4d0ef3af35702395,91,9.1,0.359809,0.2734,7.2,3.599,0,0.4098,0.2317,0.0595,0.0,0.3039,0.5869,0.8627,0.52
804,65bca0cfabd1f985,91,9.1,0.23911,0.102512,0.2,6.268,0,0.0001,0.0007,0.0057,0.0,0.1388,0.2309,0.7428,0.92
805,90ddee3ccffc15f1,91,9.1,0.125908,0.099523,3.8,1000000.0,0,0.5345,0.3442,0.1314,0.0001,0.3452,0.0,0.0,0.56
806,6169be9430735833,91,9.1,0.391933,0.119443,7.3,1.654,8,0.1013,0.1444,0.0449,0.0,0.1702,0.8462,0.8376,0.64
807,c03fd3d7eed6515d,91,9.1,0.069298,0.066408,5.8,1000000.0,0,0.0001,0.0015,0.0031,0.0,0.4954,0.0,0.0,0.16
808,b281312ec1aaab1d,91,9.1,0.325389,0.089102,7.9,2.921,0,0.5514,0.2883,0.4116,0.0,0.1623,0.6772,0.7615,0.32
809,14e25d2193c03991,91,9.1,0.186634,0.128524,2.5,26.004,0,0.1455,0.1908,0.1596,0.0029,0.338,0.0,0.8173,0.6
810,e20b619474f6bdcb,91,9.1,0.216658,0.194478,1.4,15.491,0,0.5537,0.2417,0.2463,0.0002,0.2814,0.0,0.5492,1.0
811,f276604757c51844,91,9.1,0.31784,0.204236,7.9,3.921,0,0.4768,0.3514,0.0809,0.0,0.164,0.5438,0.8501,0.44
812,fe42f44da5ec54bd,91,9.1,0.096211,0.070078,8.9,1000000.0,0,0.3325,0.1676,0.1593,0.0001,0.3257,0.0,0.0,0.64
813,489df77958f12ae3,91,9.1,0.216689,0.179002,7.3,8.273,0,0.4162,0.0734,0.1026,0.0001,0.2652,0.0,0.6498,1.0
814,380b8083880c4174,91,9.1,0.217188,0.197603,8.3,31.246,0,0.0533,0.2075,0.1036,0.0,0.1689,0.0,0.8813,0.96
815,46078f896034c43a,91,9.1,0.36913,0.209641,8.1,3.253,0,0.3483,0.3168,0.1531,0.0001,0.203,0.6329,0.8642,0.48
816,e638b188c59f2078,91,9.1,0.275689,0.21365,3.1,6.256,0,0.3698,0.2086,0.113,0.0001,0.2356,0.2325,0.7538,1.0
817,3ea00b46742f19bc,91,9.1,0.321519,0.170867,5.6,6.642,0,0.0739,0.2188,0.1766,0.003,1.0,0.1811,0.8233,0.28
818,5a68c786231ae3d0,91,9.1,0.154652,0.120897,0.8,9.872,0,0.3162,0.3551,0.2867,0.0002,0.4109,0.0,0.4392,0.44
819,f5341a756949ee0f,91,9.1,0.298851,0.106915,0.4,3.63,0,0.7207,0.2623,0.1651,0.0002,0.1853,0.5826,0.3832,0.68
820,b520081785dcbcb,91,9.1,0.177767,0.154015,4.8,9.436,0,0.5526,0.2681,0.1047,0.0,0.1872,0.0,0.6322,0.36
821,33cfb9d1c5df365e,91,9.1,0.192574,0.171909,9.0,107.87,0,0.0061,0.0989,0.0797,0.0,0.0728,0.0,0.8824,0.64
822,44f385554968c018,91,9.1,0.357021,0.097887,3.2,2.981,0,0.0001,0.001,0.0026,0.0,0.1823,0.6692,0.7976,0.88
823,bfd7d49eacab5bb6,91,9.1,0.23533,0.182185,3.0,6.306,0,0.2511,0.0698,0.0654,0.0,0.3298,0.2259,0.7793,0.36
824,9e5337d2083a88e8,91,9.1,0.200587,0.177186,1.7,1000000.0,0,0.0923,0.1126,0.0946,0.0,0.1742,0.0,0.8826,0.56
825,eea7c01f5cba12f8,91,9.1,0.463791,0.198126,7.1,2.696,0,0.1705,0.2169,0.5236,0.0149,1.0,0.7072,0.8779,0.36
826,17dc38c192ba33c,91,9.1,0.172641,0.09465,8.1,12.997,0,0.0001,0.001,0.0035,0.0,0.1168,0.0,0.7848,0.68
827,b1c5fe0188a98141,91,9.1,0.319117,0.217523,4.8,4.775,0,0.7701,0.5019,0.4891,0.0,0.175,0.4301,0.745,0.64
828,10f4208228991825,91,9.1,0.246091,0.114538,3.2,5.237,0,0.6514,0.3114,0.2898,0.0,0.1674,0.3685,0.4885,0.6
829,c35c16195216bf92,91,9.1,0.359765,0.1087,8.9,3.654,0,0.097,0.1981,0.2018,0.0039,0.5408,0.5795,0.7577,0.44
830,88de3ab866e042eb,91,9.1,0.299105,0.137244,2.2,4.165,0,0.4373,0.3902,0.7688,0.015,1.0,0.5113,0.5102,0.32
831,4972a61ffca1f934,91,9.1,0.30954,0.164174,0.2,1000000.0,0,0.5242,0.5153,1.0,0.0194,0.7983,0.0,0.785,0.96
832,71b8ba300fea4236,91,9.1,0.13334,0.116489,6.3,1000000.0,0,0.5628,0.0459,0.0832,0.0,0.1683,0.0,0.0,1.0
833,f4066def09f11dcf,91,9.1,0.205203,0.117799,0.1,7.138,0,0.2889,0.3818,1.0,0.0099,0.4571,0.1149,0.0751,0.88
834,83186b0cd2b64896,91,9.1,0.226479,0.206743,1.0,26.634,0,0.2743,0.2106,0.0622,0.0,0.2728,0.0,0.8757,0.96
835,fa8e460272639b04,91,9.1,0.176328,0.171427,1.8,45.356,0,0.0,0.0008,0.0023,0.0,0.1552,0.0,0.8745,0.44
836,3e3c2e65d24dac68,91,9.1,0.115992,0.066177,8.8,1000000.0,0,0.299,0.3579,0.1368,0.0001,0.1776,0.0,0.0,0.6
837,ba8b8bf667b3995a,91,9.1,0.421452,0.176386,8.5,1.199,2,0.2111,0.3949,0.5153,0.0231,1.0,0.9069,0.8711,0.2
838,602667365ce08996,91,9.1,0.022057,0.018251,8.8,1000000.0,0,0.0,0.0008,0.0022,0.0,0.1229,0.0,0.0,0.12
839,27a051a4251a44f2,91,9.1,0.426164,0.16427,4.3,3.364,0,0.3888,0.3664,0.6429,0.0307,1.0,0.6181,0.7421,0.72
840,3c05b034df8a4f08,91,9.1,0.329482,0.17449,0.1,4.994,0,0.244,0.2594,0.6712,0.0062,1.0,0.4008,0.8449,0.28
841,a42a422e901ba0f2,91,9.1,0.393635,0.25437,7.5,3.29,0,0.4375,0.3541,0.1642,0.0003,0.3005,0.628,0.8624,0.72
842,1010cc7e3a91ebc5,91,9.1,0.212966,0.186787,2.4,11.102,0,0.3306,0.2199,0.0996,0.0,0.1658,0.0,0.7754,0.64
843,e69798d7a1b75fbd,91,9.1,0.162248,0.138494,0.7,6.758,0,0.6719,0.1823,0.1253,0.0001,0.1733,0.1656,0.4876,0.24
844,4f61377e9f6c3349,91,9.1,0.277523,0.134456,7.5,5.154,0,0.0414,0.1242,0.1674,0.0,0.2753,0.3794,0.7597,0.8
845,665687ef2442e793,91,9.1,0.293656,0.164254,6.0,1000000.0,0,0.0022,0.0398,0.0495,0.0,1.0,0.0,0.8671,0.68
846,775f4a330880252a,91,9.1,0.2463,0.095603,7.2,5.538,0,0.3195,0.3925,0.9851,0.005,0.795,0.3282,0.321,0.32
847,925416d385758582,91,9.1,0.206923,0.194676,8.7,90.439,0,0.1437,0.2239,0.0655,0.0,0.2757,0.0,0.8695,0.6
848,13517221c3e74988,91,9.1,0.172738,0.16996,6.3,1000000.0,0,0.0001,0.0009,0.0021,0.0,0.1215,0.0,0.8774,0.44
849,4ad63dffa86d959c,91,9.1,0.327933,0.219504,0.7,4.128,0,0.1751,0.2567,0.0418,0.0,0.1798,0.5163,0.8804,0.64
850,43676fb44c72f7f0,91,9.1,0.184676,0.170722,9.0,52.578,0,0.0869,0.1207,0.1758,0.0,0.411,0.0,0.6473,0.6
851,1514dfcc7a0b14a1,91,9.1,0.161225,0.059474,5.7,10.963,0,0.0001,0.0019,0.004,0.0,0.1072,0.0,0.832,0.4
852,91a9eb3e6bdfe246,91,9.1,0.260387,0.141554,0.7,7.346,0,0.1234,0.1222,0.0752,0.0,0.9352,0.0872,0.7784,0.36
853,ed399c7da2b32bd2,91,9.1,0.328706,0.063988,2.3,2.344,0,0.0,0.0009,0.0027,0.0,0.1615,0.7541,0.7083,0.36
854,1a958f19c8ace012,91,9.1,0.18633,0.181158,0.0,36.968,0,0.0,0.0011,0.0051,0.0,0.1678,0.0,0.88,0.56
855,3017db8262eafddd,91,9.1,0.235079,0.169685,5.6,5.48,0,0.3122,0.1781,0.0916,0.0002,0.1737,0.3359,0.8173,0.2
856,327b20991ee4f9e8,91,9.1,0.189322,0.165458,4.3,33.397,0,0.2662,0.2375,0.1067,0.0,0.1647,0.0,0.7843,0.44
857,84aa7e23127f824d,91,9.1,0.292035,0.117319,5.0,4.258,0,0.0001,0.001,0.0022,0.0,0.0677,0.4989,0.7542,0.84
858,68b2b5a475f9b9d7,91,9.1,0.17897,0.072519,9.0,1000000.0,0,0.3797,0.3309,0.2481,0.0001,0.2544,0.0,0.7917,0.32
859,a8ba75ec1fd5176c,91,9.1,0.235458,0.216737,7.8,114.24,0,0.1557,0.3066,0.1136,0.0,0.2594,0.0,0.8702,1.0
860,3ef2dc101fa4b058,91,9.1,0.277032,0.095951,0.7,3.725,0,0.2826,0.4263,0.7046,0.0213,0.8012,0.5701,0.1281,0.2
861,2345a7a7459ffac5,91,9.1,0.100923,0.088111,2.6,1000000.0,0,0.7189,0.2883,0.0451,0.0001,0.2502,0.0,0.0,0.16
862,9cea05327dbb94c6,91,9.1,0.201058,0.194498,8.5,1000000.0,0,0.001,0.0146,0.0445,0.0,0.0798,0.0,0.8796,1.0
863,a6c120f2594603dc,91,9.1,0.207184,0.132501,5.7,1000000.0,0,0.7262,0.2432,0.0939,0.0001,0.1751,0.0,0.7762,0.52
864,3e77de51e4203cc0,91,9.1,0.259335,0.130845,2.9,1000000.0,0,0.0392,0.0646,0.0541,0.0001,0.533,0.0,0.9105,1.0
865,18ae2afba1dd6463,91,9.1,0.29547,0.134521,3.9,4.987,0,0.5365,0.3878,0.7649,0.0145,0.6739,0.4017,0.4468,0.6
866,d699fc6d2da88d11,91,9.1,0.319332,0.157374,2.4,4.722,0,0.1563,0.1957,0.4711,0.0041,1.0,0.4371,0.8902,0.6
867,d40ffc7fa06994c3,91,9.1,0.350567,0.166509,0.2,3.352,0,0.5413,1.0,1.0,0.0001,0.3632,0.6197,0.6781,0.4
868,f8fac70b196f918a,91,9.1,0.17995,0.176613,1.2,1000000.0,0,0.0,0.0006,0.0022,0.0,0.138,0.0,0.8796,0.52
869,33862c45b4803a9a,91,9.1,0.337245,0.110338,2.4,2.882,0,0.128,0.1709,0.1955,0.0001,0.2688,0.6824,0.6789,0.2
870,2a93edb125040d31,91,9.1,0.237572,0.109625,4.0,1000000.0,0,0.4992,0.5024,0.832,0.0233,1.0,0.0,0.0,0.2
871,e10f459b2cf87837,91,9.1,0.118757,0.118615,7.3,1000000.0,0,0.0001,0.0011,0.0028,0.0,0.507,0.0,0.0,0.96
872,a9814deb836af268,91,9.1,0.290451,0.13563,8.8,4.829,0,0.1863,0.3149,0.104,0.0,0.3829,0.4228,0.7484,0.36
873,91cd4714b19f463f,91,9.1,0.103291,0.077341,1.5,1000000.0,0,0.5624,0.1576,0.1452,0.0,0.1912,0.0,0.0,0.48
874,c06de50f72d33047,91,9.1,0.212657,0.184524,1.0,229.884,0,0.5432,0.1562,0.1533,0.0024,0.2483,0.0,0.6216,0.68
875,f0312afe8c5e7b21,91,9.1,0.213776,0.142055,9.0,7.644,0,0.1608,0.1983,0.4192,0.0007,0.4871,0.0475,0.5118,0.76
876,106f634698554a96,91,9.1,0.358518,0.231761,5.4,5.665,0,0.3238,0.3735,0.9158,0.0,1.0,0.3114,0.701,0.64
877,28ea3b1ab83a5294,91,9.1,0.232222,0.125807,3.8,1000000.0,0,0.6065,0.6184,1.0,0.0174,1.0,0.0,0.0,0.4
878,b4109215eb506c8a,91,9.1,0.04998,0.029739,0.2,1000000.0,0,0.098,0.1457,0.205,0.0,0.1668,0.0,0.0,0.2
879,abe4e36532bfb659,91,9.1,0.177726,0.150498,0.2,214.484,0,0.6127,0.1195,0.1608,0.0001,0.2472,0.0,0.4473,0.28
880,1613531c0217b45f,91,9.1,0.105721,0.075683,0.1,1000000.0,0,0.7124,0.1708,0.1994,0.0008,0.1852,0.0,0.0,0.12
881,97e5520dec9ffd4a,91,9.1,0.4032,0.134655,8.5,1.356,3,0.4094,0.3837,0.8875,0.0162,0.8099,0.8858,0.7443,0.2
882,9d6662c1f6cfb51f,91,9.1,0.223756,0.203035,9.0,15.282,0,0.1865,0.1746,0.081,0.0002,0.4978,0.0,0.8274,0.68
883,543af178c146f2cc,91,9.1,0.164141,0.140254,8.3,1000000.0,0,0.0001,0.002,0.0103,0.0,0.1821,0.0,0.6923,0.68
884,2ec00523501fcc7e,91,9.1,0.195412,0.177676,4.7,25.39,0,0.427,0.1766,0.0932,0.0,0.1851,0.0,0.6727,0.64
885,5e81d727303f6e6b,91,9.1,0.242719,0.202975,0.1,7.535,0,0.0555,0.2702,0.1574,0.0,0.1642,0.062,0.8898,0.96
886,258f3c6d794100aa,91,9.1,0.216381,0.125274,2.4,6.936,0,0.1233,0.1281,0.1804,0.0001,0.9323,0.1419,0.5756,0.16
887,6fdbc3140dcc2685,91,9.1,0.224609,0.09959,3.0,4.232,0,0.2487,0.3263,0.7447,0.0219,0.6548,0.5025,0.0547,0.36
888,4abec3a404fd34ed,91,9.1,0.158908,0.056306,0.0,1000000.0,0,0.0774,0.1247,0.1082,0.0026,0.223,0.0,0.8005,0.12
889,2751a0b1d13c4082,91,9.1,0.283682,0.231298,2.8,5.144,0,0.36,0.4919,0.9687,0.001,1.0,0.3808,0.774,0.36
890,4aed3a60651b4a4b,91,9.1,0.597742,0.25513,4.8,1.666,6,0.3146,0.3197,0.631,0.028,1.0,0.8446,0.8817,0.76
891,5999cf09518e3614,91,9.1,0.196086,0.190746,0.0,1000000.0,0,0.0001,0.0009,0.0052,0.0,0.0988,0.0,0.9048,0.8
892,127b1ea3b25ac371,91,9.1,0.381163,0.150494,1.2,3.961,0,0.1669,0.1835,0.3441,0.0086,0.3724,0.5385,0.8392,1.0
893,a558b8dbab05157f,91,9.1,0.383827,0.211278,0.2,4.87,0,0.1399,0.7301,0.6468,0.0,0.3166,0.4174,0.879,0.44
894,7b32cfe6da2314e3,91,9.1,0.362686,0.215253,1.5,2.73,0,0.2703,0.2039,0.1174,0.0003,0.8566,0.7027,0.7373,0.64
895,a542e73c9b1744f9,91,9.1,0.235594,0.103019,0.2,1000000.0,0,0.6171,1.0,1.0,0.0001,0.2235,0.0,0.0,0.48
896,3df4053f35e6eb27,91,9.1,0.185669,0.182742,0.7,1000000.0,0,0.0001,0.0012,0.0031,0.0,0.1841,0.0,0.8803,0.52
897,afd8d66e5a22c66a,91,9.1,0.323855,0.100837,7.2,5.774,0,0.253,0.3338,0.7227,0.0296,0.9952,0.2968,0.7525,0.52
898,6690ab8299dc7f81,91,9.1,0.198634,0.156323,3.1,13.878,0,0.5641,0.3427,0.1443,0.0,0.1638,0.0,0.5872,0.48
899,fa262183ba349968,91,9.1,0.171121,0.0601,8.3,12.066,0,0.0001,0.0009,0.0039,0.0,0.2679,0.0,0.7814,0.4
900,e49aa86f13a18a1c,91,9.1,0.08694,0.076131,0.1,1000000.0,0,0.0011,0.016,0.074,0.0,0.5189,0.0,0.0,0.28
901,bbb4dd7d3a12abbb,91,9.1,0.256518,0.060261,8.8,4.093,0,0.0,0.001,0.0046,0.0,0.1225,0.521,0.6473,0.24
902,b7a347aa7dafbff4,91,9.1,0.182343,0.119569,3.1,8.795,0,0.159,0.1826,0.4167,0.0102,0.7174,0.0,0.4243,0.76
903,322d1658494de0bf,91,9.1,0.368107,0.193166,7.1,1.547,5,0.1309,0.4489,0.4376,0.0,0.2159,0.8604,0.8113,0.6
904,4e8de52a61bcaa60,91,9.1,0.495366,0.20655,0.1,3.899,0,0.3399,0.6627,1.0,0.0235,1.0,0.5467,0.6441,0.64
905,823a010c984aa0bb,91,9.1,0.065541,0.062314,3.8,1000000.0,0,0.0001,0.0014,0.0041,0.0,0.1424,0.0,0.0,0.8
906,ce5ec413c4005413,91,9.1,0.401384,0.104917,6.1,3.423,0,0.1959,0.2541,0.4904,0.0184,0.7628,0.6103,0.798,0.24
907,f9493731a7ff232f,91,9.1,0.204511,0.186902,5.1,38.821,0,0.7087,0.1415,0.117,0.0001,0.3753,0.0,0.4568,1.0
908,c12ea3e928c17f50,91,9.1,0.205709,0.195167,7.2,13.793,0,0.108,0.1467,0.0798,0.0,0.2292,0.0,0.8429,0.76
909,a3affaf1e98c86,91,9.1,0.074293,0.051548,0.2,1000000.0,0,0.2768,0.2214,0.1003,0.0001,0.1835,0.0,0.0,0.24
910,4b573654915c8376,91,9.1,0.312413,0.174425,6.5,4.11,0,0.3916,0.3226,0.1525,0.0003,0.4226,0.5187,0.3859,0.84
911,7d4c4270cfeeb9f,91,9.1,0.255531,0.181858,9.0,25.783,0,0.0101,0.0875,0.0622,0.0,0.7365,0.0,0.8368,0.68
912,fee74bc5bf497e2a,91,9.1,0.157035,0.081377,4.5,7.709,0,0.0001,0.0007,0.0023,0.0,0.1373,0.0388,0.7766,0.44
913,4eaaa49db96b6f5f,91,9.1,0.183509,0.154695,1.2,1000000.0,0,0.6116,0.137,0.1369,0.0008,0.2485,0.0,0.5131,0.52
914,6d31a98c175b9245,91,9.1,0.264638,0.075708,7.9,3.644,0,0.235,0.1788,0.2807,0.0099,0.7197,0.5809,0.5248,0.2
915,5f0ea1a2f4ce799e,91,9.1,0.083762,0.060776,2.5,1000000.0,0,0.4007,0.1704,0.1398,0.0001,0.1707,0.0,0.0,0.2
916,9ac60ae5e36c5e7e,91,9.1,0.199017,0.190989,0.0,20.501,0,0.0005,0.0099,0.028,0.0,0.2606,0.0,0.8879,0.52
917,32b831957866c19e,91,9.1,0.17922,0.156595,3.6,17.244,0,0.5166,0.2069,0.0866,0.0007,0.3325,0.0,0.5408,0.4
918,82d54c38bcd9e149,91,9.1,0.249254,0.053263,6.3,5.431,0,0.0001,0.0009,0.002,0.0,0.1251,0.3425,0.782,0.52
919,1d7e868fafb4f0cc,91,9.1,0.353535,0.138515,0.7,2.442,0,0.5383,0.3329,0.2158,0.0045,0.7421,0.7411,0.4558,0.52
920,f769c65770bb1be0,91,9.1,0.148746,0.146446,0.2,1000000.0,0,0.0001,0.003,0.0099,0.0,0.1589,0.0,0.6987,0.4
921,9237a1a888ae37cd,91,9.1,0.208973,0.165216,0.0,7.577,0,0.1713,0.1882,0.136,0.0001,0.208,0.0564,0.7011,1.0
922,7c52c422d6447bf6,91,9.1,0.251879,0.110784,2.8,7.061,0,0.1039,0.2857,0.2905,0.0083,1.0,0.1252,0.8577,0.52
923,8fa09f913636679b,91,9.1,0.182796,0.17568,8.9,1000000.0,0,0.0001,0.0011,0.0026,0.0,0.1769,0.0,0.8355,0.6
924,9609eb48d73e7698,91,9.1,0.204939,0.202567,4.8,1000000.0,0,0.0001,0.001,0.0029,0.0,0.1843,0.0,0.8808,0.84
925,ce3f4a9461d0c48a,91,9.1,0.147335,0.065591,7.4,1000000.0,0,0.0001,0.001,0.0062,0.0,0.2343,0.0,0.634,0.48
926,74f35231e143e741,91,9.1,0.091813,0.070012,1.4,1000000.0,0,0.3993,0.2391,0.0705,0.0,0.3047,0.0,0.0,0.24
927,a0bff766538fe1d2,91,9.1,0.511356,0.139265,3.0,2.488,0,0.3918,0.3941,0.7376,0.021,1.0,0.735,0.7691,0.36
928,65eaf7076633ead5,91,9.1,0.240341,0.212816,7.9,1000000.0,0,0.1611,0.2052,0.1984,0.0,0.2166,0.0,0.8768,1.0
929,df41def873b3e0bb,91,9.1,0.341784,0.177688,8.9,3.149,0,0.2405,0.2467,0.1641,0.0003,0.3814,0.6468,0.7663,0.96
930,eb10984c33611c8d,91,9.1,0.131992,0.105777,3.7,1000000.0,0,0.008,0.1441,0.2052,0.0,0.3678,0.0,0.0,1.0
931,e4e34e4e85fcefd0,91,9.1,0.306497,0.205495,3.7,25.232,0,0.6966,0.1412,0.1641,0.0003,1.0,0.0,0.6735,0.76
932,db9936a847e6ccc0,91,9.1,0.211319,0.19494,6.4,45.942,0,0.2226,0.2999,0.0859,0.0,0.2453,0.0,0.8763,0.68
933,aaf81c48c318c959,91,9.1,0.176216,0.154673,3.4,95.756,0,0.7184,0.1225,0.0872,0.0001,0.2448,0.0,0.4299,0.48
934,3be9c1e6a5aa3551,91,9.1,0.381094,0.157867,3.5,3.337,0,0.2363,0.3343,0.7727,0.017,0.8635,0.6217,0.653,0.48
935,ddd93c9889ce2a1,91,9.1,0.367132,0.118324,6.7,2.762,0,0.3805,0.4984,0.7652,0.0146,0.9376,0.6984,0.8506,0.24
936,ec9ec4fe424c8465,91,9.1,0.335408,0.069637,4.0,3.471,0,0.0479,0.1139,0.064,0.0,0.1715,0.6039,0.8259,0.76
937,63e0fd90a8ab6cb9,91,9.1,0.340654,0.132142,8.8,3.73,0,0.0097,0.0597,0.1006,0.0,0.2967,0.5694,0.8214,0.64
938,4e411e75cb973341,91,9.1,0.252634,0.111892,8.3,4.378,0,0.3837,0.4891,0.7403,0.0162,0.3298,0.483,0.4507,0.24
939,151161ee0159f95c,91,9.1,0.238477,0.211569,2.7,1000000.0,0,0.3238,0.2066,0.0614,0.0007,0.3079,0.0,0.8912,1.0
940,3b007871ad02fbca,91,9.1,0.206654,0.184112,5.2,35.859,0,0.2605,0.1875,0.0642,0.0,0.232,0.0,0.7789,0.64
941,b1991b9af2a208a7,91,9.1,0.336495,0.140511,8.6,5.161,0,0.2416,0.3099,0.5062,0.0149,0.4094,0.3786,0.6205,1.0
942,7fb532611bee6f1d,91,9.1,0.194562,0.16661,0.2,107.921,0,0.6061,0.1811,0.1188,0.0002,0.301,0.0,0.445,0.68
943,b937beab87656f61,91,9.1,0.091815,0.046945,6.5,21.329,0,0.0,0.0007,0.0034,0.0,0.229,0.0,0.3639,0.2
944,7a61390a036ab4fa,91,9.1,0.407575,0.100781,3.2,2.725,0,0.3567,0.2549,0.5282,0.0245,0.4744,0.7033,0.828,0.28
945,246d299399cba0e3,91,9.1,0.20324,0.111721,6.5,10.158,0,0.1634,0.2097,0.2072,0.0,0.2274,0.0,0.8027,1.0
946,f60c5f0bfde8ba01,91,9.1,0.173574,0.153621,4.4,14.933,0,1.0,0.0884,0.0928,0.0003,0.1759,0.0,0.301,0.44
947,dc753e1963e10a05,91,9.1,0.152319,0.062389,0.4,7.896,0,0.058,0.1052,0.1432,0.0,0.1653,0.0139,0.6905,0.52
948,e177ee8af240a3d2,91,9.1,0.311354,0.236924,4.9,3.264,0,0.5512,0.2439,0.0971,0.0001,0.3242,0.6315,0.8132,0.72
949,ab284e35af804567,91,9.1,0.318048,0.204013,4.2,4.765,0,0.1954,0.238,0.0899,0.0001,0.2087,0.4314,0.8686,0.52
950,23755aedd8f90e29,91,9.1,0.243928,0.231826,6.0,33.839,0,0.115,0.1648,0.074,0.0003,0.632,0.0,0.8845,0.64
951,6682ec4d8e52e8ed,91,9.1,0.403081,0.194235,8.5,2.199,0,0.2378,0.2308,0.1376,0.0001,0.4313,0.7735,0.5305,0.92
952,66779266c82d6960,91,9.1,0.242508,0.10813,0.2,6.387,0,0.233,0.1769,0.5473,0.0068,0.4033,0.215,0.6996,0.88
953,de5d641f870c64e6,91,9.1,0.176129,0.173604,7.6,1000000.0,0,0.0,0.0007,0.0024,0.0,0.0991,0.0,0.8855,0.52
954,91e6f5fda2f88659,91,9.1,0.094994,0.084758,8.8,1000000.0,0,0.7218,0.0233,0.0478,0.0001,0.2154,0.0,0.0,0.28
955,2e5e23699a7149e5,91,9.1,0.188825,0.183733,0.9,64.953,0,0.0,0.0009,0.0061,0.0,0.1718,0.0,0.881,0.6
956,2cac3aa457e27f65,91,9.1,0.34791,0.230076,7.2,1000000.0,0,0.5235,0.6528,1.0,0.0,0.2672,0.0,0.8263,0.84
957,a5d7c462d69f4655,91,9.1,0.273498,0.13405,7.3,9.08,0,0.5455,0.6089,1.0,0.0005,0.4944,0.0,0.4382,0.24
958,5f0c6431ec0b9e38,91,9.1,0.210032,0.1135,6.9,1000000.0,0,0.402,0.5018,1.0,0.0,0.1974,0.0,0.0,0.4
959,5ea9e823a4cb011a,91,9.1,0.086286,0.054023,0.2,1000000.0,0,0.1874,0.2644,0.223,0.0002,0.1752,0.0,0.0,0.4
960,83977c80f121ffef,91,9.1,0.143463,0.113084,1.0,130.902,0,0.5618,0.1528,0.1168,0.0001,0.245,0.0,0.4255,0.24
961,405588bbced62c01,91,9.1,0.277931,0.075517,2.4,4.867,0,0.0861,0.1738,0.1267,0.0001,0.2298,0.4178,0.762,0.96
962,75b30782d7fba7d9,91,9.1,0.173893,0.128694,8.9,5.166,0,0.4011,0.1713,0.0767,0.0003,1.0,0.3779,0.1385,0.08
963,ec8fa72e4e36390b,91,9.1,0.157437,0.129679,6.1,1000000.0,0,0.721,0.1362,0.085,0.0005,0.3314,0.0,0.32,0.36
964,986091f2a668d3f3,91,9.1,0.186801,0.167724,0.0,107.832,0,0.6446,0.0782,0.0816,0.0001,0.2044,0.0,0.5482,0.44
965,52ac9f4eec9cf99c,91,9.1,0.238797,0.142635,8.9,4.428,0,0.6155,0.1751,0.1662,0.0004,0.7094,0.4763,0.4268,0.4
966,88f0a89a3ee9d023,91,9.1,0.282176,0.21285,1.9,4.437,0,0.2824,0.1985,0.1002,0.0,0.1802,0.4751,0.8293,0.36
967,4a4725809994072e,91,9.1,0.380092,0.133293,4.0,2.405,0,0.292,0.3953,0.6318,0.0001,0.184,0.746,0.7478,0.6
968,ee9c893e98043148,91,9.1,0.17366,0.080152,3.7,16.287,0,0.0001,0.0015,0.0034,0.0,0.1711,0.0,0.8122,0.6
969,a3299e45fc777b5c,91,9.1,0.17041,0.082687,0.4,1000000.0,0,0.0001,0.0008,0.0027,0.0,0.093,0.0,0.7882,0.68
970,e6bdd5272d73462e,91,9.1,0.164152,0.052285,7.8,10.737,0,0.0782,0.1626,0.2424,0.0,0.1714,0.0,0.809,0.44
971,585cff22184d4c95,91,9.1,0.288681,0.141687,4.4,4.228,0,0.1523,0.2454,0.1745,0.0032,0.5132,0.5029,0.8882,0.24
972,5c6c1b0f0d0cff1a,91,9.1,0.248353,0.093762,0.3,1000000.0,0,0.6405,0.4423,0.6926,0.0173,1.0,0.0,0.0,0.32
973,a2f064510f174d54,91,9.1,0.366599,0.197735,2.6,2.448,0,0.2407,0.0862,0.0816,0.0002,0.3084,0.7403,0.5287,1.0
974,1fc04324af8f7e9f,91,9.1,0.290057,0.173548,4.7,4.786,0,0.0,0.0007,0.0047,0.0,0.1569,0.4285,0.823,0.76
975,3dc269df85e39c24,91,9.1,0.36663,0.093008,6.8,2.121,0,0.2014,0.1895,0.4805,0.0085,0.3456,0.7838,0.6722,0.48
976,d27107231338c5e7,91,9.1,0.22759,0.142539,6.3,1000000.0,0,0.607,0.3404,0.119,0.001,0.3946,0.0,0.7829,0.76
977,3013aa1bc20cb786,91,9.1,0.392336,0.175679,4.1,3.022,0,0.0066,0.0542,0.0892,0.0001,0.3234,0.6637,0.8548,0.88
978,705e6c077740d108,91,9.1,0.178436,0.157595,8.2,102.934,0,0.1055,0.2149,0.0727,0.0,0.1507,0.0,0.8033,0.44
979,d07be8183967d91d,91,9.1,0.227659,0.089391,8.9,5.456,0,0.0,0.0006,0.0016,0.0,0.0931,0.3392,0.5669,0.84
980,f4f56bcab6c2ca65,91,9.1,0.286437,0.140776,7.4,21.86,0,0.6191,0.2535,0.2037,0.004,0.9623,0.0,0.8038,0.36
981,e2215808822b1001,91,9.1,0.135519,0.133658,0.2,1000000.0,0,0.0008,0.0129,0.0531,0.0,1.0,0.0,0.0,0.24
982,397a69cbf7fc06c7,91,9.1,0.180126,0.16251,7.1,141.391,0,0.4904,0.2059,0.0838,0.0,0.1619,0.0,0.6698,0.24
983,7ca590e0ee7bf55f,91,9.1,0.225393,0.200099,6.0,259.223,0,0.5823,0.2333,0.1373,0.0003,0.1949,0.0,0.7401,1.0
984,565e6caaabe3270e,91,9.1,0.136439,0.06829,2.4,1000000.0,0,0.4011,0.5259,0.6426,0.0001,0.1807,0.0,0.0,0.2
985,f4021b9b49dda16a,91,9.1,0.148135,0.129944,5.8,26.11,0,0.7193,0.1678,0.0876,0.0008,0.1816,0.0,0.3715,0.2
986,6787051b8d06955c,91,9.1,0.22368,0.155542,0.9,6.25,0,0.4035,0.3846,1.0,0.0004,0.5472,0.2334,0.4435,0.32
987,2366cda3115bff46,91,9.1,0.23134,0.131601,6.3,6.283,0,0.1418,0.0907,0.0886,0.0001,0.306,0.229,0.4089,1.0
988,5c746ea6782ee82a,91,9.1,0.177258,0.154797,1.7,45.31,0,0.7211,0.1613,0.065,0.0001,0.2821,0.0,0.5082,0.32
989,5e3f583dbafd6563,91,9.1,0.187167,0.103199,5.6,7.161,0,0.1185,0.1934,0.3833,0.0002,0.3507,0.1118,0.4159,1.0
990,611e20fc79526b0a,91,9.1,0.188045,0.18474,9.0,1000000.0,0,0.0,0.0009,0.0044,0.0,0.1033,0.0,0.8653,0.76
991,ab48e1a10c317f5d,91,9.1,0.207176,0.199377,9.0,1000000.0,0,0.0001,0.0009,0.0026,0.0,0.1472,0.0,0.8772,0.96
992,70e1966e0ffaa4fc,91,9.1,0.198951,0.174958,0.3,20.037,0,0.2589,0.1996,0.1639,0.0008,0.5014,0.0,0.8539,0.56
993,e7eb22104f9bef92,91,9.1,0.184782,0.141614,2.8,10.724,0,0.3997,0.4067,0.499,0.0066,0.7586,0.0,0.7295,0.32
994,4fec9a4a03a494a9,91,9.1,0.181769,0.180432,2.8,1000000.0,0,0.0005,0.0053,0.0134,0.0,1.0,0.0,0.0,1.0
995,60374b4f5ebaa7de,91,9.1,0.202723,0.105323,6.9,6.405,0,0.1346,0.2792,0.2784,0.0036,0.7251,0.2126,0.6159,0.24
996,dec00ec5ed8c46db,91,9.1,0.208434,0.208148,9.0,1000000.0,0,0.0001,0.0014,0.0035,0.0,0.1359,0.0,0.878,1.0
997,24ed07ab30722b13,91,9.1,0.174087,0.079886,2.3,6.518,0,0.2943,0.2095,0.0444,0.0,0.2091,0.1976,0.4267,0.64
998,67a137cf6c2dc211,91,9.1,0.17996,0.072368,3.6,225.229,0,0.1981,0.3182,0.1504,0.0003,0.4851,0.0,0.8162,0.32
999,dc1c12ae81820fb8,91,9.1,0.199897,0.168927,4.2,7.071,0,0.4853,0.2249,0.1119,0.0001,0.2909,0.1238,0.767,0.32
1000,a784c53ef75951de,91,9.1,0.283962,0.161892,7.7,5.588,0,0.0255,0.1725,0.2329,0.0,0.1613,0.3216,0.8184,1.0
1001,cf72ae3e32b9cdd0,91,9.1,0.207483,0.207386,0.2,1000000.0,0,0.0,0.0007,0.0021,0.0,0.1232,0.0,0.8833,1.0
1002,4fb217ef6e1e4298,91,9.1,0.306818,0.162148,1.1,4.54,0,0.1813,0.27,0.1273,0.0005,0.3717,0.4614,0.8185,0.88
1003,678a623f42e739d4,91,9.1,0.14604,0.13496,3.8,37.767,0,0.7195,0.0339,0.04,0.0,0.1651,0.0,0.3977,0.08
1004,e30e649e78b86d40,91,9.1,0.136501,0.067512,5.0,33.299,0,0.0,0.0007,0.0024,0.0,0.1343,0.0,0.7047,0.28
1005,621510fd31cee5b8,91,9.1,0.242542,0.072273,1.2,5.007,0,0.0002,0.0043,0.0114,0.0,0.1286,0.3991,0.6794,0.44
1006,507000db50fb84f4,91,9.1,0.214221,0.160106,0.1,7.468,0,0.5616,0.3262,0.4552,0.0,0.2637,0.071,0.7903,0.2
1007,3d2ad3cb223a62e4,91,9.1,0.317413,0.089506,7.5,3.467,0,0.135,0.221,0.5213,0.0235,1.0,0.6044,0.4594,0.12
1008,9d91671a853351e7,91,9.1,0.519065,0.232528,6.2,1.679,4,0.3237,0.3831,0.8246,0.0104,0.8725,0.8428,0.8199,1.0
1009,cd5f2bd140f33630,91,9.1,0.396981,0.1003,3.5,2.488,0,0.0848,0.1529,0.2308,0.0028,0.36,0.7349,0.7842,0.48
1010,745115ea5ff9f55b,91,9.1,0.216275,0.171557,8.1,18.709,0,0.0838,0.3595,0.1343,0.0,0.1661,0.0,0.8938,0.6
1011,8e14efa30f3a94e9,91,9.1,0.140502,0.08282,3.7,20.234,0,0.0,0.0008,0.0023,0.0,0.165,0.0,0.6917,0.32
1012,6afae45261484d1d,91,9.1,0.244071,0.229492,7.7,33.05,0,0.0048,0.0485,0.084,0.0,0.4119,0.0,0.8978,1.0
1013,bd71015c32840e34,91,9.1,0.233552,0.201202,8.0,28.829,0,0.0638,0.2233,0.1128,0.0026,0.6131,0.0,0.7115,0.44
1014,b6645ab023e144b0,91,9.1,0.336238,0.187142,8.0,2.609,0,0.2408,0.0793,0.1109,0.0,0.1869,0.7188,0.7051,0.52
1015,6acc4064985c99af,91,9.1,0.272717,0.101438,0.9,3.473,0,0.2799,0.4601,0.7419,0.0164,0.8885,0.6037,0.5623,0.6
1016,704eb67a83d1d022,91,9.1,0.228468,0.171601,8.9,6.515,0,0.3134,0.2372,0.1237,0.0,0.1672,0.198,0.808,0.24
1017,5c1575b05f67e213,91,9.1,0.423413,0.089253,0.8,1.913,2,0.3395,0.393,0.5945,0.0041,1.0,0.8116,0.662,0.12
1018,9d91ab854d0b9ae6,91,9.1,0.328616,0.055248,4.6,2.306,0,0.1103,0.1372,0.046,0.0,0.168,0.7592,0.6756,0.24
1019,c9ff637b28b417c4,91,9.1,0.226904,0.064676,3.0,4.99,0,0.3006,0.1974,0.2808,0.0,0.1712,0.4013,0.5429,0.08
1020,b254107bbe9d7350,91,9.1,0.071027,0.058425,0.5,1000000.0,0,0.4025,0.2251,0.1232,0.0055,0.2517,0.0,0.0,0.04
1021,5e0d87f12a74c632,91,9.1,0.160251,0.082423,3.1,12.918,0,0.0,0.0009,0.0026,0.0,0.0854,0.0,0.7115,0.76
1022,b06338c1dcd67d22,91,9.1,0.09003,0.061315,0.3,1000000.0,0,0.2595,0.1705,0.0878,0.0,0.2262,0.0,0.0,0.44
1023,d4710d5fee06c4ef,91,9.1,0.415248,0.261203,2.8,1.755,5,0.381,0.5161,0.9199,0.0124,0.6299,0.8326,0.6979,1.0
1024,1c28ee3d90fe58ed,91,9.1,0.321326,0.132468,6.2,2.033,0,0.0933,0.197,0.1908,0.0063,0.8885,0.7956,0.8664,0.56
1025,f43051348f4dbc5e,91,9.1,0.191296,0.175202,6.7,47.766,0,0.1962,0.189,0.1148,0.0,0.177,0.0,0.8561,0.4
1026,934c4afd1c2584fb,91,9.1,0.303923,0.100059,5.9,3.988,0,0.1897,0.269,0.0479,0.0,0.2562,0.535,0.7364,0.56
1027,b3b749e0bb35c114,91,9.1,0.188774,0.169445,7.8,30.793,0,0.0653,0.1987,0.1061,0.0,0.1921,0.0,0.8846,0.32
1028,6d15d271f416cedc,91,9.1,0.365725,0.086221,6.1,2.114,0,0.0001,0.0011,0.003,0.0,0.2606,0.7848,0.7767,0.52
1029,63e41e26e3ccecdf,91,9.1,0.338932,0.268548,3.5,4.731,0,0.2108,0.1381,0.0892,0.0001,0.5618,0.4358,0.8549,0.8
1030,f9ef16925fd38b6e,91,9.1,0.112892,0.084417,1.0,1000000.0,0,0.441,0.326,0.1153,0.0001,0.1803,0.0,0.0,0.6
1031,87c800bbf4f635da,91,9.1,0.39325,0.15578,7.5,3.893,0,0.2441,0.1354,0.2372,0.0009,1.0,0.5476,0.7154,0.36
1032,1ee48cf765c2ecc,91,9.1,0.353805,0.199169,8.6,42.099,0,0.5756,0.6686,1.0,0.0001,0.1951,0.0,0.6589,1.0
1033,c36b5fe3d3d74a52,91,9.1,0.186037,0.163466,5.8,13.746,0,0.4644,0.1616,0.1189,0.0,0.1672,0.0,0.5068,0.96
1034,f811d1133ac99b21,91,9.1,0.303212,0.281395,0.0,1000000.0,0,0.0001,0.0009,0.0021,0.0,1.0,0.0,0.8199,1.0
1035,e50b051e71990010,91,9.1,0.269449,0.109124,7.2,3.042,0,0.5584,0.3699,0.1374,0.0001,0.2447,0.661,0.0,0.88
1036,da87bc1bea5f84f0,91,9.1,0.295058,0.125028,8.4,3.663,0,0.548,0.2055,0.1559,0.0003,0.1667,0.5782,0.5914,0.52
1037,63ba7b470e3f638c,91,9.1,0.126279,0.076542,0.8,8.062,0,0.1303,0.119,0.1627,0.0,0.1826,0.0,0.5252,0.36
1038,fd6a50dbc5a5ee4,91,9.1,0.275873,0.216706,4.2,17.26,0,0.1537,0.2018,0.4315,0.0193,1.0,0.0,0.8653,0.24
1039,51b58f30a2e57829,91,9.1,0.350147,0.088144,8.6,1.836,2,0.2389,0.1114,0.1382,0.0005,0.3406,0.8218,0.789,0.2
1040,f2bb50da6dc6d607,91,9.1,0.210152,0.145445,3.6,1000000.0,0,0.307,0.2955,0.181,0.0001,0.3367,0.0,0.5815,0.8
1041,a5684752a36551ab,91,9.1,0.357511,0.158637,1.4,1.858,2,0.6275,0.2006,0.0832,0.0014,0.611,0.8189,0.4011,0.32
1042,7528163f2ca32d26,91,9.1,0.316052,0.128539,7.4,1.715,3,0.7067,0.3477,0.499,0.0002,0.2516,0.838,0.0,0.84
1043,535c380b230375a,91,9.1,0.150957,0.098902,2.2,1000000.0,0,0.3127,0.3727,0.1754,0.0004,0.5336,0.0,0.0,0.76
1044,4b17c51d1033c7a8,91,9.1,0.191598,0.127744,2.6,15.397,0,0.0001,0.0009,0.0025,0.0,0.1995,0.0,0.8129,0.84
1045,c5321022ff385608,91,9.1,0.092103,0.080498,0.9,12.292,0,0.7223,0.0365,0.0554,0.0001,0.171,0.0,0.0,0.2
1046,e6f8a54283b28fd1,91,9.1,0.390174,0.128954,8.2,4.339,0,0.1882,0.3106,0.3918,0.0084,0.4928,0.4882,0.7736,0.52
1047,a18901df8dbf2e94,91,9.1,0.102343,0.094123,2.0,1000000.0,0,0.7225,0.0233,0.044,0.0,0.2747,0.0,0.0,0.16
1048,a0fa2f1485b5450d,91,9.1,0.371133,0.200335,7.1,3.685,0,0.4375,0.3015,0.2179,0.0021,0.7313,0.5753,0.6246,0.48
1049,dfa4536d9b273412,91,9.1,0.207911,0.181501,7.6,34.248,0,0.1903,0.2954,0.1106,0.0,0.174,0.0,0.8467,0.64
1050,32cc201811e96b85,91,9.1,0.1704,0.112693,2.2,10.451,0,0.0001,0.0008,0.0024,0.0,0.2721,0.0,0.7489,0.44
1051,20dc6722951a6893,91,9.1,0.259309,0.179194,0.1,5.487,0,0.0845,0.1412,0.0523,0.0,0.2015,0.335,0.8781,0.48
1052,f524157d66c92706,91,9.1,0.277289,0.222545,8.3,6.14,0,0.3208,0.1952,0.0912,0.0004,0.7728,0.2481,0.6285,1.0
1053,9e0edc4e37b345e5,91,9.1,0.199966,0.095286,8.8,15.798,0,0.3163,0.3037,0.1614,0.0,0.5531,0.0,0.8342,0.12
1054,48754c31160918b6,91,9.1,0.152977,0.059811,8.9,6.344,0,0.3768,0.346,0.1213,0.0001,0.1622,0.2207,0.0,0.32
1055,47ff2a5795e86b0,91,9.1,0.326938,0.221819,1.4,6.22,0,0.1081,0.187,0.2191,0.0075,0.6155,0.2374,0.8194,1.0
1056,42a24c9b3bf7be39,91,9.1,0.101974,0.08511,4.7,1000000.0,0,0.6421,0.0264,0.0594,0.0001,0.3029,0.0,0.0,0.2
1057,2a8aea43ea83c6c8,91,9.1,0.141578,0.130094,6.6,28.126,0,0.7076,0.1171,0.1329,0.0001,0.2252,0.0,0.3281,0.24
1058,e463d1547f19f9e5,91,9.1,0.178435,0.077115,1.5,9.442,0,0.0006,0.0157,0.0257,0.0,0.2618,0.0,0.7861,0.48
1059,e2608c2b27fde427,91,9.1,0.249127,0.194743,0.0,21.821,0,0.4181,0.0895,0.1035,0.0001,0.3685,0.0,0.6814,1.0
1060,ff4cb637753f7eb7,91,9.1,0.413775,0.167709,5.2,3.262,0,0.3243,0.1997,0.1614,0.0219,0.9834,0.6317,0.5768,0.4
1061,e3c966f97e012bd1,91,9.1,0.299935,0.231332,4.9,5.004,0,0.2738,0.1103,0.0805,0.0009,0.8288,0.3994,0.3758,1.0
1062,b9514692b63d9acc,91,9.1,0.268798,0.196325,8.3,5.304,0,0.3289,0.1824,0.0637,0.0,0.251,0.3595,0.8023,0.52
1063,c7a7ea7d018bd367,91,9.1,0.209745,0.176529,0.1,6.636,0,0.3788,0.1885,0.1867,0.0001,0.2058,0.1818,0.6608,0.64
1064,21d4be9a32978593,91,9.1,0.266423,0.063512,3.6,3.849,0,0.0001,0.0012,0.0025,0.0,0.0715,0.5534,0.6072,0.6
1065,c2e64550df3ee8a4,91,9.1,0.11997,0.086701,5.6,1000000.0,0,0.4338,0.2987,0.1199,0.0,0.2274,0.0,0.0,0.64
1066,2f039f58a449cc53,91,9.1,0.173781,0.15359,9.0,39.348,0,0.0246,0.1644,0.1029,0.0,0.1192,0.0,0.8805,0.24
1067,241de6a95c1ac720,91,9.1,0.195121,0.189906,7.8,1000000.0,0,0.0001,0.0014,0.0045,0.0,0.0418,0.0,0.8796,0.96
1068,329e9e17d2d61618,91,9.1,0.196504,0.172145,8.4,27.932,0,0.315,0.1177,0.1126,0.0011,0.6318,0.0,0.567,0.36
1069,5f163a851511d71a,91,9.1,0.185949,0.16188,6.1,79.22,0,0.18,0.2149,0.0584,0.0,0.1748,0.0,0.8782,0.4
1070,8b0d1071d34a2cdc,91,9.1,0.275405,0.090891,4.9,2.824,0,0.4126,0.2873,0.4952,0.0248,1.0,0.6901,0.2505,0.08
1071,c515c71abfe3de14,91,9.1,0.282236,0.202069,5.1,5.967,0,0.1405,0.2856,0.2307,0.0048,1.0,0.2711,0.8336,1.0
1072,9fd42c06d928db3d,91,9.1,0.198148,0.185752,5.2,276.244,0,0.2551,0.1703,0.1256,0.0,0.2787,0.0,0.7749,0.52
1073,15ac1757452db0b0,91,9.1,0.354266,0.108103,6.3,3.234,0,0.2903,0.4518,0.5932,0.0178,1.0,0.6355,0.6748,0.16
1074,30807ece4cf3818b,91,9.1,0.25499,0.092293,6.5,1000000.0,0,0.5603,0.9316,1.0,0.0,0.2065,0.0,0.0,0.16
1075,2a47ff446b56a644,91,9.1,0.316512,0.122335,6.2,2.697,0,0.4753,0.2453,0.0779,0.0001,0.1673,0.7071,0.5967,0.36
1076,cfda0de85db249c8,91,9.1,0.190436,0.186954,9.0,1000000.0,0,0.0001,0.001,0.0029,0.0,0.1202,0.0,0.884,0.72
1077,a4dc1b1df8369eb7,91,9.1,0.210696,0.210561,0.0,1000000.0,0,0.0,0.0008,0.0028,0.0,0.1482,0.0,0.8841,1.0
1078,400cbe1ba1c5fa91,91,9.1,0.239822,0.051397,7.9,5.158,0,0.0,0.0006,0.0016,0.0,0.1415,0.3789,0.8129,0.36
1079,265bd67032724e8f,91,9.1,0.344046,0.156027,7.0,3.571,0,0.4958,0.3262,0.1972,0.0003,0.1739,0.5906,0.7111,0.12
1080,1043253438261566,91,9.1,0.101612,0.043644,0.1,1000000.0,0,0.0,0.0008,0.0028,0.0,0.1267,0.0,0.4942,0.2
1081,a39ce66028039392,91,9.1,0.405069,0.133571,6.4,1.406,2,0.3716,0.4367,0.6903,0.022,1.0,0.8792,0.8831,0.44
1082,8982b3d2954304d,91,9.1,0.21238,0.086794,4.2,3.458,0,0.4012,0.14,0.1041,0.0019,0.2085,0.6056,0.2534,0.36
1083,fc9dfc44d12af562,91,9.1,0.340936,0.12286,7.1,2.421,0,0.2382,0.2804,0.1848,0.0,0.1801,0.7439,0.8382,0.24
1084,1d51b1908c4bbc46,91,9.1,0.234715,0.112887,7.2,7.451,0,0.2063,0.2683,0.5986,0.0163,0.885,0.0732,0.8482,0.28
1085,dc6259db1bab8741,91,9.1,0.198687,0.196311,7.7,1000000.0,0,0.0,0.0011,0.0043,0.0,0.252,0.0,0.8812,0.6
1086,918d3e3a60628928,91,9.1,0.151753,0.087947,0.0,19.133,0,0.5791,0.3229,0.3108,0.0136,0.7309,0.0,0.0542,0.56
1087,c0c101315545fc20,91,9.1,0.210887,0.185772,8.1,120.457,0,0.0064,0.0345,0.0364,0.0,0.2131,0.0,0.8748,0.84
1088,1427a4cba7a0be85,91,9.1,0.271802,0.13453,4.1,5.992,0,0.4934,0.336,0.1682,0.0001,0.1728,0.2678,0.7404,0.4
1089,f0966a356a5300c8,91,9.1,0.227982,0.198253,3.8,84.127,0,0.4476,0.2533,0.1607,0.0,0.1661,0.0,0.7308,1.0
1090,415424f3f9903d18,91,9.1,0.382523,0.114274,7.3,1.718,7,0.0742,0.1858,0.1159,0.0002,0.3094,0.8376,0.8189,0.4
1091,e9fd2e41168f1c61,91,9.1,0.195727,0.135445,4.1,10.534,0,0.0001,0.0008,0.003,0.0,0.1411,0.0,0.8105,1.0
1092,fef887329ddb938,91,9.1,0.22005,0.186824,2.2,59.608,0,0.4854,0.2433,0.1476,0.0001,0.237,0.0,0.7825,0.56
1093,cdd990b32f3655ed,91,9.1,0.376868,0.114959,3.8,4.101,0,0.18,0.1729,0.4615,0.0147,1.0,0.5199,0.8616,0.32
1094,360cc902d73c8b48,91,9.1,0.286509,0.108424,6.5,4.231,0,0.0225,0.213,0.124,0.0,0.3751,0.5025,0.676,0.24
1095,1b81871d6a9ee2c9,91,9.1,0.386537,0.092767,0.3,1.568,5,0.3641,0.1697,0.2143,0.0111,0.5062,0.8576,0.6575,0.68
1096,20a47bc2a1724504,91,9.1,0.293222,0.109695,8.1,3.869,0,0.0559,0.2343,0.1308,0.0,0.156,0.5508,0.6734,0.52
1097,af7d6afd28237c70,91,9.1,0.387598,0.207903,4.4,2.165,0,0.7216,0.7469,1.0,0.0009,0.4036,0.7779,0.7355,0.52
1098,e8f5802c3d13b5b5,91,9.1,0.34953,0.082249,3.1,4.733,0,0.2757,0.273,0.5218,0.0193,0.3779,0.4357,0.7281,0.2
1099,2f058276c2542831,91,9.1,0.166403,0.154098,8.3,59.996,0,0.5623,0.1277,0.1641,0.0003,0.2125,0.0,0.5013,0.48
1100,918160d68fae2152,91,9.1,0.205813,0.182773,2.5,85.43,0,0.6113,0.3106,0.1303,0.0003,0.2983,0.0,0.5509,0.72
1101,4270f75f6fa74244,91,9.1,0.166296,0.149112,9.0,13.876,0,0.5413,0.1421,0.0708,0.0,0.1662,0.0,0.6263,0.2
1102,7dfdb71ae9717eb3,91,9.1,0.144547,0.096422,8.1,8.929,0,0.4266,0.2321,0.3414,0.0003,0.4827,0.0,0.5704,0.28
1103,8a5512082056c4d0,91,9.1,0.149603,0.126871,2.9,8.753,0,0.7218,0.0244,0.036,0.0001,0.1777,0.0,0.452,0.08
1104,2fbb05e50cae5135,91,9.1,0.263899,0.139557,3.6,5.48,0,0.3507,0.1596,0.0825,0.0113,0.4483,0.336,0.5119,1.0
1105,578b9ec1511f95aa,91,9.1,0.275646,0.06146,1.1,3.737,0,0.01,0.0529,0.0625,0.0,0.1199,0.5684,0.5973,0.44
1106,bab4860dbd5320d4,91,9.1,0.380467,0.101711,3.2,2.42,0,0.0013,0.0164,0.0429,0.0,0.2302,0.7439,0.8933,0.6
1107,67b3d4f0aca3c66b,91,9.1,0.169351,0.072715,4.3,10.457,0,0.2125,0.2053,0.1928,0.0,0.18,0.0,0.7054,0.32
1108,e80f758cf3e64899,91,9.1,0.300942,0.206696,0.1,50.627,0,0.593,0.646,0.7035,0.0001,0.3028,0.0,0.5934,1.0
1109,162a320b2c48bc35,91,9.1,0.103177,0.089837,2.6,1000000.0,0,0.7225,0.0314,0.0596,0.0001,0.3101,0.0,0.0,0.12
1110,feaeeb3bd3c52143,91,9.1,0.225803,0.107854,3.6,8.28,0,0.0602,0.1234,0.1715,0.0058,1.0,0.0,0.9065,0.52
1111,202b9fbe29c70255,91,9.1,0.259132,0.133866,3.3,2.977,0,0.4337,0.4891,0.8984,0.0198,1.0,0.6697,0.221,0.44
1112,b9ac479ad786486f,91,9.1,0.12689,0.09391,9.0,1000000.0,0,0.7216,0.1105,0.109,0.0001,0.3199,0.0,0.0,0.2
1113,478bb71fede88b9f,91,9.1,0.290119,0.225614,7.4,4.15,0,0.5118,0.2261,0.3015,0.0,0.1675,0.5133,0.8198,0.16
1114,c617a71e535bbc58,91,9.1,0.206617,0.195611,8.1,1000000.0,0,0.0756,0.096,0.0557,0.0,0.1648,0.0,0.8757,0.92
1115,1ec1745e49e9f806,91,9.1,0.181827,0.169814,7.0,46.507,0,0.0789,0.1528,0.0859,0.0,0.1684,0.0,0.8781,0.44
1116,3c4c1399e6114e8b,91,9.1,0.203238,0.153955,6.2,56.099,0,0.7494,0.1472,0.1316,0.0013,0.3896,0.0,0.4372,0.44
1117,aee019659671ea22,91,9.1,0.197045,0.166744,7.9,6.309,0,0.2052,0.1753,0.0985,0.0018,1.0,0.2254,0.8733,0.32
1118,4b8fffd9a728a4c3,91,9.1,0.42226,0.172154,0.3,3.677,0,0.5294,0.4967,0.9646,0.0047,1.0,0.5764,0.6803,0.76
1119,dd41e685cf6fd178,91,9.1,0.123363,0.087214,5.3,1000000.0,0,0.5591,0.359,0.1283,0.0,0.1651,0.0,0.0,0.6
1120,36b1e8184a1a18ac,91,9.1,0.201363,0.183405,8.9,45.582,0,0.0466,0.2391,0.0949,0.0,0.1799,0.0,0.8983,0.56
1121,818f953df0e0eda1,91,9.1,0.56026,0.248629,1.2,2.587,0,0.3504,0.361,0.9582,0.0076,0.9771,0.7218,0.6396,1.0
1122,f5984ac07a8635f6,91,9.1,0.186952,0.16031,2.1,8.047,0,0.1086,0.2023,0.2444,0.0001,0.1645,0.0,0.8342,0.44
1123,f42e91610113f164,91,9.1,0.097448,0.049006,3.1,31.974,0,0.0,0.0007,0.0022,0.0,0.0901,0.0,0.4437,0.36
1124,215366e9585ba9ac,91,9.1,0.24591,0.169383,8.3,37.902,0,0.2265,0.2798,0.6041,0.017,1.0,0.0,0.7119,1.0
1125,7df91a164f3f5585,91,9.1,0.337037,0.214805,1.2,3.458,0,0.0509,0.1359,0.1332,0.0004,0.2547,0.6056,0.7183,1.0
1126,2a8b6f2b362f25da,91,9.1,0.239674,0.138243,2.4,6.2,0,0.314,0.4904,0.8392,0.0069,0.9425,0.2399,0.5936,0.08
1127,e0a69c6b93eeb4e7,91,9.1,0.190479,0.17685,3.8,11.217,0,0.3095,0.1409,0.0702,0.0,0.1713,0.0,0.7948,0.44
1128,bc323917067da7f6,91,9.1,0.213769,0.169747,0.5,7.251,0,0.1026,0.1189,0.1789,0.0,0.3016,0.0999,0.8351,0.2
1129,636051671d5c9f67,91,9.1,0.349498,0.117338,6.4,2.175,0,0.0001,0.0029,0.0106,0.0,0.0585,0.7767,0.7795,0.56
1130,160f5a7f94e73810,91,9.1,0.399451,0.275001,0.2,2.972,0,0.3153,0.3441,0.4557,0.0001,0.1653,0.6704,0.8791,1.0
1131,4f8ee5c7dc8515d8,91,9.1,0.324299,0.157593,7.9,3.292,0,0.378,0.1872,0.1747,0.0001,0.2564,0.6277,0.6379,0.52
1132,558798413107fb,91,9.1,0.450595,0.261947,8.2,3.079,0,0.1357,0.2448,0.0923,0.0027,1.0,0.6561,0.7146,0.56
1133,2fe13baa5a57156b,91,9.1,0.171158,0.073562,7.2,1000000.0,0,0.2573,0.3379,0.6306,0.0059,0.7613,0.0,0.324,0.24
1134,c635c8ff08f66550,91,9.1,0.281969,0.190804,0.4,4.974,0,0.1401,0.1633,0.2474,0.0,0.1615,0.4035,0.8822,0.4
1135,cef2c905651741dc,91,9.1,0.256462,0.167195,1.0,7.366,0,0.2566,0.4039,0.7357,0.0102,0.1873,0.0845,0.754,1.0
1136,ac583e4224be210e,91,9.1,0.395607,0.179768,0.2,2.446,0,0.4004,0.2498,0.0853,0.0085,0.7361,0.7405,0.7206,0.44
1137,824c4735b5641b81,91,9.1,0.187604,0.108542,1.7,11.521,0,0.0001,0.0009,0.0048,0.0,0.1572,0.0,0.7883,0.88
1138,b1ba53a378c20511,91,9.1,0.172522,0.157873,6.4,24.637,0,0.717,0.0904,0.0859,0.0,0.2331,0.0,0.4808,0.08
1139,bd3ce582c64daf12,91,9.1,0.191179,0.15865,6.0,8.508,0,0.2378,0.1382,0.1706,0.0002,0.2337,0.0,0.4832,1.0
1140,d738ebbe5b811d86,91,9.1,0.146704,0.099474,8.2,1000000.0,0,0.4827,0.1298,0.1752,0.0023,0.7332,0.0,0.0,0.68
1141,c86ba9a2c9e217b0,91,9.1,0.18716,0.154524,0.2,1000000.0,0,0.7253,0.1712,0.0656,0.0002,0.295,0.0,0.4925,0.36
1142,b2283d6a677c7242,91,9.1,0.168835,0.095678,4.0,1000000.0,0,0.0,0.0008,0.0021,0.0,0.1597,0.0,0.8531,0.4
1143,fe4ec92a0b997916,91,9.1,0.108702,0.096189,0.5,498.373,0,0.0027,0.0358,0.0589,0.0,0.2453,0.0,0.4651,0.12
1144,32f4845a6628d985,91,9.1,0.147691,0.056061,1.8,9.399,0,0.0457,0.2453,0.1241,0.0,0.1707,0.0,0.7148,0.44
1145,c01b79a1b5e7b03a,91,9.1,0.329577,0.115425,8.2,2.562,0,0.4394,0.2122,0.2417,0.0002,0.398,0.7251,0.5846,0.12
1146,d14d58eafbbe1466,91,9.1,0.194753,0.173296,9.0,110.347,0,0.0549,0.1591,0.0631,0.0,0.1569,0.0,0.8815,0.68
1147,d7b9c5198f461d2f,91,9.1,0.236165,0.138828,4.1,15.036,0,0.31,0.3945,0.855,0.011,0.2632,0.0,0.7781,0.16
1148,4f39feba07576634,91,9.1,0.301984,0.21614,8.8,5.075,0,0.2719,0.2733,0.138,0.0003,0.5854,0.39,0.7301,0.96
1149,1bfadaaf51e3230c,91,9.1,0.316102,0.20529,0.1,4.944,0,0.2458,0.285,0.0964,0.0,0.1881,0.4074,0.851,0.8
1150,6d0b70da62de86b1,91,9.1,0.185574,0.161767,6.5,7.895,0,0.3624,0.1819,0.2041,0.0,0.2168,0.014,0.6226,0.76
1151,494f8f2ede75a89f,91,9.1,0.123206,0.113431,3.2,1000000.0,0,1.0,0.0421,0.0615,0.0001,0.1994,0.0,0.0,0.32
1152,6bcef0c1a3e00ecc,91,9.1,0.526649,0.147831,1.7,1.542,2,0.6047,0.4848,0.9414,0.0276,1.0,0.8611,0.5554,0.24
1153,2a98fb5fea9e1665,91,9.1,0.271532,0.18202,6.5,5.343,0,0.3549,0.2414,0.2031,0.0,0.1615,0.3542,0.8611,0.32
1154,e15ecd4f867a078a,91,9.1,0.153155,0.149895,7.7,1000000.0,0,0.0001,0.0017,0.004,0.0,0.8328,0.0,0.0,0.88
1155,886c26fb7575a8a9,91,9.1,0.233538,0.142033,2.7,35.604,0,0.3714,0.3131,0.9912,0.0065,1.0,0.0,0.6003,0.12
1156,377a5577ae3a4d44,91,9.1,0.1809,0.158374,3.8,44.341,0,0.0425,0.0853,0.1215,0.0,0.1804,0.0,0.8748,0.24
1157,900bde5f206d99,91,9.1,0.118738,0.084403,0.2,1000000.0,0,0.6808,0.3266,0.0732,0.0037,0.3127,0.0,0.3108,0.04
1158,1cef9d9269a0e2af,91,9.1,0.140506,0.083582,1.7,23.188,0,0.0,0.0011,0.0023,0.0,0.1651,0.0,0.6917,0.36
1159,3d871c723cfad89d,91,9.1,0.350747,0.066348,7.4,2.056,0,0.0001,0.0009,0.0021,0.0,0.1236,0.7926,0.79,0.32
1160,38c78385423d4acf,91,9.1,0.201514,0.178146,8.6,6.674,0,0.1819,0.1846,0.223,0.0,0.2492,0.1768,0.7954,0.76
1161,5d904a2c3bca0454,91,9.1,0.140787,0.137886,9.0,1000000.0,0,0.0001,0.0009,0.0026,0.0,0.8711,0.0,0.0,0.6
1162,388374a97dd7c62,91,9.1,0.335388,0.206222,0.2,3.679,0,0.2364,0.2225,0.8159,0.0105,0.598,0.5761,0.5648,0.76
1163,ea9c53f90ce78bef,91,9.1,0.361155,0.119279,4.5,3.803,0,0.1171,0.2359,0.3959,0.0155,0.6722,0.5595,0.8617,0.24
1164,d243433052561036,91,9.1,0.20916,0.205274,0.0,1000000.0,0,0.0001,0.0012,0.0059,0.0,0.1612,0.0,0.8776,0.96
1165,c1f3542b52a0411f,91,9.1,0.210789,0.195716,5.4,38.615,0,0.3569,0.3712,0.1175,0.0005,0.2784,0.0,0.8797,0.8
1166,e731e14bd2500a43,91,9.1,0.29991,0.110496,5.5,3.857,0,0.3165,0.226,0.3256,0.0001,0.3877,0.5524,0.7794,0.36
1167,73c1c6b3c05679c0,91,9.1,0.397066,0.230028,8.4,4.849,0,0.0811,0.1931,0.3345,0.0071,1.0,0.4201,0.8777,0.76
1168,4a36d438ad9568e0,91,9.1,0.240074,0.232537,6.2,64.007,0,0.0287,0.0703,0.0676,0.0003,0.793,0.0,0.8782,0.12
1169,26012d8de3d7c83b,91,9.1,0.345895,0.070648,6.9,3.88,0,0.1816,0.3122,0.1796,0.0014,0.319,0.5494,0.8376,0.2
1170,3c63374a13e1875a,91,9.1,0.208735,0.102618,3.9,5.891,0,0.563,0.1622,0.1346,0.0003,0.9827,0.2812,0.2426,0.24
1171,9cf0a647104db574,91,9.1,0.302565,0.177001,7.3,2.849,0,0.6341,0.144,0.1882,0.0006,0.2045,0.6868,0.523,0.52
1172,96d7dd9392d0605d,91,9.1,0.266346,0.206978,4.7,28.184,0,0.4879,0.1695,0.1249,0.0004,1.0,0.0,0.8756,0.36
1173,bbfb31d23dbf0ce,91,9.1,0.258138,0.131945,7.5,3.894,0,0.5612,0.1812,0.2016,0.0001,0.1734,0.5474,0.326,0.12
1174,a50942438de2fbec,91,9.1,0.240205,0.131187,0.0,5.763,0,0.42,0.7773,1.0,0.0001,0.5106,0.2983,0.0,0.24
1175,877b8bdee6dd9fc4,91,9.1,0.193149,0.184753,8.6,1000000.0,0,0.0001,0.0009,0.0026,0.0,0.1796,0.0,0.8708,0.68
1176,2ace453ce84e2ab,91,9.1,0.32082,0.200097,8.3,71.002,0,0.5951,1.0,1.0,0.0059,0.23,0.0,0.5473,0.28
1177,17921fc8f6665caa,91,9.1,0.215107,0.101716,6.4,1000000.0,0,0.2843,0.3199,0.4448,0.0155,1.0,0.0,0.0,0.12
1178,8780429877c2c8ee,91,9.1,0.235101,0.115711,3.5,7.72,0,0.2997,0.4562,0.6776,0.02,0.9087,0.0373,0.8626,1.0
1179,e3170165b153e731,91,9.1,0.284203,0.158087,0.3,1000000.0,0,0.2513,0.2574,1.0,0.0708,1.0,0.0,0.4311,0.56
1180,6b4961bec5c99ec2,91,9.1,0.187053,0.168004,4.9,10.847,0,0.6357,0.2044,0.1913,0.0003,0.2949,0.0,0.5839,0.64
1181,c3e816c7c238f921,91,9.1,0.213142,0.120809,2.2,1000000.0,0,0.6609,0.5738,0.9528,0.015,1.0,0.0,0.0,0.28
1182,e9dcd5337e29ef2e,91,9.1,0.397624,0.19606,1.5,3.349,0,0.519,0.4689,0.9342,0.0191,0.7843,0.6202,0.6184,0.8
1183,3d963513dd11e643,91,9.1,0.306187,0.23005,0.5,2.182,0,0.4703,0.35,0.1688,0.0002,1.0,0.7757,0.4421,0.44
1184,eeab096e35093acf,91,9.1,0.019868,0.017582,8.3,1000000.0,0,0.0001,0.0012,0.003,0.0,0.0244,0.0,0.0,0.28
1185,c6ce33e597389b24,91,9.1,0.097465,0.068708,2.1,1000000.0,0,0.3951,0.1475,0.1036,0.0012,0.3744,0.0,0.0,0.24
1186,7de257aa6f636ca4,91,9.1,0.210276,0.104039,3.4,5.566,0,0.4065,0.4772,0.6079,0.0231,0.8501,0.3245,0.0863,0.36
1187,9a3f01b8659f2979,91,9.1,0.508276,0.110377,8.4,2.706,0,0.315,0.1951,0.5821,0.0286,1.0,0.7059,0.7714,0.56
1188,71c91d44841d1f8a,91,9.1,0.211496,0.189996,6.5,80.746,0,0.5356,0.2915,0.3371,0.0002,0.2561,0.0,0.8084,0.32
1189,f459f23f01a59f33,91,9.1,0.118264,0.114221,5.5,1000000.0,0,0.0011,0.0175,0.04,0.0,0.4423,0.0,0.0,1.0
1190,dd831394a976c5a7,91,9.1,0.160876,0.098064,3.3,1000000.0,0,0.7243,0.0399,0.0579,0.0001,0.2394,0.0,0.4426,0.16
1191,cdbf86c5c5501272,91,9.1,0.141792,0.084208,8.8,7.433,0,0.0,0.0009,0.003,0.0,0.1964,0.0756,0.4319,0.64
1192,9b2d30d1d0b20b82,91,9.1,0.337629,0.210156,7.3,3.878,0,0.3313,0.4204,0.6755,0.0023,0.925,0.5496,0.592,0.44
1193,61d40baa6a3d9c3c,91,9.1,0.333391,0.151106,1.5,1.754,6,0.3987,0.1256,0.1353,0.0001,0.2605,0.8328,0.4501,0.4
1194,3941cff878dba57c,91,9.1,0.421039,0.242943,6.7,1.783,3,0.2864,0.4169,0.8048,0.0167,0.9468,0.8289,0.7976,1.0
1195,f33230826fe0dbff,91,9.1,0.344979,0.105673,2.9,2.525,0,0.193,0.1369,0.1806,0.0,0.2416,0.73,0.6746,0.44
1196,d29d4449c13890c1,91,9.1,0.314536,0.287432,3.9,191.751,0,0.244,0.3198,0.1837,0.0011,1.0,0.0,0.8546,0.64
1197,6186ee7e68ee31af,91,9.1,0.18311,0.123261,3.3,18.28,0,0.6925,0.3231,0.1894,0.0001,0.2262,0.0,0.6475,0.16
1198,4899ec796fc2f016,91,9.1,0.203878,0.174177,6.5,54.014,0,0.1672,0.2513,0.0905,0.0,0.1626,0.0,0.8816,0.6
1199,82be69efc9164e05,91,9.1,0.203982,0.083964,2.4,6.354,0,0.4063,0.352,0.1226,0.0002,0.1778,0.2194,0.6968,0.64
1200,901a5d3c631ce92d,91,9.1,0.311862,0.11419,2.9,2.997,0,0.4895,0.3801,0.0659,0.0,0.1881,0.6671,0.4908,0.36
1201,68e250614c22ee0f,91,9.1,0.22097,0.207397,4.8,31.649,0,0.2609,0.2814,0.0806,0.0001,0.1928,0.0,0.8714,1.0
1202,b399aba6ead9d3cb,91,9.1,0.368552,0.048206,1.8,1.418,4,0.0,0.0008,0.0017,0.0,0.1169,0.8775,0.8522,0.12
1203,1d745207c76f8df5,91,9.1,0.182125,0.159812,7.6,17.781,0,0.4937,0.1659,0.1005,0.0001,0.2767,0.0,0.5186,0.32
1204,8197e17305956a30,91,9.1,0.127342,0.07937,3.2,1000000.0,0,0.2706,0.2368,0.4478,0.0156,0.4665,0.0,0.0,0.6
1205,b99926086403db4b,91,9.1,0.31264,0.189308,7.8,3.983,0,0.6635,0.318,0.1118,0.0002,0.2123,0.5356,0.6593,0.32
1206,f7d4b2a97c9c9d89,91,9.1,0.211084,0.161168,5.1,7.368,0,0.4439,0.5338,1.0,0.0047,0.7176,0.0843,0.6498,0.32
1207,46ef4e7b21fa75cc,91,9.1,0.088402,0.074353,7.0,1000000.0,0,0.7218,0.0239,0.047,0.0,0.1707,0.0,0.0,0.08
1208,41c3c0475b4ed582,91,9.1,0.382815,0.101338,4.9,1.935,1,0.0001,0.0022,0.0066,0.0,0.1042,0.8087,0.7974,0.92
1209,ca1dd3fe3811e98c,91,9.1,0.226079,0.112769,6.0,6.238,0,0.4228,0.3905,0.5023,0.0,0.1546,0.2349,0.8256,0.48
1210,470c6dafd0520ed8,91,9.1,0.317195,0.143494,3.9,3.269,0,0.0001,0.0009,0.0036,0.0,0.0986,0.6308,0.7364,0.64
1211,dac2cb1d96f35f79,91,9.1,0.234354,0.200671,5.9,9.788,0,0.0001,0.0012,0.0031,0.0,0.9934,0.0,0.3674,1.0
1212,2433c220e08978bc,91,9.1,0.253567,0.077288,0.1,5.086,0,0.2546,0.2795,0.3918,0.0001,0.1638,0.3885,0.4652,0.2
1213,d7b20df5521510ff,91,9.1,0.265756,0.158707,1.7,5.803,0,0.2392,0.218,0.0864,0.0021,0.7535,0.2929,0.6256,0.84
1214,37a9672fbb9fb87,91,9.1,0.221224,0.131783,0.3,11.304,0,0.3036,0.3138,0.6551,0.016,1.0,0.0,0.4092,0.64
1215,f26dc63ad0f5e9e,91,9.1,0.258365,0.06161,8.8,6.686,0,0.1594,0.2677,0.3627,0.0019,0.8151,0.1752,0.5338,0.32
1216,522309b188264fa9,91,9.1,0.39263,0.105173,3.2,1.657,4,0.255,0.2892,0.3275,0.014,0.2557,0.8457,0.7561,0.4
1217,290f32e22503a75e,91,9.1,0.311634,0.098169,5.0,1.635,2,0.7231,0.0275,0.0636,0.0,0.2674,0.8487,0.0,0.2
1218,446e55e10e4a3c9c,91,9.1,0.171867,0.166411,0.0,194.142,0,0.0001,0.0014,0.0041,0.0,0.2448,0.0,0.7223,0.56
1219,ae395a9d5658aa70,91,9.1,0.206762,0.157917,2.2,1000000.0,0,0.7179,0.108,0.102,0.0,0.2777,0.0,0.7883,0.16
1220,f13ff247ab7410d3,91,9.1,0.226165,0.159585,8.0,6.337,0,0.6322,0.2069,0.2327,0.0019,0.9672,0.2218,0.4579,0.32
1221,190d20c30e2e66c0,91,9.1,0.17309,0.127537,2.9,1000000.0,0,0.7193,0.2095,0.1234,0.0001,0.2087,0.0,0.4615,0.2
1222,88992807e2ccb980,91,9.1,0.397037,0.096288,8.9,2.489,0,0.1687,0.3192,0.1169,0.0233,0.4952,0.7349,0.8242,0.16
1223,f5a2abb68d80d6a0,91,9.1,0.357252,0.251313,0.2,5.024,0,0.2986,0.2647,0.3796,0.0001,0.2571,0.3968,0.8822,1.0
1224,468e7300f200605,91,9.1,0.328969,0.143035,8.9,3.697,0,0.1401,0.2907,0.1735,0.0017,0.3687,0.5738,0.6901,0.32
1225,dadee56ac0b4ada,91,9.1,0.1959,0.189718,6.1,94.522,0,0.0001,0.001,0.0024,0.0,0.0267,0.0,0.8855,1.0
1226,afc050efca5671b5,91,9.1,0.20939,0.159593,1.0,1000000.0,0,0.35,0.2585,0.4408,0.0072,0.6425,0.0,0.3433,0.44
1227,92af4e6134e95185,91,9.1,0.403669,0.224228,8.7,3.764,0,0.2976,0.5417,0.3324,0.0001,0.2706,0.5649,0.8441,0.6
1228,1b48b3c95c52ae58,91,9.1,0.243333,0.08022,2.3,5.546,0,0.0001,0.0008,0.0024,0.0,0.1319,0.3272,0.7309,0.64
1229,761ae2d395eacad5,91,9.1,0.13151,0.091121,8.8,6.992,0,0.4816,0.3724,0.1164,0.0001,0.1751,0.1344,0.0619,0.92
1230,2c41a8967dd245a4,91,9.1,0.163535,0.157801,0.5,1000000.0,0,0.0001,0.0008,0.0023,0.0,0.1052,0.0,0.845,0.4
1231,ed189de02ccdbaf6,91,9.1,0.129808,0.04981,5.9,1000000.0,0,0.03,0.2558,0.1765,0.0,0.1779,0.0,0.5976,0.32
1232,c8fec27d9522ad72,91,9.1,0.476531,0.140515,7.8,3.071,0,0.1834,0.3734,0.4996,0.0188,0.7259,0.6572,0.8841,0.72
1233,669d9d040fcd583f,91,9.1,0.177055,0.17519,6.1,1000000.0,0,0.0001,0.001,0.0027,0.0,0.1299,0.0,0.883,0.48
1234,4256e2c605c242e4,91,9.1,0.297597,0.227262,6.8,4.785,0,0.3227,0.1685,0.2045,0.0,0.9012,0.4287,0.8203,0.16
1235,b95e5a06d9c32e6f,91,9.1,0.215623,0.204335,5.1,11.648,0,0.0363,0.0756,0.0956,0.0,0.2338,0.0,0.8764,0.92
1236,5e0e5412d75c22e1,91,9.1,0.196181,0.178179,6.5,89.321,0,0.0754,0.1107,0.0759,0.0,0.1607,0.0,0.8806,0.76
1237,8ff01d17a86db467,91,9.1,0.236325,0.179766,6.6,6.334,0,0.0181,0.1392,0.1507,0.0,0.2001,0.2221,0.9185,0.48
1238,e01052ee0e30262b,91,9.1,0.09042,0.060693,3.0,1000000.0,0,0.3618,0.2387,0.2429,0.0,0.1656,0.0,0.0,0.24
1239,8d0b1233fbefc00e,91,9.1,0.230916,0.180002,1.7,64.88,0,0.6785,0.1807,0.2103,0.0001,0.3808,0.0,0.8141,0.4
1240,27023ef7262fd59a,91,9.1,0.2464,0.126729,8.9,2.939,0,0.3495,0.3284,0.8375,0.0171,1.0,0.6748,0.6073,0.12
1241,c60076f277edcec1,91,9.1,0.323887,0.217901,4.2,4.981,0,0.6182,0.4347,0.2952,0.0001,0.2019,0.4025,0.7219,0.64
1242,8590885dda40dcb5,91,9.1,0.185036,0.093357,0.4,19.23,0,0.0001,0.0011,0.0025,0.0,0.3036,0.0,0.686,0.8
1243,35843ccc6e75a3,91,9.1,0.202321,0.178624,8.4,136.528,0,0.3849,0.3482,0.1157,0.0,0.1885,0.0,0.8735,0.68
1244,8f5f743b5b1ff851,91,9.1,0.190905,0.173172,3.8,117.106,0,0.4799,0.0989,0.151,0.0001,0.2866,0.0,0.5197,0.68
1245,96ef801dbb8ee1f3,91,9.1,0.156154,0.131538,3.5,190.28,0,0.7248,0.0334,0.037,0.0001,0.1745,0.0,0.4243,0.4
1246,5620213237a45411,91,9.1,0.257177,0.115322,6.3,2.37,0,0.5624,0.2122,0.1188,0.0006,1.0,0.7507,0.0,0.6
1247,7ff7fe6e7df3bd0b,91,9.1,0.183948,0.174304,0.0,1000000.0,0,0.0,0.0007,0.0027,0.0,0.1698,0.0,0.8806,0.52
1248,1e7f891952c2b322,91,9.1,0.232899,0.176171,5.1,1000000.0,0,0.087,0.1349,0.2187,0.0032,0.9815,0.0,0.3097,1.0
1249,4de10b8fe96345b7,91,9.1,0.316367,0.06848,3.1,2.934,0,0.2328,0.3435,0.1186,0.0,0.1729,0.6754,0.7334,0.44
1250,1887162500c4fe83,91,9.1,0.123017,0.041633,6.5,47.633,0,0.2471,0.2747,0.0743,0.0007,0.2059,0.0,0.6689,0.08
1251,3c0ed86e2efecbf8,91,9.1,0.211037,0.114802,1.7,6.557,0,0.5257,0.2325,0.2827,0.0001,0.2132,0.1924,0.1995,1.0
1252,a815fb28283782b5,91,9.1,0.320418,0.254535,3.3,3.912,0,0.3451,0.2418,0.333,0.0,0.1731,0.545,0.8793,0.48
1253,cf507fee9f48b32d,91,9.1,0.169383,0.158308,5.0,47.064,0,0.7124,0.086,0.1169,0.0,0.3931,0.0,0.3854,0.32
1254,2d1cb9dbe370e559,91,9.1,0.148935,0.08765,8.9,6.108,0,0.5614,0.1469,0.1255,0.0,0.1781,0.2523,0.0,0.8
1255,f02ccf1576612742,91,9.1,0.339493,0.209318,8.7,6.436,0,0.1521,0.3097,0.416,0.0131,1.0,0.2086,0.6253,0.64
1256,65512b7ec2005a53,91,9.1,0.169785,0.086155,5.5,9.218,0,0.453,0.4915,0.7812,0.0148,0.5671,0.0,0.2188,0.08
1257,f7b0fe5020730956,91,9.1,0.13401,0.058262,8.0,8.185,0,0.0001,0.0012,0.0026,0.0,0.1057,0.0,0.6957,0.28
1258,9d8bdb4cd3ebff90,91,9.1,0.218067,0.196878,8.4,61.291,0,0.0439,0.199,0.1039,0.0,0.1689,0.0,0.8762,0.96
1259,a4f2d7db5e327b9f,91,9.1,0.219761,0.156582,6.3,1000000.0,0,0.5387,0.2524,0.1469,0.0007,0.2325,0.0,0.7395,0.72
1260,9b468d9aa7d0e694,91,9.1,0.318019,0.187417,8.9,4.684,0,0.2726,0.2856,0.2593,0.0116,0.3399,0.4421,0.8814,0.96
1261,d07e0ff133193f5b,91,9.1,0.062969,0.046383,0.1,1000000.0,0,0.0632,0.0688,0.0463,0.0,0.1942,0.0,0.0,0.44
1262,f1c75f0f2e2d01a2,91,9.1,0.303719,0.196425,6.4,6.429,0,0.3822,0.4196,0.2915,0.0001,0.1681,0.2095,0.878,0.8
1263,565f8e406e30ea59,91,9.1,0.213131,0.131541,1.1,1000000.0,0,0.1043,0.229,0.1189,0.0,0.196,0.0,0.8258,0.84
1264,2d8eb447995ae794,91,9.1,0.233238,0.20076,8.9,16.108,0,0.0407,0.2372,0.1504,0.0001,0.4548,0.0,0.9125,0.16
1265,e0806a5d72a5b8c1,91,9.1,0.230537,0.176965,1.5,1000000.0,0,0.2763,0.2324,0.1051,0.0001,0.243,0.0,0.8618,1.0
1266,b707da5f55aa82b7,91,9.1,0.377064,0.163542,6.3,2.711,0,0.2724,0.3992,0.7928,0.0193,0.7826,0.7052,0.7118,0.4
1267,f8c69436535dac84,91,9.1,0.21359,0.181474,2.3,218.879,0,0.4012,0.1047,0.146,0.0001,0.3032,0.0,0.5379,1.0
1268,c34bf9e8adc78917,91,9.1,0.199693,0.080878,4.7,5.051,0,0.323,0.1775,0.155,0.0001,0.1921,0.3932,0.3623,0.44
1269,8afc7ff955fc3e8e,91,9.1,0.232322,0.215091,0.5,1000000.0,0,0.3869,0.2278,0.1962,0.0001,0.6184,0.0,0.792,1.0
1270,c5ba8ee2dd99472a,91,9.1,0.237172,0.110216,1.4,7.642,0,0.2276,0.2226,0.4135,0.0163,1.0,0.0477,0.7325,0.52
1271,6592862f7fab6ced,91,9.1,0.205287,0.08441,2.6,4.324,0,0.3141,0.1534,0.1001,0.0004,0.4425,0.4901,0.287,0.44
1272,e2cabb8824d57828,91,9.1,0.134228,0.077246,5.9,8.638,0,0.3899,0.2996,0.6187,0.0003,0.3662,0.0,0.0802,0.2
1273,3a4cb7f99c02004a,91,9.1,0.471609,0.333927,3.3,1.348,9,0.3299,0.4652,0.3458,0.0015,0.418,0.8869,0.9152,1.0
1274,52789438682803b5,91,9.1,0.19324,0.176169,7.4,1000000.0,0,0.5482,0.2306,0.08,0.0002,0.1993,0.0,0.7431,0.44
1275,e94d921b4276dfe7,91,9.1,0.274382,0.079303,0.3,3.514,0,0.1733,0.2218,0.4317,0.0184,0.3229,0.5982,0.5521,0.24
1276,c70d3aa76e713b60,91,9.1,0.330909,0.212929,5.6,3.663,0,0.5,0.2102,0.2927,0.0001,0.1775,0.5782,0.7888,0.52
1277,c54300c466735856,91,9.1,0.430948,0.188042,0.5,2.956,0,0.2527,0.2293,0.1178,0.0004,1.0,0.6726,0.4741,1.0
1278,fecc806fc34d6ec0,91,9.1,0.109713,0.084906,6.3,1000000.0,0,0.5631,0.1167,0.0981,0.0011,0.2977,0.0,0.0,0.4
1279,b77bbe0ed832cf3f,91,9.1,0.268812,0.079089,3.8,5.208,0,0.1581,0.3572,0.4785,0.0007,0.4479,0.3723,0.8551,0.44
1280,e5cd1f73f8d4264e,91,9.1,0.190628,0.186309,8.4,1000000.0,0,0.0001,0.001,0.0028,0.0,0.2247,0.0,0.8818,0.52
1281,80e8af79cb705db6,91,9.1,0.396838,0.277198,0.2,1.064,8,0.3104,0.275,0.09,0.0011,0.2865,0.9248,0.8788,0.44
1282,4ba0498860f3c0a2,91,9.1,0.184033,0.177307,1.1,1000000.0,0,0.0,0.0008,0.0026,0.0,0.0917,0.0,0.8815,0.68
1283,127fb0b146e89da7,91,9.1,0.155785,0.142831,7.2,45.938,0,0.5965,0.0713,0.0854,0.0001,0.1758,0.0,0.5078,0.2
1284,9bf36a609a36a23c,91,9.1,0.171353,0.143869,8.1,11.432,0,0.4645,0.1278,0.1628,0.0,0.2563,0.0,0.5269,0.24
1285,8441fefed795cff5,91,9.1,0.205093,0.191932,5.0,36.809,0,0.3369,0.2813,0.1035,0.0,0.2623,0.0,0.8847,0.52
1286,1ad5df7e2b4de211,91,9.1,0.287598,0.090131,2.9,4.366,0,0.0001,0.001,0.0024,0.0,0.1539,0.4846,0.7827,0.6
1287,bfc3366c618235e9,91,9.1,0.205895,0.190372,1.0,6.38,0,0.0592,0.1124,0.1776,0.0,0.2264,0.216,0.8764,0.68
1288,c647bdcc8550390f,91,9.1,0.32775,0.147971,5.8,2.373,0,0.0001,0.0011,0.0029,0.0,0.1407,0.7502,0.6658,0.52
1289,fcdc1e09303d9a98,91,9.1,0.329424,0.153958,0.3,1000000.0,0,0.4002,0.4817,1.0,0.0016,0.2633,0.0,0.74,0.32
1290,574d573b3086bb39,91,9.1,0.449574,0.190998,3.6,1.949,1,0.1473,0.219,0.1281,0.0058,0.9737,0.8067,0.7457,0.4
1291,8f5253a0994142e8,91,9.1,0.31135,0.252815,3.3,4.144,0,0.329,0.2335,0.0882,0.0,0.215,0.5141,0.8803,0.52
1292,3623e561d9cc33c1,91,9.1,0.274994,0.11443,5.1,4.063,0,0.1207,0.2686,0.1253,0.0086,0.2117,0.5249,0.7332,0.28
1293,a7178dd1fe502412,91,9.1,0.161171,0.107152,9.0,1000000.0,0,0.0025,0.0241,0.0688,0.0,0.1247,0.0,0.7345,0.72
1294,a5704e8a58571f00,91,9.1,0.205177,0.204097,4.5,1000000.0,0,0.0003,0.0038,0.0106,0.0,0.0978,0.0,0.8806,1.0
1295,c5628dc9bdafc25f,91,9.1,0.351311,0.131605,2.5,2.578,0,0.248,0.2872,0.1141,0.0001,0.3237,0.723,0.8309,0.4
1296,5a6868d30f027668,91,9.1,0.096371,0.071303,8.4,1000000.0,0,0.3553,0.2962,0.1753,0.0002,0.1794,0.0,0.0,0.44
1297,5ba17c5558cdfab0,91,9.1,0.34297,0.075334,8.0,3.43,0,0.1629,0.2171,0.2147,0.0093,0.601,0.6094,0.8005,0.4
1298,8da9491bd5ea36fc,91,9.1,0.203952,0.105035,7.8,1000000.0,0,0.7219,0.0873,0.0729,0.0001,0.2037,0.0,0.675,0.32
1299,e72555573947dbd3,91,9.1,0.202586,0.145739,0.2,1000000.0,0,0.2446,0.3162,0.3744,0.0136,1.0,0.0,0.0,0.24
1300,18d9a7d3c320f36c,91,9.1,0.194757,0.191122,9.0,1000000.0,0,0.0,0.0005,0.0019,0.0,0.1036,0.0,0.8782,0.84
1301,207c8c5a0cafe914,91,9.1,0.286824,0.105005,5.9,2.061,0,0.5632,0.0659,0.1331,0.0001,0.2706,0.7919,0.687,0.52
1302,5853eabed7330da8,91,9.1,0.28441,0.121657,8.3,4.5,0,0.0984,0.252,0.1765,0.0003,0.2208,0.4666,0.5286,0.56
1303,fbc3e0b7a9f1c7e2,91,9.1,0.18165,0.140649,0.6,1000000.0,0,0.4016,0.0418,0.1088,0.0002,0.222,0.0,0.4578,1.0
1304,4afb99cf8363c55b,91,9.1,0.464432,0.161377,3.2,1.946,1,0.413,0.4762,1.0,0.0557,1.0,0.8072,0.8118,0.24
1305,7ba0d53a9b0f0849,91,9.1,0.126574,0.097979,5.3,1000000.0,0,0.2957,0.304,0.1252,0.0003,0.4128,0.0,0.0,0.56
1306,e1fa5535238dfee7,91,9.1,0.229549,0.113622,7.0,1000000.0,0,0.7241,0.2029,0.2053,0.0006,0.2564,0.0,0.8112,0.16
1307,9712b02e4ad646cb,91,9.1,0.166779,0.084728,9.0,1000000.0,0,0.3409,0.3508,0.1883,0.0029,0.9399,0.0,0.8606,0.16
1308,3a8acdc997dd77e6,91,9.1,0.157299,0.157133,0.5,1000000.0,0,0.0001,0.0009,0.0029,0.0,0.8081,0.0,0.0,1.0
1309,1d9f312025171963,91,9.1,0.337615,0.139498,6.8,5.834,0,0.1501,0.2552,0.55,0.0333,1.0,0.2888,0.6322,0.44
1310,a0d3ecc64be82489,91,9.1,0.163254,0.157289,7.6,68.169,0,0.0001,0.001,0.0054,0.0,0.1124,0.0,0.8858,0.28
1311,70c7ba715df1c264,91,9.1,0.212876,0.162927,2.3,1000000.0,0,0.4452,0.3472,0.1582,0.0008,0.2927,0.0,0.8586,0.88
1312,4c25a14a6736212f,91,9.1,0.460288,0.150191,8.5,2.84,0,0.2263,0.3182,0.5995,0.0151,1.0,0.688,0.7155,0.44
1313,9a90b4007f602578,91,9.1,0.187985,0.12137,0.2,1000000.0,0,0.3558,0.3965,0.1686,0.0002,0.1963,0.0,0.8573,0.8
1314,4c375036b3058bf3,91,9.1,0.21487,0.186669,3.1,7.253,0,0.1221,0.1151,0.0793,0.0,0.1635,0.0996,0.8809,0.72
1315,ad9fddb1adcf99ea,91,9.1,0.165507,0.163291,7.1,1000000.0,0,0.0,0.0008,0.0019,0.0,0.0379,0.0,0.8799,0.48
1316,118c2a89f1761cb3,91,9.1,0.22495,0.115879,0.1,7.634,0,0.6623,0.8847,0.8136,0.0001,0.2689,0.0488,0.3365,0.32
1317,ab56e45179954bb3,91,9.1,0.335434,0.218617,6.2,4.798,0,0.1824,0.2309,0.4688,0.0128,0.5365,0.4269,0.8531,0.88
1318,bd8a3ef4a0d9cd0c,91,9.1,0.205173,0.175539,5.8,8.092,0,0.3983,0.2437,0.0882,0.0,0.1987,0.0,0.7495,0.64
1319,6f9cb2838d3348ce,91,9.1,0.146967,0.119099,8.0,1000000.0,0,0.7226,0.1293,0.1057,0.0001,0.2902,0.0,0.3377,0.72
1320,930239615e34571f,91,9.1,0.224653,0.121249,2.8,5.978,0,0.4225,0.3717,0.2967,0.0,0.1676,0.2696,0.3552,0.88
1321,cd20dec4d9646683,91,9.1,0.182866,0.177889,9.0,1000000.0,0,0.0001,0.001,0.0026,0.0,0.0915,0.0,0.8716,0.68
1322,c2f8ee14d291b993,91,9.1,0.281243,0.162496,3.2,6.882,0,0.5435,1.0,1.0,0.0116,0.9979,0.149,0.5703,0.24
1323,f592dc9662775cee,91,9.1,0.217507,0.161585,6.4,6.812,0,0.1831,0.5362,0.588,0.017,1.0,0.1584,0.7581,0.08
1324,d865a2915f109cb0,91,9.1,0.174336,0.170702,9.0,52.893,0,0.0001,0.0012,0.0039,0.0,0.0844,0.0,0.8846,0.52
1325,fa1c0d98bc18f290,91,9.1,0.293071,0.208483,0.8,5.315,0,0.2004,0.1841,0.1453,0.0,0.3725,0.3581,0.8464,0.32
1326,84bcfc04e84d3f06,91,9.1,0.210902,0.184942,0.1,1000000.0,0,0.671,0.2587,0.3978,0.0003,0.2151,0.0,0.6102,0.68
1327,5473a59f6275cc2,91,9.1,0.19848,0.082974,7.9,5.401,0,0.2739,0.0976,0.1588,0.0008,0.4713,0.3466,0.3461,0.12
1328,82aa82aeaf7fd0f7,91,9.1,0.131618,0.112321,8.2,10.65,0,0.1107,0.1431,0.1478,0.0001,0.3798,0.0,0.2856,1.0
1329,bb9aac0329a971b2,91,9.1,0.309181,0.14588,6.8,3.595,0,0.0702,0.2149,0.1955,0.0039,0.5607,0.5873,0.5841,0.72
1330,8a46eacb8ec912b6,91,9.1,0.204721,0.184863,0.1,37.15,0,0.5693,0.3283,0.3222,0.0002,0.2939,0.0,0.6676,0.44
1331,272d6eae8073efb6,91,9.1,0.211066,0.10105,4.4,6.466,0,0.326,0.2031,0.0404,0.0,0.2275,0.2045,0.7322,0.28
1332,bdbde9cd6e47dd02,91,9.1,0.193109,0.178241,0.9,8.223,0,0.0459,0.0901,0.0475,0.0,0.179,0.0,0.8854,0.52
1333,483adbc586432aa,91,9.1,0.347531,0.218691,0.2,3.862,0,0.1342,0.2171,0.0474,0.0,0.2126,0.5518,0.8821,0.76
1334,bd30bee333ab31e9,91,9.1,0.161978,0.144404,7.8,111.724,0,0.569,0.1443,0.1568,0.0003,0.1677,0.0,0.408,0.6
1335,c6026df4524ef541,91,9.1,0.111966,0.067929,6.4,13.117,0,0.2,0.222,0.1116,0.0,0.1668,0.0,0.338,0.2
1336,ddf2eb84c94f9ea7,91,9.1,0.25612,0.15627,7.2,4.841,0,0.5598,0.1568,0.2029,0.0003,0.3159,0.4212,0.7773,0.6
1337,3005f614d249561b,91,9.1,0.486529,0.183152,7.7,1.614,4,0.2696,0.3533,0.7979,0.0178,1.0,0.8514,0.8414,0.52
1338,d607dd2f35d276c2,91,9.1,0.300363,0.151133,6.2,3.374,0,0.3637,0.1606,0.1225,0.0121,0.4259,0.6168,0.4475,0.36
1339,b9a32c425e19ec9d,91,9.1,0.378471,0.216498,6.4,2.747,0,0.2931,0.2806,0.3029,0.0027,0.4429,0.7004,0.8073,0.64
1340,276014b905d1b189,91,9.1,0.273084,0.106797,2.5,3.959,0,0.4003,0.1548,0.0864,0.0,0.1827,0.5388,0.2783,0.56
1341,f7be160eaa77f8cb,91,9.1,0.322771,0.116884,6.6,3.824,0,0.2872,0.2659,0.1452,0.0,0.1789,0.5569,0.727,0.56
1342,69653b60156e78c6,91,9.1,0.181003,0.163937,2.5,33.653,0,0.37,0.1221,0.1149,0.0001,0.1707,0.0,0.6608,0.48
1343,251c12922b71ebce,91,9.1,0.178641,0.174126,4.6,1000000.0,0,0.0001,0.0011,0.0025,0.0,0.1043,0.0,0.8823,0.56
1344,a1b1b8e471ec66c1,91,9.1,0.497733,0.136494,5.9,2.752,0,0.3787,0.3603,0.7336,0.0287,1.0,0.6997,0.7687,0.36
1345,8f0fdd87e8799942,91,9.1,0.224632,0.12013,6.4,6.636,0,0.5731,0.2358,0.1975,0.0001,0.2359,0.1819,0.3453,1.0
1346,f5c14401e98f1be8,91,9.1,0.363498,0.208094,3.4,17.512,0,0.5041,0.576,1.0,0.0003,0.2515,0.0,0.6858,0.88
1347,8034b96be35bd31,91,9.1,0.324456,0.15374,0.3,3.298,0,0.5461,0.5087,0.9544,0.0207,1.0,0.6269,0.0,0.24
1348,a790c51ad77bc48d,91,9.1,0.496822,0.152753,2.3,2.42,0,0.3793,0.8197,1.0,0.0242,1.0,0.744,0.8223,0.56
1349,1c83b5b8fad7591a,91,9.1,0.204832,0.204714,8.6,1000000.0,0,0.0001,0.0009,0.0022,0.0,0.1655,0.0,0.8315,1.0
1350,2c37225bb4bd50e9,91,9.1,0.267932,0.180527,1.2,4.386,0,0.0277,0.2298,0.129,0.0,0.2471,0.4819,0.5389,0.88
1351,b11e314765082ee,91,9.1,0.135724,0.063358,4.0,11.293,0,0.0021,0.0445,0.0726,0.0,0.1091,0.0,0.6744,0.4
1352,85c5402acd2700c3,91,9.1,0.211921,0.19475,7.7,60.329,0,0.2059,0.3246,0.0992,0.0,0.2555,0.0,0.8816,0.56
1353,b4f48ef47d0c386a,91,9.1,0.300752,0.122654,7.5,1000000.0,0,1.0,1.0,1.0,0.0002,0.2313,0.0,0.1177,0.08
1354,699af3e27487e1c8,91,9.1,0.156062,0.131231,8.7,1000000.0,0,0.7237,0.1358,0.1087,0.0002,0.5777,0.0,0.0,0.28
1355,e6f3198bec79ec15,91,9.1,0.321732,0.103018,2.6,3.182,0,0.2508,0.3046,0.8015,0.0155,1.0,0.6424,0.7985,0.12
1356,66916920d9c4fef6,91,9.1,0.156161,0.121389,1.4,1000000.0,0,0.6991,0.2826,0.1124,0.0003,0.1703,0.0,0.3543,1.0
1357,b5284716f67f18de,91,9.1,0.177892,0.086794,7.1,9.308,0,0.1169,0.1368,0.1723,0.0,0.1972,0.0,0.7653,0.4
1358,a58a457240c61896,91,9.1,0.294095,0.172716,4.1,12.31,0,0.6027,0.6685,1.0,0.0004,0.2387,0.0,0.5465,0.6
1359,49cff0f544560551,91,9.1,0.20582,0.153454,8.7,5.903,0,0.2685,0.285,0.1599,0.0058,0.2416,0.2796,0.8786,0.68
1360,40823fd3e0dbfe06,91,9.1,0.343438,0.132683,7.1,2.896,0,0.0997,0.2105,0.3238,0.0043,0.3843,0.6805,0.8038,0.44
1361,334aa3ecc398216f,91,9.1,0.325549,0.232299,2.6,5.477,0,0.2844,0.2172,0.2215,0.0006,0.943,0.3364,0.5571,1.0
1362,80526e57441675b9,91,9.1,0.145927,0.124496,8.8,24.202,0,0.7187,0.0755,0.0437,0.0001,0.1928,0.0,0.3852,0.08
1363,eda559d8f6daa456,91,9.1,0.143635,0.080322,8.1,7.981,0,0.1216,0.2524,0.5296,0.011,0.7656,0.0025,0.6065,0.32
1364,936d8979de10eec4,91,9.1,0.243184,0.127711,1.0,6.479,0,0.392,0.4036,1.0,0.0003,0.1803,0.2028,0.4462,1.0
1365,e30f67c7e83ff5ad,91,9.1,0.159696,0.130217,0.1,9.228,0,0.0954,0.0982,0.1234,0.0001,0.239,0.0,0.4251,1.0
1366,a1083b9edbec7323,91,9.1,0.298673,0.10209,1.3,4.677,0,0.0724,0.1222,0.1633,0.0,0.2965,0.443,0.6848,0.72
1367,b0e67b30556f21ac,91,9.1,0.449585,0.157636,1.8,2.258,0,0.1987,0.2282,0.515,0.019,0.8417,0.7656,0.9,0.44
1368,ea0e5af90e193638,91,9.1,0.276816,0.083698,2.9,4.03,0,0.0001,0.0009,0.0033,0.0,0.1693,0.5293,0.6839,0.4
1369,6f81d2321b3dd4cd,91,9.1,0.329718,0.222107,6.2,3.791,0,0.4252,0.2407,0.0656,0.0001,0.1635,0.5613,0.8722,0.4
1370,2abff95c5fea3fac,91,9.1,0.270199,0.115695,4.2,3.158,0,0.579,0.3449,0.135,0.0002,0.3474,0.6455,0.0993,0.6
1371,cba4d2e6eb80b124,91,9.1,0.245643,0.215459,2.2,1000000.0,0,0.5124,0.1917,0.1144,0.0,0.2802,0.0,0.7911,0.84
1372,5e8e60afd1685e6f,91,9.1,0.310617,0.16843,5.5,4.795,0,0.409,0.2833,0.4183,0.0011,0.2668,0.4274,0.6539,0.84
1373,8e9baab06821811b,91,9.1,0.288902,0.12765,3.7,5.368,0,0.3302,0.3383,0.5275,0.0217,0.3067,0.3509,0.6674,0.92
1374,b79b550c8e90e5e1,91,9.1,0.299549,0.20454,0.1,5.026,0,0.0887,0.1603,0.0492,0.0,0.3355,0.3965,0.8792,0.48
1375,6863868861a1f99f,91,9.1,0.372729,0.304092,5.1,3.538,0,0.3798,0.2712,0.292,0.0004,0.5471,0.595,0.9103,0.88
1376,ba7ca5bb40e843be,91,9.1,0.286283,0.189331,0.4,4.525,0,0.1243,0.1514,0.0428,0.0,0.2156,0.4633,0.8843,0.28
1377,f7781e5b54dca299,91,9.1,0.313948,0.233087,6.9,4.24,0,0.3577,0.1753,0.0512,0.0024,0.214,0.5014,0.8586,0.6
1378,7ae8d975958d6e95,91,9.1,0.128094,0.089082,5.5,1000000.0,0,0.2558,0.2769,0.1561,0.0,0.1643,0.0,0.5214,0.32
1379,22c772ad42639bcf,91,9.1,0.212117,0.089652,8.9,4.458,0,0.4016,0.2055,0.0549,0.0027,0.2617,0.4722,0.2016,0.08
1380,5d298a6a05969af6,91,9.1,0.119202,0.077564,8.6,1000000.0,0,0.5121,0.3277,0.1397,0.0001,0.1679,0.0,0.0,0.6
1381,18fa9f5d2366221,91,9.1,0.338007,0.108303,1.6,1.584,5,0.3877,0.142,0.0671,0.0002,0.22,0.8555,0.4663,0.36
1382,2fd5f2435d6d09d5,91,9.1,0.192082,0.17204,3.1,9.234,0,0.3322,0.1655,0.0745,0.0,0.26,0.0,0.7947,0.28
1383,d669afbce5eb33b1,91,9.1,0.296715,0.096381,6.3,4.018,0,0.4326,0.2445,0.1006,0.0005,0.3445,0.5309,0.6534,0.6
1384,91f0d5380eef1d10,91,9.1,0.183513,0.084501,1.0,5.245,0,0.5014,0.2188,0.1511,0.0,0.1666,0.3673,0.1847,0.28
1385,f1beab5f56440ca1,91,9.1,0.213683,0.200842,5.9,91.848,0,0.3034,0.2869,0.0707,0.0,0.3546,0.0,0.8735,0.44
1386,3f6b526c5656bbbe,91,9.1,0.266775,0.171847,0.2,23.351,0,0.7093,0.9226,0.8484,0.0001,0.4143,0.0,0.3954,0.44
1387,b639d671dd7ea4f,91,9.1,0.232166,0.20624,4.0,59.24,0,0.5612,0.265,0.2014,0.0006,0.2861,0.0,0.6011,1.0
1388,44556809eee4cb5b,91,9.1,0.347479,0.065291,4.0,2.274,0,0.001,0.0161,0.0856,0.0,0.1574,0.7635,0.8056,0.4
1389,59475848a54df19c,91,9.1,0.23664,0.215412,6.2,65.509,0,0.2499,0.3534,0.1264,0.0001,0.2111,0.0,0.8703,1.0
1390,acc2b942b24f150d,91,9.1,0.275347,0.197869,7.6,5.353,0,0.4631,0.2659,0.0949,0.0,0.1805,0.3529,0.8224,0.52
1391,e656fb64a376668b,91,9.1,0.097529,0.049138,8.8,1000000.0,0,0.0908,0.306,0.1377,0.0,0.179,0.0,0.0,0.56
1392,1662d3bc02a79865,91,9.1,0.189771,0.188046,1.4,1000000.0,0,0.0001,0.0013,0.003,0.0,0.1576,0.0,0.8809,0.64
1393,751535545e003852,91,9.1,0.213803,0.20184,6.7,14.04,0,0.0714,0.1127,0.0837,0.0,0.3004,0.0,0.8578,0.64
1394,4e326b659cc4494d,91,9.1,0.275478,0.116488,0.0,1000000.0,0,0.5729,0.7286,1.0,0.0328,1.0,0.0,0.0,0.24
1395,5e44f0b6b77a27b6,91,9.1,0.34283,0.141866,3.2,1.571,4,0.0014,0.0229,0.056,0.0,0.137,0.8572,0.6095,0.6
1396,61229c9a52b11a8,91,9.1,0.464612,0.153197,5.7,2.071,0,0.2985,0.2612,0.7149,0.0205,1.0,0.7905,0.5197,0.24
1397,452313c5e076825f,91,9.1,0.354648,0.154341,6.7,4.527,0,0.0637,0.1879,0.137,0.0002,1.0,0.4631,0.7954,0.2
1398,54db71d893382a4f,91,9.1,0.154593,0.098054,0.1,1000000.0,0,0.4802,0.2462,0.2618,0.0004,0.2534,0.0,0.4427,0.28
1399,d499f251165bb880,91,9.1,0.221982,0.070581,4.4,3.597,0,0.0546,0.1904,0.1206,0.0008,0.1645,0.5871,0.2807,0.36
1400,a7c78b715e48c44b,91,9.1,0.161974,0.161417,8.6,1000000.0,0,0.0,0.0008,0.002,0.0,0.9882,0.0,0.0,0.72
1401,ae2f00e4a7ba82bd,91,9.1,0.32958,0.152712,7.9,5.465,0,0.0956,0.1529,0.2163,0.0047,0.6779,0.338,0.8659,1.0
1402,937bfbaef26b3e92,91,9.1,0.164594,0.084524,6.6,12.008,0,0.0001,0.0009,0.0024,0.0,0.1257,0.0,0.7558,0.64
1403,41fb182a9d657474,91,9.1,0.175479,0.145007,0.0,491.385,0,0.7177,0.1372,0.0995,0.0001,0.2698,0.0,0.4485,0.24
1404,68c14931961e0e17,91,9.1,0.244529,0.139921,8.5,5.451,0,0.0,0.0007,0.0019,0.0,0.1611,0.3398,0.8136,0.36
1405,a901fb5f33c7d6a9,91,9.1,0.191427,0.173915,3.3,8.251,0,0.0439,0.0843,0.0952,0.0,0.1639,0.0,0.7435,1.0
1406,b15c8f905427dc67,91,9.1,0.228478,0.139172,1.2,60.569,0,0.5186,0.3206,0.4217,0.001,0.7873,0.0,0.565,0.44
1407,f9cb6193d4e0d369,91,9.1,0.394064,0.141798,7.0,1.455,6,0.0001,0.0009,0.0032,0.0,0.0916,0.8726,0.8661,0.68
1408,fc8e50750d846c3b,91,9.1,0.191826,0.185246,9.0,1000000.0,0,0.0014,0.0213,0.063,0.0,0.0842,0.0,0.8746,0.84
1409,b9c58ff6dfa04e5,91,9.1,0.17472,0.147332,8.4,1000000.0,0,0.2385,0.2937,0.1084,0.0004,1.0,0.0,0.0,0.2
1410,2db8120e02d5cbf9,91,9.1,0.56381,0.20312,7.8,2.205,0,0.3191,0.4006,0.9104,0.0189,0.8527,0.7726,0.7464,0.6
1411,5df4825d5d9d000d,91,9.1,0.23109,0.112869,0.0,12.04,0,0.2526,0.4869,1.0,0.0038,1.0,0.0,0.1017,0.2
1412,f1dffc69d57bd1c9,91,9.1,0.174225,0.098354,0.2,1000000.0,0,0.7162,0.4941,0.2631,0.0003,0.201,0.0,0.2943,0.16
1413,2d49705e835b9862,91,9.1,0.177273,0.096446,1.3,6.209,0,0.313,0.3496,0.0815,0.0003,0.2811,0.2389,0.467,0.84
1414,1a3c6a5606720f57,91,9.1,0.381403,0.23066,4.4,3.509,0,0.3177,0.5171,0.8347,0.0008,0.2779,0.5988,0.7224,1.0
1415,56a8b1e544d34e9b,91,9.1,0.21413,0.206402,6.8,43.992,0,0.0432,0.0691,0.0522,0.0,0.2636,0.0,0.8446,0.88
1416,5075d208a736b0aa,91,9.1,0.095743,0.064146,1.4,9.478,0,0.3955,0.1519,0.1192,0.0,0.1793,0.0,0.2931,0.2
1417,b416eb5a3278cc21,91,9.1,0.29437,0.245994,5.6,4.63,0,0.3355,0.1637,0.0495,0.0,0.2611,0.4493,0.8602,0.4
1418,ba00671bdec45755,91,9.1,0.180472,0.126657,7.9,1000000.0,0,0.0001,0.001,0.0028,0.0,0.1203,0.0,0.7542,1.0
1419,2c8b6a4feea10b8b,91,9.1,0.128453,0.063851,0.2,9.195,0,0.1579,0.1886,0.2325,0.0,0.2846,0.0,0.3184,0.4
1420,5b6a1bd164d6406b,91,9.1,0.033426,0.026663,9.0,1000000.0,0,0.0001,0.0021,0.0037,0.0,0.1137,0.0,0.0,0.32
1421,19c8c223e7b87b1a,91,9.1,0.359221,0.161672,4.7,4.771,0,0.1847,0.308,0.5202,0.0317,0.919,0.4305,0.6942,0.6
1422,9e2571934d1ddfda,91,9.1,0.285094,0.152773,4.3,5.549,0,0.1439,0.2513,0.2623,0.0164,0.6388,0.3268,0.83,0.56
1423,be141957a08e978e,91,9.1,0.300839,0.20928,0.2,4.183,0,0.4146,1.0,1.0,0.0,0.1906,0.509,0.739,0.52
1424,70feb7977491aa2e,91,9.1,0.184491,0.167414,8.0,8.984,0,0.2956,0.2294,0.1175,0.0,0.1869,0.0,0.7603,0.32
1425,2b5c52db158f771c,91,9.1,0.233698,0.066208,7.0,5.99,0,0.0014,0.0212,0.0653,0.0,0.2117,0.268,0.8047,0.44
1426,8f8901efa02f2849,91,9.1,0.210342,0.178551,9.0,67.575,0,0.0714,0.2697,0.0903,0.0,0.1565,0.0,0.8845,0.8
1427,87993038f360c77,91,9.1,0.392103,0.180227,3.0,4.605,0,0.2985,0.3391,0.1396,0.0,0.6596,0.4526,0.8244,0.84
1428,356a9c2a0b11bba8,91,9.1,0.271999,0.078726,1.3,3.539,0,0.0382,0.095,0.0376,0.0,0.1737,0.5948,0.5295,0.48
1429,d0329a054e28a10a,91,9.1,0.471245,0.146221,7.1,3.03,0,0.1222,0.2005,0.4278,0.0132,1.0,0.6627,0.6639,0.76
1430,f2d4062e046b77c1,91,9.1,0.312078,0.205585,8.9,4.658,0,0.202,0.217,0.1202,0.0,0.2236,0.4455,0.8763,0.76
1431,ed91eb999c26bb6e,91,9.1,0.168412,0.101973,3.7,11.84,0,0.0165,0.0658,0.085,0.0,0.3046,0.0,0.8011,0.2
1432,8649af55fc021d49,91,9.1,0.204279,0.183471,5.7,12.621,0,0.0008,0.0157,0.0339,0.0,1.0,0.0,0.1339,1.0
1433,d87b48bd0bff44b9,91,9.1,0.214784,0.185243,3.1,15.411,0,0.7232,0.1288,0.141,0.0001,0.2592,0.0,0.6278,0.32
1434,f3dbf7e49398ec79,91,9.1,0.234668,0.12636,8.1,4.6,0,0.5756,0.2575,0.3843,0.0001,0.1794,0.4534,0.5564,0.4
1435,86ffb74488110b20,91,9.1,0.51181,0.18591,1.1,2.142,0,0.5366,0.4406,0.6597,0.0171,1.0,0.7811,0.7053,0.6
1436,e358e3bdbfa577d7,91,9.1,0.465173,0.178969,2.6,2.05,0,0.3206,0.3621,0.6271,0.0206,1.0,0.7933,0.8432,0.72
1437,414fee6a8e3a87f8,91,9.1,0.165343,0.087633,7.3,12.773,0,0.0162,0.0681,0.0781,0.0,0.5157,0.0,0.6449,0.2
1438,633da603450a20c9,91,9.1,0.095855,0.043112,0.1,1000000.0,0,0.1829,0.1879,0.2719,0.0,0.2606,0.0,0.0,0.2
1439,7507c99ad07ac095,91,9.1,0.515481,0.215004,4.5,2.59,0,0.3109,0.3141,0.6682,0.0147,1.0,0.7213,0.753,0.52
1440,70a2941dce22af10,91,9.1,0.180592,0.095764,1.0,7.952,0,0.1115,0.1306,0.0964,0.0001,0.4979,0.0063,0.6559,0.36
1441,83dda1a9194aea0e,91,9.1,0.174701,0.161915,0.0,58.172,0,0.7182,0.0776,0.1445,0.0006,0.2579,0.0,0.4844,0.4
1442,320808e04394dee8,91,9.1,0.253407,0.052476,3.4,4.017,0,0.0822,0.135,0.0459,0.0,0.1636,0.5311,0.61,0.24
1443,4a3e6941670d17b9,91,9.1,0.20076,0.176254,0.2,7.174,0,0.0661,0.1542,0.1161,0.0,0.1984,0.1102,0.8761,0.4
1444,fcce22c73b6fc8ef,91,9.1,0.254818,0.159062,8.2,13.657,0,1.0,0.1377,0.196,0.0003,0.5958,0.0,0.5625,0.28
1445,7947e0641e8c2cef,91,9.1,0.391879,0.189063,1.7,3.32,0,0.5549,0.3752,0.3671,0.0129,1.0,0.624,0.6318,0.68
1446,c02b4037b1a80e2d,91,9.1,0.107591,0.059841,0.3,1000000.0,0,0.2589,0.2818,0.3438,0.0,0.1664,0.0,0.0,0.52
1447,e4626ac3d97ee58c,91,9.1,0.415725,0.185219,8.7,1.114,16,0.3796,0.3563,0.855,0.0128,0.9357,0.9181,0.6475,0.24
1448,adf113b5db9aab3d,91,9.1,0.213422,0.107931,5.7,1000000.0,0,0.0002,0.0031,0.0056,0.0,0.6146,0.0,0.8021,0.4
1449,a58c0a42edd65669,91,9.1,0.315954,0.203944,0.4,3.947,0,0.1532,0.186,0.047,0.0,0.1589,0.5404,0.878,0.52
1450,e3973d4a1c806d7c,91,9.1,0.037324,0.03344,7.9,1000000.0,0,0.0001,0.0009,0.0021,0.0,0.0899,0.0,0.0,0.44
1451,71417973b652e779,91,9.1,0.225128,0.183858,2.5,1000000.0,0,0.5691,0.1871,0.0984,0.0001,0.186,0.0,0.7951,0.56
1452,212ba8c3a9dfb1c4,91,9.1,0.251547,0.162711,5.0,34.816,0,0.4329,0.4969,0.9292,0.0002,0.2676,0.0,0.6032,0.56
1453,3e849ffe077e553c,91,9.1,0.185237,0.11597,8.9,7.682,0,0.1577,0.2509,0.3194,0.0014,0.7318,0.0424,0.5477,0.4
1454,be4f239e51fb62ca,91,9.1,0.332224,0.07179,4.8,2.467,0,0.225,0.1446,0.0322,0.0,0.1776,0.7377,0.6818,0.24
1455,abfe94a60dfea0a4,91,9.1,0.109646,0.063987,8.7,1000000.0,0,0.3181,0.3695,0.1138,0.0001,0.1654,0.0,0.0164,0.52
1456,e57236e6ac815a6e,91,9.1,0.201578,0.184724,0.5,12.55,0,0.2268,0.179,0.1083,0.0,0.2135,0.0,0.8181,0.48
1457,a6bff8d257d26d6b,91,9.1,0.297679,0.06367,3.7,3.868,0,0.0,0.0009,0.0041,0.0,0.1288,0.551,0.7399,0.68
1458,80a697745d8454a8,91,9.1,0.227915,0.207399,7.6,7.81,0,0.1854,0.2465,0.1237,0.0001,0.237,0.0254,0.8701,0.92
1459,449495eb04178e2d,91,9.1,0.330502,0.176149,3.4,2.954,0,0.3373,0.1083,0.1022,0.0002,0.4292,0.6727,0.3005,0.76
1460,5fbc452b6bab150f,91,9.1,0.374221,0.167215,6.2,3.393,0,0.2118,0.3867,0.5543,0.0468,1.0,0.6143,0.8247,0.72
1461,12ff9dfb02d25dc2,91,9.1,0.322325,0.103127,0.5,3.807,0,0.1791,0.3404,0.5644,0.0173,0.5477,0.559,0.6141,0.64
1462,3d4fc31c6c5eeb58,91,9.1,0.559028,0.223311,8.2,2.386,0,0.4297,0.3417,0.7586,0.0296,1.0,0.7485,0.7908,0.8
1463,38e9cd24ea9fc902,91,9.1,0.197579,0.129035,5.7,15.987,0,0.6327,0.1962,0.1981,0.001,0.3284,0.0,0.5888,0.2
1464,958cec075193a813,91,9.1,0.237876,0.093002,7.0,5.537,0,0.4005,0.4517,1.0,0.0017,0.3151,0.3284,0.1272,0.16
1465,e086b148ce864cf1,91,9.1,0.283739,0.124322,8.2,3.61,0,0.3123,0.5365,0.8549,0.0256,0.7388,0.5854,0.8305,0.24
1466,a3ec01dc4b54d9c7,91,9.1,0.296448,0.175568,0.2,9.004,0,0.5874,1.0,0.9686,0.0001,0.2429,0.0,0.5737,0.6
1467,7dc2320937efc3c1,91,9.1,0.26371,0.17714,5.1,1000000.0,0,0.0001,0.0011,0.0026,0.0,0.8915,0.0,0.7876,0.64
1468,e50f86420e9560f3,91,9.1,0.308627,0.196875,0.5,5.549,0,0.1317,0.1648,0.1424,0.0005,0.8137,0.3268,0.8688,0.28
1469,a1e9c3bfc93f1f00,91,9.1,0.236422,0.057936,0.3,4.327,0,0.3303,0.2376,0.109,0.0,0.1749,0.4898,0.3379,0.16
1470,58f17e591f3d8ffb,91,9.1,0.191079,0.073428,8.9,4.857,0,0.1024,0.14,0.1957,0.0097,0.5637,0.4191,0.374,0.36
1471,d7fc192526ff7daf,91,9.1,0.430163,0.148148,7.7,4.832,0,0.4583,0.4762,0.81,0.0316,1.0,0.4224,0.5591,0.12
1472,7e955e74e8025783,91,9.1,0.091717,0.069057,0.9,1000000.0,0,0.2071,0.2651,0.059,0.0,0.3948,0.0,0.0,0.16
1473,5e8cd04c5309f2dd,91,9.1,0.22176,0.044925,3.7,5.828,0,0.061,0.1264,0.0415,0.0,0.1683,0.2895,0.7832,0.4
1474,f022c4ed22875c37,91,9.1,0.434387,0.095065,7.3,3.846,0,0.2283,0.339,0.6999,0.0127,0.7373,0.5539,0.7235,0.32
1475,cf8b3443a10715,91,9.1,0.309416,0.149329,2.8,3.559,0,0.2357,0.1575,0.188,0.0,0.17,0.5922,0.5783,0.92
1476,9add65eecc33ff8,91,9.1,0.206056,0.15186,1.8,1000000.0,0,0.724,0.1531,0.0844,0.0001,0.2005,0.0,0.6945,0.4
1477,db023dd361cb6612,91,9.1,0.184469,0.178117,3.0,108.776,0,0.0014,0.0247,0.0538,0.0,0.1987,0.0,0.8792,0.48
1478,fdbee5f60278a2ae,91,9.1,0.209658,0.175621,7.8,25.503,0,0.506,0.1511,0.1284,0.0015,0.6861,0.0,0.6231,0.44
1479,eeb81a699cde6370,91,9.1,0.184151,0.181122,6.6,1000000.0,0,0.0001,0.0012,0.0035,0.0,0.3096,0.0,0.8821,0.24
1480,2922cb4e4d889668,91,9.1,0.348464,0.168651,2.4,2.606,0,0.0719,0.1442,0.1054,0.0001,0.2133,0.7192,0.6804,1.0
1481,ecaa7c7d574b0775,91,9.1,0.201968,0.109131,2.1,1000000.0,0,0.088,0.2286,0.2249,0.0,0.1658,0.0,0.8305,0.44
1482,f4f0b8bc8734df33,91,9.1,0.060235,0.041052,9.0,10.162,0,0.0001,0.0011,0.0024,0.0,0.1275,0.0,0.1711,0.32
1483,f14a06b3c23009e8,91,9.1,0.317009,0.100432,4.6,3.732,0,0.0001,0.0009,0.0028,0.0,0.1822,0.569,0.7841,0.84
1484,dd3f2421244f2e6d,91,9.1,0.268796,0.096234,6.7,4.574,0,0.3399,0.3423,0.0498,0.0,0.1662,0.4568,0.7089,0.68
1485,5a7d37798f84035a,91,9.1,0.088143,0.087436,8.2,1000000.0,0,0.0,0.0008,0.0021,0.0,0.2329,0.0,0.0,1.0
1486,82a92a615c19e2b7,91,9.1,0.234249,0.193698,3.2,1000000.0,0,0.2733,0.2531,0.1269,0.0009,0.3987,0.0,0.8714,0.52
1487,1f5985d136ae1ea,91,9.1,0.531462,0.160581,0.4,2.618,0,0.542,0.3734,0.716,0.0256,1.0,0.7176,0.7848,0.56
1488,66ce25b0dbb1fb56,91,9.1,0.499196,0.199461,2.7,1.494,3,0.5775,0.5011,0.8885,0.0168,1.0,0.8674,0.6607,0.96
1489,c4a875191acd29f7,91,9.1,0.248784,0.066784,0.3,2.949,0,0.0001,0.0009,0.0024,0.0,0.188,0.6735,0.1135,0.72
1490,3544b36ab4e59400,91,9.1,0.251204,0.130199,6.6,7.7,0,0.1189,0.2595,0.1379,0.0048,0.5038,0.04,0.7881,0.84
1491,5bdd39a87334f630,91,9.1,0.070723,0.04793,3.8,1000000.0,0,0.2202,0.1916,0.2128,0.0001,0.1808,0.0,0.0,0.12
1492,1a0618426f8cfaa5,91,9.1,0.293824,0.125582,6.2,3.857,0,0.0125,0.0614,0.0861,0.0,0.2187,0.5524,0.8344,0.72
1493,8b984afcdae31c22,91,9.1,0.493694,0.192754,0.6,3.487,0,0.3703,0.4142,0.6821,0.0505,1.0,0.6017,0.8055,1.0
1494,d371b77a8c701c19,91,9.1,0.427016,0.229747,2.4,2.114,0,0.3212,0.1554,0.0837,0.01,0.705,0.7848,0.7335,0.56
1495,7fa508d2dd19dfd0,91,9.1,0.287527,0.111103,4.4,3.416,0,0.1201,0.212,0.1997,0.006,0.3639,0.6113,0.8394,0.36
1496,4f3fdad6f8902d34,91,9.1,0.173314,0.122017,4.7,35.586,0,0.716,0.2729,0.0581,0.0,0.2142,0.0,0.3384,0.52
1497,5f1b6d0ae54b915d,91,9.1,0.170985,0.094843,2.7,13.241,0,0.0001,0.0013,0.003,0.0,0.1735,0.0,0.8178,0.48
1498,53b8051de7d27fe3,91,9.1,0.158191,0.103587,2.1,1000000.0,0,0.6426,0.1366,0.065,0.0002,0.2294,0.0,0.3396,0.52
1499,cdfebd3dbb645937,91,9.1,0.34817,0.248313,3.0,3.485,0,0.2946,0.2368,0.0989,0.0,0.1663,0.602,0.876,0.56
1500,db653be8d3d1ba32,91,9.1,0.202496,0.120334,8.5,5.831,0,0.3943,0.2106,0.3197,0.0,0.1593,0.2892,0.5742,0.36
1501,461c9d2a5b6acf1a,91,9.1,0.287397,0.105642,0.5,5.377,0,0.4544,0.3289,0.719,0.0144,1.0,0.3497,0.4723,0.36
1502,9a00f76686758d7f,91,9.1,0.367085,0.170296,7.0,2.174,0,0.6574,0.1379,0.1238,0.0001,0.2668,0.7768,0.3616,0.8
1503,ff41aa2be7fa7a56,91,9.1,0.141826,0.064725,7.2,1000000.0,0,0.1524,0.228,0.3681,0.0098,0.8059,0.0,0.0,0.12
1504,84afacbe498759c5,91,9.1,0.222724,0.198011,5.8,20.046,0,0.2551,0.1673,0.066,0.0,0.1614,0.0,0.8004,1.0
1505,3d447b2f6893189e,91,9.1,0.206739,0.183199,0.1,1000000.0,0,0.4448,0.1755,0.1115,0.0004,0.294,0.0,0.7072,0.64
1506,999faa11c8eee31f,91,9.1,0.095275,0.081635,6.5,1000000.0,0,0.7217,0.0182,0.0388,0.0003,0.2294,0.0,0.0,0.12
1507,24cc0e8ffb2c3e04,91,9.1,0.360049,0.172478,3.1,5.07,0,0.2676,0.3362,0.5956,0.0661,0.6126,0.3907,0.7229,0.92
1508,acb13756245ccda8,91,9.1,0.443757,0.218537,0.3,1.509,3,0.2038,0.3583,0.2081,0.0009,0.9258,0.8655,0.7114,0.24
1509,16cd182a8909954c,91,9.1,0.224396,0.209232,4.5,69.756,0,0.2172,0.1989,0.0781,0.0003,0.1779,0.0,0.8791,1.0
1510,4002548ef6c44c85,91,9.1,0.591763,0.216144,6.8,1.621,6,0.2319,0.4126,0.6771,0.0107,1.0,0.8505,0.8576,0.84
1511,6e58b499d26275d1,91,9.1,0.355138,0.178255,3.1,2.774,0,0.3065,0.4368,0.7914,0.0215,1.0,0.6967,0.8314,0.64
1512,40e491140b5af992,91,9.1,0.17515,0.17108,2.2,50.695,0,0.0,0.0008,0.0022,0.0,0.1464,0.0,0.8736,0.44
1513,4d9801ea3ad4da30,91,9.1,0.431701,0.14675,5.2,2.949,0,0.2287,0.3293,0.6583,0.0161,0.8805,0.6735,0.3599,0.4
1514,700e4ad0941259bc,91,9.1,0.255774,0.137696,4.1,15.435,0,0.5162,0.675,1.0,0.0001,0.2194,0.0,0.3761,1.0
1515,7d91bc02902d45de,91,9.1,0.181762,0.169715,8.6,8.723,0,0.0,0.0013,0.0055,0.0,0.2996,0.0,0.7314,0.64
1516,382543981cc81406,91,9.1,0.145546,0.033436,8.0,1000000.0,0,0.0566,0.1657,0.2766,0.0,0.1671,0.0,0.8249,0.2
1517,4391a649118c767f,91,9.1,0.281631,0.084826,6.9,2.101,0,0.5485,0.3433,0.1722,0.0149,0.3726,0.7865,0.0,0.44
1518,dd399ac792c8eb77,91,9.1,0.172966,0.137796,8.8,8.98,0,0.1631,0.2332,0.1123,0.0001,0.4112,0.0,0.6055,0.24
1519,e03dbbd05912182b,91,9.1,0.157901,0.129933,2.8,31.244,0,0.4015,0.1026,0.0654,0.0001,0.4879,0.0,0.3948,0.48
1520,5446a906ecba400e,91,9.1,0.159761,0.112503,6.3,16.539,0,0.0001,0.0008,0.0021,0.0,0.1136,0.0,0.7069,0.68
1521,14f1f4ef1dd7e56,91,9.1,0.257297,0.179441,8.2,7.312,0,0.162,0.2878,0.1891,0.0113,0.6696,0.0918,0.6203,0.88
1522,f823a19a20a83356,91,9.1,0.235329,0.084149,8.8,5.668,0,0.3669,0.1371,0.1104,0.0003,0.9182,0.3109,0.2481,0.08
1523,14b678275b9eefad,91,9.1,0.225093,0.198007,9.0,14.763,0,0.1061,0.2915,0.1238,0.0,0.225,0.0,0.8824,0.72
1524,28712617c3a313b4,91,9.1,0.428533,0.184943,1.0,4.39,0,0.388,0.4148,0.6038,0.0121,1.0,0.4814,0.7674,0.6
1525,321d454418716e5d,91,9.1,0.331516,0.179593,0.4,34.301,0,0.5358,0.5059,1.0,0.0005,0.1886,0.0,0.5696,0.72
1526,208c708a8f454038,91,9.1,0.44215,0.163119,2.0,2.46,0,0.2469,0.2743,0.5114,0.0194,1.0,0.7387,0.8059,0.2
1527,9df626eb4a97c13e,91,9.1,0.192721,0.183262,0.9,11.882,0,0.0311,0.0794,0.0417,0.0,0.2155,0.0,0.8777,0.48
1528,d55a3c3be6cf9da8,91,9.1,0.141694,0.096019,0.7,1000000.0,0,0.5942,0.1857,0.0869,0.0016,0.598,0.0,0.0,0.56
1529,6ae21755b86059df,91,9.1,0.104029,0.076127,0.0,1000000.0,0,0.1068,0.1478,0.1276,0.0003,0.4465,0.0,0.0,0.36
1530,e97f8240c87eccc6,91,9.1,0.119239,0.088391,5.7,1000000.0,0,0.536,0.3519,0.2851,0.0006,0.2178,0.0,0.0,0.36
1531,158c08a60402de67,91,9.1,0.346244,0.141097,7.8,2.285,0,0.35,0.2845,0.1298,0.0001,0.221,0.7621,0.5933,0.2
1532,6332f077d8f0cc88,91,9.1,0.181335,0.166701,5.6,11.929,0,0.0462,0.0797,0.0749,0.0,0.164,0.0,0.8316,0.56
1533,cda560f811d34d8c,91,9.1,0.188776,0.125075,2.8,5.301,0,0.2811,0.2667,0.1061,0.0037,0.7468,0.3599,0.877,0.36
1534,7ef1a80e813a3aaa,91,9.1,0.32822,0.139245,0.1,3.604,0,0.2584,0.2313,0.6978,0.0031,1.0,0.5862,0.5734,0.28
1535,50e34a50b74765fb,91,9.1,0.216085,0.192327,8.4,52.225,0,0.0758,0.1572,0.0614,0.0,0.4972,0.0,0.8781,0.28
1536,7e34eec634547c21,91,9.1,0.340948,0.15729,4.1,3.071,0,0.0304,0.184,0.1197,0.0012,0.6251,0.6573,0.6004,0.64
1537,4539f997ab92fa6e,91,9.1,0.198777,0.176087,1.6,1000000.0,0,0.5103,0.3561,0.3405,0.0001,0.1768,0.0,0.8742,0.76
1538,9f8ff6a0ca7dcc01,91,9.1,0.20176,0.162655,6.1,1000000.0,0,0.1323,0.1119,0.0689,0.0005,0.1866,0.0,0.8793,0.8
1539,dacdcc3006b194fb,91,9.1,0.114732,0.070761,8.3,1000000.0,0,0.4618,0.3699,0.1198,0.0001,0.1984,0.0,0.0,0.48
1540,1160b45c5f3f9ffd,91,9.1,0.200461,0.195602,0.0,65.118,0,0.0062,0.0423,0.0374,0.0,0.4431,0.0,0.7154,0.6
1541,6a60830438a484d8,91,9.1,0.167919,0.16632,4.2,1000000.0,0,0.0001,0.0009,0.0023,0.0,0.0375,0.0,0.8803,0.52
1542,f4276db2ee1389e8,91,9.1,0.342969,0.201549,2.3,3.808,0,0.2937,0.1986,0.0708,0.0001,0.35,0.5589,0.7827,0.76
1543,9ad8851f1cc0ba93,91,9.1,0.171845,0.117251,4.1,8.277,0,0.2118,0.2485,0.5487,0.0097,0.8074,0.0,0.792,0.28
1544,a1aa1cedb8b12d5d,91,9.1,0.172425,0.115999,0.1,1000000.0,0,0.4162,0.1964,0.2684,0.0003,0.2383,0.0,0.4719,0.4
1545,9d1f61b622d3b82d,91,9.1,0.199634,0.15487,0.5,1000000.0,0,0.7055,0.1876,0.0565,0.0001,0.2067,0.0,0.4791,0.84
1546,77562fb61db786be,91,9.1,0.402461,0.22106,2.3,1.622,6,0.4687,0.302,0.5944,0.0005,0.3933,0.8503,0.4692,0.24
1547,f7cf48531138ec52,91,9.1,0.146932,0.073929,7.9,1000000.0,0,0.2463,0.3299,0.622,0.0106,0.4652,0.0,0.0,0.2
1548,e633aa95b934cb1e,91,9.1,0.28469,0.181715,4.4,3.516,0,0.6129,0.249,0.2957,0.0011,0.206,0.5979,0.5477,0.36
1549,23f8f61f365e9fbe,91,9.1,0.146852,0.082674,7.6,9.191,0,0.0001,0.0023,0.0051,0.0,0.0117,0.0,0.7765,0.48
1550,8177c092c3baf1ab,91,9.1,0.349882,0.186544,7.8,3.759,0,0.1934,0.2327,0.1589,0.0002,0.2636,0.5655,0.823,0.56
1551,2295ea5f306efa0e,91,9.1,0.31477,0.198987,5.2,4.089,0,0.2619,0.232,0.5243,0.0226,0.8721,0.5215,0.5423,1.0
1552,9b73e3ef25ff9b77,91,9.1,0.2032,0.100999,5.7,12.552,0,0.2443,0.2681,0.6002,0.0102,1.0,0.0,0.0,0.24
1553,6d4121a2a72d116d,91,9.1,0.402864,0.206044,3.6,3.14,0,0.2406,0.3192,0.5296,0.007,0.8656,0.6479,0.4376,0.96
1554,73bed26171d5380e,91,9.1,0.200704,0.172798,9.0,6.338,0,0.3383,0.171,0.1937,0.0015,0.2007,0.2216,0.7364,0.4
1555,a17d7e3064aa3ea8,91,9.1,0.309743,0.248557,2.7,4.003,0,0.2962,0.2039,0.0511,0.0,0.1923,0.5329,0.8783,0.64
1556,857662177d2b0d79,91,9.1,0.134635,0.098597,8.8,5.558,0,0.4321,0.1481,0.0917,0.0,0.1904,0.3256,0.0,1.0
1557,b23608d91ce7b0d9,91,9.1,0.351027,0.113172,1.3,2.962,0,0.0001,0.0008,0.0025,0.0,0.2912,0.6718,0.8278,0.48
1558,19df467ab4bfeb3e,91,9.1,0.183714,0.16075,4.6,11.916,0,0.086,0.2285,0.121,0.0,0.1938,0.0,0.8031,0.84
1559,c307267067838467,91,9.1,0.14283,0.13322,0.0,1000000.0,0,0.0001,0.0013,0.0083,0.0,0.1671,0.0,0.5722,0.6
1560,955615480be7b1d5,91,9.1,0.188613,0.179738,3.3,1000000.0,0,0.0001,0.0009,0.0033,0.0,0.1697,0.0,0.8806,0.6
1561,fc663195b0336916,91,9.1,0.345302,0.245975,7.8,3.976,0,0.4796,0.2012,0.1298,0.0,0.1688,0.5365,0.7805,1.0
1562,60c4de02c26c2da7,91,9.1,0.083651,0.051679,7.8,1000000.0,0,0.2826,0.2495,0.0763,0.0,0.1702,0.0,0.0,0.48
1563,cc0ec143b660d221,91,9.1,0.207231,0.173432,4.0,8.108,0,0.6335,0.3221,0.0871,0.0004,0.3267,0.0,0.5641,1.0
1564,6df0a865976782f2,91,9.1,0.203319,0.200341,9.0,1000000.0,0,0.0002,0.0034,0.0084,0.0,0.1642,0.0,0.8811,0.84
1565,eb9bba0195a91aed,91,9.1,0.107633,0.073737,0.0,1000000.0,0,0.5395,0.1724,0.2599,0.0002,0.236,0.0,0.0,0.32
1566,f90e456784edc680,91,9.1,0.232698,0.114128,0.7,23.571,0,0.442,0.4814,1.0,0.0213,0.973,0.0,0.1292,0.6
1567,8a105b30d339a262,91,9.1,0.163412,0.032215,1.5,1000000.0,0,0.0,0.0006,0.0018,0.0,0.0748,0.0,0.8686,0.4
1568,dfac838ffd3046bc,91,9.1,0.168746,0.098984,0.2,7.88,0,0.0001,0.001,0.0031,0.0,0.1323,0.016,0.8253,0.52
1569,11df2dc83476f7a,91,9.1,0.111121,0.086498,2.7,1000000.0,0,0.7216,0.022,0.0496,0.0001,0.2105,0.0,0.0,0.4
1570,e769cc7da239f6b1,91,9.1,0.253552,0.09179,6.4,4.629,0,0.1841,0.1429,0.1051,0.0004,0.3729,0.4495,0.6347,0.12
1571,c5bbc74bef4aa5eb,91,9.1,0.201992,0.120166,4.6,13.019,0,0.3147,0.3564,0.1165,0.0011,0.222,0.0,0.913,0.64
1572,1c48a426fc4dfe20,91,9.1,0.02461,0.02222,9.0,1000000.0,0,0.0001,0.0009,0.0027,0.0,0.1628,0.0,0.0,0.08
1573,dcbf47f83f33853c,91,9.1,0.17385,0.032275,1.0,6.909,0,0.0,0.0016,0.0084,0.0,0.1224,0.1455,0.8064,0.2
1574,450c025ce81f17f9,91,9.1,0.378769,0.25843,2.9,3.471,0,0.2771,0.2254,0.1167,0.0001,0.3215,0.6038,0.8726,0.8
1575,5da05365160e5439,91,9.1,0.307835,0.244418,7.1,5.108,0,0.2871,0.1204,0.077,0.0005,0.4699,0.3856,0.8055,0.8
1576,74e153ac99b67a3,91,9.1,0.222459,0.12259,7.0,1000000.0,0,0.1523,0.1988,0.4768,0.022,1.0,0.0,0.0,0.68
1577,cfef3173e17dd65d,91,9.1,0.245446,0.079296,1.5,4.271,0,0.0,0.0009,0.0021,0.0,0.1327,0.4971,0.6218,0.48
1578,4fed64920f453861,91,9.1,0.314065,0.176773,8.7,4.707,0,0.4052,0.2064,0.0905,0.0001,0.1617,0.4391,0.6584,0.96
1579,3ee17140e7dd7467,91,9.1,0.251891,0.072131,7.8,7.061,0,0.0639,0.2857,0.2906,0.0002,0.2004,0.1252,0.8577,0.48
1580,a27a9c64502eafe1,91,9.1,0.223663,0.222643,0.0,119.078,0,0.0001,0.0012,0.0025,0.0,0.2592,0.0,0.8827,1.0
1581,258f0abca0b31e94,91,9.1,0.315204,0.063606,8.6,3.303,0,0.1691,0.2548,0.1185,0.0,0.1643,0.6263,0.7202,0.04
1582,1af1d36f25c46996,91,9.1,0.429684,0.120812,7.3,2.223,0,0.1098,0.2733,0.1827,0.0098,0.2354,0.7703,0.8593,1.0
1583,1ae2564472e80ebd,91,9.1,0.312214,0.24102,1.8,4.287,0,0.2223,0.1702,0.0369,0.0,0.2444,0.4951,0.8774,0.6
1584,321dd33a1bfac663,91,9.1,0.130939,0.070898,8.8,1000000.0,0,0.1661,0.1583,0.2232,0.0,0.2104,0.0,0.4808,0.76
1585,db328c2ce99c897f,91,9.1,0.206423,0.1775,0.2,17.256,0,0.574,0.2312,0.1003,0.0001,0.1807,0.0,0.6422,0.56
1586,a93958fc2228a467,91,9.1,0.23246,0.198366,8.9,12.281,0,0.3246,0.2973,0.2216,0.0004,0.6303,0.0,0.7141,0.56
1587,ef1f8e37a67da010,91,9.1,0.214368,0.0818,2.2,5.713,0,0.1914,0.2418,0.0838,0.0,0.1569,0.305,0.6031,0.72
1588,6882c8004dac04a2,91,9.1,0.113157,0.076343,8.9,1000000.0,0,0.4445,0.3085,0.15,0.0001,0.2696,0.0,0.0,0.6
1589,f1bf2a266b20f2f,91,9.1,0.111435,0.057853,1.2,15.483,0,0.0507,0.2338,0.0967,0.0,0.1839,0.0,0.4456,0.44
1590,dbc138d6ee9d07b6,91,9.1,0.266426,0.21117,1.1,5.226,0,0.4436,0.2793,0.1334,0.0012,0.2013,0.3698,0.7738,0.6
1591,da32652d7f59de2b,91,9.1,0.322273,0.258087,3.7,4.076,0,0.2904,0.188,0.04,0.0,0.2752,0.5232,0.8833,0.52
1592,8139f09df4a7be3c,91,9.1,0.343136,0.201639,0.2,4.629,0,0.1203,0.2264,0.3083,0.0,0.2145,0.4495,0.8686,0.68
1593,434614382f3388d2,91,9.1,0.378134,0.145175,7.2,5.445,0,0.209,0.5753,0.5497,0.0055,1.0,0.3406,0.8347,0.52
1594,f657759cb4ebcf05,91,9.1,0.257961,0.21338,8.8,5.805,0,0.2784,0.2132,0.0677,0.0013,0.91,0.2927,0.8599,0.56
1595,c1a9aed732e04a67,91,9.1,0.410056,0.141795,8.8,2.867,0,0.0001,0.0013,0.0037,0.0,1.0,0.6844,0.7622,0.08
1596,806f5037818b2668,91,9.1,0.286234,0.198633,1.7,4.4,0,0.305,0.21,0.2705,0.0001,0.2752,0.48,0.8361,0.28
1597,43a351577b5cb5c8,91,9.1,0.240647,0.205833,7.4,1000000.0,0,0.6215,0.3046,0.2045,0.0003,0.2704,0.0,0.7922,1.0
1598,8cfbe6beff62b7b5,91,9.1,0.239563,0.192509,0.9,1000000.0,0,0.1473,0.3945,0.2906,0.0,0.9252,0.0,0.0,1.0
1599,133cc0f9e638b22a,91,9.1,0.225707,0.205341,6.2,68.545,0,0.3073,0.3259,0.1023,0.0,0.1674,0.0,0.8675,1.0
1600,decd7e16397a8305,91,9.1,0.155011,0.080313,3.5,10.993,0,0.0043,0.033,0.0421,0.0,0.1412,0.0,0.7436,0.48
1601,afe09090c5ef4574,91,9.1,0.373817,0.112006,7.4,4.588,0,0.1186,0.232,0.3895,0.0241,1.0,0.4549,0.6865,0.36
1602,3b6bb08396ff1786,91,9.1,0.328276,0.187527,0.0,173.519,0,0.557,0.5535,1.0,0.0002,0.2571,0.0,0.545,0.52
1603,343fc720639edfa4,91,9.1,0.299452,0.132091,0.4,2.344,0,0.6682,0.7568,1.0,0.0006,0.8165,0.7542,0.0,0.28
1604,9e17643d843298,91,9.1,0.311319,0.220019,5.6,4.591,0,0.3239,0.6498,0.6245,0.0007,1.0,0.4546,0.715,1.0
1605,e087f8c7979e737f,91,9.1,0.54463,0.243403,1.0,1.738,1,0.5632,0.1743,0.1208,0.0002,1.0,0.835,0.6301,1.0
1606,4a1b2e644440704f,91,9.1,0.192275,0.177579,8.4,1000000.0,0,0.3455,0.1943,0.1895,0.0,0.1975,0.0,0.8496,0.32
1607,533e67acf411e35b,91,9.1,0.340953,0.259685,4.7,3.27,0,0.4105,0.2586,0.05,0.0,0.2023,0.6306,0.8863,0.4
1608,c0cb403299e489d7,91,9.1,0.373236,0.202434,8.1,3.093,0,0.284,0.0773,0.0865,0.0006,0.9112,0.6543,0.5181,0.56
1609,94e54ca31339d914,91,9.1,0.204595,0.200363,5.7,1000000.0,0,0.0001,0.0009,0.0027,0.0,0.2058,0.0,0.8781,0.8
1610,d8a1762356ea3450,91,9.1,0.213353,0.202061,7.0,16.657,0,0.1134,0.2256,0.052,0.0002,0.3995,0.0,0.8807,0.52
1611,4417ece38e0dcdc3,91,9.1,0.131394,0.036803,1.3,29.665,0,0.0001,0.0008,0.0026,0.0,0.1585,0.0,0.6839,0.2
1612,83f47f3d7971569c,91,9.1,0.191962,0.190849,9.0,1000000.0,0,0.0003,0.005,0.0131,0.0,0.1631,0.0,0.7388,1.0
1613,f08b3d42d499f9b,91,9.1,0.392023,0.180784,8.4,3.445,0,0.1761,0.2871,0.5286,0.0123,0.741,0.6073,0.7531,0.72
1614,e3ae4374af7894a0,91,9.1,0.218414,0.180552,5.6,46.197,0,0.5059,0.2433,0.1331,0.0001,0.2587,0.0,0.7832,0.56
1615,8bb8bf260b7dc783,91,9.1,0.393117,0.131375,1.8,1.824,3,0.0399,0.2388,0.256,0.0,0.1844,0.8235,0.7665,0.6
1616,ffe57a54845a3d97,91,9.1,0.283949,0.180013,7.1,3.537,0,0.7222,0.2307,0.1339,0.0,0.2007,0.595,0.4318,0.36
1617,6e2e02dccba2aaa6,91,9.1,0.154825,0.081643,7.5,1000000.0,0,0.1872,0.2327,0.5295,0.0146,0.9716,0.0,0.5198,0.28
1618,ca8eec39d6a84cf,91,9.1,0.188409,0.184944,8.6,1000000.0,0,0.0,0.0008,0.0025,0.0,0.1082,0.0,0.8803,0.72
1619,52ca4a05a6c81ade,91,9.1,0.495733,0.150109,8.5,2.743,0,0.1533,0.3326,0.4042,0.0154,1.0,0.7009,0.849,1.0
1620,60449543fc4c47ad,91,9.1,0.186601,0.1676,4.5,12.263,0,0.234,0.2238,0.152,0.0,0.192,0.0,0.7635,0.28
1621,c0e239e366b5bb2e,91,9.1,0.081938,0.057913,8.8,1000000.0,0,0.1622,0.1014,0.1282,0.0004,0.2872,0.0,0.0,0.52
1622,c6119ac7a2c2a843,91,9.1,0.303415,0.16108,4.3,3.456,0,0.0825,0.2699,0.1036,0.0,0.1673,0.6059,0.7282,0.64
1623,410b7d22580e91d9,91,9.1,0.171916,0.088171,1.4,8.44,0,0.0001,0.0011,0.0018,0.0,0.0664,0.0,0.6925,1.0
1624,7b19eb64a5b6ddd6,91,9.1,0.316247,0.157649,3.8,4.361,0,0.2034,0.1221,0.0836,0.0001,0.2486,0.4852,0.6535,1.0
1625,cf33512499d8b6fd,91,9.1,0.242774,0.208922,3.1,12.171,0,0.1463,0.2549,0.0995,0.0004,0.3359,0.0,0.8772,1.0
1626,31a0efb9a28f855c,91,9.1,0.273587,0.166697,7.7,18.518,0,0.074,0.2455,0.191,0.0009,0.7344,0.0,0.8864,1.0
1627,c5997ee08847a0bb,91,9.1,0.349437,0.152649,6.9,2.934,0,0.486,0.3751,0.2096,0.0001,0.1706,0.6755,0.3855,0.96
1628,7f2c49b917db0a9,91,9.1,0.41609,0.281662,5.6,3.161,0,0.4247,0.318,0.1297,0.0109,0.7835,0.6452,0.8496,1.0
1629,8391a4b0d8261e1f,91,9.1,0.238927,0.227212,6.5,65.092,0,0.2477,0.2107,0.0525,0.0,0.2558,0.0,0.8627,1.0
1630,e1660bac77982f7d,91,9.1,0.453565,0.185629,5.0,3.09,0,0.2614,0.3637,0.6904,0.0261,1.0,0.6547,0.7354,0.8
1631,be6ec9464089d2b2,91,9.1,0.37916,0.219577,3.9,3.66,0,0.2045,0.3124,0.5877,0.0074,1.0,0.5787,0.7591,0.72
1632,be49e14715c712d,91,9.1,0.132311,0.127008,0.0,1000000.0,0,0.0003,0.009,0.0418,0.0,1.0,0.0,0.0,0.12
1633,8a59b6f0521e092e,91,9.1,0.128973,0.053331,7.3,50.213,0,0.2193,0.1891,0.2588,0.0,0.1648,0.0,0.6745,0.16
1634,154bec22358e7b2f,91,9.1,0.331231,0.245881,8.9,4.429,0,0.0503,0.1473,0.195,0.0053,0.58,0.4761,0.8942,1.0
1635,c8cd94bac31fa63c,91,9.1,0.203482,0.1898,4.4,12.55,0,0.2256,0.179,0.0867,0.0,0.2198,0.0,0.8583,0.48
1636,7594bd8e340f7ed5,91,9.1,0.12451,0.030654,9.0,43.344,0,0.0,0.0011,0.0022,0.0,0.1617,0.0,0.6189,0.24
1637,1cd331b05b76bbe4,91,9.1,0.179469,0.12872,1.5,10.121,0,0.1405,0.2089,0.1378,0.0,0.2031,0.0,0.7113,0.52
1638,324b08bb753a64f7,91,9.1,0.121498,0.078579,0.1,1000000.0,0,0.4388,0.211,0.124,0.0,0.3047,0.0,0.352,0.12
1639,5451933f770650a0,91,9.1,0.193761,0.103596,5.4,1000000.0,0,0.604,0.334,0.3335,0.0163,1.0,0.0,0.0,0.2
1640,dd60476e331276d3,91,9.1,0.137014,0.067796,0.3,7.857,0,0.0232,0.1837,0.111,0.0,0.1476,0.0191,0.4898,0.76
1641,dc5bf884cd755de6,91,9.1,0.469445,0.181592,8.5,2.883,0,0.274,0.3989,0.6896,0.0248,0.6372,0.6823,0.6834,1.0
1642,a6718d4f5b594b1b,91,9.1,0.094575,0.081229,7.9,1000000.0,0,0.7204,0.0985,0.1026,0.0001,0.1675,0.0,0.0,0.16
1643,f4a8ca681ef534b4,91,9.1,0.126401,0.114945,7.8,1000000.0,0,1.0,0.0421,0.0866,0.0001,0.2163,0.0,0.0,0.32
1644,854481b026170d1,91,9.1,0.192831,0.178048,1.4,1000000.0,0,0.3735,0.2151,0.0603,0.0,0.193,0.0,0.855,0.48
1645,1de61cb797ba142,91,9.1,0.189137,0.169826,0.4,1000000.0,0,0.3284,0.1069,0.1194,0.0008,0.2196,0.0,0.5366,1.0
1646,b5d11b2bfda2b6ee,91,9.1,0.247521,0.23052,3.4,14.363,0,0.0002,0.0081,0.0106,0.0,1.0,0.0,0.7216,0.32
1647,75650a17fc4f71b0,91,9.1,0.219252,0.119644,3.5,1000000.0,0,0.2535,0.4193,0.8673,0.0255,0.4253,0.0,0.6357,0.12
1648,26a878f28a637084,91,9.1,0.181967,0.041704,2.2,6.211,0,0.0001,0.0009,0.0023,0.0,0.1429,0.2385,0.6326,0.36
1649,13c0c9bc9fe6188b,91,9.1,0.295569,0.242391,7.4,4.254,0,0.4776,0.6664,0.5846,0.0,0.2131,0.4994,0.8355,0.28
1650,cd44bf092d78acc5,91,9.1,0.184695,0.155886,4.9,90.582,0,0.0432,0.1607,0.1475,0.0,0.1646,0.0,0.8694,0.36
1651,a0444ecc7c1c79d2,91,9.1,0.238893,0.205978,3.0,13.431,0,0.2991,0.1671,0.0601,0.0002,0.7686,0.0,0.739,0.28
1652,a25edfa42510bdb4,91,9.1,0.497451,0.215142,3.9,3.187,0,0.4689,0.5669,0.731,0.0172,1.0,0.6418,0.8825,0.64
1653,f235f6f02f30e203,91,9.1,0.139955,0.099809,1.9,6.655,0,0.5214,0.2398,0.2115,0.0005,0.2223,0.1794,0.0,0.8
1654,a08a7b10c89fc4b1,91,9.1,0.438371,0.139785,8.6,1.484,4,0.2183,0.3504,0.5884,0.005,0.2105,0.8689,0.69,0.52
1655,d6e59aeca22722a,91,9.1,0.182104,0.177828,3.8,119.858,0,0.0,0.0016,0.0044,0.0,0.0924,0.0,0.8833,0.64
1656,7d729dc745eb21ba,91,9.1,0.298978,0.171326,3.0,3.262,0,0.0854,0.2272,0.1192,0.0003,0.162,0.6318,0.6962,0.52
1657,2bfb10f7ac888cda,91,9.1,0.185703,0.095644,8.5,6.058,0,0.2841,0.1547,0.098,0.0002,0.2223,0.259,0.5498,0.08
1658,bc55572ee22ecdd9,91,9.1,0.228023,0.204098,4.6,1000000.0,0,0.3831,0.3074,0.0684,0.0,0.288,0.0,0.8798,0.88
1659,bc998c9f021f1815,91,9.1,0.346141,0.101906,3.1,3.401,0,0.002,0.0504,0.0494,0.0,0.1313,0.6132,0.8289,1.0
1660,b93fe4761c49d10b,91,9.1,0.263326,0.090891,1.7,5.026,0,0.1441,0.1791,0.054,0.0,0.2605,0.3966,0.6508,0.36
1661,2415443a12f898d3,91,9.1,0.314523,0.113713,6.8,1.674,7,0.7206,0.198,0.1216,0.0001,0.2445,0.8434,0.0,0.32
1662,1b2d92b432630928,91,9.1,0.209963,0.090677,8.9,4.839,0,0.3394,0.3264,0.1284,0.0001,0.245,0.4214,0.2586,0.44
1663,efef5b062f7920fe,91,9.1,0.19541,0.174876,0.4,72.444,0,0.4392,0.2891,0.085,0.0,0.1635,0.0,0.7693,0.6
1664,dea4a643e26fa9,91,9.1,0.329852,0.166991,8.9,9.059,0,0.0275,0.1602,0.1088,0.0032,0.993,0.0,0.9028,1.0
1665,d48cc3f036857961,91,9.1,0.194821,0.169648,7.1,10.617,0,0.3137,0.1136,0.0897,0.0002,0.2201,0.0,0.6135,0.96
1666,b3d10e011eafc65c,91,9.1,0.275997,0.157649,3.3,4.408,0,0.3921,0.1293,0.1416,0.0002,0.1812,0.4789,0.6534,0.16
1667,93312126bf230c4a,91,9.1,0.28813,0.207159,1.8,4.24,0,0.2293,0.1831,0.0668,0.0,0.2239,0.5013,0.8438,0.12
1668,f0c1dbdcbf455331,91,9.1,0.23424,0.180298,1.8,73.755,0,0.5621,0.2,0.2084,0.0015,0.2333,0.0,0.7606,1.0
1669,5e2d2f81e26912b7,91,9.1,0.128783,0.036747,2.5,8.115,0,0.0764,0.258,0.1529,0.0,0.1572,0.0,0.6954,0.24
1670,ce514b4330532741,91,9.1,0.56206,0.178521,7.0,0.891,4,0.1663,0.3081,0.3557,0.007,1.0,0.9478,0.9276,0.56
1671,2c6c8fa9b7ebbf50,91,9.1,0.19938,0.11019,0.9,15.599,0,0.0952,0.1262,0.2768,0.0047,1.0,0.0,0.4039,0.32
1672,ab94a125b3ca6044,91,9.1,0.332902,0.253617,3.7,3.674,0,0.2964,0.2169,0.0725,0.0,0.1992,0.5768,0.8807,0.48
1673,f3b4c9348e470e25,91,9.1,0.27891,0.159026,0.7,5.434,0,0.3758,0.4673,0.7411,0.0142,1.0,0.3422,0.3951,1.0
1674,5c831b149565b871,91,9.1,0.370977,0.240164,0.6,3.858,0,0.281,0.4312,0.7879,0.0,0.1816,0.5522,0.8836,0.4
1675,2a8a1db3535cdf2e,91,9.1,0.310419,0.166177,8.9,3.808,0,0.5583,0.2479,0.0551,0.0,0.2041,0.5589,0.6452,0.4
1676,df4863a2572ad10,91,9.1,0.227378,0.179888,2.7,11.26,0,0.5627,0.2447,0.3,0.0011,0.3022,0.0,0.5559,1.0
1677,3d9982184d8af7c0,91,9.1,0.201154,0.17237,0.1,120.329,0,0.696,0.1966,0.0995,0.0,0.1937,0.0,0.5271,0.64
1678,373c43bdb3db0b9,91,9.1,0.240125,0.172378,2.6,19.425,0,0.0828,0.1187,0.2849,0.0006,0.692,0.0,0.8582,1.0
1679,86636fbf37d49630,91,9.1,0.081942,0.060115,0.3,1000000.0,0,0.259,0.2244,0.3043,0.0,0.1686,0.0,0.0,0.48
1680,5ebfd8e2727b85fe,91,9.1,0.17892,0.103257,4.0,1000000.0,0,0.1627,0.2042,0.103,0.0002,0.3143,0.0,0.6685,0.56
1681,7d6053fa8ae9d08a,91,9.1,0.357068,0.183323,4.8,1000000.0,0,0.6702,0.6708,1.0,0.0002,0.1966,0.0,0.6214,0.72
1682,24ebe72161e06c9a,91,9.1,0.196179,0.182687,1.5,1000000.0,0,0.4011,0.2536,0.0565,0.0,0.2002,0.0,0.824,0.48
1683,97ad0e86ad4c0357,91,9.1,0.088265,0.069526,0.0,1000000.0,0,0.4771,0.2688,0.109,0.007,0.1837,0.0,0.0,0.24
1684,32218db99920b6f0,91,9.1,0.327905,0.245585,5.0,10.255,0,0.3176,0.3085,0.2367,0.0028,0.8268,0.0,0.8828,1.0
1685,926d1cd9b9ca7602,91,9.1,0.232862,0.157928,0.5,4.511,0,0.6045,0.1946,0.103,0.0,0.1707,0.4652,0.4954,0.4
1686,4fc816d73a81f767,91,9.1,0.336232,0.177035,3.0,2.739,0,0.2299,0.1305,0.0613,0.0002,0.2325,0.7014,0.7051,0.92
1687,b071bce16ac1c142,91,9.1,0.228051,0.203732,4.6,7.632,0,0.3435,0.1933,0.0852,0.0001,0.2735,0.0491,0.7716,0.96
1688,f0d28342fa263c29,91,9.1,0.203124,0.186675,7.3,1000000.0,0,0.5114,0.3261,0.0994,0.0001,0.2278,0.0,0.88,0.72
1689,5ab0fc0e0d05796,91,9.1,0.337616,0.150183,8.9,3.407,0,0.0005,0.008,0.0166,0.0,0.2396,0.6124,0.7947,0.68
1690,a9a2a5a9d80ca15b,91,9.1,0.141347,0.108237,6.3,1000000.0,0,0.6459,0.3699,0.1324,0.0001,0.2365,0.0,0.0,0.76
1691,17d5ac8ca6673618,91,9.1,0.517055,0.257844,6.3,0.79,3,0.2379,0.298,0.4957,0.0097,1.0,0.9613,0.8358,0.76
1692,b6568c8a6931c39c,91,9.1,0.166202,0.061567,5.6,25.862,0,0.1371,0.1549,0.2312,0.0,0.1802,0.0,0.7941,0.4
1693,3cf66e9cb1a0092d,91,9.1,0.208169,0.172884,3.9,1000000.0,0,0.5269,0.305,0.1033,0.0002,0.2834,0.0,0.7826,0.52
1694,b69e7a977b1403a,91,9.1,0.177614,0.084811,8.8,5.973,0,0.3011,0.1857,0.059,0.0,0.2076,0.2702,0.3437,0.28
1695,a136196208419e26,91,9.1,0.477567,0.173925,0.5,1.342,10,0.6359,0.3943,0.481,0.0132,1.0,0.8878,0.6333,0.28
1696,c0fe43a274ad29,91,9.1,0.301913,0.123367,5.3,3.322,0,0.0001,0.0011,0.0034,0.0,0.1537,0.6238,0.7045,0.52
1697,2cc25da9b3aa8797,91,9.1,0.433403,0.144597,7.9,2.446,0,0.2642,0.4167,0.2104,0.0,0.8393,0.7405,0.7959,0.2
1698,e853b756d69f46b5,91,9.1,0.391256,0.198771,7.6,2.01,0,0.5262,0.2501,0.1545,0.0003,0.2005,0.7987,0.7124,0.6
1699,a023513ed74b92c8,91,9.1,0.224272,0.168896,9.0,7.576,0,0.3972,0.2326,0.2079,0.0004,0.1902,0.0565,0.8166,0.72
1700,ee1d12b799df831f,91,9.1,0.164714,0.164115,1.0,59.58,0,0.0001,0.0009,0.0027,0.0,0.145,0.0,0.8849,0.24
1701,5e180ffc561a8da2,91,9.1,0.178135,0.135344,1.2,7.124,0,0.2118,0.3124,0.1801,0.0001,0.3084,0.1168,0.3743,1.0
1702,67251410cc11fc44,91,9.1,0.280376,0.14107,4.2,10.947,0,0.5286,0.4585,1.0,0.0045,0.7998,0.0,0.15,0.24
1703,f9d40d8c8ea1ab7d,91,9.1,0.256314,0.065277,2.6,5.279,0,0.1302,0.328,0.1228,0.0,0.1982,0.3628,0.8067,0.56
1704,12d4c77b2be82cb3,91,9.1,0.182559,0.168953,5.9,75.474,0,0.0366,0.0842,0.0699,0.0001,0.8985,0.0,0.0244,1.0
1705,aa59fbc3e02a717e,91,9.1,0.207071,0.201189,0.0,1000000.0,0,0.0001,0.0007,0.0029,0.0,0.1451,0.0,0.8784,0.96
1706,f8de5099973622ed,91,9.1,0.332763,0.143859,8.6,6.003,0,0.0702,0.2108,0.1955,0.0,0.92,0.2662,0.8834,0.04
1707,883027179938970b,91,9.1,0.094023,0.079723,0.0,1000000.0,0,0.7091,0.3001,0.0534,0.0214,0.4196,0.0,0.0,0.04
1708,ba7dacd515adcc4d,91,9.1,0.238529,0.1214,8.9,5.111,0,0.3677,0.5216,0.9685,0.0125,0.8875,0.3852,0.307,1.0
1709,a8fb16d105182b2e,91,9.1,0.175241,0.151768,1.4,60.325,0,0.6635,0.1325,0.1733,0.0,0.1811,0.0,0.4941,0.4
1710,1eaa9b7918ea13b1,91,9.1,0.146397,0.086298,8.8,7.134,0,0.7199,0.2421,0.095,0.0,0.1749,0.1155,0.2591,0.12
1711,60a0c37766deb5fe,91,9.1,0.214249,0.096661,5.0,5.599,0,0.389,0.1888,0.0415,0.0001,0.1863,0.3202,0.6267,0.44
1712,1484a8acd236fd1a,91,9.1,0.290213,0.123806,6.4,4.453,0,0.1025,0.179,0.073,0.0,0.1643,0.4729,0.8288,0.8
1713,61f20a060c92ad67,91,9.1,0.222785,0.160018,8.9,6.467,0,0.5305,0.2333,0.0934,0.0,0.2202,0.2044,0.7022,0.36
1714,fc643aac2a25ccd6,91,9.1,0.183276,0.180202,9.0,95.144,0,0.0001,0.001,0.0028,0.0,0.1609,0.0,0.8849,0.52
1715,ca37292abf040adb,91,9.1,0.058176,0.03192,0.2,1000000.0,0,0.0348,0.0951,0.0495,0.0,0.1649,0.0,0.0,0.48
1716,832d9fc1ee97a9a6,91,9.1,0.204355,0.188866,6.0,13.289,0,0.0523,0.0944,0.056,0.0,0.1803,0.0,0.8685,0.76
1717,d0095ef7a78f3201,91,9.1,0.214052,0.192557,0.2,46.209,0,0.2158,0.0667,0.1139,0.0002,0.1932,0.0,0.7199,1.0
1718,87d1eb15e7803ee6,91,9.1,0.387293,0.213557,8.2,3.97,0,0.1193,0.1537,0.3426,0.0078,0.5572,0.5374,0.828,1.0
1719,f07c75d86350ae0a,91,9.1,0.10458,0.059065,1.8,1000000.0,0,0.2416,0.1648,0.4634,0.0071,0.4535,0.0,0.0,0.28
1720,44f3c92d15a705ab,91,9.1,0.201844,0.108242,1.8,5.632,0,0.2787,0.1959,0.0556,0.0,0.1704,0.3157,0.7196,0.24
1721,df47fa04cb6ea6c8,91,9.1,0.148276,0.048914,2.3,7.88,0,0.0509,0.0684,0.05,0.0,0.2016,0.016,0.6763,0.24
1722,6d8dba8f02e7d299,91,9.1,0.44304,0.192313,2.8,2.123,0,0.17,0.2214,0.4289,0.0021,1.0,0.7836,0.8572,0.64
1723,880181371d6ca76d,91,9.1,0.43335,0.187784,7.3,2.991,0,0.1658,0.2689,0.4643,0.0104,1.0,0.6679,0.7847,0.52
1724,a943b4156c67ff1e,91,9.1,0.284624,0.119047,5.4,3.899,0,0.2213,0.2206,0.1835,0.0002,0.2135,0.5468,0.3686,0.96
1725,2de099ae44f61dc2,91,9.1,0.28836,0.142228,8.7,4.471,0,0.4215,0.1898,0.2079,0.0031,0.3176,0.4705,0.6823,0.4
1726,1ade0078a6e89f4b,91,9.1,0.243845,0.239365,0.0,86.306,0,0.0,0.0006,0.0041,0.0,0.5035,0.0,0.8841,0.84
1727,3dc3dd568924f369,91,9.1,0.33829,0.240554,4.6,5.402,0,0.3543,0.2237,0.2484,0.0006,0.5361,0.3463,0.7485,1.0
1728,e13838455b8da768,91,9.1,0.2026,0.183652,8.9,28.785,0,0.5288,0.1068,0.1019,0.0022,0.1859,0.0,0.6263,0.72
1729,deeed6e116e9ab2e,91,9.1,0.381418,0.132379,2.1,1.588,4,0.2691,0.5365,1.0,0.0079,0.9357,0.8549,0.7892,0.24
1730,3841a45c6449482a,91,9.1,0.188167,0.133563,1.2,1000000.0,0,0.583,0.2962,0.1432,0.0003,0.2678,0.0,0.5832,0.52
1731,54c82c9252e17c32,91,9.1,0.255008,0.096405,5.1,4.696,0,0.2879,0.2349,0.0753,0.0,0.2294,0.4405,0.6433,0.36
1732,d5b4fadf737ba7b0,91,9.1,0.112771,0.079149,8.3,1000000.0,0,0.3788,0.3579,0.0795,0.0001,0.3114,0.0,0.0,0.52
1733,94d12300351e07a2,91,9.1,0.272685,0.087052,0.7,4.528,0,0.2823,0.3649,0.109,0.0001,0.1706,0.4629,0.6799,0.72
1734,6faaf4443e30f048,91,9.1,0.276219,0.203102,8.7,3.009,0,0.3866,0.1534,0.1295,0.0001,0.1681,0.6655,0.7853,0.32
1735,9b0115b5ab5f3b92,91,9.1,0.218485,0.166137,3.3,97.674,0,0.0179,0.1754,0.108,0.0,0.3348,0.0,0.8677,0.84
1736,cb05892a72902d4b,91,9.1,0.171761,0.076421,8.0,7.887,0,0.0087,0.0444,0.0492,0.0,0.1698,0.0151,0.7695,0.68
1737,1efcc958b2847e5e,91,9.1,0.299494,0.225524,6.3,21.609,0,0.5128,0.1653,0.1001,0.0006,1.0,0.0,0.7639,0.28
1738,58fc87142fea8b5a,91,9.1,0.257075,0.158611,4.2,1000000.0,0,0.7225,0.0242,0.0453,0.0004,1.0,0.0,0.5025,0.2
1739,80c854787d632807,91,9.1,0.12797,0.112891,1.5,15.267,0,0.3652,0.209,0.1288,0.0001,0.2175,0.0,0.0201,1.0
1740,46aa0f46db4bb8bb,91,9.1,0.069895,0.056532,3.5,1000000.0,0,0.401,0.0319,0.0657,0.0,0.1656,0.0,0.0,0.24
1741,8730d7fd60d919a1,91,9.1,0.192973,0.178839,3.8,171.17,0,0.4204,0.1372,0.1235,0.0,0.1867,0.0,0.6749,0.6
1742,515883e96ffab66f,91,9.1,0.07151,0.034593,7.7,1000000.0,0,0.0001,0.0018,0.0053,0.0,0.0859,0.0,0.245,0.48
1743,e431f5db6de366d5,91,9.1,0.497109,0.132812,6.7,2.301,0,0.1345,0.2076,0.3955,0.0074,1.0,0.7599,0.8019,0.56
1744,cd12db5e2d43a37c,91,9.1,0.334423,0.252861,5.0,3.729,0,0.3705,0.2003,0.1553,0.0,0.1727,0.5695,0.832,0.68
1745,94fc94ecbb516ada,91,9.1,0.197296,0.169912,0.3,1000000.0,0,0.6065,0.3242,0.0762,0.0,0.2423,0.0,0.8135,0.4
1746,e13f76b63c431f1c,91,9.1,0.337944,0.248763,0.2,4.828,0,0.1608,0.1604,0.2659,0.0,0.2202,0.4229,0.88,1.0
1747,7ce49ff6e8207fd6,91,9.1,0.318632,0.156897,5.6,5.874,0,0.4826,0.3949,0.9494,0.0082,1.0,0.2834,0.3676,0.72
1748,91ca15a78e2647db,91,9.1,0.276597,0.113093,4.4,5.087,0,0.1716,0.2108,0.4216,0.0074,1.0,0.3884,0.5611,0.88
1749,be011ecdd632138d,91,9.1,0.275242,0.155534,0.2,5.953,0,0.1124,0.2127,0.3171,0.0008,0.2781,0.2729,0.7819,1.0
1750,8d50c2a7cee1b7f1,91,9.1,0.237467,0.140972,2.2,7.083,0,0.364,0.2205,0.4749,0.0075,0.6173,0.1223,0.5501,0.36
1751,2ca2956e37f8e240,91,9.1,0.198676,0.190758,0.1,1000000.0,0,0.0,0.0009,0.0017,0.0,0.1766,0.0,0.8791,0.76
1752,d119f84b4b281da6,91,9.1,0.21516,0.194784,3.3,50.441,0,0.5362,0.2532,0.3224,0.0002,0.3259,0.0,0.5737,1.0
1753,a441a3c17996fe10,91,9.1,0.197937,0.180858,6.2,15.037,0,0.2666,0.163,0.127,0.0001,0.1682,0.0,0.7633,0.68
1754,1193f150107443dd,91,9.1,0.104479,0.045709,3.1,1000000.0,0,0.0001,0.0009,0.0026,0.0,0.1406,0.0,0.5192,0.16
1755,a65acd56a50ef60d,91,9.1,0.200748,0.185762,8.6,198.852,0,0.0001,0.0008,0.0022,0.0,0.0857,0.0,0.8692,1.0
1756,b23c54f0a3f1f0e8,91,9.1,0.166212,0.065271,0.5,1000000.0,0,0.4077,0.4651,0.0867,0.0,0.1734,0.0,0.4297,0.36
1757,1b78030240ad48ce,91,9.1,0.232103,0.19846,0.1,35.029,0,0.3854,0.1459,0.187,0.0002,0.2764,0.0,0.7281,1.0
1758,6d8f6579a3b7e053,91,9.1,0.200968,0.184089,7.1,9.234,0,0.4052,0.2141,0.0811,0.0,0.1749,0.0,0.7884,0.48
1759,ac1fcc8b1d00074f,91,9.1,0.170208,0.09869,8.6,1000000.0,0,0.5955,0.3277,0.7419,0.0194,0.9752,0.0,0.0,0.12
1760,c75a230fae7b3ca1,91,9.1,0.356621,0.168768,6.6,1.885,1,0.559,0.6116,1.0,0.0051,0.5575,0.8153,0.8819,0.4
1761,4787a76566e8353c,91,9.1,0.195872,0.143189,1.6,5.295,0,0.3635,0.1751,0.1087,0.0,0.1608,0.3606,0.591,0.28
1762,a715df93fd4000cc,91,9.1,0.296242,0.1528,5.0,51.514,0,0.5527,0.68,1.0,0.0058,1.0,0.0,0.2994,0.04
1763,afcd4e53b7302f50,91,9.1,0.235036,0.087269,0.4,5.432,0,0.0011,0.0147,0.0299,0.0,0.1042,0.3424,0.7339,0.52
1764,7e88f7e7e2adcccf,91,9.1,0.1574,0.152481,0.7,1000000.0,0,0.0001,0.0012,0.0032,0.0,0.0662,0.0,0.8824,0.28
1765,54b486fa6132047d,91,9.1,0.327253,0.117073,2.7,3.297,0,0.1777,0.2877,0.141,0.0,0.1905,0.6271,0.8252,0.36
1766,612b441e1cc59f29,91,9.1,0.317573,0.091828,1.9,3.559,0,0.1348,0.1438,0.1098,0.0001,0.4091,0.5921,0.7889,0.72
1767,480f3bc7a18da1b7,91,9.1,0.294891,0.231898,7.4,4.126,0,0.5199,0.2373,0.0778,0.0001,0.1857,0.5165,0.8206,0.2
1768,bc51747cde31bd6e,91,9.1,0.193116,0.191847,9.0,1000000.0,0,0.0001,0.0014,0.0026,0.0,0.1273,0.0,0.8791,0.76
1769,199e3dfce4c30c39,91,9.1,0.254898,0.067189,6.2,5.015,0,0.0001,0.0013,0.0036,0.0,0.1584,0.398,0.7821,0.32
1770,2b9fc736834bc8a3,91,9.1,0.165168,0.048012,2.3,7.158,0,0.0001,0.0007,0.0021,0.0,0.115,0.1122,0.7614,0.32
1771,571acc76c0b537d0,91,9.1,0.272031,0.089421,6.8,4.067,0,0.1338,0.2577,0.1348,0.0001,0.2575,0.5244,0.7182,0.2
1772,e8de02cd653b5a5e,91,9.1,0.225645,0.137646,1.3,25.502,0,0.4885,0.5229,1.0,0.002,0.4451,0.0,0.5032,0.04
1773,3129fe4b3855a84e,91,9.1,0.210567,0.159343,0.5,25.646,0,0.6018,0.2839,0.1654,0.0,0.2387,0.0,0.7032,0.72
1774,29f2c029e1366f53,91,9.1,0.165725,0.078922,7.6,5.317,0,0.3907,0.2392,0.464,0.0193,0.2302,0.3577,0.0775,0.16
1775,452a725138841f99,91,9.1,0.197647,0.029552,8.9,5.524,0,0.0,0.0008,0.0017,0.0,0.0947,0.3302,0.5866,0.32
1776,b4d1bc73483d4491,91,9.1,0.193569,0.190579,7.0,1000000.0,0,0.0001,0.001,0.003,0.0,0.2116,0.0,0.8792,0.6
1777,d812933a2ecf3e1d,91,9.1,0.088121,0.06618,8.5,1000000.0,0,0.3245,0.2231,0.3389,0.0,0.1651,0.0,0.0,0.44
1778,2029d73d8743be51,91,9.1,0.207086,0.107315,8.9,4.997,0,0.6414,0.2143,0.0622,0.0,0.2472,0.4004,0.1071,0.48
1779,5cd35afb24d76eff,91,9.1,0.377461,0.12909,5.0,2.113,0,0.0001,0.001,0.0036,0.0,0.2305,0.7849,0.7663,0.68
1780,10ccb252a82fb5af,91,9.1,0.276324,0.180047,5.8,3.56,0,0.4931,0.2651,0.2371,0.0004,0.1788,0.592,0.3494,0.72
1781,6471a70996b57d2,91,9.1,0.521508,0.195694,4.0,1.887,1,0.205,0.2988,0.4977,0.0139,1.0,0.8151,0.8774,0.6
1782,e42c9f897c818026,91,9.1,0.216227,0.09921,6.5,17.05,0,0.3207,0.4444,0.8028,0.0101,1.0,0.0,0.4628,0.24
1783,5d27b29161c97f5f,91,9.1,0.496328,0.178533,6.8,0.533,3,0.5335,0.3295,0.1544,0.0015,0.4601,0.9956,0.7065,1.0
1784,f9241913835b2933,91,9.1,0.211044,0.210391,0.0,1000000.0,0,0.0001,0.0009,0.0074,0.0,0.1621,0.0,0.8719,1.0
1785,b286302045ef9024,91,9.1,0.151956,0.123452,3.4,12.138,0,0.7034,0.3903,0.2123,0.0001,0.2233,0.0,0.0616,0.92
1786,e16d69e418ff081d,91,9.1,0.223187,0.159964,8.8,7.106,0,0.6631,0.2747,0.2254,0.0001,0.2684,0.1192,0.4495,0.6
1787,aef86248796ed959,91,9.1,0.110298,0.04325,7.4,10.929,0,0.0727,0.1529,0.0508,0.0,0.1644,0.0,0.5638,0.2
1788,a241c6b0c390d3fb,91,9.1,0.371574,0.14171,8.9,2.304,0,0.4017,0.4278,0.8876,0.0007,0.4498,0.7595,0.4506,0.36
1789,195f0a239f9dccf,91,9.1,0.214974,0.177775,0.1,29.432,0,0.1339,0.1666,0.2056,0.0,0.2193,0.0,0.7751,0.8
1790,cbd2a5c220685054,91,9.1,0.199266,0.175727,7.0,10.202,0,0.5187,0.199,0.0625,0.0001,0.2468,0.0,0.643,0.68
1791,1be6cdbffe6b7c5e,91,9.1,0.157835,0.125745,0.3,234.111,0,0.5394,0.0365,0.1091,0.0001,0.3917,0.0,0.3827,0.32
1792,c5b1c51b5e02552a,91,9.1,0.162025,0.150242,4.4,47.582,0,0.6704,0.0915,0.0752,0.0,0.1823,0.0,0.4846,0.12
1793,477999448dcf1e82,91,9.1,0.278869,0.08504,3.9,4.222,0,0.0142,0.0637,0.0499,0.0,0.1605,0.5037,0.8155,0.48
1794,154269cbc824b954,91,9.1,0.202079,0.201979,0.0,1000000.0,0,0.0001,0.0008,0.0021,0.0,0.0841,0.0,0.8787,1.0
1795,10668c776be221ad,91,9.1,0.374604,0.086784,0.1,2.928,0,0.142,0.3266,0.0803,0.0,0.2383,0.6762,0.72,0.56
1796,41400a03db486463,91,9.1,0.179657,0.087528,2.9,28.717,0,0.0011,0.0209,0.0334,0.0,0.1065,0.0,0.7943,0.84
1797,fc51f1cd60dd333,91,9.1,0.220431,0.18262,1.2,1000000.0,0,0.576,0.1529,0.1209,0.0002,0.2073,0.0,0.7957,0.56
1798,8bdd55934ed3499,91,9.1,0.283752,0.143507,4.2,4.853,0,0.0001,0.0018,0.0073,0.0,0.1865,0.4197,0.6901,1.0
1799,9210f819867345e8,91,9.1,0.120909,0.053792,4.6,10.972,0,0.0001,0.001,0.0033,0.0,0.1482,0.0,0.5111,0.56
1800,e2f2312348288368,91,9.1,0.199115,0.179754,7.9,15.366,0,0.5647,0.1364,0.1611,0.0002,0.2183,0.0,0.5592,0.64
1801,dcb68b3bbe93bf60,91,9.1,0.160664,0.143043,6.8,30.931,0,0.4586,0.1489,0.0829,0.0025,0.2088,0.0,0.4912,0.52
1802,3d2f864445b0acd5,91,9.1,0.299902,0.210632,0.4,4.066,0,0.2301,0.205,0.0645,0.0,0.1681,0.5246,0.8828,0.44
1803,2ecd23f7b38b6be2,91,9.1,0.542916,0.310563,0.8,2.441,0,0.1447,0.1765,0.4144,0.0203,0.872,0.7412,0.868,1.0
1804,66904adb367272b7,91,9.1,0.230591,0.109774,3.6,7.78,0,0.0001,0.0009,0.0028,0.0,0.2903,0.0294,0.896,0.92
1805,e83854da8c569bd0,91,9.1,0.148705,0.04904,9.0,10.207,0,0.1174,0.2884,0.4205,0.0,0.1658,0.0,0.7672,0.28
1806,24e9b81e5a72b70f,91,9.1,0.190067,0.168393,0.1,14.145,0,0.5456,0.1696,0.2343,0.0,0.1804,0.0,0.5438,1.0
1807,83f697fa5b5db2d7,91,9.1,0.187434,0.1558,6.4,168.305,0,0.1294,0.1611,0.0601,0.0,0.1633,0.0,0.8516,0.4
1808,fab033c32abf8135,91,9.1,0.149982,0.100027,0.1,1000000.0,0,0.7205,0.194,0.284,0.0002,0.2033,0.0,0.2072,0.24
1809,34182ae7e70ba402,91,9.1,0.379665,0.134324,1.0,1.754,6,0.0006,0.0097,0.0226,0.0,0.1838,0.8328,0.8015,0.56
1810,b0a7e2333eaf84b6,91,9.1,0.296353,0.181052,3.5,1000000.0,0,0.5861,0.1937,0.1246,0.001,1.0,0.0,0.7918,0.24
1811,a0dde0edd4b0ded1,91,9.1,0.296513,0.032147,3.9,3.421,0,0.0001,0.0009,0.0024,0.0,0.0158,0.6105,0.8661,0.2
1812,e507dbaf0f9ab564,91,9.1,0.408402,0.170817,4.9,3.375,0,0.3754,0.4545,0.9061,0.0054,1.0,0.6167,0.6812,0.6
1813,e5dc645543f6d7da,91,9.1,0.256512,0.183325,0.3,6.804,0,0.0813,0.2353,0.2029,0.0,0.2709,0.1595,0.8137,1.0
1814,af75699cc504a9f,91,9.1,0.169322,0.127945,6.4,5.523,0,0.1171,0.216,0.1052,0.0,0.167,0.3303,0.7343,0.32
1815,ec4f820fde30d9b0,91,9.1,0.235857,0.201412,0.3,12.426,0,0.2067,0.2243,0.203,0.0001,0.4015,0.0,0.8513,0.68
1816,b807bff94ca0f234,91,9.1,0.329909,0.124895,8.8,4.191,0,0.0371,0.1001,0.108,0.0,0.3879,0.5079,0.7856,0.76
1817,ee03cfc7634e153f,91,9.1,0.464768,0.212507,2.8,3.701,0,0.1403,0.2874,0.4,0.0156,0.7843,0.5732,0.8568,1.0
1818,3c4710c9db2a376d,91,9.1,0.230429,0.151449,1.7,122.386,0,0.3137,0.2997,0.7941,0.009,1.0,0.0,0.65,0.92
1819,b1e917e3e5a48f98,91,9.1,0.222584,0.18128,8.8,1000000.0,0,0.527,0.3507,0.1573,0.0,0.1655,0.0,0.7417,1.0
1820,7614ee1621c99e4b,91,9.1,0.199991,0.179652,7.5,19.896,0,0.095,0.2602,0.1152,0.0,0.1654,0.0,0.8764,0.6
1821,6f99dd3f796c8b65,91,9.1,0.220148,0.183865,9.0,7.298,0,0.1621,0.0998,0.153,0.0057,0.3798,0.0936,0.7231,1.0
1822,c236005bf99e9090,91,9.1,0.170036,0.157546,8.4,34.184,0,0.7201,0.0554,0.0798,0.0001,0.1692,0.0,0.4844,0.36
1823,49c601ff2a85d26,91,9.1,0.156878,0.152895,7.7,1000000.0,0,0.0168,0.0557,0.0578,0.0007,1.0,0.0,0.0,0.52
1824,4b096caa408c2adc,91,9.1,0.252784,0.149532,0.0,15.347,0,0.0693,0.2481,0.3825,0.0063,0.2203,0.0,0.8697,1.0
1825,49d701b4119f73b5,91,9.1,0.406382,0.111231,1.6,1.519,5,0.0001,0.0011,0.0039,0.0,0.1107,0.8641,0.8597,0.92
1826,b656f7a95c981ae1,91,9.1,0.086507,0.074914,7.2,1000000.0,0,0.72,0.0171,0.0361,0.0,0.1655,0.0,0.0,0.16
1827,5739ecf1cf21def6,91,9.1,0.371969,0.137779,1.3,2.979,0,0.6176,0.681,0.9692,0.023,1.0,0.6695,0.5039,0.52
1828,6a5ae3dc0966721a,91,9.1,0.283401,0.129247,6.8,4.019,0,0.0519,0.2123,0.334,0.0,0.2045,0.5308,0.798,0.24
1829,441c11918f4e9e47,91,9.1,0.258022,0.173205,1.3,9.553,0,0.2618,0.3445,0.7142,0.0,0.2136,0.0,0.4433,1.0
1830,610bcc97e127af61,91,9.1,0.350533,0.148013,3.9,3.141,0,0.0001,0.0008,0.0025,0.0,0.1366,0.6479,0.8103,0.88
1831,6d1f6dc18a8756a1,91,9.1,0.191521,0.160113,0.5,1000000.0,0,0.7225,0.1313,0.1156,0.0004,0.1975,0.0,0.5183,0.52
1832,d8f75af830a1298c,91,9.1,0.290787,0.111072,6.8,3.72,0,0.0001,0.0013,0.0028,0.0,0.1032,0.5706,0.7759,0.4
1833,3ffc9903e3b9d681,91,9.1,0.166608,0.147354,8.9,158.025,0,0.7114,0.1597,0.1467,0.0002,0.2521,0.0,0.4335,0.2
1834,d7bcd51d93dce942,91,9.1,0.184151,0.182121,2.2,1000000.0,0,0.0001,0.0016,0.0034,0.0,0.3096,0.0,0.8821,0.24
1835,8f7f203009033562,91,9.1,0.281268,0.122152,0.3,4.498,0,0.2331,0.2758,0.5317,0.025,0.2079,0.467,0.742,0.2
1836,7fd1a2f954d6b7c7,91,9.1,0.156733,0.098563,6.2,6.652,0,0.3436,0.1907,0.1959,0.0001,0.197,0.1797,0.4889,0.68
1837,527d7657e517e19a,91,9.1,0.163576,0.163361,8.4,81.464,0,0.0001,0.0009,0.0026,0.0,0.1656,0.0,0.8773,0.2
1838,4b29d406ad53a556,91,9.1,0.211373,0.118211,0.1,4.758,0,0.3546,0.4157,0.8473,0.0152,0.5079,0.4323,0.7229,0.4
1839,f3c9ef5da95b7570,91,9.1,0.167186,0.163922,6.9,1000000.0,0,0.0001,0.0007,0.004,0.0,0.1155,0.0,0.8768,0.36
1840,c430b1a1dbbcdb9e,91,9.1,0.453303,0.193162,3.5,3.558,0,0.2621,0.3592,0.6461,0.0038,1.0,0.5923,0.7132,0.68
1841,31152d33a0707dbc,91,9.1,0.371009,0.154276,0.9,4.254,0,0.3587,0.1266,0.1272,0.0019,0.7967,0.4995,0.7272,0.84
1842,2691cceed9fa2d25,91,9.1,0.207594,0.093007,7.8,10.273,0,0.2586,0.2647,0.2486,0.0001,0.5702,0.0,0.7622,0.04
1843,4f249a7ecc2f7ecf,91,9.1,0.081973,0.044181,0.2,1000000.0,0,0.3055,0.329,0.2381,0.0001,0.1675,0.0,0.0,0.08
1844,c687ae811f31c789,91,9.1,0.309894,0.113169,0.9,3.36,0,0.4056,0.2393,0.2521,0.0007,0.3024,0.6187,0.5187,0.16
1845,e9659526de36f439,91,9.1,0.036187,0.034039,0.0,1000000.0,0,0.0001,0.0035,0.0144,0.0,0.1869,0.0,0.0,0.2
1846,69f1ca94024f4401,91,9.1,0.473761,0.137847,8.8,2.737,0,0.1718,0.3567,0.4212,0.0202,1.0,0.7017,0.8208,0.8
1847,4ec2321ebd127348,91,9.1,0.303894,0.239362,4.3,1000000.0,0,0.0002,0.0033,0.0115,0.0,1.0,0.0,0.8249,1.0
1848,3101294987fda10b,91,9.1,0.17023,0.14842,0.0,34.777,0,0.7018,0.1311,0.1161,0.0002,0.2268,0.0,0.4121,0.36
1849,aab44ca5bc71e99d,91,9.1,0.132003,0.121421,0.0,1000000.0,0,0.001,0.0162,0.1013,0.0,0.5225,0.0,0.0,0.96
1850,74d144131d5c2ed1,91,9.1,0.48215,0.220429,7.5,3.008,0,0.0831,0.2314,0.221,0.0015,0.9809,0.6656,0.7886,1.0
1851,172b54d2c6a7b631,91,9.1,0.232974,0.094219,3.4,13.194,0,0.5891,0.5922,1.0,0.0002,0.2472,0.0,0.045,0.2
1852,1f1a9bd1bfb76caa,91,9.1,0.145227,0.122835,8.6,29.572,0,0.643,0.1329,0.0937,0.0,0.1947,0.0,0.3562,0.32
1853,5e96a9b683e798be,91,9.1,0.18699,0.174285,3.6,12.098,0,0.2201,0.1341,0.0705,0.0,0.1867,0.0,0.8092,0.44
1854,eb5da6f4ecd643a6,91,9.1,0.284739,0.171267,8.9,3.634,0,0.3287,0.2064,0.1734,0.0,0.2598,0.5822,0.8273,0.64
1855,84a1c7968294e32d,91,9.1,0.408766,0.21642,6.6,2.742,0,0.4594,0.6089,1.0,0.0026,0.9199,0.7011,0.515,0.56
1856,b25d2a554d6461b8,91,9.1,0.212962,0.166475,0.1,6.652,0,0.0612,0.1084,0.0509,0.0,0.1649,0.1797,0.8808,0.36
1857,aa6f8f1e3516ef07,91,9.1,0.247269,0.166026,7.1,6.282,0,0.6155,0.3017,0.1723,0.0001,0.2421,0.2291,0.6898,0.44
1858,e20aecabf09b46fc,91,9.1,0.279518,0.210124,5.9,4.814,0,0.3475,0.4387,0.5223,0.0,0.1892,0.4248,0.8323,0.48
1859,67365e793ced990e,91,9.1,0.171193,0.169739,0.0,1000000.0,0,0.0001,0.0008,0.0044,0.0,0.091,0.0,0.8738,0.48
1860,4341557257d6af16,91,9.1,0.323875,0.178396,0.7,4.199,0,0.5399,0.4535,0.8842,0.0185,0.6294,0.5068,0.6595,1.0
1861,5dc0c40cc6ae97ea,91,9.1,0.508354,0.222979,5.2,2.372,0,0.2506,0.2236,0.4995,0.0211,0.98,0.7504,0.8592,0.92
1862,5e2e8674cd80897d,91,9.1,0.384478,0.27996,3.1,3.127,0,0.4069,0.3395,0.098,0.0001,0.3403,0.6498,0.8772,0.48
1863,609d9a42a94cba3c,91,9.1,0.149959,0.118653,5.2,1000000.0,0,0.6322,0.352,0.1383,0.0001,0.2159,0.0,0.0,0.92
1864,a1ce2caa50e90eda,91,9.1,0.150179,0.123856,6.7,59.9,0,0.0172,0.1147,0.1847,0.0,0.1648,0.0,0.7485,0.48
1865,3c658825dd073d7a,91,9.1,0.165432,0.064446,6.2,28.57,0,0.0116,0.0525,0.0456,0.0,0.2846,0.0,0.7096,0.44
1866,c36bc35ef87e81bb,91,9.1,0.33641,0.121358,7.1,4.087,0,0.3162,1.0,1.0,0.026,0.671,0.5218,0.6202,0.28
1867,53291f08c30c01b1,91,9.1,0.551607,0.134427,3.9,1.793,1,0.5241,0.5723,0.8844,0.0337,1.0,0.8276,0.7759,0.32
1868,2b328becc677f468,91,9.1,0.223484,0.200051,4.7,12.266,0,0.0954,0.1778,0.1446,0.0,0.2401,0.0,0.8767,0.72
1869,2ea4fdd94aad3854,91,9.1,0.200912,0.147575,5.2,1000000.0,0,0.6754,0.2921,0.1537,0.0109,1.0,0.0,0.5905,0.56
1870,2286db5e921648b,91,9.1,0.272371,0.114356,1.2,1000000.0,0,0.6422,0.6731,1.0,0.0001,0.2359,0.0,0.3075,0.44
1871,10e9b72b1eeb6c08,91,9.1,0.227345,0.201318,1.6,1000000.0,0,0.6068,0.1851,0.1641,0.0001,0.4015,0.0,0.7991,0.28
1872,44a90d9c9325ed82,91,9.1,0.289094,0.183654,2.0,6.79,0,0.4223,0.8407,1.0,0.0008,0.1799,0.1614,0.8081,0.56
1873,c3a68bf0466cd24e,91,9.1,0.311984,0.152635,6.1,5.716,0,0.2143,0.2171,0.4759,0.0005,0.852,0.3046,0.3746,0.64
1874,87465bb5a5e24901,91,9.1,0.181018,0.164506,0.0,12.752,0,0.4705,0.1886,0.0701,0.0001,0.1797,0.0,0.6761,0.44
1875,617d6928f106d4fb,91,9.1,0.299636,0.181455,0.1,5.01,0,0.0826,0.2091,0.0594,0.0,0.1835,0.3987,0.8779,0.48
1876,a97a563b7e5d3007,91,9.1,0.323942,0.174962,8.7,2.018,0,0.3666,0.3026,0.1893,0.0001,0.1979,0.7976,0.3349,0.28
1877,b8e6e1a5a4c935e2,91,9.1,0.178573,0.111541,4.3,1000000.0,0,0.4694,0.3505,0.4338,0.0067,1.0,0.0,0.1277,0.36
1878,d84645a0836c7937,91,9.1,0.485836,0.120565,6.0,1.298,4,0.2935,0.4455,0.8803,0.0352,1.0,0.8936,0.6641,0.24
1879,868be592a87dea46,91,9.1,0.238786,0.174019,1.2,4.62,0,0.3739,0.1568,0.0887,0.0,0.2785,0.4507,0.5797,0.44
1880,162cdfaecb0869a6,91,9.1,0.098972,0.066358,8.4,1000000.0,0,0.4193,0.3446,0.1142,0.0003,0.1996,0.0,0.0,0.32
1881,807aca01a3a6e886,91,9.1,0.285335,0.173865,0.1,30.012,0,0.5596,0.8679,0.9214,0.0003,0.1804,0.0,0.5703,0.52
1882,6bb665fdce8bd0bf,91,9.1,0.174301,0.137776,0.1,11.386,0,0.1454,0.1499,0.1272,0.0,0.189,0.0,0.4896,1.0
1883,f1d48ddbd195f07a,91,9.1,0.203919,0.175743,8.7,25.665,0,0.3124,0.2301,0.198,0.0,0.1647,0.0,0.8426,0.56
1884,1af15dbc5501f1d5,91,9.1,0.189207,0.17869,7.9,19.717,0,0.0425,0.1878,0.0773,0.0,0.1651,0.0,0.8813,0.48
1885,acd96f38d59b8151,91,9.1,0.197679,0.085919,5.1,4.899,0,0.2434,0.3086,0.2146,0.0055,0.2234,0.4135,0.5549,0.2
1886,59c471e15a7e3106,91,9.1,0.201097,0.102855,8.3,1000000.0,0,0.1652,0.3478,0.5007,0.01,1.0,0.0,0.0,0.08
1887,42ab427fb6682e71,91,9.1,0.208447,0.085281,8.0,3.6,0,0.4004,0.3532,0.2808,0.0001,0.198,0.5867,0.0,0.36
1888,2c06c2caa5ef4990,91,9.1,0.376149,0.069752,6.9,1.687,4,0.0001,0.0015,0.0031,0.0,0.2526,0.8417,0.8214,0.2
1889,993196e20e4f6685,91,9.1,0.232034,0.209486,8.7,1000000.0,0,0.5856,0.2463,0.1242,0.0019,0.3812,0.0,0.6004,1.0
1890,6d4fa03b60a68753,91,9.1,0.333901,0.215761,0.1,3.909,0,0.1479,0.2059,0.0519,0.0,0.205,0.5455,0.8825,0.52
1891,ca24982693631351,91,9.1,0.331516,0.196955,4.8,34.301,0,0.5358,0.5059,1.0,0.0003,0.3256,0.0,0.5717,0.92
1892,750a9108d059ddf6,91,9.1,0.329906,0.204965,4.9,2.832,0,0.1233,0.1698,0.3592,0.0099,1.0,0.689,0.867,0.48
1893,99e38fe7039fb3f5,91,9.1,0.306155,0.209029,7.2,2.847,0,0.3526,0.2172,0.0721,0.0,0.2869,0.687,0.5845,0.72
1894,df15f8f6f28c8c3e,91,9.1,0.06556,0.04895,6.7,1000000.0,0,0.1621,0.2075,0.1182,0.0001,0.17,0.0,0.0,0.32
1895,401be86e15c6ed1d,91,9.1,0.145652,0.052706,2.5,7.235,0,0.0001,0.0011,0.0031,0.0,0.1664,0.102,0.7416,0.32
1896,1658fb53e9262f71,91,9.1,0.301236,0.193638,8.5,1000000.0,0,0.4117,0.5898,1.0,0.0023,0.7369,0.0,0.7855,0.32
1897,374b9d8f8ddc3a82,91,9.1,0.225536,0.146603,8.6,6.883,0,0.156,0.195,0.0888,0.0,0.3277,0.1489,0.8269,1.0
1898,a7b5b0c78a89b49e,91,9.1,0.224341,0.154859,7.9,1000000.0,0,0.236,0.3885,0.6244,0.028,1.0,0.0,0.8569,0.52
1899,7482366e48da5110,91,9.1,0.166854,0.159107,9.0,87.034,0,0.0001,0.0009,0.0033,0.0,0.0698,0.0,0.8795,0.44
1900,e0b42f8ab35bcf7b,91,9.1,0.251676,0.125726,3.0,4.922,0,0.0232,0.2061,0.1281,0.0,0.1385,0.4104,0.635,0.8
1901,9ef4f0a663924c7,91,9.1,0.089408,0.057121,8.5,8.533,0,0.2123,0.201,0.2538,0.0001,0.1743,0.0,0.1942,0.2
1902,d65eab36bd721048,91,9.1,0.18433,0.071861,1.6,4.534,0,0.0111,0.0922,0.1186,0.0,0.1017,0.4621,0.7581,0.2
1903,6a8b047403025268,91,9.1,0.232609,0.210975,7.5,1000000.0,0,0.1284,0.1815,0.0853,0.0,0.1607,0.0,0.8826,1.0
1904,a2aa08d3efd6d1cc,91,9.1,0.367989,0.21174,9.0,125.662,0,0.4645,0.8479,1.0,0.0002,0.3187,0.0,0.7875,0.56
1905,338e6d99a0c8a6cf,91,9.1,0.365048,0.148634,2.0,4.729,0,0.3703,0.4185,0.6718,0.0161,0.7564,0.4361,0.5869,0.52
1906,4970e059883f107a,91,9.1,0.291202,0.147432,1.0,5.123,0,0.001,0.0097,0.0213,0.0,0.1622,0.3836,0.8758,0.8
1907,b96ad5b80d1bc730,91,9.1,0.38405,0.23461,1.9,3.269,0,0.1844,0.3285,0.1924,0.0001,0.345,0.6309,0.8865,0.52
1908,37e8ebf5088347c7,91,9.1,0.273788,0.079717,0.0,10.689,0,0.1731,0.1615,0.6414,0.0121,0.395,0.0,0.9244,0.36
1909,91775ace4d65d146,91,9.1,0.254928,0.09919,8.9,4.885,0,0.0091,0.1625,0.1409,0.0,0.1742,0.4153,0.5556,0.32
1910,8ad4700509aea22b,91,9.1,0.324271,0.182243,6.5,2.911,0,0.0,0.0011,0.0026,0.0,0.2284,0.6786,0.6876,0.56
1911,ef7d883dbe2246d6,91,9.1,0.387008,0.22861,7.1,1.992,1,0.2191,0.3426,0.6144,0.0194,0.3019,0.801,0.8836,0.8
1912,a3d40aa3df95ddf6,91,9.1,0.320967,0.158246,2.1,4.349,0,0.1665,0.2622,0.1522,0.004,0.5022,0.4868,0.858,0.52
1913,d93212286a64c171,91,9.1,0.113758,0.087884,0.0,1000000.0,0,0.6451,0.2645,0.1319,0.0,0.1963,0.0,0.1601,0.28
1914,aed805dcc2c2aa2c,91,9.1,0.222835,0.196969,2.0,19.871,0,0.4724,0.2233,0.1679,0.0001,0.2153,0.0,0.6228,1.0
1915,d38fc69cc54c6731,91,9.1,0.096854,0.082502,6.9,1000000.0,0,0.5858,0.2104,0.1325,0.0001,0.2428,0.0,0.0,0.32
1916,a5834cd7b8fb455c,91,9.1,0.245615,0.207985,0.1,27.767,0,0.504,0.2047,0.1966,0.0019,0.2163,0.0,0.7717,1.0
1917,d7d24736a1702310,91,9.1,0.24683,0.13841,5.9,4.58,0,0.0002,0.0056,0.0074,0.0,0.1287,0.456,0.4735,0.8
1918,1c30eaab0536bde1,91,9.1,0.252807,0.12269,4.8,4.303,0,0.2806,0.3945,0.1437,0.0001,0.1788,0.4929,0.6253,0.64
1919,fc002cd40534f5e4,91,9.1,0.126327,0.093975,4.1,1000000.0,0,0.7223,0.2974,0.2015,0.0003,0.2177,0.0,0.0,0.16
1920,774820c6684e1e7f,91,9.1,0.316545,0.110488,8.6,4.801,0,0.0832,0.1139,0.1855,0.0061,0.3226,0.4266,0.8591,0.96
1921,c5b7735d5b68e498,91,9.1,0.196879,0.12051,8.9,4.647,0,0.4926,0.227,0.0832,0.0382,1.0,0.4471,0.0405,0.24
1922,5b00d5f247e26ee1,91,9.1,0.207274,0.175659,3.6,7.015,0,0.1986,0.1916,0.0451,0.0,0.2053,0.1314,0.8771,0.4
1923,408dd1657c2321ab,91,9.1,0.176793,0.176588,2.8,1000000.0,0,0.0001,0.001,0.0026,0.0,0.9705,0.0,0.0,1.0
1924,b188f5152556871,91,9.1,0.333802,0.258818,4.4,3.737,0,0.3472,0.2112,0.0449,0.0,0.205,0.5684,0.8812,0.52
1925,106f17f6fa750080,91,9.1,0.206397,0.096696,3.1,1000000.0,0,0.6096,0.4241,0.7476,0.0233,1.0,0.0,0.0,0.24
1926,f4fd5742ec9f0600,91,9.1,0.169632,0.049104,2.8,53.703,0,0.0015,0.0251,0.0719,0.0,0.1199,0.0,0.8429,0.52
1927,ae3d262622df74d6,91,9.1,0.455647,0.175453,5.8,1.983,1,0.1899,0.2987,0.5237,0.0039,1.0,0.8022,0.6452,0.2
1928,867770709813d6ce,91,9.1,0.256675,0.252679,5.9,1000000.0,0,0.0005,0.009,0.0226,0.0,0.8672,0.0,0.7603,0.6
1929,c69a2a423656cd88,91,9.1,0.172618,0.162816,2.9,39.72,0,0.6122,0.1063,0.1054,0.0001,0.2718,0.0,0.4902,0.4
1930,4aa59b887a1efae8,91,9.1,0.338144,0.210646,5.9,4.586,0,0.3906,0.4547,0.6295,0.0309,1.0,0.4552,0.5914,1.0
1931,1d5af699a68dac75,91,9.1,0.199109,0.19898,4.7,64.085,0,0.0,0.0006,0.0023,0.0,0.0617,0.0,0.877,1.0
1932,2818c884760d6378,91,9.1,0.180575,0.172198,8.5,11.429,0,0.1028,0.0539,0.0235,0.0,0.2117,0.0,0.8547,0.52
1933,3eb294677c054b9,91,9.1,0.312225,0.115068,7.2,3.266,0,0.0001,0.0009,0.0046,0.0,0.1157,0.6312,0.8406,0.28
1934,f4ecac362bf85dbe,91,9.1,0.260616,0.11179,0.1,3.948,0,0.2392,0.3711,0.1754,0.0062,0.1631,0.5403,0.3739,0.56
1935,b7719bd099fc594a,91,9.1,0.15156,0.047982,5.6,6.468,0,0.1212,0.191,0.0862,0.0001,0.1933,0.2042,0.4989,0.4
1936,332d14e66fa94500,91,9.1,0.17268,0.078806,1.1,9.723,0,0.0001,0.001,0.0025,0.0,0.0812,0.0,0.6856,1.0
1937,d3ef803e30ecaeba,91,9.1,0.339985,0.178808,5.0,4.835,0,0.3099,0.3868,0.9464,0.012,1.0,0.422,0.6229,0.68
1938,df00360550462edf,91,9.1,0.17929,0.160294,8.9,10.711,0,0.1782,0.2203,0.0919,0.0,0.2207,0.0,0.6446,0.76
1939,283ea18c114449e0,91,9.1,0.145083,0.111883,6.4,1000000.0,0,0.7033,0.3372,0.1661,0.0001,0.1655,0.0,0.0,0.88
1940,b3135f9dd41cccb8,91,9.1,0.247086,0.092693,6.8,1000000.0,0,0.3397,0.4002,0.7544,0.0315,1.0,0.0,0.0,0.32
1941,a41cd2a838ed2c81,91,9.1,0.327666,0.120836,4.0,1.984,1,0.3015,0.1437,0.1528,0.0013,0.3104,0.8022,0.3848,0.52
1942,55fc459e8db45665,91,9.1,0.198058,0.195432,0.0,88.72,0,0.0001,0.001,0.0033,0.0,0.2442,0.0,0.8828,0.6
1943,d446d72d0c58aaf7,91,9.1,0.368547,0.192772,3.1,4.183,0,0.2124,0.1847,0.0817,0.0,0.832,0.5089,0.7162,1.0
1944,7f16411c8323345d,91,9.1,0.157358,0.072024,4.8,8.994,0,0.0,0.0006,0.0017,0.0,0.0252,0.0,0.8205,0.52
1945,dda11796d990a772,91,9.1,0.319867,0.112844,6.4,2.018,0,0.7111,0.1186,0.0708,0.0002,0.2053,0.7976,0.0848,0.88
1946,c1dec5436c92922d,91,9.1,0.155587,0.149944,0.1,64.518,0,0.0008,0.0169,0.0285,0.0,0.0358,0.0,0.8328,0.4
1947,787542cde759e769,91,9.1,0.307518,0.227356,4.6,4.314,0,0.2986,0.1953,0.0833,0.0,0.1965,0.4914,0.887,0.4
1948,176355dddc7f3725,91,9.1,0.33118,0.262788,7.0,3.777,0,0.5487,0.2568,0.3363,0.0,0.1976,0.5631,0.8423,0.52
1949,d5f59a979882310f,91,9.1,0.147092,0.125878,0.8,17.316,0,0.5678,0.1641,0.0934,0.0001,0.2533,0.0,0.3621,0.28
1950,818c7d6ef3368c15,91,9.1,0.365792,0.198981,3.0,3.91,0,0.1752,0.3093,0.5307,0.0164,1.0,0.5453,0.8422,0.24
1951,4c7c549bb0c732b8,91,9.1,0.172554,0.141954,0.0,1000000.0,0,0.4143,0.0979,0.0883,0.0001,0.2216,0.0,0.5939,0.44
1952,2871ba5df60c9d5,91,9.1,0.395702,0.121777,1.4,2.502,0,0.175,0.2194,0.5037,0.0206,1.0,0.7331,0.7387,0.76
1953,b66d9dc0309be498,91,9.1,0.108588,0.083927,7.7,1000000.0,0,0.7223,0.1484,0.0984,0.0001,0.2486,0.0,0.0,0.12
1954,122882ccead5e719,91,9.1,0.143079,0.076957,8.6,17.475,0,0.0953,0.2388,0.1702,0.0047,1.0,0.0,0.2751,0.08
1955,aaad87aee1488dfb,91,9.1,0.299428,0.105484,8.9,2.173,0,0.5613,0.2297,0.0949,0.0,0.2582,0.7769,0.0208,0.68
1956,63a3a10409aeee0c,91,9.1,0.137308,0.134636,9.0,10.378,0,0.0001,0.001,0.004,0.0,1.0,0.0,0.0186,0.24
1957,b708da9e44964252,91,9.1,0.194879,0.177253,2.4,1000000.0,0,0.3557,0.2632,0.0982,0.0001,0.1974,0.0,0.885,0.4
1958,30c4379e2a4091d0,91,9.1,0.215245,0.090893,6.1,5.424,0,0.3703,0.3045,0.4383,0.0,0.2567,0.3435,0.6174,0.56
1959,a2de735183ccef3a,91,9.1,0.033675,0.032716,4.3,1000000.0,0,0.0001,0.0009,0.0028,0.0,0.138,0.0,0.0,0.28
1960,34c50e97627df043,91,9.1,0.130998,0.130329,8.9,1000000.0,0,0.0006,0.0095,0.0184,0.0,0.6086,0.0,0.0,0.96
1961,53aea32656f09378,91,9.1,0.225328,0.192345,4.8,1000000.0,0,0.6652,0.3344,0.3143,0.0,0.2052,0.0,0.6678,0.88
1962,19ae2dd7dd27b59b,91,9.1,0.214915,0.159877,6.8,7.463,0,0.2891,0.1634,0.0895,0.0001,0.3392,0.0716,0.8123,0.28
1963,5f45018db1e6d830,91,9.1,0.257355,0.210673,0.2,1000000.0,0,0.5108,0.3494,0.2676,0.0001,0.3172,0.0,0.8086,1.0
1964,a13f83e304443d24,91,9.1,0.159725,0.155123,2.1,1000000.0,0,0.0,0.0006,0.0019,0.0,0.268,0.0,0.6416,0.52
1965,744e046e4ef16f5d,91,9.1,0.213417,0.11631,2.6,8.591,0,0.3037,0.2536,0.1325,0.0001,0.414,0.0,0.8453,0.92
1966,6e51d1234a15e720,91,9.1,0.184844,0.180265,0.1,1000000.0,0,0.0001,0.0012,0.0024,0.0,0.1015,0.0,0.8779,0.68
1967,5137d5ca64274618,91,9.1,0.187259,0.161397,4.9,53.183,0,0.6287,0.1039,0.1479,0.0001,0.1875,0.0,0.4966,0.36
1968,2c5b3dca23c0ac8f,91,9.1,0.171457,0.167572,0.0,45.583,0,0.0,0.0007,0.0033,0.0,0.0254,0.0,0.8806,0.6
1969,7fe4c2ad93a005f,91,9.1,0.289278,0.069985,5.5,3.381,0,0.0001,0.0011,0.0071,0.0,0.1248,0.6159,0.7282,0.24
1970,2f05ebc0c3d942c9,91,9.1,0.273417,0.130811,6.3,1000000.0,0,0.5881,0.7289,1.0,0.0001,0.1774,0.0,0.0,0.92
1971,1a7faa12aa891ffa,91,9.1,0.1603,0.096508,8.5,11.779,0,0.0,0.0009,0.0039,0.0,0.096,0.0,0.7353,0.64
1972,934f73379aab17c2,91,9.1,0.286117,0.093456,1.5,3.321,0,0.3987,0.1272,0.0687,0.0001,0.1689,0.6238,0.3766,0.48
1973,864889a0f15a53dc,91,9.1,0.208816,0.165828,2.1,46.188,0,0.6676,0.1838,0.131,0.0001,0.1663,0.0,0.7929,0.08
1974,61c995d28fb0d9be,91,9.1,0.353559,0.161378,2.8,2.247,0,0.7145,0.1053,0.0532,0.0,0.2076,0.7671,0.3537,0.6
1975,5d3dd267ff0560f8,91,9.1,0.326085,0.100046,0.7,4.15,0,0.0001,0.0011,0.0045,0.0,0.173,0.5134,0.8144,0.96
1976,4937fd9837fe85bb,91,9.1,0.381883,0.206718,0.0,15.218,0,0.7059,1.0,1.0,0.0001,0.2918,0.0,0.4038,0.88
1977,cb3790f09caa6c76,91,9.1,0.357022,0.116835,8.2,2.981,0,0.0001,0.001,0.0026,0.0,0.1823,0.6692,0.7976,0.88
1978,3567b687debf9a89,91,9.1,0.279701,0.234099,5.2,1000000.0,0,0.2516,0.1909,0.0691,0.0001,0.9162,0.0,0.8158,0.48
1979,88798285015694cc,91,9.1,0.378812,0.153025,0.5,0.976,5,0.5133,0.4441,0.6047,0.0112,0.6877,0.9365,0.7142,0.32
1980,e63b9aa16f99a113,91,9.1,0.16512,0.148445,1.1,12.353,0,0.9909,0.0395,0.045,0.0001,0.3768,0.0,0.3422,0.16
1981,d713316733c04652,91,9.1,0.105788,0.072846,9.0,1000000.0,0,0.4495,0.4085,0.5783,0.0242,0.5153,0.0,0.0,0.04
1982,35c21d16af2249ae,91,9.1,0.217743,0.116677,3.1,1000000.0,0,0.2522,0.375,0.5608,0.0334,1.0,0.0,0.0,0.28
1983,56209b313ac5002a,91,9.1,0.301001,0.2173,0.1,5.819,0,0.0769,0.1478,0.0502,0.0,0.2112,0.2909,0.882,1.0
1984,1bbd190c38962de9,91,9.1,0.331127,0.215238,0.2,4.278,0,0.1455,0.1678,0.2274,0.0,0.1645,0.4963,0.8835,0.64
1985,91c5d23bdcd2521b,91,9.1,0.516492,0.12487,6.8,1.736,2,0.1634,0.2687,0.4971,0.0095,1.0,0.8352,0.8804,0.24
1986,9c8241f6a2ee5f51,91,9.1,0.287111,0.100993,1.9,5.169,0,0.0001,0.0011,0.0054,0.0,0.1703,0.3775,0.8119,0.92
1987,6daf096b022ba1e0,91,9.1,0.390708,0.158668,5.9,2.633,0,0.0586,0.2122,0.2345,0.0031,0.7216,0.7155,0.7593,0.52
1988,20c654c670ec0915,91,9.1,0.095738,0.073649,1.1,1000000.0,0,0.6372,0.3252,0.1584,0.0,0.1748,0.0,0.0,0.08
1989,54b9fbe1b05e89c7,91,9.1,0.213366,0.075126,6.8,4.938,0,0.0,0.0007,0.0017,0.0,0.1274,0.4083,0.4873,0.44
1990,8d523ac611c82d2b,91,9.1,0.180289,0.059351,8.4,26.993,0,0.1274,0.2561,0.0669,0.0,0.2736,0.0,0.8811,0.32
1991,69302ed5aa519cbb,91,9.1,0.204117,0.159539,0.2,15.298,0,1.0,0.1801,0.1692,0.0001,0.2164,0.0,0.6107,0.32
1992,5effc07e6a7cec30,91,9.1,0.304894,0.191265,1.4,17.764,0,0.3556,0.1367,0.1754,0.0004,1.0,0.0,0.795,0.64
1993,a51f20166cb0f334,91,9.1,0.225469,0.191267,0.0,1000000.0,0,0.651,0.104,0.0537,0.0002,0.3849,0.0,0.6617,0.52
1994,45894034a95dc719,91,9.1,0.229375,0.166008,8.9,6.485,0,0.6568,0.2982,0.176,0.0001,0.3001,0.202,0.4996,0.44
1995,a38e8042c5a74c74,91,9.1,0.295491,0.230302,5.4,5.455,0,0.3429,0.2023,0.2997,0.0,0.2267,0.3393,0.8773,0.88
1996,36120cf058ac33b0,91,9.1,0.162336,0.13672,2.6,1000000.0,0,0.7204,0.096,0.0851,0.0,0.2717,0.0,0.3751,0.2
1997,a9b26cdf72de7f1e,91,9.1,0.198273,0.1663,5.4,18.483,0,0.5541,0.1399,0.1798,0.0001,0.1818,0.0,0.5902,0.64
1998,b1bc52d463e61daa,91,9.1,0.224261,0.108038,6.9,1000000.0,0,0.2435,0.3253,0.5884,0.0044,0.9325,0.0,0.0,0.28
1999,133bcb7b7b206955,91,9.1,0.333706,0.178334,0.2,4.814,0,0.1416,0.5271,0.4702,0.0,0.1688,0.4248,0.8329,0.44
2000,6d89deb97b0d0f81,91,9.1,0.299432,0.12474,9.0,1000000.0,0,0.702,1.0,1.0,0.002,0.3113,0.0,0.0,0.68
2001,62d271a7db1473ee,91,9.1,0.325835,0.168312,2.0,3.236,0,0.1246,0.2188,0.356,0.0141,0.681,0.6351,0.7834,0.68
2002,b531e92650092735,91,9.1,0.448624,0.219924,5.1,3.146,0,0.2904,0.3714,0.7808,0.0087,0.9591,0.6472,0.7206,0.64
2003,96a510dc2e6ff4cd,91,9.1,0.212723,0.15646,8.9,6.279,0,0.3556,0.1408,0.1271,0.0001,0.1972,0.2295,0.6256,0.68
2004,b7fd3560d5aaacea,91,9.1,0.146459,0.092701,6.5,1000000.0,0,0.6414,0.2549,0.0748,0.0002,0.1762,0.0,0.4579,0.16
2005,b92aef57f84ddae2,91,9.1,0.180902,0.161498,2.4,62.159,0,0.6435,0.1671,0.1203,0.0002,0.2114,0.0,0.4914,0.4
2006,a38729e6763e3b39,91,9.1,0.083994,0.06058,7.3,1000000.0,0,0.0756,0.1971,0.1261,0.0,0.3095,0.0,0.0,0.4
2007,49ac03a25a9239be,91,9.1,0.179263,0.176265,8.7,129.518,0,0.0442,0.183,0.0979,0.0,0.2115,0.0,0.8597,0.48
2008,32eec1c78943056d,91,9.1,0.19678,0.175326,4.8,13.468,0,0.5796,0.203,0.0955,0.0,0.223,0.0,0.6588,0.28
2009,66699cf0ec4e0fb7,91,9.1,0.421031,0.156962,4.0,2.184,0,0.3117,0.3184,0.5609,0.0216,0.3727,0.7755,0.8066,0.48
2010,a63bda24d65fc5db,91,9.1,0.311648,0.189548,0.2,5.607,0,0.2081,0.3022,0.4035,0.0,0.1617,0.3191,0.8325,0.6
2011,40fe7f69965dfd98,91,9.1,0.248702,0.116855,1.8,4.072,0,0.3523,0.3849,0.998,0.001,0.2947,0.5238,0.412,0.32
2012,fa02912489ce91a1,91,9.1,0.257367,0.087332,1.8,3.136,0,0.2795,0.1891,0.22,0.0,0.1785,0.6486,0.1687,0.36
2013,e3a637bf9cf43dd1,91,9.1,0.047572,0.042601,4.6,1000000.0,0,0.0,0.0008,0.0036,0.0,0.156,0.0,0.0,0.48
2014,dd14af74eb556954,91,9.1,0.251058,0.163978,8.7,6.722,0,0.7336,0.285,0.2614,0.0001,0.5742,0.1704,0.5043,0.24
2015,d883842ee6ef17c6,91,9.1,0.302243,0.160482,4.3,3.845,0,0.2422,0.0568,0.1093,0.0,0.6117,0.554,0.208,1.0
2016,d04716ed7b5b1429,91,9.1,0.378066,0.094843,5.7,1.435,7,0.0,0.0007,0.0047,0.0,0.1448,0.8753,0.7369,0.52
2017,b7623cc6193eaa42,91,9.1,0.188018,0.169454,0.2,16.314,0,0.0202,0.0717,0.1238,0.0,0.2035,0.0,0.8767,0.36
2018,2d55c7fe7f383367,91,9.1,0.215478,0.195229,8.0,62.54,0,0.0987,0.2734,0.0846,0.0,0.2225,0.0,0.8836,0.64
2019,64224485842c7526,91,9.1,0.089073,0.042839,7.9,1000000.0,0,0.0,0.0007,0.0023,0.0,0.155,0.0,0.3568,0.28
2020,3aa160670be559aa,91,9.1,0.175565,0.141412,0.0,1000000.0,0,0.0424,0.2465,0.1385,0.0001,0.6496,0.0,0.0,1.0
2021,3f4e1432ebe2df10,91,9.1,0.262413,0.121335,2.9,4.349,0,0.0009,0.0122,0.0294,0.0,0.1012,0.4868,0.5314,0.96
2022,9ad7f420651fc2d0,91,9.1,0.180769,0.176149,5.6,8.976,0,0.0001,0.0014,0.0056,0.0,0.017,0.0,0.9026,0.72
2023,9753ba830d687207,91,9.1,0.159187,0.142145,0.9,54.222,0,0.6621,0.1093,0.0818,0.0001,0.2313,0.0,0.3827,0.32
2024,94e397d201b7f589,91,9.1,0.278036,0.118732,0.7,6.27,0,0.1495,0.2465,0.5281,0.0181,0.8061,0.2307,0.8368,0.2
2025,5c885ca2dff6267c,91,9.1,0.277289,0.147398,3.3,6.14,0,0.2644,0.269,0.1892,0.0004,0.7209,0.2481,0.6496,1.0
2026,6377247799923843,91,9.1,0.186068,0.184363,5.1,1000000.0,0,0.0005,0.0064,0.0156,0.0,0.164,0.0,0.6951,1.0
2027,b18a8cea66475083,91,9.1,0.335192,0.203582,0.9,46.239,0,0.581,0.6574,1.0,0.0013,0.3894,0.0,0.7094,0.36
2028,2e9c06dc1825d20c,91,9.1,0.134646,0.062802,5.5,8.989,0,0.0001,0.001,0.0034,0.0,0.0833,0.0,0.6856,0.36
2029,3d23440ce0e8896f,91,9.1,0.201696,0.155228,1.3,23.412,0,0.0453,0.118,0.1048,0.0001,1.0,0.0,0.6795,1.0
2030,ba50ce07246fdb56,91,9.1,0.097877,0.042399,5.1,1000000.0,0,0.0001,0.0013,0.0039,0.0,0.138,0.0,0.4456,0.28
2031,ebd1ade324be5a02,91,9.1,0.0247,0.021458,9.0,1000000.0,0,0.0001,0.0014,0.0023,0.0,0.105,0.0,0.0,0.2
2032,34a56cf2ebb69b6a,91,9.1,0.281139,0.184638,7.2,5.455,0,0.2922,0.1504,0.1104,0.0001,0.3629,0.3394,0.7173,0.72
2033,621b0ee9b79bb9e9,91,9.1,0.276379,0.189374,8.0,4.507,0,0.4713,0.6019,1.0,0.0008,0.2368,0.4657,0.7564,0.48
2034,95839717f7d20068,91,9.1,0.097038,0.082556,3.0,1000000.0,0,0.715,0.2868,0.0841,0.0,0.1723,0.0,0.0,0.16
2035,5030d918c55e9d52,91,9.1,0.127565,0.097223,2.2,7.279,0,0.0,0.0009,0.002,0.0,0.0735,0.0962,0.7435,0.2
2036,e7c9889fb420a87a,91,9.1,0.157782,0.065321,7.6,1000000.0,0,0.4013,0.3603,0.8808,0.0011,0.2204,0.0,0.0,0.08
2037,2134e6f6147ad709,91,9.1,0.204848,0.188841,4.3,15.658,0,0.1887,0.0611,0.0592,0.0,0.1966,0.0,0.7297,1.0
2038,b866b1f2c03eadd2,91,9.1,0.19309,0.17805,6.5,20.055,0,0.082,0.0866,0.0483,0.0,0.1947,0.0,0.859,0.56
2039,23d7c70bb26299c0,91,9.1,0.18371,0.160354,1.8,37.272,0,0.6189,0.1233,0.0852,0.0003,0.2361,0.0,0.5071,0.48
2040,8cb62a6988566787,91,9.1,0.243511,0.197182,0.4,9.325,0,0.2334,0.1621,0.1209,0.0,0.3234,0.0,0.8131,1.0
2041,abdbbf21a4c7a4b7,91,9.1,0.346544,0.085739,7.6,2.531,0,0.3887,0.3863,0.0668,0.0001,0.1996,0.7293,0.7502,0.44
2042,49c6ba576fc5ac0b,91,9.1,0.225793,0.206208,3.1,1000000.0,0,0.452,0.3337,0.1116,0.0003,0.1838,0.0,0.8622,0.96
2043,544ae824d7d6acaf,91,9.1,0.331447,0.125722,0.3,2.528,0,0.0001,0.001,0.0025,0.0,0.1468,0.7296,0.4912,1.0
2044,57bc7117fd9ff889,91,9.1,0.192267,0.186403,0.6,1000000.0,0,0.0002,0.0058,0.0167,0.0,0.0738,0.0,0.8813,0.84
2045,10eadf712667abef,91,9.1,0.259052,0.221042,8.5,1000000.0,0,0.3479,0.2705,0.2027,0.0007,0.2547,0.0,0.8476,0.96
2046,4947130d68bbf1c0,91,9.1,0.309264,0.128783,2.8,3.239,0,0.3715,0.3719,0.7065,0.0261,1.0,0.6348,0.5092,0.28
2047,10d474a01b254dcc,91,9.1,0.208845,0.1592,1.1,1000000.0,0,0.5626,0.0859,0.1125,0.0012,0.2075,0.0,0.8331,0.28
2048,2c6c2c6db5c230c8,91,9.1,0.214093,0.08912,3.6,22.918,0,0.2751,0.3491,0.6473,0.0276,1.0,0.0,0.1395,0.12
2049,7273c6ceb9487704,91,9.1,0.176673,0.127392,6.2,10.003,0,0.0,0.0008,0.002,0.0,0.1002,0.0,0.6961,1.0
2050,debf51c3d9b05bae,91,9.1,0.172326,0.151053,9.0,9.744,0,0.6091,0.3029,0.0666,0.0,0.2587,0.0,0.4954,0.28
2051,c55303ba033a8d69,91,9.1,0.364897,0.161826,8.8,3.278,0,0.4002,0.2581,0.0756,0.0044,0.4245,0.6296,0.6743,0.84
2052,2d45643ca174cb68,91,9.1,0.257232,0.109778,3.8,5.001,0,0.3517,0.2106,0.0423,0.0,0.2696,0.3998,0.7048,0.44
2053,9289c420a8f5556d,91,9.1,0.308324,0.206665,7.5,4.939,0,0.3872,0.1914,0.0474,0.0,0.2255,0.4082,0.8491,0.64
2054,8e4a3fc4890a40c2,91,9.1,0.298314,0.148472,8.9,4.255,0,0.6453,0.2286,0.0809,0.0,0.199,0.4993,0.5584,0.52
2055,8c9913594b85fedd,91,9.1,0.256245,0.188359,5.6,6.518,0,0.0516,0.1572,0.1946,0.0,0.1735,0.1976,0.8801,0.76
2056,7bea11927e19eaec,91,9.1,0.162185,0.155133,0.2,1000000.0,0,0.0205,0.0395,0.0597,0.0,0.7797,0.0,0.0,1.0
2057,9c2123b0c9b838fc,91,9.1,0.19581,0.188816,0.0,1000000.0,0,0.0001,0.0009,0.0025,0.0,0.0897,0.0,0.8969,0.84
2058,5b0cb43ff18f0627,91,9.1,0.169852,0.168081,2.2,21.65,0,0.0001,0.0011,0.0024,0.0,0.0724,0.0,0.8807,0.48
2059,7564597bae861990,91,9.1,0.127934,0.081072,8.2,1000000.0,0,0.6422,0.1561,0.0897,0.0002,0.2081,0.0,0.3209,0.12
2060,f168f828cd927a65,91,9.1,0.160932,0.037486,5.3,7.515,0,0.0001,0.0009,0.0045,0.0,0.0737,0.0647,0.8407,0.2
2061,fa1ee2acacc88bb5,91,9.1,0.250296,0.197883,3.0,6.577,0,0.1318,0.1587,0.0681,0.0,0.213,0.1897,0.8815,0.56
2062,6dfcc17009b47c96,91,9.1,0.590561,0.209474,3.3,0.924,2,0.2698,0.3066,0.6066,0.0294,1.0,0.9435,0.8859,0.64
2063,7f97693b8e1be17,91,9.1,0.282839,0.168708,8.3,7.134,0,0.3043,0.371,0.839,0.0047,1.0,0.1154,0.7509,0.68
2064,f9db75a5e5bd1e99,91,9.1,0.089231,0.050929,2.7,20.493,0,0.0003,0.0048,0.0072,0.0,0.2104,0.0,0.4085,0.28
2065,2f68dc00943799e2,91,9.1,0.224821,0.179638,0.0,1000000.0,0,0.6374,0.273,0.0664,0.0001,0.254,0.0,0.616,0.84
2066,28ac453a964f977f,91,9.1,0.198533,0.178982,4.2,1000000.0,0,0.3691,0.3332,0.1232,0.0,0.1625,0.0,0.8801,0.52
2067,a5546f047bbe87f,91,9.1,0.226828,0.215111,7.3,34.997,0,0.1006,0.2139,0.0749,0.0,0.3351,0.0,0.8712,0.84
2068,5a2bf29974208219,91,9.1,0.200201,0.196708,1.8,1000000.0,0,0.0001,0.0011,0.0032,0.0,0.2236,0.0,0.8825,0.68
2069,16a51855eaab114a,91,9.1,0.188808,0.168956,8.7,9.517,0,0.4509,0.1584,0.0782,0.0,0.2189,0.0,0.7538,0.4
2070,2716c5e1eac2efd3,91,9.1,0.211331,0.140069,5.3,27.535,0,0.6845,0.2678,0.2153,0.0017,1.0,0.0,0.0968,0.92
2071,e6d6a657808bd2e6,91,9.1,0.300192,0.225222,1.5,4.239,0,0.2162,0.1847,0.0439,0.0,0.2012,0.5015,0.8808,0.4
2072,37155d8886779e6a,91,9.1,0.279147,0.215291,7.5,4.939,0,0.3847,0.2554,0.2133,0.0003,0.3989,0.4081,0.6464,0.72
2073,5592815cc0d1dff5,91,9.1,0.348618,0.218433,0.2,3.44,0,0.1458,0.2347,0.1243,0.0,0.1961,0.6081,0.8973,0.6
2074,1375ee34e8ead00,91,9.1,0.200282,0.156627,0.0,8.371,0,0.1562,0.2245,0.0937,0.0009,0.719,0.0,0.6216,0.6
2075,d09365c1dec0f507,91,9.1,0.208455,0.181057,4.3,20.14,0,0.5504,0.2753,0.2236,0.0002,0.2249,0.0,0.6433,0.64
2076,a81b33df8dca60ef,91,9.1,0.13704,0.12496,2.4,1000000.0,0,0.7216,0.0223,0.0539,0.0002,0.2304,0.0,0.3441,0.24
2077,7824cbcd577187ca,91,9.1,0.110384,0.06803,8.3,10.798,0,0.2634,0.2921,0.298,0.0001,0.1729,0.0,0.0,0.6
2078,9be4060b20b34504,91,9.1,0.513007,0.15274,3.6,2.171,0,0.142,0.3265,0.4926,0.0162,0.8688,0.7773,0.9239,1.0
2079,b202b8141572a315,91,9.1,0.231827,0.17165,0.0,1000000.0,0,0.6439,0.2007,0.3416,0.0001,0.3484,0.0,0.6538,0.24
2080,569455c6b55d9938,91,9.1,0.297244,0.173226,7.4,1000000.0,0,0.4871,0.3139,0.1085,0.0012,1.0,0.0,0.8129,0.4
2081,c4c3418e0ad98028,91,9.1,0.276007,0.190812,0.1,5.538,0,0.0765,0.1546,0.0363,0.0,0.1563,0.3282,0.8821,0.72
2082,89d5d790f62e42fd,91,9.1,0.341264,0.230973,4.0,4.442,0,0.1019,0.2003,0.1875,0.0001,0.1687,0.4743,0.8873,1.0
2083,dca740d1533ae1ea,91,9.1,0.183277,0.072888,0.9,5.543,0,0.1941,0.3409,0.3542,0.0,0.1789,0.3276,0.2199,0.32
2084,820b1ff04eee536a,91,9.1,0.334115,0.217275,5.9,30.822,0,0.4826,0.194,0.2236,0.0005,1.0,0.0,0.7779,0.68
2085,d6bb75516fdc5038,91,9.1,0.359262,0.111164,4.9,2.412,0,0.0001,0.0008,0.0023,0.0,0.2542,0.7451,0.8075,0.4
2086,d780ce40ab5e8c79,91,9.1,0.471298,0.213499,5.8,3.972,0,0.1845,0.5086,0.5856,0.0346,1.0,0.5371,0.9167,0.72
2087,fce5843954baf287,91,9.1,0.175253,0.157282,6.5,77.852,0,0.659,0.0914,0.1804,0.0001,0.2217,0.0,0.5282,0.16
2088,882180ee030c4dab,91,9.1,0.280556,0.166817,7.4,1000000.0,0,0.3949,0.4707,1.0,0.0029,0.1857,0.0,0.7052,0.56
2089,7c4a8a00726f8133,91,9.1,0.25987,0.136531,2.0,4.441,0,0.5573,0.2076,0.1557,0.0,0.2875,0.4745,0.3232,0.52
2090,894f8995f5660c22,91,9.1,0.165825,0.139557,0.4,1000000.0,0,0.722,0.1167,0.063,0.0,0.1686,0.0,0.4515,0.32
2091,6d55352851046124,91,9.1,0.313322,0.101286,3.8,1.45,6,0.3498,0.1772,0.0762,0.0042,0.4531,0.8734,0.3023,0.16
2092,86e0b9fa6124086d,91,9.1,0.4963,0.120991,2.7,2.643,0,0.523,0.5166,0.8152,0.0287,1.0,0.7143,0.7746,0.12
2093,2c8717af38b1e694,91,9.1,0.22453,0.10061,1.5,6.742,0,0.1387,0.1833,0.2814,0.0027,0.4654,0.1677,0.6642,0.6
2094,11b09ccb2aa547e4,91,9.1,0.270909,0.211258,2.0,4.954,0,0.307,0.1422,0.0795,0.0003,1.0,0.4061,0.729,0.76
2095,1da370187f05f1b8,91,9.1,0.092528,0.067559,0.6,14.208,0,0.2502,0.2122,0.3584,0.0003,0.2789,0.0,0.0,0.2
2096,c11aa57056a78755,91,9.1,0.196032,0.176306,8.9,8.347,0,0.2116,0.1658,0.1262,0.0,0.2513,0.0,0.8071,0.44
2097,9dad66a3fb9d9ace,91,9.1,0.353151,0.201887,8.4,3.682,0,0.6983,0.4776,0.1719,0.0,0.165,0.5757,0.7446,0.24
2098,3a8d90b820c9c96c,91,9.1,0.247412,0.170889,4.6,8.91,0,0.378,0.4233,0.7194,0.0366,1.0,0.0,0.8063,0.6
2099,b72e57c278999eb0,91,9.1,0.168748,0.166319,5.3,1000000.0,0,0.0001,0.0012,0.0087,0.0,0.0425,0.0,0.8817,0.52
2100,93adb5001cde35e4,91,9.1,0.146771,0.063377,6.6,9.162,0,0.0001,0.0009,0.0022,0.0,0.1348,0.0,0.7261,0.44
2101,a86d2427e0183c13,91,9.1,0.211539,0.166026,8.5,7.698,0,0.363,0.1259,0.1091,0.0002,0.2989,0.0402,0.5456,1.0
2102,eceb10cabc582b77,91,9.1,0.100443,0.072084,4.7,1000000.0,0,0.2317,0.2089,0.2553,0.0001,0.3536,0.0,0.0,0.28
2103,287c0c289c7c487d,91,9.1,0.2786,0.204578,8.4,5.783,0,0.1144,0.1546,0.0807,0.0,0.2067,0.2956,0.8735,0.72
2104,665b54f6f3ff4d0,91,9.1,0.179921,0.176731,4.3,1000000.0,0,0.0001,0.0008,0.0039,0.0,0.0774,0.0,0.8802,0.64
2105,91ee0f681df3215a,91,9.1,0.214344,0.201603,5.9,39.182,0,0.4637,0.0638,0.0682,0.0001,0.1673,0.0,0.6003,1.0
2106,a1afd16aaa492b42,91,9.1,0.151754,0.138388,2.1,31.011,0,0.4906,0.1231,0.1095,0.0,0.1681,0.0,0.4474,0.28
2107,dd2ec27deb205fc1,91,9.1,0.214388,0.198223,7.7,1000000.0,0,0.1961,0.1614,0.1256,0.0,0.218,0.0,0.7974,0.96
2108,c329278f8963f32,91,9.1,0.209679,0.191899,3.4,1000000.0,0,0.426,0.3283,0.1227,0.0001,0.3093,0.0,0.8234,0.56
2109,e48330444d500e,91,9.1,0.310553,0.170133,5.3,3.839,0,0.4874,0.1747,0.0775,0.0004,0.2628,0.5548,0.5313,0.52
2110,8bbc0073ea19f765,91,9.1,0.187104,0.120416,1.3,12.947,0,0.5226,0.0969,0.0794,0.0002,0.2343,0.0,0.5796,0.6
2111,c815381f9a0c63a3,91,9.1,0.251305,0.182928,5.1,10.109,0,0.3186,0.2935,0.2693,0.0002,0.8387,0.0,0.5533,0.48
2112,a267fe5c1d5361db,91,9.1,0.141063,0.127166,4.8,471.648,0,0.6424,0.0926,0.1185,0.0001,0.3451,0.0,0.2069,0.52
2113,bd2182ee33c09783,91,9.1,0.201539,0.139198,0.9,10.431,0,0.5231,0.1373,0.168,0.0002,0.1783,0.0,0.638,0.48
2114,901dac633fc89c67,91,9.1,0.327761,0.114964,3.6,4.993,0,0.3862,0.4376,0.7149,0.0289,0.2385,0.401,0.6036,0.52
2115,c72adcaee076b635,91,9.1,0.23417,0.095819,9.0,1000000.0,0,0.3925,0.8053,1.0,0.0007,0.1914,0.0,0.5839,0.32
2116,2d84ed6bfe992b0e,91,9.1,0.192798,0.173743,1.6,58.36,0,0.0191,0.1173,0.0966,0.0,0.275,0.0,0.8819,0.52
2117,5569a04559994d6a,91,9.1,0.378592,0.15403,8.7,2.598,0,0.3759,0.3724,0.2701,0.0001,0.1783,0.7203,0.5674,1.0
2118,6302b48813142b8e,91,9.1,0.274967,0.16049,0.1,5.494,0,0.117,0.2913,0.1161,0.0,0.2657,0.3342,0.8692,0.48
2119,59b6352b97d33c3c,91,9.1,0.160487,0.156875,7.4,1000000.0,0,0.0,0.0008,0.0024,0.0,0.0439,0.0,0.8741,0.4
2120,ff065ed98127166d,91,9.1,0.225541,0.180238,0.7,6.915,0,0.0922,0.1941,0.221,0.0001,0.1653,0.1446,0.8286,0.6
2121,3c5e2d4d7cba4d06,91,9.1,0.253229,0.1772,8.6,6.131,0,0.274,0.11,0.074,0.0019,0.276,0.2493,0.7728,0.76
2122,3febcf861d780274,91,9.1,0.201721,0.092817,5.8,6.53,0,0.0001,0.0011,0.0029,0.0,0.1755,0.196,0.7325,0.44
2123,2d279827cfec59f4,91,9.1,0.231615,0.186376,0.6,1000000.0,0,0.602,0.2345,0.2074,0.0002,0.2417,0.0,0.5815,0.92
2124,f89c946f007a15d0,91,9.1,0.369778,0.147286,0.4,3.01,0,0.107,0.2597,0.6472,0.0068,1.0,0.6653,0.8886,1.0
2125,ee26493a15d2eaf9,91,9.1,0.228625,0.19205,3.8,30.181,0,0.6361,0.2017,0.2811,0.0001,0.296,0.0,0.5884,1.0
2126,89715b7a60baef38,91,9.1,0.329505,0.254945,3.3,4.09,0,0.2375,0.1816,0.0739,0.0,0.186,0.5214,0.8865,0.88
2127,6c6b29c8236ad370,91,9.1,0.367033,0.144999,4.3,4.927,0,0.4493,0.3855,0.9138,0.033,1.0,0.4097,0.3449,0.24
2128,22d27ff8365aee03,91,9.1,0.17955,0.081413,0.7,11.395,0,0.0001,0.0012,0.0045,0.0,0.1286,0.0,0.8387,0.68
2129,4c7c5241a7488384,91,9.1,0.305819,0.226064,3.0,5.179,0,0.2049,0.205,0.0874,0.0001,0.1739,0.3761,0.8829,1.0
2130,dacee514eb6bbed2,91,9.1,0.28616,0.197695,4.4,5.923,0,0.6454,0.487,0.2802,0.0001,0.2062,0.277,0.7084,0.4
2131,80738a9d3bc2549a,91,9.1,0.648495,0.314211,5.3,1.774,3,0.4832,0.4405,1.0,0.0158,1.0,0.8301,0.6755,1.0
2132,c97dcbf3524f349f,91,9.1,0.096273,0.079312,9.0,38.96,0,0.7216,0.0285,0.0614,0.0,0.1646,0.0,0.0,0.32
2133,c55d04b715e73d35,91,9.1,0.152077,0.145496,0.3,1000000.0,0,0.0038,0.0392,0.0518,0.0,1.0,0.0,0.0,0.4
2134,b1a39c51137619e0,91,9.1,0.141406,0.09673,0.1,1000000.0,0,0.6525,0.2877,0.137,0.0003,0.2283,0.0,0.0,0.68
2135,a73f8b9b0dc4ad2c,91,9.1,0.194834,0.190139,2.5,18.746,0,0.0001,0.0017,0.0076,0.0,0.0767,0.0,0.8852,0.88
2136,979ce8bcb33145a0,91,9.1,0.286291,0.126485,1.5,1000000.0,0,0.4353,0.4175,0.8812,0.0098,1.0,0.0,0.2908,0.84
2137,a8e5c64f5382350f,91,9.1,0.180504,0.175084,6.9,72.671,0,0.0001,0.0008,0.0023,0.0,0.0798,0.0,0.883,0.64
2138,f4144ac657102789,91,9.1,0.227814,0.186288,0.2,1000000.0,0,0.5777,0.302,0.4214,0.0001,0.1902,0.0,0.7686,0.6
2139,128fee491c845784,91,9.1,0.385825,0.293487,4.0,4.065,0,0.3019,0.2586,0.1548,0.0,0.8217,0.5247,0.8157,0.68
2140,5adaa45681dbbb08,91,9.1,0.220181,0.155992,2.1,1000000.0,0,0.5629,0.2247,0.1435,0.0004,0.235,0.0,0.7941,0.56
2141,3b4bbda3c2fe0755,91,9.1,0.140996,0.105685,2.2,9.555,0,0.5109,0.3654,0.1337,0.0001,0.1759,0.0,0.4454,0.88
2142,9884a465d938da14,91,9.1,0.3376,0.126054,2.4,5.834,0,0.4195,0.3285,0.55,0.0333,1.0,0.2888,0.6322,0.44
2143,1822d94f98ef9237,91,9.1,0.281047,0.220109,8.3,6.054,0,0.0738,0.1595,0.1235,0.0002,0.9583,0.2594,0.7329,0.56
2144,f44e2937e4751ddb,91,9.1,0.171516,0.166467,8.3,41.607,0,0.0001,0.0012,0.0026,0.0,0.0459,0.0,0.8821,0.56
2145,ee86b97ce35b268e,91,9.1,0.210631,0.167329,0.7,1000000.0,0,0.6452,0.2138,0.1441,0.0069,0.2211,0.0,0.6929,0.56
2146,c5aed0aeb3a8820b,91,9.1,0.222846,0.208444,0.5,1000000.0,0,0.5312,0.308,0.0605,0.0003,0.3215,0.0,0.7971,0.92
2147,29644cc8550ed5ef,91,9.1,0.304986,0.131881,8.9,4.108,0,0.4152,0.1651,0.0815,0.0004,0.9561,0.5189,0.4161,0.24
2148,98c7b456b16a2c27,91,9.1,0.221312,0.054448,2.6,5.481,0,0.0001,0.0008,0.0017,0.0,0.1181,0.3359,0.7667,0.16
2149,49b4ecf966eec449,91,9.1,0.22177,0.183839,7.5,1000000.0,0,0.449,0.2071,0.2055,0.0001,0.1927,0.0,0.779,0.64
2150,a5db696818939aac,91,9.1,0.197825,0.075381,0.2,4.355,0,0.2055,0.2555,0.1494,0.0,0.3634,0.486,0.0211,0.36
2151,af57fd911036f383,91,9.1,0.279085,0.068129,0.1,3.992,0,0.1823,0.3719,0.1213,0.0,0.1629,0.5344,0.6117,0.8
2152,23bec4a2adce6b12,91,9.1,0.336459,0.089546,5.0,2.967,0,0.1906,0.3332,0.0757,0.0,0.279,0.671,0.809,0.28
2153,e674fcda8302e68a,91,9.1,0.174759,0.065368,8.2,32.627,0,0.0514,0.1452,0.2185,0.0,0.185,0.0,0.7889,0.64
2154,c3b270d49faec6ca,91,9.1,0.287574,0.183848,1.3,4.597,0,0.3881,0.353,0.1212,0.0,0.1648,0.4537,0.7554,0.2
2155,d13a7b0c73c3b95b,91,9.1,0.240817,0.115711,0.2,30.216,0,0.4009,0.1919,0.2783,0.0001,1.0,0.0,0.3327,0.32
2156,440fc264c7ab0e2d,91,9.1,0.254834,0.199255,7.1,24.707,0,0.5517,0.3425,0.2775,0.0019,0.2886,0.0,0.811,0.72
2157,dc64845aa54c7452,91,9.1,0.259483,0.222905,8.2,20.415,0,0.1143,0.1188,0.0482,0.0,0.5624,0.0,0.7845,1.0
2158,875ae24664aaf59c,91,9.1,0.123846,0.057812,1.1,7.011,0,0.082,0.3457,0.2831,0.0,0.1655,0.1319,0.2643,0.44
2159,14fa412ba507d323,91,9.1,0.280781,0.145076,7.3,5.007,0,0.236,0.2844,0.7242,0.0001,0.205,0.3991,0.6464,0.32
2160,d3051b06c98d78dc,91,9.1,0.40324,0.138711,7.2,1.644,4,0.4379,0.2302,0.2579,0.0018,0.8065,0.8474,0.7453,0.32
2161,d1065285f452a0d5,91,9.1,0.282523,0.128403,8.8,3.647,0,0.5126,0.3104,0.245,0.0001,0.3168,0.5805,0.1496,0.4
2162,609d0b30575dab2c,91,9.1,0.089968,0.088304,3.8,1000000.0,0,0.0004,0.0079,0.0143,0.0,0.2343,0.0,0.0,1.0
2163,f36855e1679aae04,91,9.1,0.44088,0.265873,8.3,1.39,7,0.0086,0.1398,0.1207,0.0,0.894,0.8814,0.7815,0.48
2164,d8611755276340dd,91,9.1,0.223139,0.097999,7.7,6.052,0,0.0001,0.0011,0.0026,0.0,0.152,0.2598,0.6119,0.84
2165,89a34b82600b4903,91,9.1,0.250695,0.090742,1.9,4.278,0,0.5123,0.4031,0.2309,0.0001,0.1845,0.4963,0.3232,0.32
2166,52a8fbaab0a6da0f,91,9.1,0.199159,0.090648,7.7,1000000.0,0,0.2285,0.359,0.7915,0.0061,0.6894,0.0,0.6522,0.44
2167,56badced0e7952e5,91,9.1,0.455208,0.158968,8.9,3.114,0,0.2767,0.428,0.3658,0.017,1.0,0.6515,0.78,0.72
2168,bdb48a562c159466,91,9.1,0.225906,0.222882,6.7,52.637,0,0.0001,0.0012,0.0039,0.0,0.282,0.0,0.8796,1.0
2169,3306e79b8554c36a,91,9.1,0.281703,0.202043,8.5,5.158,0,0.2793,0.228,0.2735,0.0141,0.4533,0.3789,0.8793,0.72
2170,8218d57f640cf01a,91,9.1,0.177978,0.170585,0.0,1000000.0,0,0.0009,0.0119,0.0926,0.0,0.1657,0.0,0.88,0.36
2171,873cdfed5679835,91,9.1,0.281078,0.105536,8.9,3.594,0,0.2219,0.3246,0.16,0.0012,0.4926,0.5875,0.6869,0.2
2172,5f4dab8fdd34daf5,91,9.1,0.225294,0.193793,3.5,32.084,0,0.196,0.2118,0.0801,0.0,0.2318,0.0,0.8827,0.88
2173,3bb1bb245b564854,91,9.1,0.202986,0.185689,7.3,131.214,0,0.3565,0.3448,0.118,0.0,0.1717,0.0,0.8757,0.6
2174,4750bdfd08c31bc8,91,9.1,0.443968,0.240924,4.7,4.895,0,0.6002,0.7847,1.0,0.0,0.2517,0.4139,0.6763,0.4
2175,cb21e71c59284bad,91,9.1,0.205843,0.119054,8.6,1000000.0,0,0.1833,0.2512,0.1929,0.0028,1.0,0.0,0.0,1.0
2176,3d10c0d2cd3aaae6,91,9.1,0.185552,0.166181,0.9,118.353,0,0.364,0.0836,0.0876,0.0004,0.1961,0.0,0.612,0.88
2177,63b756d2679ea9a3,91,9.1,0.239347,0.188641,7.7,6.814,0,0.2704,0.1762,0.0314,0.0,0.1766,0.1581,0.8641,0.76
2178,4fc0fbc93204983a,91,9.1,0.252532,0.06788,3.1,4.947,0,0.2338,0.3104,0.1831,0.0024,0.2525,0.4071,0.7099,0.16
2179,1ee944986a46f96b,91,9.1,0.478102,0.194216,7.2,3.427,0,0.2691,0.4645,0.7627,0.0307,1.0,0.6098,0.7409,0.4
2180,2af761c26a545984,91,9.1,0.254966,0.107574,2.9,5.155,0,0.0001,0.001,0.0028,0.0,0.1518,0.3794,0.6254,0.92
2181,ee943cccaa01fa98,91,9.1,0.217135,0.160733,0.2,11.353,0,0.2245,0.2591,0.3782,0.0003,0.1707,0.0,0.749,0.84
2182,55839dd2d4d99f03,91,9.1,0.212961,0.110563,6.0,9.977,0,0.4213,0.3356,0.5844,0.025,1.0,0.0,0.513,0.28
2183,4ca3d0d64ba46f62,91,9.1,0.101918,0.073577,8.7,1000000.0,0,0.1621,0.048,0.1412,0.0001,0.2706,0.0,0.0,0.92
2184,1d3aa0fad2ad9a73,91,9.1,0.332654,0.169764,7.2,7.26,0,0.7188,0.8229,1.0,0.0001,0.2084,0.0987,0.4484,0.48
2185,98fb098a15b3a784,91,9.1,0.214324,0.196983,6.0,90.981,0,0.2682,0.3527,0.116,0.0,0.1717,0.0,0.882,0.8
2186,669072463f6e1ac1,91,9.1,0.237326,0.112088,5.3,2.847,0,0.3168,0.3314,0.4421,0.0256,1.0,0.687,0.8713,0.52
2187,102c5c057f501318,91,9.1,0.204892,0.12457,5.2,18.176,0,0.0951,0.2432,0.271,0.0003,0.1932,0.0,0.8414,0.36
2188,853124fb620d8893,91,9.1,0.239649,0.103052,5.0,1000000.0,0,0.5696,0.5447,0.9047,0.0209,0.8477,0.0,0.1842,0.32
2189,bc6bd6e99a1a8fab,91,9.1,0.300843,0.090374,5.8,1.625,2,0.7242,0.0453,0.0739,0.0,0.2221,0.85,0.0,0.16
2190,e5f46d43a19d99c7,91,9.1,0.293595,0.123257,8.7,4.651,0,0.0299,0.1158,0.1943,0.0,0.5253,0.4465,0.8776,0.64
2191,596afb95c89d2322,91,9.1,0.227728,0.142513,2.7,1000000.0,0,0.5497,0.2754,0.2719,0.015,0.7374,0.0,0.7485,0.4
2192,cce8804477f1a3a0,91,9.1,0.194307,0.138348,8.7,6.711,0,0.6227,0.3472,0.2283,0.0001,0.1923,0.1719,0.5472,0.32
2193,d6286ef1b2239321,91,9.1,0.196759,0.126755,3.9,4.99,0,0.6399,0.3038,0.1978,0.0004,0.2089,0.4014,0.5501,0.32
2194,3cceaeb4b951bce2,91,9.1,0.310188,0.28903,2.1,7.912,0,0.1279,0.1778,0.1518,0.0059,1.0,0.0118,0.7069,1.0
2195,7f21e94291f28c75,91,9.1,0.170378,0.168031,0.1,1000000.0,0,0.0001,0.0016,0.0066,0.0,0.0915,0.0,0.8829,0.44
2196,411fab0f7b1c0bbb,91,9.1,0.211531,0.111359,4.9,21.782,0,0.0001,0.0012,0.0051,0.0,0.166,0.0,0.8763,1.0
2197,97e96d7aaf253d49,91,9.1,0.190891,0.101746,8.6,16.465,0,0.1615,0.3512,0.1186,0.0001,0.1656,0.0,0.7133,0.32
2198,478e2952ff0aac,91,9.1,0.192581,0.179286,8.6,9.091,0,0.0876,0.1178,0.0636,0.0,0.2107,0.0,0.8287,0.76
2199,ab19791b9e4298f6,91,9.1,0.167515,0.118227,0.2,1000000.0,0,0.1362,0.2393,0.3357,0.0,0.7146,0.0,0.0,0.4
2200,51dc9a043c44c118,91,9.1,0.222055,0.200744,3.3,112.004,0,0.4425,0.3337,0.1448,0.0002,0.1709,0.0,0.878,1.0
2201,4d841ad4557b3dd7,91,9.1,0.221137,0.210783,0.7,41.802,0,0.006,0.1048,0.0887,0.0,0.2608,0.0,0.8798,0.96
2202,ed4f84100e079101,91,9.1,0.13649,0.12749,0.3,209.526,0,0.7211,0.0689,0.0669,0.0002,0.1928,0.0,0.319,0.16
2203,c64ff6ce5e62279f,91,9.1,0.26325,0.218776,0.8,1000000.0,0,0.3655,0.2482,0.2792,0.0005,0.2818,0.0,0.8049,1.0
2204,332b35199f32787d,91,9.1,0.436405,0.148946,8.7,3.405,0,0.1128,0.1442,0.3071,0.0093,0.8026,0.6127,0.873,1.0
2205,8e4f4f2f9479cf96,91,9.1,0.317238,0.136755,1.4,4.366,0,0.1159,0.1114,0.061,0.0001,0.4525,0.4845,0.775,0.28
2206,c595a87d9f39be18,91,9.1,0.228281,0.217667,8.4,55.599,0,0.0199,0.1242,0.0653,0.0,0.2116,0.0,0.8774,1.0
2207,5c2b78aaedb8cadd,91,9.1,0.400555,0.202693,3.0,6.108,0,0.1207,0.2032,0.4254,0.0039,1.0,0.2523,0.7768,1.0
2208,525ecf32a0e81310,91,9.1,0.143398,0.038449,2.2,8.698,0,0.0001,0.0012,0.0039,0.0,0.1311,0.0,0.722,0.32
2209,439910632cf3a8aa,91,9.1,0.244026,0.192683,0.1,6.481,0,0.0653,0.1822,0.1362,0.0,0.2009,0.2025,0.8825,0.68
2210,a6315aadb6b6587a,91,9.1,0.303545,0.191707,2.0,6.552,0,0.2839,0.5401,1.0,0.0026,0.6766,0.193,0.7612,0.48
2211,fce07b51c6b12d9f,91,9.1,0.258896,0.087394,1.9,3.931,0,0.2614,0.3909,0.7151,0.0224,0.6192,0.5425,0.4639,0.12
2212,7814d53cb4bc728c,91,9.1,0.206922,0.161571,3.7,12.888,0,0.0313,0.1976,0.2367,0.0001,0.2113,0.0,0.8122,1.0
2213,18ae4a2df3116b22,91,9.1,0.315373,0.167301,8.9,4.029,0,0.6949,0.3002,0.2097,0.0001,0.3113,0.5295,0.7373,0.12
2214,4f97ac2ceb58e937,91,9.1,0.258036,0.254753,0.4,72.224,0,0.0005,0.0091,0.0209,0.0,0.6676,0.0,0.9114,0.64
2215,baa6633d3bd63ec9,91,9.1,0.283663,0.107348,7.0,4.543,0,0.2626,0.2127,0.3007,0.0012,0.2115,0.461,0.7178,0.56
2216,8a31fe1b445e9469,91,9.1,0.299456,0.109761,5.4,1.969,1,0.7101,0.3618,0.2024,0.0001,0.1758,0.8041,0.0,0.72
2217,de958590f04fdbdd,91,9.1,0.142551,0.050662,3.4,11.556,0,0.1607,0.3109,0.3128,0.002,0.2683,0.0,0.7898,0.08
2218,718e7594edc64df9,91,9.1,0.422666,0.168533,0.4,2.495,0,0.4242,0.7791,1.0,0.0009,1.0,0.734,0.8287,0.32
2219,c4d4acf5da843c3b,91,9.1,0.203689,0.080503,6.2,5.577,0,0.4782,0.3126,0.1074,0.0001,0.1633,0.3231,0.2531,0.28
2220,99ffd259b14fd7eb,91,9.1,0.326494,0.080101,0.1,3.891,0,0.2191,0.158,0.122,0.001,0.6312,0.5479,0.464,0.32
2221,3cdbb2e69d0344df,91,9.1,0.226775,0.07951,8.9,3.936,0,0.0838,0.1494,0.0898,0.0003,0.2343,0.5419,0.8384,0.32
2222,cfd8b0aa0f59511d,91,9.1,0.497494,0.26669,7.0,1.975,1,0.2032,0.4424,0.5852,0.0281,0.8592,0.8034,0.8453,1.0
2223,1997464d601c3d95,91,9.1,0.337129,0.13377,6.1,4.8,0,0.2078,0.2085,0.474,0.005,0.8126,0.4267,0.6594,0.4
2224,9ed65fa0b406036f,91,9.1,0.406778,0.123332,8.4,3.386,0,0.2654,0.2621,0.9874,0.0062,0.6665,0.6153,0.6943,0.36
2225,fc1c4c48c66f1e02,91,9.1,0.278669,0.176977,2.3,12.852,0,0.3182,0.4228,0.6197,0.0,0.2538,0.0,0.7143,0.64
2226,627d59596d9459cd,91,9.1,0.158212,0.098897,8.8,14.651,0,0.0,0.0007,0.0031,0.0,0.1294,0.0,0.7338,0.6
2227,fcb7f9e6ca9513d6,91,9.1,0.195682,0.189839,7.3,1000000.0,0,0.0,0.0007,0.0024,0.0,0.2705,0.0,0.8797,0.52
2228,73af1b9e520ced0f,91,9.1,0.217196,0.163048,4.6,10.582,0,0.2442,0.2534,0.2493,0.0022,0.4506,0.0,0.8205,0.84
2229,55c7480d24198427,91,9.1,0.329482,0.230844,7.7,4.271,0,0.3523,0.3393,0.387,0.0002,0.2137,0.4972,0.8438,0.72
2230,80463914c615ed19,91,9.1,0.2509,0.213827,4.4,22.836,0,0.0718,0.0966,0.0504,0.0,0.8201,0.0,0.6809,0.88
2231,2a8c5ce4404273a2,91,9.1,0.229032,0.068837,3.3,4.585,0,0.0001,0.0009,0.0023,0.0,0.085,0.4553,0.6345,0.36
2232,e33880aa3e61f085,91,9.1,0.236139,0.153774,7.7,6.113,0,0.1902,0.2965,0.1851,0.0001,0.6882,0.2516,0.5356,0.8
2233,b8008097f200f4c4,91,9.1,0.198668,0.105943,1.1,7.081,0,0.6406,0.1311,0.1353,0.0001,0.1956,0.1225,0.472,0.32
2234,db7a2b978214b72f,91,9.1,0.258339,0.051934,8.9,4.654,0,0.1005,0.1554,0.2253,0.0,0.1637,0.4461,0.7904,0.24
2235,4de352fe663d6025,91,9.1,0.37737,0.245008,6.2,2.59,0,0.3944,0.5544,1.0,0.0004,0.3144,0.7213,0.8865,0.2
2236,5173bb38c97b6a8d,91,9.1,0.1475,0.093952,8.6,21.109,0,0.2274,0.3254,0.1848,0.0014,0.809,0.0,0.586,0.2
2237,42f926677c91e2e6,91,9.1,0.234401,0.144712,2.9,4.625,0,0.5601,0.325,0.071,0.0003,0.8619,0.45,0.4576,0.52
2238,5b9e46cb153c38b0,91,9.1,0.192973,0.176712,8.2,252.502,0,0.394,0.1054,0.1124,0.0,0.1642,0.0,0.6845,0.6
2239,f75b465a9adfe836,91,9.1,0.3201,0.149308,8.9,2.31,0,0.591,0.225,0.2496,0.0017,0.4336,0.7587,0.6263,0.48
2240,7d836f25a2af336a,91,9.1,0.156927,0.091737,0.2,11.76,0,0.4385,0.1699,0.1297,0.0,0.2045,0.0,0.6132,0.4
2241,11c1f8dfcfd8db91,91,9.1,0.183529,0.125497,5.8,1000000.0,0,0.6022,0.3919,0.1732,0.0003,0.2109,0.0,0.2978,0.76
2242,3368728ec6283c4c,91,9.1,0.123953,0.093878,8.7,6.612,0,0.6417,0.194,0.1082,0.0001,0.1751,0.185,0.3043,0.28
2243,77c945557a2f9975,91,9.1,0.337425,0.231403,5.7,4.872,0,0.1823,0.1954,0.1249,0.0001,0.2264,0.4171,0.8683,1.0
2244,84b452501c1d93a9,91,9.1,0.477406,0.192042,5.2,2.357,0,0.4791,0.4917,1.0,0.0001,0.1655,0.7524,0.5047,0.68
2245,80431aa8aaeb5451,91,9.1,0.223535,0.146987,5.4,1000000.0,0,0.0896,0.1264,0.295,0.0066,1.0,0.0,0.0,1.0
2246,e02a02c7d70feac0,91,9.1,0.255164,0.132601,8.9,6.132,0,0.5801,0.267,0.1409,0.0001,0.2405,0.249,0.6058,0.16
2247,fd11a014750b283e,91,9.1,0.213661,0.092246,3.5,10.834,0,0.4249,0.4319,0.7236,0.0285,0.9924,0.0,0.0,0.08
2248,b632558218d5cc36,91,9.1,0.241155,0.148736,8.1,10.272,0,0.189,0.3374,0.5322,0.0119,1.0,0.0,0.1993,0.32
2249,d1aeb3bf93c4b112,91,9.1,0.224561,0.220067,8.6,1000000.0,0,0.0001,0.0009,0.0022,0.0,0.2692,0.0,0.8802,1.0
2250,d3d64af0f14414cb,91,9.1,0.236885,0.175879,7.0,42.392,0,0.5899,0.3417,0.1599,0.0027,0.5171,0.0,0.8314,0.36
2251,e75b8264f8b42403,91,9.1,0.203552,0.151675,2.5,9.658,0,0.0805,0.0725,0.0449,0.0,0.1932,0.0,0.7171,1.0
2252,62ff0893bb16c831,91,9.1,0.282493,0.184629,0.3,4.27,0,0.4213,0.2144,0.1219,0.0,0.1938,0.4973,0.6991,0.48
2253,e0a2039d6d968d02,91,9.1,0.097431,0.082776,7.8,1000000.0,0,0.7222,0.076,0.0714,0.0,0.173,0.0,0.0,0.24
2254,501b7103f05ae27f,91,9.1,0.191121,0.154861,6.7,26.679,0,0.1831,0.2376,0.1173,0.0,0.2051,0.0,0.7527,0.72
2255,71c2f82502b62b6f,91,9.1,0.136981,0.10591,6.2,1000000.0,0,0.3751,0.3517,0.3185,0.0001,0.2018,0.0,0.0,1.0
2256,edfe10726b2c78fd,91,9.1,0.255658,0.079049,6.8,3.282,0,0.5185,0.3449,0.1511,0.0,0.1872,0.629,0.0,0.28
2257,bae0993d8f2c37cb,91,9.1,0.063227,0.052123,3.8,1000000.0,0,0.4016,0.179,0.0456,0.0,0.1697,0.0,0.0,0.08
2258,cb93bf086480b0da,91,9.1,0.526358,0.154058,0.2,2.107,0,0.2711,0.3292,0.6834,0.0128,1.0,0.7857,0.8447,0.44
2259,714e2f6d877e5627,91,9.1,0.41051,0.152461,4.8,2.489,0,0.3819,0.4353,0.7532,0.0323,1.0,0.7349,0.8242,0.32
2260,ef5100d57aba8ee7,91,9.1,0.310756,0.09792,2.9,3.352,0,0.0008,0.0136,0.0216,0.0,0.122,0.6197,0.8164,0.36
2261,15573452daf15c6d,91,9.1,0.2889,0.192718,9.0,6.191,0,0.3696,0.3446,0.216,0.0013,0.8793,0.2412,0.7731,1.0
2262,dd2c66aaf7a22cc6,91,9.1,0.238903,0.167396,1.4,1000000.0,0,0.4006,0.2203,0.0944,0.0044,0.3814,0.0,0.781,0.8
2263,69a695a796c43be2,91,9.1,0.266854,0.149134,4.1,4.193,0,0.4561,0.1701,0.0497,0.0,0.262,0.5077,0.4964,0.48
2264,2d2ddbc5a24e27d2,91,9.1,0.268326,0.208116,8.9,5.224,0,0.2183,0.2038,0.0696,0.0038,0.2942,0.3701,0.8819,0.88
2265,a2e370148833d5e1,91,9.1,0.214631,0.102165,1.2,7.646,0,0.5366,0.6788,1.0,0.0,0.166,0.0472,0.5229,0.36
2266,f1a224c7f1e63cf1,91,9.1,0.32189,0.212404,2.5,3.128,0,0.0001,0.0013,0.0028,0.0,0.2831,0.6496,0.5871,0.84
2267,9b1b4b2b1ae3add0,91,9.1,0.206039,0.189945,2.9,1000000.0,0,0.4568,0.305,0.1024,0.0003,0.2028,0.0,0.8777,0.64
2268,5b74ea89cd9ebe8d,91,9.1,0.149911,0.065605,4.0,10.831,0,0.0001,0.0011,0.0034,0.0,0.1338,0.0,0.7952,0.32
2269,e47d80c75293148d,91,9.1,0.268787,0.052581,0.1,4.116,0,0.0001,0.0009,0.0077,0.0,0.1168,0.5179,0.6953,0.64
2270,50df6f0bc5412856,91,9.1,0.293485,0.113165,3.0,3.507,0,0.1754,0.2308,0.2439,0.0002,0.6736,0.599,0.7595,0.16
2271,f2e8c2a7f13eecce,91,9.1,0.20738,0.189417,3.6,56.485,0,0.3324,0.2858,0.0937,0.0,0.1825,0.0,0.8815,0.68
2272,4f0cc69c37aa51b1,91,9.1,0.181933,0.173026,0.2,1000000.0,0,0.0001,0.0013,0.0071,0.0,0.132,0.0,0.8796,0.56
2273,87193b4d4e9c3708,91,9.1,0.172531,0.145837,4.6,17.033,0,0.5871,0.1633,0.1621,0.0001,0.3186,0.0,0.499,0.32
2274,c2c815f41bff6673,91,9.1,0.174902,0.140096,4.5,1000000.0,0,0.1094,0.1147,0.0768,0.0031,1.0,0.0,0.0,0.64
2275,5dc3cc3feb604405,91,9.1,0.245937,0.171972,0.1,113.082,0,0.6968,0.1007,0.1325,0.0001,0.6396,0.0,0.5641,0.6
2276,69db5325d1435688,91,9.1,0.180431,0.180201,9.0,1000000.0,0,0.0001,0.0012,0.0038,0.0,1.0,0.0,0.0,1.0
2277,3cf08ce161d49453,91,9.1,0.31489,0.210609,0.1,4.399,0,0.1451,0.1652,0.2514,0.0,0.1623,0.4801,0.8811,0.68
2278,5e5338903ef55108,91,9.1,0.210313,0.205414,1.4,1000000.0,0,0.0001,0.0011,0.003,0.0,0.2762,0.0,0.8754,0.76
2279,7b86f08098095d48,91,9.1,0.208984,0.197894,2.8,7.868,0,0.1057,0.1457,0.076,0.0,0.2448,0.0176,0.8245,0.84
2280,49cb2c5f309434c0,91,9.1,0.31153,0.1207,5.9,1.595,6,0.6347,0.5386,1.0,0.0199,0.7557,0.854,0.1048,0.16
2281,56b32b985a94a131,91,9.1,0.095048,0.039635,0.0,1000000.0,0,0.0,0.0008,0.0037,0.0,0.1267,0.0,0.4495,0.2
2282,9f6565f543be1613,91,9.1,0.201754,0.055879,4.3,6.698,0,0.2351,0.1866,0.2847,0.0,0.1701,0.1736,0.7738,0.28
2283,280d882bf166de70,91,9.1,0.257524,0.13801,2.6,4.2,0,0.5019,0.3219,0.146,0.0,0.2802,0.5066,0.2598,0.72
2284,be41cf042e3996a0,91,9.1,0.125248,0.124272,9.0,1000000.0,0,0.0003,0.0037,0.0083,0.0,0.5337,0.0,0.0,1.0
2285,a6613084d543fef6,91,9.1,0.186723,0.112492,1.8,9.686,0,0.0001,0.0008,0.0026,0.0,0.2761,0.0,0.7671,0.72
2286,98ea069c601b8d3b,91,9.1,0.343331,0.189616,0.4,2.602,0,0.4014,0.1385,0.1667,0.0001,0.1652,0.7197,0.5522,0.44
2287,913ea6e2858ff2b4,91,9.1,0.236685,0.163411,9.0,48.193,0,0.0467,0.1039,0.0731,0.0,0.5724,0.0,0.6389,1.0
2288,a5c253995f4d2684,91,9.1,0.299821,0.147431,8.8,3.137,0,0.648,0.2112,0.2838,0.0001,0.1658,0.6483,0.4117,0.4
2289,798a35f7add5903f,91,9.1,0.360652,0.280855,1.4,4.295,0,0.2049,0.1762,0.0585,0.0002,0.9793,0.494,0.8826,0.28
2290,8c6aa784b9379be5,91,9.1,0.180367,0.180189,2.0,1000000.0,0,0.0001,0.0013,0.003,0.0,1.0,0.0,0.0,1.0
2291,f86073075b586475,91,9.1,0.263734,0.179044,6.6,7.338,0,0.3129,0.2619,0.5109,0.0197,1.0,0.0883,0.4891,0.24
2292,11e6fb488ced09a2,91,9.1,0.151145,0.096923,0.0,1000000.0,0,0.1692,0.5291,0.2781,0.001,0.2532,0.0,0.495,0.52
2293,cc33f1a68de83a14,91,9.1,0.287442,0.141916,4.3,6.438,0,0.0001,0.0012,0.0024,0.0,0.9401,0.2083,0.8942,0.4
2294,62385bf1b136193c,91,9.1,0.106393,0.080354,8.9,1000000.0,0,0.0493,0.2114,0.0867,0.0,0.1606,0.0,0.0,1.0
2295,4102acd45c63f709,91,9.1,0.175575,0.107968,0.2,12.688,0,0.1491,0.1351,0.2185,0.0079,1.0,0.0,0.6895,0.4
2296,c754b55e983c2aa3,91,9.1,0.18699,0.081492,5.1,1000000.0,0,0.3911,0.4402,0.919,0.0061,0.5305,0.0,0.0,0.04
2297,297885098d051c07,91,9.1,0.319865,0.226773,2.2,4.269,0,0.2654,0.1901,0.0776,0.0,0.1703,0.4975,0.7815,0.88
2298,c7a6ea254d0cf4d2,91,9.1,0.304389,0.178069,8.8,3.911,0,0.6972,0.2489,0.1295,0.0001,0.2925,0.5452,0.5976,0.92
2299,167409195274e9a9,91,9.1,0.21168,0.153332,1.1,182.404,0,0.7204,0.0739,0.0992,0.0002,0.1893,0.0,0.8331,0.08
2300,631b8af7fdbaecca,91,9.1,0.226244,0.209196,9.0,65.771,0,0.3247,0.205,0.0782,0.0,0.2954,0.0,0.8213,0.8
2301,4681fae12c0dd20b,91,9.1,0.1559,0.038914,2.5,1000000.0,0,0.0421,0.1218,0.0871,0.0,0.1789,0.0,0.793,0.24
2302,2aac02bae4f14276,91,9.1,0.307959,0.245835,7.0,4.212,0,0.4687,0.2047,0.2909,0.0003,0.2282,0.505,0.8336,0.28
2303,ebdfba080edea36e,91,9.1,0.128558,0.049861,5.6,8.48,0,0.0001,0.0011,0.0026,0.0,0.129,0.0,0.5442,0.52
2304,c4deb7ecb9f910d1,91,9.1,0.303876,0.219892,1.3,3.902,0,0.2792,0.2493,0.056,0.0,0.171,0.5463,0.8744,0.36
2305,2520a482d9127129,91,9.1,0.148463,0.130384,7.1,24.765,0,0.6603,0.2879,0.1235,0.0001,0.2084,0.0,0.4007,0.16
2306,41a8df926fae4354,91,9.1,0.172264,0.136157,0.0,1000000.0,0,0.0005,0.0084,0.0223,0.0,0.2792,0.0,0.5274,1.0
2307,71e00f0442930f0,91,9.1,0.045996,0.043871,4.9,1000000.0,0,0.0,0.0007,0.0018,0.0,0.1225,0.0,0.1597,0.12
2308,e75599a8d7f0331f,91,9.1,0.072408,0.042448,9.0,1000000.0,0,0.096,0.3124,0.101,0.0,0.1761,0.0,0.2279,0.32
2309,9318076eb1e0bf54,91,9.1,0.294935,0.155611,8.9,2.213,0,0.6951,0.265,0.1094,0.0003,0.2277,0.7716,0.5535,0.4
2310,b3e18196e2ed4b63,91,9.1,0.251533,0.187411,7.5,5.748,0,0.3403,0.1856,0.0314,0.0,0.231,0.3002,0.8424,0.4
2311,375c59480e8b00ef,91,9.1,0.20488,0.155962,7.4,56.932,0,0.5118,0.2171,0.3235,0.0019,0.3804,0.0,0.7256,0.68
2312,c6c5fd63a3a65e8,91,9.1,0.377348,0.107838,7.1,2.493,0,0.1898,0.336,0.4764,0.0222,1.0,0.7342,0.7611,0.4
2313,d2e26536c5399a62,91,9.1,0.159034,0.14044,8.9,117.44,0,0.6152,0.1194,0.0962,0.0029,0.2412,0.0,0.4043,0.24
2314,ae690325e9dcc8df,91,9.1,0.10474,0.089359,6.4,1000000.0,0,0.642,0.0725,0.1227,0.0001,0.1741,0.0,0.0,0.48
2315,18bd532d5b484f30,91,9.1,0.235191,0.177237,0.2,1000000.0,0,0.5346,0.2046,0.2325,0.0004,0.3635,0.0,0.6305,0.72
2316,72e43097a9d5330f,91,9.1,0.223472,0.220884,0.0,36.07,0,0.0001,0.0018,0.0052,0.0,0.3191,0.0,0.878,0.88
2317,756f51147f3dc024,91,9.1,0.126952,0.05295,3.9,29.518,0,0.0001,0.0009,0.0042,0.0,0.1419,0.0,0.683,0.12
2318,b8d725e95cce4ce0,91,9.1,0.206591,0.166774,0.3,6.504,0,0.4718,0.2565,0.1359,0.0,0.1841,0.1995,0.6554,0.36
2319,d97812aceb0e31ad,91,9.1,0.467887,0.130027,4.3,2.495,0,0.1729,0.2222,0.3891,0.0107,1.0,0.734,0.8947,0.24
2320,de0e76120fbdaceb,91,9.1,0.297824,0.206682,2.0,4.297,0,0.3385,0.2527,0.1363,0.0,0.1899,0.4938,0.8053,0.56
2321,bcb924fc332889c4,91,9.1,0.258675,0.145391,0.2,5.702,0,0.1694,0.2133,0.1158,0.001,0.2892,0.3065,0.8489,0.48
2322,39e84eef0a3af93a,91,9.1,0.326788,0.139488,7.9,3.894,0,0.3126,0.2286,0.1644,0.0008,0.2361,0.5474,0.5269,0.92
2323,5d68c91f0e19c0d9,91,9.1,0.21637,0.140953,0.2,1000000.0,0,0.4967,0.5386,0.7863,0.0133,0.9318,0.0,0.6439,0.2
2324,4631826eb362224f,91,9.1,0.490178,0.162794,6.6,2.004,0,0.1553,0.2963,0.4591,0.016,0.7414,0.7995,0.8803,0.76
2325,fded4a2979b542f6,91,9.1,0.096915,0.085314,7.8,1000000.0,0,0.7217,0.1683,0.0451,0.0002,0.2294,0.0,0.0,0.12
2326,d299fca09446fffa,91,9.1,0.230096,0.038701,4.9,5.083,0,0.0001,0.0009,0.0026,0.0,0.0776,0.3889,0.7424,0.28
2327,85c50f2a6567556d,91,9.1,0.306135,0.242131,4.5,4.589,0,0.2694,0.236,0.2313,0.0001,0.2813,0.4548,0.8077,0.56
2328,5c495212c2da3933,91,9.1,0.514324,0.260857,3.4,1.964,1,0.3316,0.2844,0.7367,0.0257,1.0,0.8048,0.8198,0.4
2329,2adf17d5c7fa030,91,9.1,0.361346,0.207343,1.9,3.974,0,0.2874,0.3242,1.0,0.0197,1.0,0.5368,0.5916,1.0
2330,7e1b143ad0bf6e3d,91,9.1,0.313592,0.07061,8.0,4.396,0,0.1719,0.2925,0.2604,0.0193,0.5386,0.4805,0.7512,0.4
2331,68d1d0f9dabcb337,91,9.1,0.416546,0.143525,4.6,2.011,0,0.3419,0.4391,0.7117,0.0144,0.53,0.7986,0.7438,0.4
2332,580492260cc2bece,91,9.1,0.141415,0.080044,2.2,1000000.0,0,0.0001,0.0015,0.0034,0.0,0.1284,0.0,0.5194,0.8
2333,18fde98e459277bf,91,9.1,0.184749,0.107306,0.8,1000000.0,0,0.5626,0.274,0.078,0.0003,1.0,0.0,0.0,0.28
2334,886f2bd79dd556ec,91,9.1,0.249315,0.176352,7.0,5.471,0,0.3591,0.2001,0.1746,0.0001,0.2234,0.3372,0.7048,0.44
2335,cd7f317bed399e4f,91,9.1,0.092328,0.043318,3.4,39.576,0,0.0014,0.0189,0.0761,0.0,0.165,0.0,0.3733,0.28
2336,a21e59e7f05d204e,91,9.1,0.200256,0.167684,5.0,10.17,0,0.6358,0.2242,0.1683,0.0005,0.3255,0.0,0.4943,0.56
2337,7b6ee41ae4c165a9,91,9.1,0.424294,0.192822,5.0,3.204,0,0.3238,0.2749,0.9091,0.0179,0.9865,0.6395,0.7925,0.6
2338,5af034725c293598,91,9.1,0.171855,0.111403,5.6,1000000.0,0,0.4974,0.3339,0.1442,0.0001,0.1682,0.0,0.4448,0.64
2339,a14aaee0725866bb,91,9.1,0.138216,0.062588,5.5,10.271,0,0.0001,0.001,0.0022,0.0,0.135,0.0,0.6685,0.4
2340,fb0a7d462935a400,91,9.1,0.188018,0.076075,0.8,22.113,0,0.0393,0.0806,0.0515,0.0,0.2267,0.0,0.8296,0.52
2341,9320f3f53cfa1fd8,91,9.1,0.222869,0.204075,1.0,31.383,0,0.5298,0.2002,0.1644,0.0002,0.2323,0.0,0.6541,0.8
2342,4f59948ec9e10692,91,9.1,0.449937,0.32519,2.7,2.268,0,0.3281,0.147,0.1437,0.0002,0.9828,0.7642,0.6529,1.0
2343,3dab94eb6f7da4f7,91,9.1,0.49992,0.192854,6.7,1.884,1,0.3255,0.3931,0.9154,0.0921,0.9557,0.8155,0.8606,0.76
2344,96c01a7c0222aeed,91,9.1,0.203892,0.05312,0.1,5.991,0,0.0276,0.0822,0.0742,0.0,0.1673,0.2678,0.6139,0.28
2345,108f2f6376b12bac,91,9.1,0.450015,0.218806,1.0,2.381,0,0.1562,0.2465,0.1584,0.0002,1.0,0.7492,0.6774,0.36
2346,3814af6da68e8edd,91,9.1,0.307113,0.081304,2.3,3.09,0,0.2581,0.2874,0.1407,0.0001,0.1866,0.6547,0.8214,0.16
2347,37c7ed11920ac67f,91,9.1,0.229322,0.12211,2.2,4.568,0,0.5578,0.5305,1.0,0.0011,0.2754,0.4576,0.0,0.36
2348,85f91b6c429c03f0,91,9.1,0.205376,0.151484,0.1,10.666,0,0.2285,0.2335,0.193,0.0002,0.2706,0.0,0.6477,0.96
2349,69be870c41f2a334,91,9.1,0.18203,0.133306,6.5,9.425,0,0.546,0.2203,0.1628,0.001,1.0,0.0,0.4757,0.56
2350,53f633f8d57cc2d1,91,9.1,0.171579,0.15458,4.5,56.282,0,0.5517,0.2257,0.0891,0.0001,0.198,0.0,0.627,0.16
2351,cad02f139dd4e364,91,9.1,0.199796,0.195047,0.5,1000000.0,0,0.0001,0.0008,0.0021,0.0,0.2232,0.0,0.8799,0.68
2352,46e8673b80cb6c11,91,9.1,0.263112,0.124109,2.6,4.573,0,0.2391,0.2325,0.1335,0.0001,0.1908,0.457,0.5307,0.88
2353,a84dc95bdcaee44c,91,9.1,0.17821,0.061662,7.7,1000000.0,0,0.3208,0.3272,0.9113,0.0027,0.257,0.0,0.0,0.16
2354,c3d2c476fa7d49c1,91,9.1,0.229982,0.197148,4.4,13.418,0,0.5352,0.3143,0.2407,0.0002,0.2266,0.0,0.5811,1.0
2355,1cc973972f124228,91,9.1,0.361237,0.230758,7.4,4.592,0,0.2682,0.3835,0.7455,0.0001,0.1969,0.4544,0.849,0.84
2356,619f97bdcd310cb8,91,9.1,0.218184,0.07204,0.3,4.844,0,0.2656,0.3874,0.5933,0.0111,0.7143,0.4208,0.534,0.16
2357,9179226fc1d68e2,91,9.1,0.115091,0.076691,7.3,1000000.0,0,0.3407,0.2636,0.3193,0.0,0.1664,0.0,0.0,0.64
2358,2c6bcf891e973354,91,9.1,0.209235,0.118042,9.0,18.719,0,0.4997,0.3074,0.3615,0.0121,1.0,0.0,0.1351,0.68
2359,2c06631574792818,91,9.1,0.168388,0.117275,0.6,64.289,0,0.3779,0.0996,0.0364,0.0052,0.2018,0.0,0.6598,0.24
2360,7229a3d308dc38c7,91,9.1,0.521684,0.117686,5.6,2.506,0,0.2401,0.3803,0.7409,0.01,1.0,0.7326,0.7523,0.32
2361,97fd3a24007ef757,91,9.1,0.136235,0.093875,8.4,1000000.0,0,0.6323,0.3225,0.2484,0.0003,0.3924,0.0,0.0,0.16
2362,7969bfda2cb508e6,91,9.1,0.195128,0.15069,2.9,1000000.0,0,0.5611,0.2173,0.2033,0.0001,0.4031,0.0,0.7944,0.08
2363,b23f13f242ecc147,91,9.1,0.130061,0.050348,2.7,1000000.0,0,0.2504,0.2816,0.7087,0.0004,0.2056,0.0,0.0,0.12
2364,265b073d118e46d9,91,9.1,0.199552,0.185725,5.2,13.081,0,0.1364,0.1959,0.1155,0.0008,0.4905,0.0,0.6576,0.64
2365,323956d8770d77b0,91,9.1,0.209728,0.147387,0.1,87.652,0,0.6169,0.2858,0.1654,0.0005,0.3002,0.0,0.7428,0.56
2366,edb3d2ab22f40e75,91,9.1,0.166394,0.11471,7.4,7.663,0,0.1207,0.1093,0.2436,0.0012,0.5172,0.0449,0.3024,1.0
2367,db10c931b275149a,91,9.1,0.394126,0.192132,4.4,2.632,0,0.2629,0.2536,0.6638,0.01,0.715,0.7157,0.7201,0.56
2368,19e44481faecdfdb,91,9.1,0.190605,0.161711,1.4,1000000.0,0,0.7163,0.1516,0.0541,0.0002,0.2719,0.0,0.7225,0.16
2369,7bf6c562d4fcf8b7,91,9.1,0.202155,0.198971,0.1,85.172,0,0.0001,0.0034,0.0076,0.0,0.153,0.0,0.8834,0.84
2370,2280c5772a6dd72b,91,9.1,0.203932,0.173669,7.4,45.889,0,0.122,0.2259,0.1066,0.0001,0.2114,0.0,0.9173,0.28
2371,ea2a69da79489fb4,91,9.1,0.458343,0.243538,7.9,2.152,0,0.4441,0.4527,1.0,0.0072,0.5335,0.7797,0.5754,0.28
2372,6e9ff4ae255769e6,91,9.1,0.203274,0.133136,4.9,13.286,0,0.1623,0.2093,0.36,0.0014,0.7556,0.0,0.4542,0.72
2373,f4dd51808855ca7c,91,9.1,0.158756,0.115615,3.9,1000000.0,0,0.4886,0.3326,0.0876,0.0001,0.1905,0.0,0.4681,0.76
2374,c9a6e080d7c0862c,91,9.1,0.284888,0.122007,0.0,1000000.0,0,0.4262,0.7112,1.0,0.0091,1.0,0.0,0.0,0.12
2375,4bf5e121cab0361f,91,9.1,0.315756,0.112304,1.5,3.974,0,0.0543,0.0956,0.1057,0.0,0.1962,0.5367,0.7574,0.96
2376,d404c759e1313ff7,91,9.1,0.210363,0.200354,0.3,12.907,0,0.0276,0.1029,0.0493,0.0,0.2619,0.0,0.8791,0.68
2377,e31972d20c810e69,91,9.1,0.190254,0.174171,4.0,18.24,0,0.0967,0.1587,0.0834,0.0,0.2184,0.0,0.8798,0.36
2378,ba844898bef6380,91,9.1,0.11078,0.093032,4.0,1000000.0,0,0.6831,0.4167,0.1277,0.0001,0.1644,0.0,0.0,0.44
2379,3575edb40e1effd2,91,9.1,0.333214,0.086484,5.8,2.222,0,0.0001,0.0012,0.0047,0.0,0.1267,0.7703,0.7627,0.28
2380,df1349cba4ad77d4,91,9.1,0.197997,0.175869,5.6,55.794,0,0.5563,0.0585,0.0984,0.0002,0.1896,0.0,0.5223,0.8
2381,51fca110e1d7ed3f,91,9.1,0.298085,0.185671,2.2,1000000.0,0,0.7027,0.1114,0.1402,0.0003,1.0,0.0,0.6993,0.2
2382,f86f284b5076f032,91,9.1,0.215635,0.124763,3.7,4.651,0,0.3997,0.118,0.0647,0.001,0.7358,0.4465,0.1691,0.92
2383,7e6b3e039f4da567,91,9.1,0.309648,0.155317,4.6,3.293,0,0.1757,0.2552,0.45,0.0228,0.5397,0.6276,0.767,0.4
2384,2bbde9e73bd6be9,91,9.1,0.217629,0.20062,3.1,43.951,0,0.2045,0.2047,0.0946,0.0001,0.192,0.0,0.8646,0.92
2385,cfa6c82b7c7fe2d8,91,9.1,0.32482,0.108668,4.6,3.53,0,0.0,0.0009,0.003,0.0,0.2434,0.596,0.7706,0.6
2386,37feec8b896ed007,91,9.1,0.178696,0.161058,8.2,18.274,0,0.4107,0.1402,0.0477,0.0,0.1933,0.0,0.7052,0.4
2387,fafb6746f7f8ef3a,91,9.1,0.178241,0.174285,0.0,1000000.0,0,0.0001,0.0009,0.0026,0.0,0.1207,0.0,0.8822,0.52
2388,1794f8079c0d69c6,91,9.1,0.29888,0.199934,0.5,4.609,0,0.1276,0.1598,0.0589,0.0,0.2717,0.4521,0.8689,0.32
2389,2c6099c16bc00405,91,9.1,0.29192,0.07536,2.4,4.617,0,0.0424,0.1187,0.1434,0.0003,0.496,0.4511,0.8947,0.32
2390,6bd8902e5e45ac49,91,9.1,0.179315,0.163188,0.1,9.597,0,0.2481,0.1206,0.0502,0.0,0.2385,0.0,0.7623,0.44
2391,7e70c32a18b5dc8,91,9.1,0.22526,0.123153,0.8,8.124,0,0.3981,0.3553,0.4495,0.0148,1.0,0.0,0.5993,0.68
2392,13cbca46da116da4,91,9.1,0.126849,0.051089,2.2,1000000.0,0,0.0001,0.0015,0.0062,0.0,0.1862,0.0,0.5672,0.36
2393,adebb64e7fb3c55b,91,9.1,0.212456,0.19063,9.0,49.736,0,0.0356,0.1399,0.0639,0.0,0.2206,0.0,0.8821,0.72
2394,aae77d26013fffd1,91,9.1,0.195514,0.133673,7.5,7.823,0,0.169,0.1805,0.5518,0.0,0.3215,0.0236,0.4154,1.0
2395,40c5c32d4d07f727,91,9.1,0.313567,0.084788,2.1,4.235,0,0.0001,0.0009,0.0025,0.0,0.1982,0.502,0.8302,0.72
2396,d644c2332bd19dbd,91,9.1,0.456858,0.166323,0.9,3.351,0,0.4639,0.3823,0.7039,0.0184,1.0,0.6199,0.714,0.72
2397,cb171797b281a55b,91,9.1,0.202764,0.199862,4.7,1000000.0,0,0.0001,0.0015,0.0044,0.0,0.0837,0.0,0.8815,1.0
2398,f6f6516beb383632,91,9.1,0.188136,0.185611,7.3,1000000.0,0,0.0001,0.0007,0.0051,0.0,0.0698,0.0,0.877,0.8
2399,65ce61070a431c01,91,9.1,0.366483,0.118905,3.1,2.258,0,0.2153,0.3493,0.5337,0.0077,1.0,0.7656,0.8326,0.08
2400,37c39e42460e5979,91,9.1,0.239277,0.200697,0.5,13.745,0,0.5941,0.1687,0.0933,0.0002,0.3092,0.0,0.7323,1.0
2401,4f8ccf7a6228a57f,91,9.1,0.300569,0.190783,1.7,3.602,0,0.1435,0.2007,0.4897,0.0119,1.0,0.5863,0.7377,0.56
2402,ff19b290bf82a898,91,9.1,0.183544,0.135707,7.0,1000000.0,0,0.7229,0.056,0.0724,0.0003,0.2388,0.0,0.6519,0.12
2403,7f85864bc462e9b4,91,9.1,0.315458,0.137485,2.4,2.407,0,0.3597,0.1859,0.1997,0.0015,0.2699,0.7457,0.2305,0.68
2404,955b25d860ee318f,91,9.1,0.316611,0.192251,5.1,22.598,0,0.5053,0.5127,1.0,0.0005,0.3303,0.0,0.6409,0.64
2405,33b2116510b3380f,91,9.1,0.198491,0.123463,0.9,13.175,0,0.1342,0.1884,0.1177,0.002,0.8021,0.0,0.4305,0.4
2406,cb49d28115acde,91,9.1,0.476132,0.166101,2.2,2.993,0,0.4376,0.3246,0.617,0.0258,1.0,0.6676,0.7761,0.72
2407,e2cfd26100679846,91,9.1,0.169692,0.053734,8.7,5.325,0,0.3403,0.0996,0.0758,0.0007,0.3231,0.3566,0.1465,0.08
2408,2c56ca6b1168d6be,91,9.1,0.254534,0.239632,7.7,8.489,0,0.248,0.1936,0.079,0.0,0.391,0.0,0.8836,1.0
2409,e3eb29933d5bdf89,91,9.1,0.21392,0.086382,0.6,7.423,0,0.2558,0.3626,0.6721,0.0168,0.3568,0.0769,0.828,0.04
2410,b30a53231eb5b67a,91,9.1,0.363211,0.284405,2.0,3.842,0,0.3236,0.3779,0.9035,0.0005,0.8296,0.5544,0.4932,0.92
2411,19d7d910bf57826c,91,9.1,0.207249,0.110569,5.4,10.286,0,0.2288,0.356,0.4632,0.0191,1.0,0.0,0.1346,0.36
2412,af43b3db8824c546,91,9.1,0.296483,0.292918,6.6,1000000.0,0,0.0009,0.0168,0.0443,0.0,0.9073,0.0,0.8169,1.0
2413,54f5d75075d5c0ff,91,9.1,0.224589,0.102069,9.0,1000000.0,0,0.1334,0.3452,0.4015,0.0232,1.0,0.0,0.0,0.4
2414,29d831c0bae816b3,91,9.1,0.274951,0.107057,0.2,4.008,0,0.7177,0.1602,0.117,0.0001,0.1752,0.5323,0.406,0.36
2415,449c23f094e79505,91,9.1,0.190203,0.152168,3.3,26.531,0,0.3398,0.1914,0.2106,0.0006,0.1936,0.0,0.7113,0.44
2416,61ba079dc8086538,91,9.1,0.383303,0.115259,3.1,1.651,4,0.0,0.001,0.0029,0.0,0.1349,0.8466,0.8435,0.52
2417,35830154e1486bf7,91,9.1,0.368876,0.149262,2.2,4.131,0,0.0859,0.2278,0.1773,0.0002,0.6834,0.5159,0.887,0.64
2418,44d442ba27c5845a,91,9.1,0.232484,0.215964,1.5,1000000.0,0,0.4323,0.2659,0.0842,0.0,0.2179,0.0,0.834,1.0
2419,e2f367e44df6682b,91,9.1,0.211695,0.111937,7.5,8.528,0,0.1151,0.1078,0.0844,0.0,0.7855,0.0,0.7943,0.32
2420,72e0a65d4a1ba82a,91,9.1,0.262943,0.117286,6.1,5.722,0,0.0001,0.0018,0.0083,0.0,0.1443,0.3038,0.7317,1.0
2421,f1de9cde51e40639,91,9.1,0.070999,0.058932,2.0,1000000.0,0,0.2443,0.2233,0.2293,0.0027,0.2897,0.0,0.0,0.32
2422,d81051c2085e9017,91,9.1,0.197292,0.05057,3.4,6.347,0,0.0,0.0007,0.0018,0.0,0.1063,0.2204,0.7277,0.56
2423,759e99c0a0005aea,91,9.1,0.371338,0.141743,7.4,4.434,0,0.2998,0.4176,0.7224,0.0173,0.4108,0.4754,0.6772,0.68
2424,51be40509155323a,91,9.1,0.4798,0.264422,4.4,1.754,2,0.2412,0.5534,0.5245,0.0031,0.9742,0.8328,0.8443,0.36
2425,497c37b1b35d2aeb,91,9.1,0.358473,0.125552,3.6,3.32,0,0.0001,0.0011,0.0048,0.0,0.3392,0.624,0.7208,1.0
2426,767dbbfcfea27e3c,91,9.1,0.071219,0.045264,7.5,1000000.0,0,0.0815,0.2156,0.109,0.0015,0.2827,0.0,0.0,0.12
2427,7e6a46ecf27197f7,91,9.1,0.27459,0.188149,0.1,4.899,0,0.4657,0.2345,0.1513,0.0,0.2123,0.4134,0.7332,0.4
2428,86ac6c3bc7fe2e18,91,9.1,0.314209,0.129457,1.8,1.922,1,0.3347,0.3906,0.6732,0.0422,0.6821,0.8104,0.4861,0.2
2429,2477bf20793b7411,91,9.1,0.125601,0.10572,0.7,24.985,0,0.0594,0.1497,0.294,0.0002,0.3277,0.0,0.1314,1.0
2430,8b101011b8f33a80,91,9.1,0.078826,0.059464,5.1,1000000.0,0,0.3747,0.2289,0.2441,0.0,0.1683,0.0,0.0,0.24
2431,20a8711f5fa27042,91,9.1,0.276032,0.105735,4.9,4.63,0,0.4014,0.406,1.0,0.0005,0.3106,0.4493,0.1422,0.32
2432,9c9329bc1cd658d7,91,9.1,0.161557,0.085316,3.9,7.078,0,0.1642,0.3481,0.2256,0.0016,0.2036,0.123,0.6304,0.36
2433,a4251d764d76b7f8,91,9.1,0.135759,0.076209,7.6,18.299,0,0.0,0.0007,0.0039,0.0,0.1601,0.0,0.7445,0.08
2434,69adf4df6c99760e,91,9.1,0.326123,0.184256,6.8,3.213,0,0.5271,0.2339,0.2373,0.0003,0.2871,0.6382,0.4925,0.48
2435,90eeac0ea09aac82,91,9.1,0.52006,0.183451,8.7,1.881,1,0.1828,0.1532,0.3023,0.0059,0.9952,0.8159,0.9119,0.72
2436,1dd993002168b3c4,91,9.1,0.310978,0.119932,2.2,4.14,0,0.1411,0.187,0.1579,0.0003,0.4142,0.5146,0.6963,0.72
2437,48bf5be2f453c41e,91,9.1,0.357287,0.272512,5.0,5.659,0,0.182,0.188,0.1386,0.0001,1.0,0.3122,0.7589,1.0
2438,ccb8c40721e8f41c,91,9.1,0.190414,0.169347,0.0,14.917,0,0.1186,0.2523,0.0549,0.0,0.2412,0.0,0.773,0.48
2439,330e99d43700c7ea,91,9.1,0.339342,0.0697,6.7,2.484,0,0.203,0.2733,0.2695,0.0,0.2751,0.7354,0.7969,0.16
2440,8d1b9fc4a936c040,91,9.1,0.224537,0.155231,8.0,12.209,0,0.2461,0.4223,0.5411,0.0044,1.0,0.0,0.0,0.16
2441,371aad5c650e0523,91,9.1,0.098902,0.075849,4.5,1000000.0,0,0.4662,0.3284,0.2588,0.0004,0.2211,0.0,0.0,0.12
2442,be3836947b04f62c,91,9.1,0.062643,0.024914,0.0,1000000.0,0,0.1128,0.2319,0.0894,0.0001,0.173,0.0,0.0,0.2
2443,7005adebf414e849,91,9.1,0.210302,0.153174,0.0,7.857,0,0.188,0.1545,0.0474,0.0083,0.4604,0.019,0.8513,0.6
2444,6e9c073e34324759,91,9.1,0.166429,0.078138,1.1,14.898,0,0.0009,0.0137,0.0225,0.0,0.1344,0.0,0.8092,0.48
2445,926e09a4ee66d24b,91,9.1,0.300953,0.175871,8.9,4.112,0,0.5828,0.2215,0.1854,0.0,0.1956,0.5184,0.6707,0.28
2446,e063d45a1e370145,91,9.1,0.155958,0.151587,0.0,1000000.0,0,0.0001,0.001,0.003,0.0,0.0758,0.0,0.8812,0.24
2447,f769cd8b234e9941,91,9.1,0.230914,0.201878,8.8,27.474,0,0.0328,0.1915,0.1083,0.0,0.1531,0.0,0.8784,1.0
2448,36fe2e76334ba80d,91,9.1,0.170816,0.129093,9.0,10.64,0,0.1242,0.2605,0.1584,0.0001,0.1623,0.0,0.7478,0.84
2449,82cd5eb85d509176,91,9.1,0.199806,0.179213,0.0,1000000.0,0,0.0014,0.0316,0.2008,0.0,0.1478,0.0,0.8825,0.52
2450,ace3f8f9b6cbc802,91,9.1,0.203502,0.093232,0.5,16.878,0,0.3126,0.3696,0.4528,0.013,0.9236,0.0,0.7829,0.12
2451,a633b163fc932ad8,91,9.1,0.430707,0.129694,1.5,1.993,1,0.1848,0.4065,0.3683,0.0143,1.0,0.8009,0.752,0.12
2452,7f867ba4393385d7,91,9.1,0.244385,0.242547,4.6,86.984,0,0.0,0.0008,0.002,0.0,0.563,0.0,0.8898,0.72
2453,c55ead18937cd316,91,9.1,0.243437,0.183,4.2,41.949,0,0.3795,0.4312,0.4557,0.0001,0.2095,0.0,0.872,0.44
2454,9f3c669136a13f54,91,9.1,0.325514,0.257816,7.7,4.316,0,0.4897,0.2254,0.1702,0.0006,0.421,0.4913,0.791,0.84
2455,a593520f9699ae5c,91,9.1,0.114923,0.096016,5.2,1000000.0,0,0.5059,0.3456,0.0906,0.0002,0.2577,0.0,0.0,0.88
2456,c4c47eb164b8932a,91,9.1,0.48011,0.20899,8.5,3.714,0,0.1743,0.3114,0.4513,0.0103,1.0,0.5714,0.8043,0.68
2457,94b6345fa4eae188,91,9.1,0.169906,0.169126,0.0,1000000.0,0,0.0,0.0007,0.0025,0.0,0.2747,0.0,0.8788,0.08
2458,746a9b298caa6334,91,9.1,0.289967,0.117218,7.7,3.032,0,0.5887,0.4939,0.161,0.0001,0.1798,0.6624,0.409,0.24
2459,fcbb77d651486ff7,91,9.1,0.275372,0.093415,0.4,2.523,0,0.0001,0.0012,0.0033,0.0,0.1541,0.7302,0.2159,1.0
2460,ab33313307cb8f9c,91,9.1,0.080255,0.066904,8.9,1000000.0,0,0.2605,0.167,0.279,0.0,0.2273,0.0,0.0,0.44
2461,339886e0aa7fce92,91,9.1,0.306908,0.188502,1.2,2.43,0,0.6148,0.3771,0.165,0.0001,0.2461,0.7426,0.5455,0.36
2462,440d538d73bb4e2a,91,9.1,0.316768,0.206023,0.6,21.471,0,0.5409,0.6525,1.0,0.0002,0.2512,0.0,0.5791,0.56
2463,471c565956be238e,91,9.1,0.220702,0.186229,7.2,9.031,0,0.0001,0.001,0.0053,0.0,1.0,0.0,0.2703,1.0
2464,61614c36e6101dd,91,9.1,0.19294,0.065849,5.4,1000000.0,0,0.4172,0.4447,1.0,0.0003,0.2039,0.0,0.0,0.08
2465,7959d29c9b4c806b,91,9.1,0.376081,0.149275,6.4,2.422,0,0.0001,0.0008,0.002,0.0,0.2031,0.7438,0.8078,0.8
2466,18e88c917e669e83,91,9.1,0.192416,0.160232,6.2,1000000.0,0,0.175,0.1924,0.0852,0.0,0.2827,0.0,0.7866,0.48
2467,bde1b6f9212fe78e,91,9.1,0.108776,0.105785,8.0,9.912,0,0.0001,0.0011,0.0034,0.0,0.1583,0.0,0.3004,0.76
2468,425c9b7d5860ed59,91,9.1,0.297304,0.103303,3.9,1.856,1,0.7212,0.2527,0.1035,0.0001,0.2542,0.8193,0.0,0.28
2469,ce5ca79d7e2f786,91,9.1,0.427202,0.174005,6.3,1.512,5,0.2871,0.3116,0.7468,0.0101,0.9567,0.8651,0.6654,0.64
2470,a3bba9ed911e5bb0,91,9.1,0.191356,0.175442,3.6,1000000.0,0,0.3616,0.2657,0.0737,0.0,0.163,0.0,0.8773,0.4
2471,8bead75abec98bf,91,9.1,0.188399,0.112003,0.0,1000000.0,0,0.3622,0.1373,0.1059,0.0145,1.0,0.0,0.3954,0.44
2472,3e3bd3adfc5e173c,91,9.1,0.223988,0.159856,7.2,120.51,0,0.3988,0.1453,0.1997,0.0001,0.3139,0.0,0.7977,0.52
2473,e457852c6c9bdf7a,91,9.1,0.290654,0.233911,5.9,4.474,0,0.3106,0.164,0.0738,0.0,0.1657,0.4701,0.8742,0.2
2474,ed481014bf9f7091,91,9.1,0.092999,0.04932,8.0,1000000.0,0,0.3625,0.3608,0.1359,0.0001,0.1667,0.0,0.0,0.24
2475,84c62f979eda3711,91,9.1,0.259997,0.15888,6.9,8.819,0,0.5056,0.6885,1.0,0.0021,0.2719,0.0,0.5923,0.68
2476,6824827f7f56ea94,91,9.1,0.126633,0.122714,0.4,1000000.0,0,0.0011,0.018,0.0415,0.0,0.5113,0.0,0.0,1.0
2477,b24a6173df6ac0ce,91,9.1,0.111634,0.075769,1.6,1000000.0,0,0.0001,0.0008,0.002,0.0,0.1492,0.0,0.4801,0.4
2478,80f4abf9c71fd13e,91,9.1,0.280262,0.191404,3.1,7.402,0,0.4378,0.4831,1.0,0.0001,0.1733,0.0797,0.6841,0.96
2479,9b88ad05f896d653,91,9.1,0.168919,0.164871,8.5,1000000.0,0,0.0001,0.001,0.0024,0.0,0.1272,0.0,0.8788,0.36
2480,6901d12d3a69628a,91,9.1,0.204277,0.160258,0.0,1000000.0,0,0.6948,0.1578,0.1567,0.0001,0.2099,0.0,0.5561,0.6
2481,d6dad174497d24ee,91,9.1,0.243223,0.080909,5.2,5.2,0,0.0,0.0006,0.0019,0.0,0.1554,0.3733,0.6348,0.68
2482,95dcdbf0a38a9cb8,91,9.1,0.154087,0.070416,8.4,1000000.0,0,0.1451,0.2284,0.2664,0.0056,0.7999,0.0,0.0,0.36
2483,a6fc86fc2f7c8698,91,9.1,0.205997,0.195971,0.5,53.994,0,0.0001,0.0013,0.0044,0.0,0.1958,0.0,0.8789,0.84
2484,f716c7295b04ffc2,91,9.1,0.38664,0.225349,5.6,3.849,0,0.3997,0.3827,0.8618,0.0142,0.8593,0.5535,0.6631,1.0
2485,311e1e71bd2ce746,91,9.1,0.161362,0.076092,1.1,1000000.0,0,0.2827,0.2477,0.0994,0.0,0.2488,0.0,0.6062,0.24
2486,73465b546227701b,91,9.1,0.190801,0.101646,5.2,5.613,0,0.0,0.0007,0.0019,0.0,0.2059,0.3182,0.4659,0.6
2487,c284e46b14d6676b,91,9.1,0.288553,0.198676,5.7,3.123,0,0.3114,0.3991,0.7115,0.0026,0.7589,0.6503,0.8729,0.68
2488,4a5277c0a5912e19,91,9.1,0.389342,0.183227,6.8,3.684,0,0.2678,0.3867,0.7663,0.0158,0.9233,0.5755,0.8619,0.88
2489,9174dd519643cb59,91,9.1,0.418948,0.241722,4.0,3.672,0,0.6218,1.0,1.0,0.0,0.2468,0.577,0.7529,0.36
2490,f337093442cd576d,91,9.1,0.281015,0.137984,8.2,2.772,0,0.4418,0.4578,1.0,0.0004,0.2037,0.6971,0.092,0.68
2491,49bf27c70b4a2c93,91,9.1,0.205361,0.083268,7.2,6.82,0,0.0001,0.0017,0.0041,0.0,0.1271,0.1574,0.7162,0.84
2492,aa21d3b370e95fce,91,9.1,0.168937,0.099407,2.8,11.187,0,0.051,0.1047,0.043,0.0,0.2379,0.0,0.7184,0.56
2493,9110c24c1c117cc7,91,9.1,0.173933,0.146787,2.4,1000000.0,0,0.717,0.2408,0.0561,0.0,0.1868,0.0,0.5996,0.48
2494,f9d389bfbae23447,91,9.1,0.097415,0.072266,8.5,12.903,0,0.1616,0.0467,0.1365,0.0,0.3012,0.0,0.0442,0.84
2495,c6c7b96ff69fab98,91,9.1,0.309684,0.235228,0.8,4.482,0,0.2464,0.1732,0.2542,0.0001,0.5636,0.4691,0.8804,0.08
2496,d2dc6f60ae3f643a,91,9.1,0.160667,0.15499,0.1,66.594,0,0.0001,0.0007,0.0016,0.0,0.0359,0.0,0.8825,0.4
2497,a2b009c7a1b5e3c2,91,9.1,0.427956,0.124507,5.6,2.817,0,0.0001,0.0009,0.0027,0.0,0.5438,0.6911,0.9454,0.88
2498,c14e24c764ce603e,91,9.1,0.182968,0.136694,8.8,12.901,0,0.1046,0.146,0.0856,0.0001,0.6792,0.0,0.1553,1.0
2499,6e118f33dfad2cd8,91,9.1,0.479442,0.241526,6.7,2.813,0,0.2403,0.3986,0.8215,0.0276,1.0,0.6917,0.7961,0.92
2500,ded1cfa69202ca90,91,9.1,0.465081,0.170507,0.8,1.692,3,0.6937,0.7683,1.0,0.0155,1.0,0.8411,0.4686,0.56
2501,4a95c8c537e1d6fb,91,9.1,0.181994,0.15858,8.5,15.169,0,0.8213,0.163,0.0482,0.0002,0.1881,0.0,0.4548,0.52
2502,c1c67b60789a98b8,91,9.1,0.224058,0.199656,7.4,27.906,0,0.2747,0.2632,0.1482,0.0007,0.5357,0.0,0.8739,0.4
2503,402c9c9cf5818270,91,9.1,0.130813,0.069449,2.2,24.427,0,0.0001,0.0008,0.0025,0.0,0.1151,0.0,0.5881,0.48
2504,7cde3670b49d9af1,91,9.1,0.221283,0.199313,4.6,70.545,0,0.1912,0.2395,0.1592,0.0001,0.2312,0.0,0.8798,0.84
2505,201c0363786eb6,91,9.1,0.300899,0.127394,0.5,2.139,0,0.4335,0.45,1.0,0.0015,0.2234,0.7815,0.5326,0.24
2506,3a4900fa69241c31,91,9.1,0.201473,0.142764,1.5,10.618,0,0.5677,0.3082,0.1769,0.0017,0.2924,0.0,0.7186,0.72
2507,a6baec077218182b,91,9.1,0.215683,0.1895,1.0,1000000.0,0,0.4479,0.2981,0.1425,0.0001,0.2193,0.0,0.821,0.8
2508,ae82a9be0ef6a356,91,9.1,0.4954,0.23586,1.8,1.815,2,0.4372,0.3953,0.6244,0.0115,1.0,0.8247,0.8584,1.0
2509,97669f981e3d3a8a,91,9.1,0.319706,0.150524,8.5,3.163,0,0.3579,0.4173,1.0,0.0146,0.4455,0.6449,0.4968,0.44
2510,e750d90cc762cc42,91,9.1,0.296932,0.16992,8.8,5.253,0,0.1488,0.2132,0.434,0.016,0.8474,0.3662,0.6766,0.44
2511,196bb32a18ef8578,91,9.1,0.243086,0.119544,1.6,5.9,0,0.287,0.203,0.1064,0.0007,0.7617,0.28,0.5552,0.56
2512,144991ebce2c8e46,91,9.1,0.080728,0.042462,1.9,1000000.0,0,0.1804,0.2291,0.3266,0.0036,0.4718,0.0,0.0,0.16
2513,4c1af759592a3001,91,9.1,0.098476,0.067421,3.9,19.12,0,0.2692,0.3022,0.1832,0.0,0.1801,0.0,0.2465,0.28
2514,57fd94e096247089,91,9.1,0.154538,0.110288,0.7,1000000.0,0,0.6426,0.1413,0.1855,0.0,0.1883,0.0,0.3412,0.36
2515,7c9fc3f8095d6abb,91,9.1,0.278895,0.154786,7.2,4.732,0,0.2748,0.2932,0.7724,0.014,0.6776,0.4358,0.7892,0.44
2516,7de2946a21ee47c3,91,9.1,0.183433,0.157923,8.2,31.858,0,0.1012,0.2272,0.0711,0.0,0.1648,0.0,0.8826,0.24
2517,121d8a5439c19fe5,91,9.1,0.304085,0.093073,7.8,1.949,1,0.6425,0.059,0.1183,0.0,0.3335,0.8068,0.0,0.36
2518,8dcd5ce135503d64,91,9.1,0.315463,0.095326,4.4,3.306,0,0.1068,0.2206,0.0811,0.0,0.1735,0.6259,0.7578,0.64
2519,de242de4439cabb,91,9.1,0.070237,0.056648,7.5,58.342,0,0.049,0.0642,0.0973,0.0001,0.2506,0.0,0.0,0.52
2520,5c3db81bdbdf3ba0,91,9.1,0.186377,0.181657,5.4,1000000.0,0,0.0001,0.0014,0.0039,0.0,0.1889,0.0,0.8821,0.52
2521,a017e58839f57d76,91,9.1,0.192382,0.185108,0.0,144.092,0,0.0421,0.1942,0.0668,0.0,0.4677,0.0,0.7659,0.36
2522,eb7dc395759399d3,91,9.1,0.266778,0.139389,3.4,1000000.0,0,0.7134,0.734,1.0,0.0001,0.3868,0.0,0.5574,0.44
2523,69c3c2905b4a8411,91,9.1,0.139982,0.105801,4.6,1000000.0,0,0.6413,0.0942,0.0999,0.0001,0.2608,0.0,0.1997,0.6
2524,5929f1106214d5c7,91,9.1,0.200856,0.195084,0.1,77.732,0,0.0,0.0014,0.0035,0.0,0.2156,0.0,0.8443,0.8
2525,8627accbaec4bf62,91,9.1,0.468649,0.193839,2.1,3.71,0,0.5856,0.4783,0.4729,0.0142,1.0,0.572,0.8022,0.88
2526,588e8bbb58406699,91,9.1,0.332707,0.201374,1.6,3.252,0,0.3323,0.4433,1.0,0.0108,0.5939,0.633,0.6643,0.48
2527,1ba2364ce9456659,91,9.1,0.250388,0.086991,3.9,3.029,0,0.2693,0.2899,0.1393,0.0001,0.2936,0.6627,0.2443,0.2
2528,5f7550286fbca9b7,91,9.1,0.290525,0.117221,2.4,3.662,0,0.032,0.2058,0.1371,0.0,0.1306,0.5784,0.6717,0.64
2529,5a5dcccf0125fdbd,91,9.1,0.195184,0.176183,1.2,45.282,0,0.5998,0.1541,0.101,0.0001,0.193,0.0,0.5685,0.64
2530,b0dde295e530223c,91,9.1,0.265139,0.176135,7.0,5.525,0,0.2453,0.2721,0.223,0.0001,0.3267,0.3301,0.3842,1.0
2531,e912b1bd7acd399e,91,9.1,0.338666,0.180921,8.9,3.309,0,0.6507,0.4227,0.1302,0.0003,0.2116,0.6255,0.6778,0.24
2532,4ef994b10f703727,91,9.1,0.27393,0.198128,2.2,1000000.0,0,0.0003,0.008,0.0103,0.0,1.0,0.0,0.6254,1.0
2533,ebd87f540f4c52af,91,9.1,0.226859,0.136462,3.8,4.841,0,0.2665,0.4872,0.6548,0.0178,1.0,0.4212,0.4436,0.56
2534,11e144e9bcf0d8f3,91,9.1,0.207187,0.183904,0.3,10.245,0,0.033,0.162,0.0966,0.0,0.1592,0.0,0.8889,0.64
2535,d98f021a8e9713c1,91,9.1,0.208444,0.187886,6.7,41.834,0,0.3324,0.1327,0.1386,0.0,0.1664,0.0,0.8167,0.84
2536,168eef115102139b,91,9.1,0.099904,0.059581,7.0,19.718,0,0.1587,0.2189,0.3603,0.0089,0.2924,0.0,0.1508,0.44
2537,b8dc2d6238879ff0,91,9.1,0.282111,0.123606,1.3,3.428,0,0.5486,0.4613,0.2062,0.0001,0.272,0.6096,0.1605,0.4
2538,7fe88ce8658e2b82,91,9.1,0.26012,0.112078,0.2,4.81,0,0.0304,0.0798,0.0388,0.0,0.157,0.4254,0.6842,0.68
2539,45be53e5fb202123,91,9.1,0.204066,0.203158,0.2,67.468,0,0.0001,0.0008,0.002,0.0,0.3765,0.0,0.8823,0.44
2540,fd20af2e402655f2,91,9.1,0.21702,0.189445,5.5,7.479,0,0.113,0.0972,0.0564,0.0,0.1891,0.0695,0.8796,0.76
2541,b33133f11337ac14,91,9.1,0.218621,0.166914,1.0,1000000.0,0,0.1807,0.4116,0.3239,0.0,0.261,0.0,0.6783,0.64
2542,96974cc1f59a8f7d,91,9.1,0.16862,0.153945,7.0,1000000.0,0,0.0001,0.001,0.0029,0.0,0.1558,0.0,0.6951,0.8
2543,fefaa9bb6a2b5f64,91,9.1,0.157572,0.1513,9.0,1000000.0,0,0.0001,0.0016,0.0051,0.0,0.0098,0.0,0.8813,0.4
2544,5fa6cb774c97216,91,9.1,0.386978,0.225953,8.2,4.592,0,0.1912,0.308,0.385,0.0091,0.659,0.4544,0.7359,1.0
2545,c796a25d0935d7d5,91,9.1,0.312191,0.244779,3.0,4.192,0,0.2934,0.2186,0.0474,0.0,0.1655,0.5077,0.8827,0.6
2546,5d256cb67a50023c,91,9.1,0.233676,0.231369,4.1,1000000.0,0,0.0,0.0009,0.0022,0.0,1.0,0.0,0.6453,0.28
2547,c185c52d59fdca74,91,9.1,0.127747,0.088342,2.0,1000000.0,0,0.1791,0.1667,0.0444,0.0,0.1781,0.0,0.5016,0.48
2548,2452da4d0834e034,91,9.1,0.14922,0.101725,3.2,1000000.0,0,0.0001,0.0009,0.0028,0.0,0.1902,0.0,0.5494,0.8
2549,c840b72d5e552a40,91,9.1,0.141442,0.141295,5.9,1000000.0,0,0.0001,0.0009,0.0023,0.0,0.526,0.0,0.1203,1.0
2550,67ad7f9be565a1d6,91,9.1,0.422064,0.2749,6.9,2.525,0,0.3122,0.1758,0.1634,0.0002,1.0,0.73,0.538,0.84
2551,b9f3c893e9f94511,91,9.1,0.221399,0.204826,6.3,13.762,0,0.0225,0.0923,0.1086,0.0,0.1634,0.0,0.8843,1.0
2552,dbc83341c5c5afd6,91,9.1,0.223014,0.201974,0.3,7.808,0,0.068,0.0703,0.0413,0.0,0.2955,0.0256,0.8517,0.84
2553,175cc5f27cfac8c3,91,9.1,0.291692,0.167761,0.4,20.723,0,0.6969,0.5063,1.0,0.0138,0.9807,0.0,0.6045,0.68
2554,40d4a77a9e42ae88,91,9.1,0.090541,0.032197,8.1,1000000.0,0,0.0052,0.0303,0.0469,0.0,0.1718,0.0,0.4362,0.08
2555,5bbe2846d36b9c95,91,9.1,0.290241,0.090068,3.9,3.436,0,0.0,0.0008,0.0019,0.0,0.0876,0.6085,0.674,0.56
2556,ce11cafd58caab87,91,9.1,0.30074,0.203194,7.3,23.63,0,0.3739,0.469,1.0,0.0012,0.6214,0.0,0.7113,0.84
2557,1be10d82a792b50a,91,9.1,0.238038,0.127889,8.8,4.776,0,0.5451,0.1754,0.0678,0.0001,0.2266,0.4298,0.4432,0.32
2558,7493622d2b07dddc,91,9.1,0.321448,0.234312,4.9,1000000.0,0,0.5918,0.7547,1.0,0.0009,0.1733,0.0,0.8442,1.0
2559,e441a86fc7b670f1,91,9.1,0.37932,0.207325,4.5,2.51,0,0.0938,0.2532,0.148,0.0004,0.4425,0.732,0.7213,0.56
2560,4d1f38e278be4e53,91,9.1,0.025991,0.025682,1.6,1000000.0,0,0.0001,0.0015,0.0041,0.0,0.1525,0.0,0.0,0.12
2561,ac218e2ff3a9dadb,91,9.1,0.187083,0.142391,3.7,8.808,0,0.3832,0.3624,0.511,0.0167,0.3909,0.0,0.7166,0.44
2562,4e4111c7d50c92bc,91,9.1,0.211886,0.095049,5.8,6.832,0,0.6143,0.5409,1.0,0.0052,0.9827,0.1558,0.0,0.16
2563,31178192d28789b7,91,9.1,0.114073,0.083355,2.3,20.814,0,0.7206,0.0268,0.0656,0.0,0.1686,0.0,0.2357,0.08
2564,dd82f5a12533de86,91,9.1,0.237409,0.107606,0.2,1000000.0,0,0.5966,0.7309,1.0,0.0001,0.2286,0.0,0.0,0.36
2565,5f93b690b0c1bdfa,91,9.1,0.26061,0.212281,2.8,6.558,0,0.1339,0.1405,0.0431,0.0,0.1675,0.1922,0.8814,1.0
2566,91b45ab95e0cbe5e,91,9.1,0.313789,0.238643,4.0,4.566,0,0.2993,0.2184,0.0473,0.0,0.1853,0.4578,0.8829,0.68
2567,49b8bcfa469933f,91,9.1,0.16803,0.073679,0.0,13.421,0,0.0001,0.0007,0.0034,0.0,0.1523,0.0,0.8038,0.48
2568,afcb78758dabb094,91,9.1,0.327143,0.098391,3.1,5.08,0,0.2489,0.3354,0.5224,0.0148,0.7306,0.3893,0.9031,0.36
2569,e2bbc1cbc32785ca,91,9.1,0.199381,0.135387,0.0,19.545,0,0.7137,0.3203,0.1035,0.0027,0.4165,0.0,0.488,0.48
2570,bb251b2356f77f52,91,9.1,0.285752,0.053117,8.4,3.541,0,0.0001,0.0014,0.0048,0.0,0.1549,0.5946,0.6349,0.52
2571,f9aee955ff48b012,91,9.1,0.167244,0.085425,0.0,14.13,0,0.0001,0.0011,0.0023,0.0,0.1047,0.0,0.7268,0.8
2572,5e4aec5742a26edf,91,9.1,0.164724,0.084584,1.8,10.75,0,0.0001,0.0009,0.0025,0.0,0.141,0.0,0.7634,0.6
2573,c751504eb7bb0f23,91,9.1,0.313624,0.239091,4.1,3.661,0,0.4497,0.2731,0.0556,0.0003,0.1781,0.5786,0.8751,0.36
2574,de08555d763aee27,91,9.1,0.201379,0.198177,5.4,80.387,0,0.0001,0.0012,0.0037,0.0,0.3648,0.0,0.891,0.4
2575,1ec9b49ac775e98e,91,9.1,0.330027,0.234736,5.0,2.086,0,0.5425,0.2133,0.21,0.0059,1.0,0.7885,0.7321,0.64
2576,a5411652cad700e2,91,9.1,0.198925,0.181294,5.3,19.055,0,0.5216,0.2116,0.1029,0.0001,0.306,0.0,0.6378,0.36
2577,b4f5bce7c5efc6f2,91,9.1,0.167878,0.107478,5.9,9.189,0,0.3097,0.1987,0.061,0.0,0.1692,0.0,0.6474,0.56
2578,af1b2237d455de6,91,9.1,0.352514,0.129629,8.8,1.803,2,0.4009,0.1141,0.1184,0.0002,0.2714,0.8263,0.3739,0.88
2579,4d8d51534c2fa793,91,9.1,0.467921,0.238809,1.4,1.131,18,0.3185,0.3881,0.8191,0.0039,0.6661,0.9159,0.5698,0.6
2580,5f0674c492137c5c,91,9.1,0.327483,0.124166,6.6,3.412,0,0.1164,0.1461,0.0552,0.0,0.1592,0.6118,0.8689,0.56
2581,2e2df89c087b4b78,91,9.1,0.181234,0.164549,2.8,7.792,0,0.2241,0.257,0.0497,0.0,0.2424,0.0277,0.8109,0.12
2582,d4c2e52bc974dafa,91,9.1,0.289212,0.10042,4.7,2.123,0,0.3302,0.4397,0.9109,0.0072,1.0,0.7836,0.2375,0.12
2583,45652e882637fe1b,91,9.1,0.199809,0.177879,8.2,97.717,0,0.5915,0.1008,0.0613,0.0001,0.1766,0.0,0.5957,0.76
2584,2bcaa361887a2db2,91,9.1,0.314855,0.202161,0.4,3.725,0,0.2457,0.2544,0.0811,0.0,0.1823,0.57,0.7997,0.52
2585,a6e8e3bda5ba3319,91,9.1,0.215342,0.184312,0.0,74.266,0,0.3984,0.0917,0.0914,0.0001,0.4481,0.0,0.7289,0.44
2586,a91396a1dc2dfe52,91,9.1,0.187002,0.057746,7.8,6.745,0,0.0001,0.001,0.0034,0.0,0.1065,0.1673,0.7588,0.36
2587,c4854902dbcc9e76,91,9.1,0.156306,0.146558,3.6,54.753,0,0.24,0.0676,0.1218,0.0001,0.2181,0.0,0.5949,0.32
2588,d06c91798d6d7e78,91,9.1,0.331701,0.255079,2.2,4.076,0,0.2822,0.2175,0.1215,0.0,0.2563,0.5232,0.8123,0.76
2589,cbd72650420abd8,91,9.1,0.15604,0.07925,5.1,8.838,0,0.281,0.2305,0.3309,0.0,0.1717,0.0,0.6966,0.52
2590,e154707c920d2c0e,91,9.1,0.193853,0.19055,6.7,1000000.0,0,0.0001,0.0011,0.0026,0.0,0.1215,0.0,0.8895,0.76
2591,76ecaca565d3d325,91,9.1,0.303045,0.184015,8.9,4.079,0,0.5954,0.2203,0.0701,0.0001,0.185,0.5229,0.6735,0.28
2592,62ae9e359678f2d0,91,9.1,0.21521,0.18485,0.0,121.444,0,0.0032,0.084,0.235,0.0,0.1118,0.0,0.8832,0.68
2593,3f8658b4345f519a,91,9.1,0.197788,0.095021,8.9,5.657,0,0.1141,0.18,0.0571,0.0,0.1759,0.3123,0.4576,0.6
2594,df5914a670ac90a4,91,9.1,0.153316,0.055008,7.3,28.787,0,0.2103,0.1904,0.2733,0.0004,0.2361,0.0,0.7994,0.4
2595,575226869470afe9,91,9.1,0.373291,0.126879,3.8,3.329,0,0.2291,0.1597,0.1745,0.003,0.4672,0.6228,0.7708,1.0
2596,eb762a4d0634f017,91,9.1,0.241642,0.191315,3.9,4.394,0,0.0001,0.001,0.0021,0.0,0.1363,0.4808,0.52,0.68
2597,935b3c28f56aa8ed,91,9.1,0.362219,0.204594,0.2,2.824,0,0.2391,0.1497,0.124,0.0066,0.5042,0.6902,0.7942,1.0
2598,eaa50ed02802c111,91,9.1,0.22531,0.216854,0.8,10.912,0,0.0333,0.0957,0.0804,0.0,0.2164,0.0,0.8815,1.0
2599,2c66cbae71f339b7,91,9.1,0.300227,0.167812,4.8,4.847,0,0.4875,0.505,1.0,0.0003,0.1648,0.4204,0.5685,0.4
2600,225b504d2926ee80,91,9.1,0.349095,0.261962,2.4,4.339,0,0.2445,0.1885,0.2119,0.0001,0.3427,0.4881,0.8304,0.88
2601,5164b5bc7f2950d8,91,9.1,0.158109,0.08203,4.7,14.668,0,0.2709,0.3772,0.6416,0.0002,0.2338,0.0,0.6413,0.28
2602,34e6ae5aaca4bcc2,91,9.1,0.313079,0.183136,2.2,4.551,0,0.0788,0.1867,0.1787,0.0034,0.9518,0.4598,0.8424,1.0
2603,8738d606b3cf5ed1,91,9.1,0.230749,0.208243,2.4,8.461,0,0.2308,0.2207,0.1596,0.0002,0.5157,0.0,0.6639,1.0
2604,4bf09f6cb04186c9,91,9.1,0.536548,0.122251,6.5,1.441,3,0.3909,0.4989,0.8133,0.043,1.0,0.8746,0.8029,0.12
2605,6dc529adf5262665,91,9.1,0.2908,0.152299,2.1,6.624,0,0.3803,0.3026,0.6352,0.0113,0.8858,0.1835,0.4365,1.0
2606,a44d9f5b54c00f51,91,9.1,0.376035,0.168982,8.9,2.463,0,0.1432,0.2406,0.8042,0.0152,0.6236,0.7383,0.804,0.68
2607,dd37eb3c315d190a,91,9.1,0.173089,0.110398,5.3,9.151,0,0.0001,0.0016,0.0046,0.0,0.0357,0.0,0.7247,1.0
2608,526c49ce364abc75,91,9.1,0.350963,0.205901,8.6,3.885,0,0.2313,0.2908,0.1602,0.0003,0.2184,0.5487,0.8359,0.76
2609,87a4a9fc1c46ef0e,91,9.1,0.282595,0.181334,3.8,195.222,0,0.0298,0.1696,0.1384,0.0,0.9337,0.0,0.7404,1.0
2610,3a65753fda992e16,91,9.1,0.227657,0.189707,3.5,1000000.0,0,0.3934,0.3028,0.1735,0.0,0.1794,0.0,0.8196,1.0
2611,f7c3676d60821858,91,9.1,0.213063,0.176651,2.6,1000000.0,0,0.6408,0.2436,0.1775,0.0009,0.3018,0.0,0.5999,0.76
2612,c4ba953536cb93ed,91,9.1,0.497428,0.181765,3.4,2.358,0,0.285,0.3051,0.5334,0.0186,0.9772,0.7523,0.8398,0.36
2613,7f8c29b9dc12e238,91,9.1,0.1992,0.188895,8.3,1000000.0,0,0.3882,0.3057,0.2448,0.0003,0.2804,0.0,0.8243,0.8
2614,55fa4d4d0f208def,91,9.1,0.189024,0.181595,2.2,8.509,0,0.2564,0.1867,0.0766,0.0,0.1978,0.0,0.8598,0.52
2615,24e50500fad2d3eb,91,9.1,0.254548,0.211525,0.1,1000000.0,0,0.5797,0.3382,0.4826,0.0001,0.2411,0.0,0.7087,1.0
2616,505490efe8dfa52d,91,9.1,0.167968,0.165909,9.0,1000000.0,0,0.0,0.0007,0.002,0.0,0.0956,0.0,0.8822,0.4
2617,9c469acf05fcf7ae,91,9.1,0.208294,0.16154,7.4,1000000.0,0,0.6267,0.3536,0.1762,0.0004,0.3163,0.0,0.7786,0.28
2618,5c649c675a2637c2,91,9.1,0.423636,0.192224,2.8,3.083,0,0.4178,0.3008,0.6591,0.0221,1.0,0.6555,0.7964,0.88
2619,4aefbbfeb8ca12b5,91,9.1,0.217405,0.197717,5.4,1000000.0,0,0.339,0.1799,0.0807,0.0,0.5041,0.0,0.7673,0.4
2620,7dbf0d8e82063837,91,9.1,0.18807,0.16759,8.2,11.926,0,0.5235,0.2441,0.077,0.0001,0.1658,0.0,0.698,0.28
2621,5c0d80607ea9d0e5,91,9.1,0.169792,0.112558,7.8,13.58,0,0.0,0.001,0.0026,0.0,0.095,0.0,0.8309,0.6
2622,5727b9d6615302bb,91,9.1,0.283454,0.070714,2.0,3.551,0,0.0001,0.0008,0.0034,0.0,0.1126,0.5932,0.6498,0.44
2623,395fe2ff3fb7015e,91,9.1,0.382667,0.187864,6.6,2.584,0,0.1111,0.176,0.1264,0.0001,0.2384,0.7221,0.8421,0.88
2624,a76cc2c56bed1573,91,9.1,0.196125,0.17371,7.2,115.725,0,0.2315,0.3511,0.1074,0.0,0.1782,0.0,0.8817,0.44
2625,1260424c0cd6e51b,91,9.1,0.17908,0.061632,4.2,13.107,0,0.0,0.0008,0.0019,0.0,0.257,0.0,0.8137,0.44
2626,1ee730ee7dd9c391,91,9.1,0.330111,0.218878,5.7,3.333,0,0.6202,0.2895,0.6778,0.0,0.1668,0.6222,0.6537,0.68
2627,3ea01f9f530ade39,91,9.1,0.417242,0.147516,6.8,1.332,14,0.6784,0.3524,0.1012,0.0011,1.0,0.8891,0.1589,0.28
2628,7ac93c412dc562bd,91,9.1,0.253549,0.137344,7.8,7.655,0,0.0001,0.0009,0.0024,0.0,0.7904,0.0461,0.9265,0.36
2629,a2f1c2c3b84d7ab5,91,9.1,0.456399,0.183713,5.8,3.379,0,0.382,0.3584,0.6686,0.0311,1.0,0.6162,0.7193,0.6
2630,55309d2eebf32c3f,91,9.1,0.121848,0.072326,0.4,1000000.0,0,0.2499,0.0915,0.0846,0.0001,0.3042,0.0,0.0,1.0
2631,76a18f4b76ab5adb,91,9.1,0.255365,0.153132,5.4,14.443,0,0.0572,0.2278,0.1512,0.0,0.6531,0.0,0.7979,0.96
2632,38a768b163e4b12,91,9.1,0.119079,0.090973,7.7,11.763,0,0.081,0.2776,0.2296,0.0003,0.1701,0.0,0.0,1.0
2633,c4c15cfed5f311ea,91,9.1,0.141952,0.103515,1.7,1000000.0,0,0.7212,0.505,0.1611,0.0,0.2662,0.0,0.0,0.32
2634,1b52cd92dadae1b6,91,9.1,0.242896,0.097657,7.9,5.251,0,0.0224,0.1369,0.0784,0.0,0.1317,0.3665,0.7237,0.84
2635,fd28f0919d308e92,91,9.1,0.09257,0.056215,8.5,1000000.0,0,0.3569,0.3325,0.1205,0.0,0.1684,0.0,0.0,0.24
2636,d6dee9da62f91474,91,9.1,0.264958,0.12461,7.2,4.251,0,0.6084,0.1956,0.1685,0.0,0.2048,0.4999,0.3272,0.4
2637,16f656d32741a881,91,9.1,0.203942,0.173088,2.2,1000000.0,0,0.5974,0.0947,0.1808,0.0005,0.2771,0.0,0.6174,0.28
2638,de4e12640f01a5ef,91,9.1,0.194505,0.148614,7.0,11.212,0,0.0988,0.1855,0.1375,0.0001,0.1995,0.0,0.818,0.56
2639,32ccb48bc7a97d27,91,9.1,0.332311,0.213192,0.8,3.839,0,0.1711,0.2862,0.0805,0.0,0.1956,0.5548,0.8815,0.44
2640,acd12257681a4e4e,91,9.1,0.257051,0.120963,5.4,6.555,0,0.2059,0.3926,0.63,0.0019,1.0,0.1927,0.5363,0.12
2641,14dc34758a6f0f74,91,9.1,0.287857,0.134664,7.3,8.239,0,0.5498,0.6663,1.0,0.0182,1.0,0.0,0.6371,0.12
2642,f87d360b127bd9f4,91,9.1,0.268141,0.18436,0.2,5.8,0,0.0806,0.126,0.1589,0.0,0.2245,0.2933,0.8834,0.4
2643,9c3739db6b421549,91,9.1,0.296776,0.105292,6.1,5.144,0,0.4204,0.4372,1.0,0.0006,0.2146,0.3808,0.0,0.36
2644,e5fbb0e1c3c7bb34,91,9.1,0.424871,0.170643,6.7,3.07,0,0.2974,0.4656,0.6849,0.0109,1.0,0.6573,0.87,0.6
2645,e4789f2c191dd703,91,9.1,0.470948,0.200092,4.7,3.063,0,0.3714,0.415,0.8059,0.0234,1.0,0.6582,0.7362,0.8
2646,ef82bf2ff959e248,91,9.1,0.121228,0.086447,8.3,1000000.0,0,0.4837,0.3774,0.1857,0.0,0.1928,0.0,0.0,0.68
2647,ae75233f88c3d1b1,91,9.1,0.22559,0.109707,3.1,6.054,0,0.0079,0.1006,0.1876,0.0,0.1716,0.2594,0.7585,0.56
2648,b3f100e08b2b788b,91,9.1,0.331746,0.084094,8.1,2.34,0,0.0001,0.0012,0.0053,0.0,0.2047,0.7547,0.7422,0.24
2649,16156748cf0937e,91,9.1,0.337881,0.148763,2.4,2.92,0,0.2286,0.248,0.4208,0.0179,0.8414,0.6774,0.5288,0.84
2650,99b500bdd271c02e,91,9.1,0.140127,0.090115,8.4,1000000.0,0,0.4736,0.3488,0.1348,0.0001,0.2599,0.0,0.0,0.8
2651,a15ad23200a0f823,91,9.1,0.305248,0.141883,1.4,3.816,0,0.7226,0.1191,0.1006,0.0001,0.3402,0.5579,0.3736,0.56
2652,764215cba27a6f23,91,9.1,0.202922,0.198364,1.3,1000000.0,0,0.0,0.0008,0.0023,0.0,0.1723,0.0,0.8782,0.84
2653,cf7188c78bd919e,91,9.1,0.233094,0.23075,0.0,1000000.0,0,0.0,0.0015,0.0067,0.0,1.0,0.0,0.4126,0.84
2654,dcd068eae0cc116d,91,9.1,0.227449,0.162997,7.2,1000000.0,0,0.0003,0.0057,0.0121,0.0,0.4685,0.0,0.8677,0.72
2655,598fcc5e25e39837,91,9.1,0.250895,0.184216,2.8,19.577,0,0.0682,0.2074,0.2728,0.0,0.8425,0.0,0.7436,0.24
2656,7bd0d73ff7d999c7,91,9.1,0.089284,0.062852,2.8,1000000.0,0,0.1616,0.1954,0.1643,0.0051,0.3179,0.0,0.0,0.64
2657,a5d7e0bbb2704caa,91,9.1,0.205115,0.200504,8.6,61.061,0,0.0,0.0007,0.0025,0.0,0.1161,0.0,0.8804,1.0
2658,59986945661fd20b,91,9.1,0.398325,0.286962,0.3,5.703,0,0.1806,0.2047,0.3756,0.0001,0.9744,0.3063,0.7861,1.0
2659,c72041184df4b02f,91,9.1,0.405037,0.197849,3.6,2.323,0,0.1814,0.2328,0.3437,0.0018,0.4454,0.7569,0.7125,0.84
2660,c29f74242908e307,91,9.1,0.258758,0.180025,6.4,7.15,0,0.9209,0.2824,0.1349,0.0002,0.434,0.1133,0.7801,0.48
2661,c25533632256b9ef,91,9.1,0.273144,0.129466,0.6,5.75,0,0.5699,0.192,0.1518,0.0001,0.2351,0.3,0.6735,0.52
2662,fbefad0bd5c9ca2e,91,9.1,0.109759,0.077834,1.1,1000000.0,0,0.5647,0.2597,0.1356,0.0001,0.2034,0.0,0.0,0.4
2663,d6283f092796e8fb,91,9.1,0.378761,0.11131,5.5,4.978,0,0.2756,0.3554,0.687,0.0131,0.8672,0.4029,0.5985,0.32
2664,360bc27ac2891f7d,91,9.1,0.276478,0.20543,0.9,8.696,0,0.307,0.3448,0.8436,0.0002,0.3212,0.0,0.7956,0.6
2665,89c510c220f6337d,91,9.1,0.277882,0.172309,8.9,5.982,0,0.502,0.2894,0.0806,0.0023,0.304,0.2691,0.7286,0.6
2666,1d302fb836ef9d80,91,9.1,0.264066,0.169222,3.8,5.461,0,0.1358,0.164,0.0923,0.0053,1.0,0.3385,0.904,0.4
2667,ab4abbd19015dacf,91,9.1,0.342054,0.121879,1.2,3.003,0,0.2559,0.3023,0.2974,0.0,0.2394,0.6662,0.6569,0.68
2668,51820e3a332b4320,91,9.1,0.161771,0.142544,7.4,18.746,0,0.7202,0.1491,0.045,0.0001,0.1768,0.0,0.4661,0.16
2669,fd8d95210a2899,91,9.1,0.13849,0.101155,0.4,1000000.0,0,0.7224,0.0258,0.0487,0.0001,0.1692,0.0,0.3208,0.24
2670,30990e784cfd3fe7,91,9.1,0.235115,0.177361,0.5,4.713,0,0.4074,0.21,0.1339,0.0,0.1945,0.4382,0.5854,0.6
2671,51df0a448f51c9bf,91,9.1,0.345859,0.144145,5.5,5.256,0,0.2179,0.272,0.5423,0.0179,1.0,0.3658,0.6854,0.44
2672,df45d7208c9c2b28,91,9.1,0.279243,0.209584,5.0,5.342,0,0.3358,0.2216,0.1148,0.0,0.2419,0.3544,0.738,0.72
2673,3f62ed5e28985cd,91,9.1,0.573256,0.23876,5.7,2.916,0,0.3882,0.3559,1.0,0.0041,1.0,0.6778,0.6444,0.84
2674,223d8621da4c8092,91,9.1,0.498474,0.140951,8.6,3.678,0,0.2283,0.4232,0.6553,0.0375,1.0,0.5763,0.8327,0.72
2675,65ab3cac4b08b85b,91,9.1,0.188724,0.149438,4.8,19.789,0,0.2777,0.2394,0.1474,0.0001,0.1711,0.0,0.6611,0.76
2676,bbff1d4d12f0eb2f,91,9.1,0.321731,0.154508,6.4,1.778,5,0.5601,0.2663,0.1105,0.0002,0.3223,0.8296,0.493,0.6
2677,2f0a094cd7fdaa29,91,9.1,0.2188,0.213227,0.8,35.581,0,0.0001,0.0009,0.0046,0.0,0.3194,0.0,0.8829,0.8
2678,e2b27fdb2158924e,91,9.1,0.283048,0.113231,8.4,3.907,0,0.0001,0.0019,0.0048,0.0,0.1378,0.5457,0.6757,0.64
2679,1954600015267817,91,9.1,0.216167,0.105082,7.2,11.353,0,0.4308,0.3307,0.6611,0.026,1.0,0.0,0.0,0.04
2680,d19bfc09ca286dcf,91,9.1,0.073037,0.050072,4.7,1000000.0,0,0.284,0.2098,0.1747,0.0002,0.1804,0.0,0.0,0.12
2681,66b7f0759f8d17a,91,9.1,0.325302,0.047304,7.3,2.459,0,0.0723,0.1248,0.0481,0.0,0.1845,0.7388,0.7328,0.24
2682,84c5dc3696a0f5ff,91,9.1,0.191307,0.107045,7.6,99.894,0,0.3383,0.3774,1.0,0.0002,0.2631,0.0,0.0,0.44
2683,dd0a1c54476a111d,91,9.1,0.199256,0.198017,4.0,1000000.0,0,0.0001,0.0007,0.0021,0.0,0.0692,0.0,0.8716,1.0
2684,958c1aa464fda4aa,91,9.1,0.191638,0.186536,0.0,1000000.0,0,0.0002,0.0085,0.0472,0.0,0.3761,0.0,0.5397,1.0
2685,6883f52924107a28,91,9.1,0.132143,0.097592,0.7,162.438,0,0.4007,0.103,0.0743,0.0,0.1913,0.0,0.3916,0.2
2686,2cff7c43a2c53da3,91,9.1,0.214512,0.190793,0.5,1000000.0,0,0.5515,0.1656,0.3081,0.0001,0.2304,0.0,0.7058,0.68
2687,e0a91d548e364a6,91,9.1,0.297318,0.156064,5.2,4.132,0,0.1147,0.2336,0.3268,0.0034,1.0,0.5157,0.3832,1.0
2688,d9439f16dd987980,91,9.1,0.155687,0.081864,0.8,1000000.0,0,0.2739,0.3193,0.3485,0.0005,0.8162,0.0,0.6956,0.12
2689,d4fc5263ae2c3769,91,9.1,0.18246,0.10525,2.7,8.299,0,0.1551,0.1838,0.3526,0.0079,0.4119,0.0,0.6096,0.48
2690,2d0a239ed5e0f05,91,9.1,0.198561,0.086687,8.9,4.185,0,0.5629,0.0718,0.1942,0.0002,0.2119,0.5086,0.0,0.2
2691,73df54534f6773cb,91,9.1,0.198369,0.189495,4.8,53.893,0,0.0001,0.0013,0.0038,0.0,0.1486,0.0,0.8673,0.84
2692,58516a4ab66ddf70,91,9.1,0.169921,0.169726,6.2,1000000.0,0,0.0001,0.0008,0.0023,0.0,0.1279,0.0,0.8845,0.36
2693,711c5803cce6544f,91,9.1,0.226469,0.076827,2.2,4.804,0,0.0855,0.2876,0.1361,0.0001,0.1761,0.4262,0.6226,0.4
2694,fc9a068522aa21a0,91,9.1,0.290709,0.221396,7.5,5.323,0,0.1436,0.1792,0.0913,0.0088,0.385,0.3569,0.8624,0.92
2695,d47b3e0f41245449,91,9.1,0.275571,0.147409,7.5,4.433,0,0.093,0.2311,0.1675,0.0,0.1673,0.4757,0.8733,0.52
2696,9b43a71d978b247f,91,9.1,0.364059,0.186716,0.8,2.802,0,0.3746,0.4613,0.8046,0.0102,1.0,0.6931,0.7572,0.88
2697,888e50f3215e3696,91,9.1,0.261274,0.129082,7.4,14.064,0,0.2155,0.2914,0.6728,0.025,0.6241,0.0,0.887,0.4
2698,4487844b1929c83b,91,9.1,0.319212,0.149113,4.7,2.381,0,0.5578,0.2879,0.0932,0.0041,1.0,0.7492,0.0,1.0
2699,a8ff813f4bf9a1fb,91,9.1,0.223184,0.206453,8.9,13.573,0,0.0674,0.2655,0.1275,0.0,0.1754,0.0,0.8817,1.0
2700,8c2f62949e8f2037,91,9.1,0.184458,0.116528,7.7,11.249,0,0.0,0.0008,0.0024,0.0,0.1195,0.0,0.7833,0.96
2701,b8309495cd0083c7,91,9.1,0.231223,0.101864,6.4,12.558,0,0.5129,0.3408,0.7326,0.03,1.0,0.0,0.0,0.04
2702,4bb0c57100fd4997,91,9.1,0.119603,0.097058,6.8,106.659,0,0.4669,0.3618,0.1705,0.0001,0.2002,0.0,0.2161,0.64
2703,cdb245fd0f2a8936,91,9.1,0.24953,0.180954,0.2,6.295,0,0.0613,0.1574,0.0466,0.0,0.1643,0.2274,0.8767,0.52
2704,feafa328cf6321b,91,9.1,0.409989,0.331044,3.4,4.789,0,0.1979,0.14,0.0711,0.0,1.0,0.4282,0.8915,0.72
2705,93cb0c9797482b86,91,9.1,0.201643,0.112844,1.8,28.975,0,0.0008,0.0155,0.0301,0.0,0.094,0.0,0.8666,1.0
2706,ecf8fd6e4c2f6cbc,91,9.1,0.103616,0.079364,7.7,1000000.0,0,0.1679,0.2206,0.1777,0.0,0.2819,0.0,0.0,0.76
2707,403bd2edc778a617,91,9.1,0.213708,0.151614,3.6,65.796,0,0.2622,0.3366,0.1509,0.0005,0.4025,0.0,0.8784,0.6
2708,fdc6ea6c19cf9d8b,91,9.1,0.256878,0.199118,0.8,5.11,0,0.1555,0.1197,0.0413,0.0,0.1661,0.3853,0.8723,0.44
2709,d697922cc623aec1,91,9.1,0.15593,0.034905,2.9,6.897,0,0.0186,0.2026,0.1311,0.0,0.119,0.1471,0.6209,0.28
2710,efebe11a63122270,91,9.1,0.241781,0.140571,6.1,14.618,0,0.6229,0.2635,0.1744,0.0004,0.3523,0.0,0.8091,0.16
2711,9428e9fe728e6a2d,91,9.1,0.21788,0.102621,2.3,9.672,0,0.6072,0.5648,0.9956,0.0484,0.5422,0.0,0.0,0.28
2712,367bd9d52428eb89,91,9.1,0.105995,0.087399,7.7,1000000.0,0,0.1786,0.1769,0.096,0.0001,0.4466,0.0,0.2055,0.44
2713,634209e2576f2b32,91,9.1,0.253469,0.24103,0.4,20.893,0,0.0273,0.1334,0.0818,0.0,0.5847,0.0,0.7619,1.0
2714,f3afb1ab47cb9c6c,91,9.1,0.323133,0.185842,3.6,5.321,0,0.5969,0.6663,1.0,0.0007,0.4828,0.3571,0.4765,1.0
2715,c1a6cfbb842e28ea,91,9.1,0.05056,0.04621,6.9,1000000.0,0,0.0001,0.0008,0.0021,0.0,0.1402,0.0,0.0,0.56
2716,850f67769a4b02a9,91,9.1,0.168666,0.162057,0.3,1000000.0,0,0.0001,0.001,0.0028,0.0,0.0839,0.0,0.8805,0.44
2717,47e62a389a630478,91,9.1,0.438711,0.289744,0.2,4.049,0,0.117,0.2112,0.3266,0.0007,1.0,0.5269,0.8818,0.28
2718,a714147916bfc307,91,9.1,0.296817,0.198723,0.5,4.49,0,0.1246,0.1607,0.059,0.0,0.1943,0.468,0.8818,0.52
2719,762a384d6ad1755d,91,9.1,0.343934,0.086747,4.4,2.539,0,0.2564,0.342,0.1623,0.0,0.1707,0.7281,0.7801,0.4
2720,f3c54991ba0a10ad,91,9.1,0.303024,0.218106,2.6,3.956,0,0.2336,0.1899,0.0356,0.0,0.1698,0.5392,0.879,0.28
2721,71367e04b3228736,91,9.1,0.227334,0.20011,9.0,15.936,0,0.4724,0.2094,0.1183,0.0002,0.1981,0.0,0.7029,0.92
2722,a7c930dd7d69759a,91,9.1,0.343464,0.194167,8.9,1.89,2,0.3505,0.3811,0.1448,0.0005,0.312,0.8147,0.3824,0.68
2723,60dd3e55bbe2d8ce,91,9.1,0.327347,0.177577,0.5,5.098,0,0.4695,0.5532,1.0,0.0116,0.5286,0.387,0.7586,0.64
2724,4b8f145e34920f40,91,9.1,0.210957,0.193061,1.8,1000000.0,0,0.2861,0.1913,0.1456,0.0001,0.1768,0.0,0.8611,0.64
2725,342b9050dda686ee,91,9.1,0.355128,0.101702,2.4,2.92,0,0.0,0.0006,0.0029,0.0,0.1331,0.6774,0.8235,0.84
2726,4788890e83a0342,91,9.1,0.432589,0.206291,6.0,3.461,0,0.2813,0.3393,0.7828,0.0144,1.0,0.6052,0.7994,0.56
2727,9ab95f7765292a89,91,9.1,0.209924,0.178789,0.0,22.375,0,0.3619,0.2281,0.082,0.0001,0.2431,0.0,0.6919,0.64
2728,e682a563791df3ad,91,9.1,0.065484,0.061223,0.2,1000000.0,0,0.0004,0.0059,0.037,0.0,0.1568,0.0,0.0,0.72
2729,39550e90046b44a1,91,9.1,0.18902,0.126252,8.8,1000000.0,0,0.3987,0.2713,0.1725,0.0008,0.4918,0.0,0.5318,0.76
2730,a711f3229d9c486a,91,9.1,0.075858,0.07315,1.6,1000000.0,0,0.0,0.0008,0.0016,0.0,0.211,0.0,0.0,0.84
2731,259093bc43de9ca4,91,9.1,0.283972,0.164722,5.1,7.837,0,0.4578,0.4974,1.0,0.002,0.2527,0.0217,0.6606,0.36
2732,efa48148d137609a,91,9.1,0.26566,0.208162,4.9,4.353,0,0.3984,0.2281,0.1684,0.002,0.4267,0.4863,0.8235,0.92
2733,83ab0e98363653e4,91,9.1,0.210965,0.106487,5.4,26.511,0,0.0276,0.2058,0.1338,0.0,0.2697,0.0,0.8127,1.0
2734,5579d501e93dac8e,91,9.1,0.191671,0.119797,8.9,6.198,0,0.7258,0.0574,0.0856,0.0,0.1778,0.2403,0.345,0.24
2735,8c5d6ab0793ed4bf,91,9.1,0.100247,0.086617,1.9,1000000.0,0,0.7223,0.0297,0.0677,0.0003,0.2288,0.0,0.0,0.24
2736,6a5d1efc77548cf8,91,9.1,0.325224,0.176169,5.3,73.956,0,0.5038,0.4624,1.0,0.0001,0.1989,0.0,0.806,0.44
2737,e8b29158c247878a,91,9.1,0.291635,0.110396,6.4,3.647,0,0.4743,0.2442,0.0988,0.0001,0.2318,0.5804,0.5722,0.28
2738,a694cb46f2ac8bfc,91,9.1,0.179875,0.154058,1.5,1000000.0,0,0.4156,0.2113,0.184,0.0001,0.1853,0.0,0.7316,0.08
2739,6c71fdb0d571634e,91,9.1,0.228137,0.209018,2.9,39.832,0,0.0447,0.1188,0.0848,0.0001,0.9912,0.0,0.234,1.0
2740,75e76b70bbe103a4,91,9.1,0.086352,0.071302,8.2,1000000.0,0,0.4021,0.0395,0.1097,0.0003,0.2976,0.0,0.0,0.32
2741,56cdfc25fbad7fe0,91,9.1,0.192756,0.171574,8.5,11.386,0,0.1442,0.1301,0.1117,0.0002,0.1851,0.0,0.7267,0.72
2742,c5d9968807f4f002,91,9.1,0.313594,0.209008,0.2,4.196,0,0.1741,0.1803,0.2694,0.0,0.1884,0.5072,0.8806,0.28
2743,fc5af66c72f5ea38,91,9.1,0.198046,0.184952,8.5,16.115,0,0.2214,0.39,0.1563,0.0003,0.2548,0.0,0.7669,0.56
2744,e5475f7171d4cdbf,91,9.1,0.296668,0.154852,8.5,3.776,0,0.0298,0.0751,0.103,0.0,0.1783,0.5632,0.7779,0.6
2745,46180e423355795d,91,9.1,0.263765,0.111714,0.2,4.808,0,0.2422,0.1711,0.0468,0.0,0.3068,0.4256,0.5547,0.64
2746,64996c267ff26a1a,91,9.1,0.136482,0.076554,8.5,6.91,0,0.3583,0.3295,0.2894,0.0,0.1633,0.1453,0.0,0.64
2747,89f2775f1a21e722,91,9.1,0.101269,0.08815,8.0,1000000.0,0,0.7218,0.0277,0.0457,0.0004,0.2543,0.0,0.0,0.24
2748,2061c0e610fd00a0,91,9.1,0.269073,0.200278,8.1,31.66,0,0.1156,0.1964,0.1023,0.0001,0.7809,0.0,0.7525,0.72
2749,b944751b903ecc13,91,9.1,0.349044,0.229036,7.7,3.646,0,0.5598,0.267,0.0518,0.0001,0.2957,0.5806,0.8392,0.68
2750,208589dd6730f135,91,9.1,0.226377,0.190683,2.6,273.421,0,0.637,0.2921,0.1069,0.0002,0.3404,0.0,0.5891,0.96
2751,6b68f3f2477979a9,91,9.1,0.076274,0.058974,3.7,1000000.0,0,0.3954,0.1194,0.0949,0.0001,0.2433,0.0,0.0,0.32
2752,eecec1e6217b3ac0,91,9.1,0.459523,0.245996,2.9,2.572,0,0.3461,0.2652,0.0996,0.0001,0.8163,0.7237,0.5881,1.0
2753,e61f9bcb8370d75a,91,9.1,0.178094,0.150887,1.5,11.019,0,0.0295,0.0589,0.0424,0.0,0.1764,0.0,0.7491,0.8
2754,4152057d0935189e,91,9.1,0.17764,0.159895,0.0,22.811,0,0.0137,0.0494,0.0449,0.0,0.1408,0.0,0.8817,0.44
2755,543ffadc402d9f6b,91,9.1,0.16678,0.164095,1.3,1000000.0,0,0.0001,0.0009,0.0028,0.0,0.1495,0.0,0.8786,0.28
2756,edeb0a439fd98015,91,9.1,0.229785,0.112861,2.3,29.959,0,0.0756,0.3234,0.4089,0.007,0.3881,0.0,0.882,1.0
2757,7e9e53a3179503f0,91,9.1,0.40066,0.200334,8.9,2.664,0,0.1103,0.1658,0.1161,0.0,0.4272,0.7115,0.8838,0.44
2758,4b1cbd52b257f50d,91,9.1,0.249327,0.21482,2.1,6.885,0,0.1518,0.1763,0.1008,0.0,0.2229,0.1487,0.8796,0.88
2759,6464319ba7e80df7,91,9.1,0.433289,0.179938,1.7,1.523,6,0.4695,0.4956,0.9305,0.0116,0.6228,0.8636,0.6988,0.64
2760,5f18e96cb15ba923,91,9.1,0.19431,0.158901,7.7,116.322,0,0.1626,0.346,0.1775,0.0,0.1772,0.0,0.8823,0.24
2761,c2cb82344c439fc1,91,9.1,0.186604,0.17904,8.9,10.986,0,0.0367,0.0665,0.0656,0.0,0.2045,0.0,0.8698,0.48
2762,3e98f8b3a9f9816f,91,9.1,0.25557,0.229935,6.6,68.709,0,0.1364,0.1803,0.0783,0.0001,0.5973,0.0,0.8775,1.0
2763,b86796a750e861ac,91,9.1,0.343149,0.168699,0.5,7.119,0,0.4353,0.6413,1.0,0.0013,0.4461,0.1174,0.6861,0.4
2764,f8384ffba588e14b,91,9.1,0.458118,0.134499,7.2,2.666,0,0.128,0.2485,0.4013,0.0085,1.0,0.7111,0.7659,0.44
2765,2915e792daf3dcd4,91,9.1,0.171467,0.073134,2.8,15.24,0,0.1495,0.2367,0.1171,0.0,0.1845,0.0,0.7575,0.44
2766,943e908dbaca7e51,91,9.1,0.332303,0.140294,3.7,5.383,0,0.2554,0.3087,0.4607,0.0165,0.9879,0.3489,0.7076,0.52
2767,b10075236756d307,91,9.1,0.247592,0.220865,7.9,53.018,0,0.1466,0.2481,0.1022,0.0,0.2947,0.0,0.815,1.0
2768,f0876ed86bf0b8db,91,9.1,0.229488,0.131674,6.1,4.204,0,0.321,0.2696,0.1795,0.0002,0.2933,0.5061,0.0851,0.72
2769,e803dc70941cff2a,91,9.1,0.414504,0.153553,3.2,2.888,0,0.401,0.4342,0.644,0.0187,1.0,0.6816,0.7468,0.2
2770,322c22f229442e56,91,9.1,0.216978,0.127247,5.9,7.868,0,0.5196,0.3613,0.6545,0.024,1.0,0.0176,0.2633,0.24
2771,2e1950d6b71df89d,91,9.1,0.080799,0.062895,7.0,1000000.0,0,0.3996,0.1985,0.0698,0.0,0.2152,0.0,0.0,0.16
2772,cf41c15eb6af416e,91,9.1,0.349826,0.303333,0.2,6.245,0,0.1278,0.1665,0.0854,0.0,1.0,0.234,0.7675,1.0
2773,ba6ba8479a53db26,91,9.1,0.273887,0.086347,1.6,3.888,0,0.431,0.3452,0.1256,0.0001,0.175,0.5482,0.7019,0.56
2774,bece79b28dbcf24,91,9.1,0.430335,0.210947,1.9,0.936,10,0.174,0.2007,0.3916,0.0077,0.984,0.9418,0.8582,0.48
2775,905d3f821967bc2d,91,9.1,0.285248,0.096174,6.0,2.092,0,0.4001,0.1422,0.1115,0.0,0.4401,0.7878,0.1979,0.52
2776,836a314b6617f56d,91,9.1,0.293554,0.195653,6.5,35.762,0,0.6664,0.2555,0.1332,0.0005,1.0,0.0,0.5992,0.52
2777,77370c0ab03520c9,91,9.1,0.160279,0.130401,2.8,1000000.0,0,0.0001,0.0011,0.0027,0.0,0.2147,0.0,0.608,0.76
2778,aec8dba19149ad6a,91,9.1,0.102893,0.060511,4.1,1000000.0,0,0.0001,0.001,0.0027,0.0,0.0645,0.0,0.3455,0.76
2779,be8a6da12a0e5953,91,9.1,0.394359,0.212955,4.7,3.374,0,0.2777,0.3351,0.6661,0.0012,1.0,0.6168,0.733,0.44
2780,99b618d17ad7a4a5,91,9.1,0.467104,0.160521,7.2,4.043,0,0.3479,0.553,0.9816,0.0223,0.9282,0.5276,0.8369,0.52
2781,bfe4e4ffb91c9b58,91,9.1,0.170132,0.065365,8.5,15.275,0,0.0001,0.0019,0.0054,0.0,0.175,0.0,0.7858,0.6
2782,5863880d1de34cc6,91,9.1,0.151386,0.064558,2.3,9.639,0,0.0,0.0008,0.0023,0.0,0.1226,0.0,0.6868,0.6
2783,7b2f7f16a8d62a62,91,9.1,0.355299,0.166903,8.2,1.922,2,0.268,0.423,0.651,0.0161,0.7381,0.8104,0.5172,0.64
2784,a223d749874f2761,91,9.1,0.127434,0.082919,6.2,1000000.0,0,0.5804,0.4019,0.3326,0.0001,0.1697,0.0,0.0,0.28
2785,636c79c91b352e51,91,9.1,0.327344,0.185644,4.1,4.908,0,0.398,0.3773,0.7308,0.0017,0.5084,0.4122,0.7663,0.36
2786,696b4d5ba8debda2,91,9.1,0.360436,0.047828,5.8,1.977,1,0.001,0.0177,0.0319,0.0,0.1035,0.803,0.8692,0.32
2787,ac78dc873c4ed399,91,9.1,0.111287,0.077024,0.9,1000000.0,0,0.5163,0.349,0.4051,0.008,0.5944,0.0,0.0,0.16
2788,7faffff4eb79ad59,91,9.1,0.14336,0.091944,5.9,7.683,0,0.4732,0.2873,0.1613,0.0012,0.6457,0.0423,0.0,0.16
2789,24d85fcf49e668a7,91,9.1,0.200269,0.173147,2.6,11.759,0,0.6641,0.241,0.3522,0.0001,0.1896,0.0,0.5017,0.52
2790,7e3504a2cdaae528,91,9.1,0.179571,0.156059,4.0,20.519,0,0.1068,0.1683,0.2169,0.0,0.1807,0.0,0.7984,0.28
2791,270be06548cda2db,91,9.1,0.208359,0.131334,6.0,7.281,0,0.2572,0.2994,0.589,0.0179,1.0,0.0959,0.6688,0.16
2792,dcc265ec4e22a564,91,9.1,0.492148,0.235711,0.2,1.405,17,0.3583,0.7754,0.7078,0.0044,0.5542,0.8793,0.7801,0.56
2793,ca606aef8870d31e,91,9.1,0.114474,0.094374,8.8,11.477,0,0.1615,0.0462,0.1531,0.0005,0.2626,0.0,0.1513,1.0
2794,3c4dd87a4da74644,91,9.1,0.220679,0.1888,6.6,1000000.0,0,0.4161,0.1502,0.0709,0.0012,1.0,0.0,0.8419,0.36
2795,67d2dd99d9697977,91,9.1,0.185793,0.182181,2.1,11.001,0,0.0001,0.001,0.0041,0.0,0.182,0.0,0.8037,0.72
2796,80416df2b4c3b730,91,9.1,0.294196,0.139853,1.1,48.171,0,0.2243,0.3203,0.6337,0.0184,1.0,0.0,0.9102,0.32
2797,6bcb517985bc63e0,91,9.1,0.242582,0.2294,4.9,12.535,0,0.0673,0.1165,0.0655,0.0033,0.5715,0.0,0.7337,1.0
2798,a2e9ecbfc6aa88c9,91,9.1,0.430846,0.171395,8.3,3.352,0,0.3351,0.3452,1.0,0.0038,0.8452,0.6197,0.7813,0.28
2799,43cd055b5de535a4,91,9.1,0.046014,0.035331,8.7,1000000.0,0,0.0001,0.0011,0.0035,0.0,0.1455,0.0,0.0453,0.36
2800,550302ac23c0dbf2,91,9.1,0.237307,0.108621,3.6,5.645,0,0.0001,0.0009,0.0024,0.0,0.1348,0.314,0.6141,0.88
2801,6e7a08503f6c87f8,91,9.1,0.289017,0.167004,6.0,4.058,0,0.2389,0.1258,0.1159,0.0,0.1991,0.5256,0.8009,0.12
2802,b7f451848c6b20a6,91,9.1,0.352965,0.13704,6.5,3.403,0,0.5632,0.6156,1.0,0.0011,0.3676,0.6129,0.8182,0.16
2803,8efe1b32d4b36ae5,91,9.1,0.21177,0.142294,7.5,6.495,0,0.0001,0.0007,0.0018,0.0,0.1603,0.2007,0.8589,1.0
2804,375de106ec19d208,91,9.1,0.184415,0.146961,3.9,8.694,0,0.2749,0.2212,0.1579,0.0046,0.4271,0.0,0.522,0.52
2805,21e81a726c7af6c4,91,9.1,0.183137,0.099311,7.3,13.752,0,0.0,0.0013,0.0029,0.0,0.1879,0.0,0.7502,0.84
2806,de18b92a9564740c,91,9.1,0.181091,0.176381,7.7,1000000.0,0,0.0001,0.001,0.0028,0.0,0.1182,0.0,0.8549,0.64
2807,d1519ec74ccb9a14,91,9.1,0.219297,0.178106,0.4,13.726,0,0.1097,0.1582,0.5582,0.0034,0.4545,0.0,0.5346,1.0
2808,5b45568fd5819500,91,9.1,0.199799,0.118652,2.6,6.194,0,0.2749,0.25,0.1653,0.0008,0.8123,0.2407,0.4688,0.08
2809,ac706c38a4f2f589,91,9.1,0.317597,0.140383,1.3,3.409,0,0.3728,0.3953,0.6372,0.0228,0.9513,0.6121,0.5067,0.48
2810,fcba09627d55a608,91,9.1,0.482528,0.250603,5.5,3.934,0,0.4137,0.5044,1.0,0.0066,0.5348,0.5421,0.8346,0.2
2811,4be24b691b2470c,91,9.1,0.348244,0.101442,6.6,1.948,1,0.0216,0.185,0.122,0.0,0.098,0.8069,0.8174,0.24
2812,1ddc2bf8174ad085,91,9.1,0.344414,0.132939,7.8,2.5,0,0.4433,0.207,0.0868,0.0,0.1743,0.7333,0.7379,0.2
2813,84c959bfd8511437,91,9.1,0.27755,0.133831,9.0,18.577,0,0.6599,1.0,1.0,0.0001,0.1675,0.0,0.5087,0.28
2814,cd186dcc0afbba98,91,9.1,0.127293,0.06971,1.3,6.305,0,0.3272,0.3069,0.1174,0.0007,0.2616,0.226,0.4648,0.12
2815,8fe74a0eb7719a32,91,9.1,0.216074,0.143809,1.4,13.379,0,0.7194,0.2883,0.1893,0.0014,1.0,0.0,0.2597,0.12
2816,d711ef8736b35a11,91,9.1,0.243703,0.100933,7.5,1000000.0,0,0.6427,0.6646,1.0,0.0001,0.1842,0.0,0.0,0.4
2817,7f9374174de19791,91,9.1,0.215589,0.134478,7.8,4.885,0,0.3267,0.1575,0.3872,0.0013,0.25,0.4153,0.4174,0.48
2818,2e61065ab70670fb,91,9.1,0.276552,0.150384,2.1,3.81,0,0.493,0.2201,0.122,0.0233,0.7692,0.5587,0.3598,0.84
2819,3cf54a117e348dbb,91,9.1,0.131461,0.078671,3.9,1000000.0,0,0.4729,0.2918,0.6512,0.0297,0.3953,0.0,0.0,0.2
2820,7b0728fc30f8a7be,91,9.1,0.205236,0.187285,6.4,34.782,0,0.2219,0.2831,0.107,0.0,0.189,0.0,0.8775,0.6
2821,6b51260bffc764b1,91,9.1,0.255512,0.185249,1.6,3.619,0,0.0001,0.001,0.0045,0.0,0.1572,0.5842,0.3634,0.68
2822,7c9ca3edb786f8de,91,9.1,0.043129,0.037007,8.9,1000000.0,0,0.0004,0.0061,0.0282,0.0,0.1982,0.0,0.0,0.32
2823,b512ddab124c56da,91,9.1,0.208031,0.051457,6.5,6.091,0,0.0016,0.0317,0.0864,0.0,0.1637,0.2546,0.7914,0.24
2824,573c78627ee32903,91,9.1,0.382158,0.163498,4.0,3.281,0,0.3122,0.3692,0.9055,0.0145,0.7925,0.6292,0.5736,1.0
2825,aa6650b87008d8a,91,9.1,0.210062,0.183031,3.8,12.236,0,0.4569,0.1727,0.0334,0.0007,0.5008,0.0,0.7175,0.32
2826,b7aa9013f8baa692,91,9.1,0.205584,0.165385,2.4,15.756,0,0.4569,0.2448,0.1294,0.0012,0.4659,0.0,0.6396,0.52
2827,882a4042ccea98cc,91,9.1,0.248313,0.234487,7.1,25.775,0,0.0655,0.1117,0.1109,0.0,0.3344,0.0,0.8877,1.0
2828,c486d5515c47b0cf,91,9.1,0.191051,0.173663,5.0,24.791,0,0.6012,0.1112,0.1272,0.0002,0.2469,0.0,0.5322,0.6
2829,fe22110bf592cff,91,9.1,0.17139,0.143487,0.3,13.663,0,0.7222,0.0598,0.0503,0.0001,0.2003,0.0,0.5814,0.16
2830,11cf980fbc30c12a,91,9.1,0.360596,0.077484,7.0,1.771,3,0.0015,0.0214,0.0857,0.0,0.0392,0.8305,0.8434,0.4
2831,75b7b9b342ad9537,91,9.1,0.277236,0.071869,8.9,3.584,0,0.0001,0.0008,0.0026,0.0,0.1324,0.5889,0.6042,0.52
2832,d8ce089aad46122a,91,9.1,0.209301,0.182195,8.3,25.723,0,0.0734,0.0876,0.0738,0.0,0.1637,0.0,0.8998,1.0
2833,986ec60ccac2e5ea,91,9.1,0.364562,0.221171,0.2,3.413,0,0.1608,0.2773,0.1784,0.0,0.3756,0.6116,0.8802,0.32
2834,4ac67aa287a22fa7,91,9.1,0.223262,0.200893,1.2,1000000.0,0,0.4176,0.2084,0.1153,0.0,0.2781,0.0,0.7827,0.84
2835,92ec6d4b3123cd5,91,9.1,0.187483,0.173955,0.8,12.426,0,0.0293,0.1209,0.0753,0.0,0.1937,0.0,0.8658,0.4
2836,a8f1c6e17ce8b49,91,9.1,0.28082,0.123178,2.5,3.989,0,0.0001,0.0013,0.0033,0.0,0.2547,0.5348,0.8459,0.52
2837,bd70fa8e6317b4e3,91,9.1,0.197259,0.126168,6.8,1000000.0,0,0.6485,0.3061,0.296,0.0013,0.2023,0.0,0.7047,0.4
2838,71a708e98f8f38fb,91,9.1,0.209989,0.185844,4.3,282.803,0,0.6387,0.3461,0.0848,0.0003,0.2887,0.0,0.6827,1.0
2839,b689ed48223b4f14,91,9.1,0.202218,0.186908,2.5,1000000.0,0,0.2002,0.1831,0.1291,0.0001,0.9343,0.0,0.0,1.0
2840,7cb8aaab7c42b330,91,9.1,0.185731,0.166858,4.1,17.065,0,0.5821,0.2436,0.0615,0.0001,0.2226,0.0,0.5861,0.52
2841,14a889574da8ef0e,91,9.1,0.362774,0.253348,2.5,3.347,0,0.2767,0.265,0.0639,0.0,0.1674,0.6205,0.8804,0.68
2842,df008eb205923da5,91,9.1,0.18855,0.180347,1.4,1000000.0,0,0.0001,0.0013,0.0027,0.0,0.2057,0.0,0.8829,0.52
2843,d4a7a968a36c6dc8,91,9.1,0.164238,0.155291,1.5,139.074,0,0.0001,0.0012,0.0035,0.0,0.0285,0.0,0.8616,0.52
2844,229fae5687e821e2,91,9.1,0.205236,0.092562,0.1,4.675,0,0.2952,0.2028,0.0634,0.0,0.1645,0.4433,0.6651,0.56
2845,ef1fc6670641b6b8,91,9.1,0.155522,0.114819,4.5,29.816,0,0.1167,0.2419,0.4465,0.0001,0.2892,0.0,0.1612,1.0
2846,5fce8fea8c4e9988,91,9.1,0.161801,0.069045,2.6,5.286,0,0.3978,0.1762,0.1579,0.0001,0.2359,0.3619,0.0501,0.24
2847,c1f4eb7391a38b5b,91,9.1,0.17866,0.077381,2.5,4.669,0,0.3117,0.2367,0.1951,0.0,0.1915,0.4442,0.7575,0.44
2848,183d802e853f971c,91,9.1,0.366214,0.112687,0.2,3.983,0,0.3987,0.5086,1.0,0.0106,0.5771,0.5356,0.7346,0.2
2849,490921a35bc3bb31,91,9.1,0.355604,0.087183,7.4,2.251,0,0.0001,0.0008,0.0032,0.0,0.2183,0.7666,0.7822,0.44
2850,595d099bd811b28a,91,9.1,0.135146,0.133437,7.3,1000000.0,0,0.0006,0.0084,0.0183,0.0,0.6097,0.0,0.0,1.0
2851,d786325e3d746549,91,9.1,0.214302,0.176595,0.3,38.081,0,0.7126,0.1328,0.1318,0.0002,0.3538,0.0,0.3276,1.0
2852,c38a11a3f52e3d7c,91,9.1,0.263458,0.141172,7.1,4.609,0,0.6893,0.2723,0.1577,0.0002,0.2004,0.4522,0.6126,0.16
2853,ceca20e506b441f3,91,9.1,0.348934,0.223115,1.4,33.221,0,0.7074,0.7653,1.0,0.0003,0.3253,0.0,0.5668,0.56
2854,d63a35a53cdbd7e1,91,9.1,0.230763,0.173081,0.5,13.999,0,0.7132,0.3623,0.2215,0.0001,0.1882,0.0,0.4317,1.0
2855,f5e4072e8d2646f8,91,9.1,0.115954,0.076372,0.0,18.427,0,0.0716,0.1384,0.0913,0.0,0.2828,0.0,0.275,0.44
2856,ea0b255e0f10ddb8,91,9.1,0.148571,0.113298,8.3,1000000.0,0,0.0,0.0007,0.0025,0.0,0.2366,0.0,0.5635,0.64
2857,e53c9ab834d5ecbf,91,9.1,0.183678,0.110127,7.9,38.894,0,0.1565,0.2361,0.1342,0.0003,0.8626,0.0,0.7963,0.36
2858,df6901e5488f58c4,91,9.1,0.346991,0.176687,1.2,2.623,0,0.526,0.418,0.8531,0.0092,1.0,0.717,0.5236,0.96
2859,f01f39372bbdf219,91,9.1,0.171358,0.069116,7.7,12.826,0,0.0001,0.001,0.0024,0.0,0.154,0.0,0.7626,0.68
2860,aecbd9e8c05a7b8b,91,9.1,0.282592,0.207608,4.5,9.46,0,0.2284,0.3132,0.5556,0.012,1.0,0.0,0.5456,0.84
2861,f527c8a3bb0db547,91,9.1,0.323837,0.145904,4.8,2.464,0,0.3573,0.1689,0.0644,0.0005,0.1815,0.7381,0.5554,0.24
2862,2fcad125f4e77cba,91,9.1,0.347045,0.075047,3.5,2.176,0,0.0001,0.0025,0.0066,0.0,0.1512,0.7766,0.7859,0.4
2863,1c4f30af3aabc0eb,91,9.1,0.205793,0.175445,0.5,17.525,0,0.465,0.1924,0.123,0.0001,0.203,0.0,0.7646,0.32
2864,9eeb11374bf4e8c1,91,9.1,0.228292,0.205364,0.3,113.82,0,0.2205,0.2252,0.1894,0.0,0.2092,0.0,0.843,1.0
2865,c3d6eaacb155edc2,91,9.1,0.525694,0.226592,7.5,2.875,0,0.2352,0.4457,0.9231,0.0133,1.0,0.6834,0.7919,1.0
2866,f1cbbc09285074e4,91,9.1,0.238509,0.155662,8.8,4.647,0,0.5415,0.1534,0.1341,0.0001,0.1785,0.4471,0.8043,0.68
2867,545ca62b377fe30b,91,9.1,0.146703,0.095267,3.2,60.445,0,0.4827,0.2687,0.1669,0.0023,0.7332,0.0,0.0,0.36
2868,7f33577d4729012b,91,9.1,0.367632,0.172928,4.6,1.485,2,0.5986,0.3346,0.0881,0.0009,0.5151,0.8686,0.6748,0.36
2869,ece6e966ae559a11,91,9.1,0.096077,0.044682,1.7,37.689,0,0.0013,0.0206,0.05,0.0,0.1349,0.0,0.4872,0.2
2870,e2046f69102d3f67,91,9.1,0.177184,0.160219,7.3,10.069,0,0.3968,0.1531,0.1748,0.0,0.1891,0.0,0.6852,0.08
2871,c83a2d87b438769d,91,9.1,0.314237,0.243795,2.1,4.128,0,0.2324,0.1895,0.2825,0.0001,0.2451,0.5163,0.8789,0.52
2872,733750f30ae648c7,91,9.1,0.230194,0.169385,5.8,6.05,0,0.0809,0.2087,0.0913,0.0,0.1504,0.26,0.8415,0.56
2873,4be3044365bcd6ff,91,9.1,0.177335,0.133576,0.5,1000000.0,0,0.2937,0.2287,0.1128,0.0,0.1834,0.0,0.6921,0.32
2874,17c139daf05dc9dc,91,9.1,0.276365,0.220584,2.8,5.254,0,0.2416,0.1942,0.2797,0.0,0.1739,0.3661,0.8807,0.76
2875,fa44544b0e62ccbf,91,9.1,0.416248,0.162079,0.5,4.564,0,0.3888,0.3513,0.7136,0.0249,0.7532,0.4582,0.5665,0.8
2876,a0138737337fa4cc,91,9.1,0.204627,0.194315,3.2,165.129,0,0.0735,0.0968,0.0733,0.0,0.2255,0.0,0.8759,0.68
2877,92064ceac8b85400,91,9.1,0.187778,0.157571,3.3,42.791,0,0.4938,0.1504,0.2221,0.0001,0.1677,0.0,0.5394,0.44
2878,2df5dff9c9967827,91,9.1,0.289724,0.222874,5.1,7.367,0,0.0481,0.1873,0.1796,0.0,1.0,0.0845,0.8825,0.16
2879,ba0c199042e6b43e,91,9.1,0.24769,0.120272,5.3,4.331,0,0.4203,0.4346,1.0,0.0105,0.6515,0.4892,0.1047,0.28
2880,891a8daed1881548,91,9.1,0.228036,0.206966,8.7,14.107,0,0.2701,0.1448,0.0686,0.0001,0.3027,0.0,0.7988,0.84
2881,d52f328fd35ffa7f,91,9.1,0.291249,0.120178,3.2,2.39,0,0.5572,0.2297,0.1404,0.0005,1.0,0.748,0.0,0.68
2882,dcb8fed81117dd70,91,9.1,0.345136,0.060993,4.6,2.48,0,0.0001,0.001,0.0023,0.0,0.1571,0.736,0.8752,0.32
2883,8e6a59ed27db78ab,91,9.1,0.33569,0.119651,1.5,1.264,3,0.5494,0.2564,0.1419,0.0107,0.7794,0.8981,0.4432,0.12
2884,90c2863434d1dff1,91,9.1,0.151091,0.117707,0.0,1000000.0,0,0.0491,0.2828,0.19,0.0005,0.4505,0.0,0.0,1.0
2885,11771f7b648a1169,91,9.1,0.324622,0.096925,2.6,4.423,0,0.1754,0.3338,0.1874,0.0001,0.2868,0.4769,0.7527,0.84
2886,29fd03a0987536ce,91,9.1,0.251898,0.203341,2.0,6.433,0,0.1275,0.1162,0.0403,0.0,0.286,0.209,0.8828,0.52
2887,1d3ae3c9834230ca,91,9.1,0.380284,0.201192,0.2,4.678,0,0.2014,0.3238,0.4049,0.0067,0.2716,0.443,0.7366,1.0
2888,3aef00ee366ede82,91,9.1,0.323812,0.158449,8.4,4.051,0,0.241,0.2125,0.1601,0.0005,0.6589,0.5265,0.8599,0.36
2889,cfd2cfcf61f22440,91,9.1,0.507368,0.209556,3.3,1.386,3,0.1909,0.247,0.3714,0.019,1.0,0.8819,0.876,1.0
2890,16353d1391ec1127,91,9.1,0.276908,0.145258,7.7,11.666,0,0.3105,0.3833,0.7537,0.0156,1.0,0.0,0.4897,0.44
2891,8ee83221fefdc57b,91,9.1,0.153466,0.078637,5.6,7.296,0,0.0004,0.0117,0.0352,0.0,0.1359,0.0939,0.7023,0.56
2892,8c9b23f0e7e708e5,91,9.1,0.111343,0.061268,4.0,9.066,0,0.1168,0.2382,0.1418,0.0001,0.2099,0.0,0.3892,0.04
2893,a8018c0aa5d45f54,91,9.1,0.212335,0.192905,6.5,9.998,0,0.16,0.2147,0.098,0.0,0.1878,0.0,0.879,0.88
2894,1971bdaaacc7f43b,91,9.1,0.202389,0.189061,7.0,61.451,0,0.0923,0.1995,0.0921,0.0,0.3079,0.0,0.8383,0.48
2895,8d153b945244ece,91,9.1,0.186989,0.146824,6.1,32.307,0,0.721,0.0268,0.0515,0.0002,0.6834,0.0,0.2088,0.4
2896,4744539439ecc401,91,9.1,0.204325,0.183588,5.0,61.356,0,0.3115,0.2903,0.0911,0.0,0.1889,0.0,0.8741,0.64
2897,a739002fdd810e98,91,9.1,0.100651,0.082902,0.7,1000000.0,0,0.7231,0.1226,0.0652,0.0002,0.2,0.0,0.0231,0.2
2898,ea437b906368a213,91,9.1,0.228604,0.199279,5.4,50.59,0,0.285,0.3821,0.22,0.0,0.1744,0.0,0.8556,0.92
2899,7dded9d44751d96b,91,9.1,0.480677,0.160357,8.6,3.865,0,0.174,0.3277,0.3846,0.0087,1.0,0.5513,0.748,1.0
2900,cd67ad26b7edc3e2,91,9.1,0.229561,0.06155,0.5,4.505,0,0.2594,0.3712,0.124,0.0,0.163,0.466,0.5317,0.36
2901,e73d188e70640762,91,9.1,0.115889,0.070426,6.2,9.114,0,0.0001,0.0009,0.0024,0.0,0.2877,0.0,0.354,0.52
2902,b6f74f1d53dcf11e,91,9.1,0.06635,0.043737,0.1,1000000.0,0,0.0446,0.1197,0.1223,0.0,0.1801,0.0,0.0,0.44
2903,8158fdace6bbcb30,91,9.1,0.270749,0.193898,2.0,4.137,0,0.3942,0.302,0.7035,0.0054,0.6842,0.515,0.7585,0.12
2904,b28a75f91eb33eb1,91,9.1,0.363693,0.102215,4.9,1.952,1,0.2154,0.3417,0.5762,0.0288,0.8657,0.8063,0.8398,0.32
2905,89162a3ae6711a65,91,9.1,0.443072,0.2014,7.8,2.123,0,0.17,0.462,0.4507,0.0101,1.0,0.7836,0.923,0.8
2906,e7eaae8299e69d88,91,9.1,0.240563,0.078452,0.0,13.747,0,0.1055,0.2062,0.6202,0.0104,1.0,0.0,0.7617,0.32
2907,378ad2a6836b8c42,91,9.1,0.191076,0.151846,4.4,17.802,0,0.7179,0.2234,0.1234,0.0002,0.2318,0.0,0.4745,0.32
2908,6ad50acef462be52,91,9.1,0.206932,0.161058,5.5,9.205,0,0.665,0.3185,0.1956,0.0005,1.0,0.0,0.2722,1.0
2909,2683e0e343ea9f81,91,9.1,0.14316,0.027259,7.3,9.155,0,0.0,0.0007,0.0015,0.0,0.1223,0.0,0.792,0.2
2910,72ca9d9f112ca3ba,91,9.1,0.28252,0.092049,0.8,3.861,0,0.2531,0.2141,0.0562,0.0,0.1682,0.5518,0.4349,0.68
2911,5ce814abf78084b7,91,9.1,0.448368,0.098095,0.9,1.892,2,0.3962,0.2302,0.5373,0.0277,0.5085,0.8144,0.8842,0.4
2912,71133250fbd296bd,91,9.1,0.18183,0.141328,0.5,33.814,0,0.0487,0.1147,0.054,0.0,0.2081,0.0,0.8764,0.36
2913,764c5073bec31ece,91,9.1,0.166437,0.118983,1.7,11.936,0,0.0264,0.0704,0.0583,0.0,0.1622,0.0,0.8809,0.4
2914,1a2fb8cf70b11c4,91,9.1,0.207272,0.172248,8.8,17.342,0,0.3793,0.1607,0.1387,0.0,0.1659,0.0,0.7163,0.44
2915,ff5f13599cfe63d6,91,9.1,0.11495,0.044763,4.1,8.494,0,0.0137,0.052,0.0445,0.0,0.167,0.0,0.5355,0.28
2916,527fac4a669a146b,91,9.1,0.21599,0.145795,1.5,4.833,0,0.2173,0.2189,0.0861,0.0001,0.3626,0.4222,0.7603,0.48
2917,16d23024391ddf0d,91,9.1,0.168809,0.167537,2.9,149.649,0,0.0002,0.0065,0.0088,0.0,0.1414,0.0,0.8833,0.32
2918,7418feec0adf2b2a,91,9.1,0.233356,0.215929,1.6,1000000.0,0,0.5137,0.3145,0.2935,0.0003,0.2793,0.0,0.8555,1.0
2919,e393a89c80d0c137,91,9.1,0.205815,0.184448,9.0,22.943,0,0.4347,0.1188,0.0903,0.0,0.2117,0.0,0.6749,0.68
2920,a1949786162b196d,91,9.1,0.211197,0.210017,0.0,1000000.0,0,0.0,0.0012,0.0067,0.0,0.1503,0.0,0.8827,1.0
2921,b9510fe271e0ca60,91,9.1,0.359809,0.26384,2.8,3.599,0,0.2536,0.2317,0.0595,0.0,0.3039,0.5869,0.8816,0.52
2922,d25d6231e0a27a2c,91,9.1,0.368605,0.23061,5.9,1000000.0,0,0.6827,0.729,1.0,0.0036,1.0,0.0,0.7924,0.28
2923,6b4968060a36f72,91,9.1,0.184738,0.17046,5.8,84.173,0,0.6568,0.1587,0.176,0.0001,0.3001,0.0,0.4663,0.52
2924,7bdb6c6c616d841c,91,9.1,0.175459,0.152663,1.3,335.879,0,0.7209,0.1302,0.0912,0.0002,0.2551,0.0,0.3883,0.4
2925,675e56cb8a9421fb,91,9.1,0.206716,0.174877,3.6,7.032,0,0.2349,0.3139,0.172,0.0001,0.2229,0.129,0.8018,0.32
2926,34d8cf51fb3fa674,91,9.1,0.185217,0.099637,3.2,1000000.0,0,0.2157,0.2697,0.7456,0.0052,0.6264,0.0,0.5714,0.16
2927,36cc7571a62774c6,91,9.1,0.108142,0.083106,2.2,1000000.0,0,0.3745,0.2336,0.0784,0.0031,0.5253,0.0,0.0,0.16
2928,5c1148dad9ff7798,91,9.1,0.331365,0.110185,4.2,3.202,0,0.0008,0.0073,0.0224,0.0,0.1213,0.6398,0.7603,0.96
2929,38316f98e544ada5,91,9.1,0.403103,0.134202,7.2,0.978,11,0.402,0.3334,0.2908,0.009,0.8145,0.9363,0.8648,0.24
2930,c6c964bb37e12565,91,9.1,0.225,0.174295,6.2,1000000.0,0,0.7227,0.1439,0.1058,0.0002,0.3609,0.0,0.8138,0.56
2931,dd42cbb48a1a6223,91,9.1,0.43772,0.170336,6.5,3.611,0,0.3137,0.3557,0.698,0.0261,1.0,0.5853,0.8143,0.56
2932,6f457312bbcd72,91,9.1,0.239005,0.157192,8.4,6.259,0,0.5068,0.1449,0.1,0.0001,0.1664,0.2321,0.5991,0.48
2933,9ecd1d0022e53995,91,9.1,0.302661,0.175968,2.6,4.717,0,0.4891,0.2855,0.2538,0.0003,0.2158,0.4378,0.6804,0.64
2934,2843e6b85334033e,91,9.1,0.218496,0.181914,5.0,22.453,0,0.1858,0.2956,0.1656,0.0,0.2519,0.0,0.7781,0.52
2935,4f97af92511acdbc,91,9.1,0.110661,0.035316,4.3,19.94,0,0.0001,0.002,0.0088,0.0,0.1116,0.0,0.5036,0.36
2936,fd3a1146d3807adb,91,9.1,0.318555,0.265255,7.2,3.988,0,0.4132,0.1854,0.048,0.0,0.2158,0.5349,0.8022,0.6
2937,90f39de97d7bb223,91,9.1,0.15064,0.120855,1.0,6.819,0,0.3612,0.1087,0.0893,0.0001,0.9323,0.1575,0.3396,0.16
2938,2884780d2b5b1e,91,9.1,0.194327,0.19119,3.0,1000000.0,0,0.0,0.0009,0.0031,0.0,0.1732,0.0,0.8357,0.8
2939,32d775d9f5c170bd,91,9.1,0.208599,0.11123,4.6,27.005,0,0.0422,0.1682,0.1462,0.0,0.6079,0.0,0.7394,0.52
2940,8038a5fd710a1a46,91,9.1,0.200175,0.175837,8.7,19.181,0,0.2522,0.27,0.1202,0.0002,0.2047,0.0,0.8797,0.36
2941,e9b971a636d9cd77,91,9.1,0.328084,0.103944,5.6,2.803,0,0.0001,0.0012,0.0029,0.0,0.131,0.6929,0.8563,0.6
2942,305eb278b374d64f,91,9.1,0.274037,0.076036,2.4,3.831,0,0.1541,0.2004,0.1202,0.0,0.2141,0.5559,0.7424,0.32
2943,13ceed86f58effc3,91,9.1,0.312676,0.198314,8.3,3.982,0,0.4568,0.2387,0.1762,0.0001,0.368,0.5358,0.6845,0.44
2944,996031b104605e5f,91,9.1,0.393662,0.190506,3.5,6.402,0,0.7552,0.7502,1.0,0.0002,1.0,0.213,0.3912,0.24
2945,d7902c4b2bcdf5bd,91,9.1,0.166373,0.101405,4.7,14.001,0,0.0911,0.109,0.0501,0.0,0.1647,0.0,0.7826,0.56
2946,93c10db63473a3ba,91,9.1,0.201948,0.187866,2.2,9.365,0,0.0553,0.0939,0.0767,0.0,0.1632,0.0,0.8692,0.72
2947,ba0eff74ca13e7a3,91,9.1,0.299974,0.12297,9.0,8.523,0,0.3175,0.6666,1.0,0.0037,0.961,0.0,0.7467,0.24
2948,91eb418739cc0a11,91,9.1,0.174134,0.147732,0.0,70.193,0,0.1851,0.3294,0.1155,0.0029,0.1574,0.0,0.8802,0.48
2949,796ed0eaa68db7ac,91,9.1,0.177027,0.156808,0.3,1000000.0,0,0.5918,0.3,0.1442,0.0001,0.2049,0.0,0.7763,0.08
2950,7a79544a4f1633e5,91,9.1,0.228119,0.086987,9.0,5.05,0,0.2559,0.6529,0.9765,0.0033,0.8246,0.3934,0.2112,0.72
2951,50df8d484e5e5fe2,91,9.1,0.494447,0.20421,5.7,1.63,4,0.2756,0.2868,0.7595,0.0094,1.0,0.8494,0.822,0.2
2952,38615980643ff39c,91,9.1,0.217835,0.211421,0.1,1000000.0,0,0.0014,0.0215,0.0463,0.0,0.1601,0.0,0.8845,1.0
2953,972ee9dbe3b56183,91,9.1,0.284885,0.186353,2.0,5.718,0,0.1915,0.299,0.13,0.0001,0.1675,0.3043,0.868,0.56
2954,3614ed55ba5a29f1,91,9.1,0.17646,0.1733,6.7,1000000.0,0,0.0001,0.001,0.0024,0.0,0.255,0.0,0.7952,0.44
2955,4d8e3e04993e44c2,91,9.1,0.190652,0.042145,4.3,5.438,0,0.0001,0.0009,0.0043,0.0,0.1227,0.3416,0.5874,0.16
2956,60104a01ae98c33d,91,9.1,0.134727,0.062708,0.1,1000000.0,0,0.2423,0.4162,0.5139,0.0,0.1887,0.0,0.4301,0.52
2957,d8c9632d82916d9f,91,9.1,0.410814,0.136961,8.8,2.417,0,0.5425,0.3918,0.6292,0.0173,1.0,0.7445,0.4631,0.16
2958,c51b9a26cd03d139,91,9.1,0.160011,0.156019,9.0,1000000.0,0,0.0001,0.0011,0.0038,0.0,0.038,0.0,0.8741,0.4
2959,73b2278e03530b26,91,9.1,0.163248,0.091757,8.4,8.245,0,0.0,0.0008,0.0021,0.0,0.132,0.0,0.7273,0.64
2960,383be45d0a6bfe7,91,9.1,0.202811,0.135063,2.4,4.243,0,0.398,0.3394,0.1828,0.0002,0.4214,0.5009,0.6523,0.32
2961,d45455d3dc87e058,91,9.1,0.249275,0.161704,2.1,4.844,0,0.4011,0.0788,0.1704,0.0,0.1747,0.4208,0.1023,1.0
2962,9dad68cc9d32bb8,91,9.1,0.20398,0.048051,7.4,6.354,0,0.0294,0.2012,0.1226,0.0,0.1479,0.2194,0.6968,0.6
2963,3cdfcf1bf4fa4857,91,9.1,0.305996,0.075135,5.7,3.749,0,0.0,0.0007,0.002,0.0,0.1857,0.5667,0.7404,0.68
2964,ed18a109f0de09a0,91,9.1,0.203809,0.187347,3.8,1000000.0,0,0.2186,0.2172,0.1024,0.0001,0.1779,0.0,0.8787,0.72
2965,8c8f20ed8701c95d,91,9.1,0.236235,0.177601,4.6,9.762,0,0.0756,0.0956,0.1704,0.0016,0.46,0.0,0.8304,1.0
2966,48257a5d0044cede,91,9.1,0.208435,0.082051,3.0,3.6,0,0.4186,0.7888,1.0,0.0,0.1746,0.5867,0.0,0.36
2967,77e0a5e28925987a,91,9.1,0.153256,0.131021,7.7,13.864,0,0.0001,0.0018,0.0045,0.0,0.9052,0.0,0.2283,0.28
2968,86e00ae9cae7b6d3,91,9.1,0.344361,0.240826,4.6,3.383,0,0.3489,0.2509,0.1579,0.0003,0.2096,0.6156,0.8948,0.4
2969,ed1dc559821784f8,91,9.1,0.317808,0.110583,2.9,2.38,0,0.2971,0.2517,0.1592,0.0003,0.2038,0.7494,0.648,0.48
2970,adbd0b0f2f1c0b6e,91,9.1,0.15697,0.097581,4.5,11.313,0,0.1197,0.2627,0.6326,0.0126,0.8036,0.0,0.5092,0.28
2971,b041ffe5f5930cd1,91,9.1,0.184375,0.101707,9.0,1000000.0,0,0.1374,0.2046,0.3951,0.0031,0.8776,0.0,0.0,1.0
2972,91c3f2c6cdd2bc82,91,9.1,0.315789,0.227091,1.1,5.985,0,0.2396,0.2823,0.1387,0.0,1.0,0.2687,0.4954,0.4
2973,a306ddf67f85b316,91,9.1,0.52468,0.225507,6.4,2.632,0,0.2304,0.3298,0.6436,0.0138,1.0,0.7157,0.8019,0.68
2974,e94aaf74c1f4fd5c,91,9.1,0.081531,0.035179,8.7,1000000.0,0,0.2731,0.3749,0.1201,0.0,0.1652,0.0,0.0,0.08
2975,8184a04b02c6ad0b,91,9.1,0.371883,0.158251,8.4,2.686,0,0.2586,0.1554,0.18,0.0008,0.3727,0.7086,0.8019,0.64
2976,b12f5f73467ded05,91,9.1,0.202162,0.196934,8.1,39.814,0,0.0082,0.0381,0.0561,0.0,0.2346,0.0,0.8783,0.76
2977,2a8c8f12c37aa27b,91,9.1,0.23478,0.138161,5.8,1000000.0,0,0.4011,0.1475,0.1693,0.0,0.3673,0.0,0.7698,0.76
2978,e076f095cd6b533c,91,9.1,0.317054,0.11856,2.4,3.403,0,0.2649,0.1665,0.2242,0.0018,0.1888,0.6129,0.4971,0.56
2979,746422cde6ce826d,91,9.1,0.14339,0.116791,8.6,19.861,0,0.643,0.0296,0.0504,0.0,0.3247,0.0,0.1623,0.44
2980,a959d7dc164b485,91,9.1,0.147192,0.126475,7.3,1000000.0,0,0.1368,0.2005,0.0926,0.0001,0.496,0.0,0.0,1.0
2981,2ce074a6e76317b1,91,9.1,0.281198,0.102031,3.1,1.846,3,0.5635,0.0437,0.0645,0.0001,0.1967,0.8206,0.4702,0.24
2982,bc4a8ab07f2b2b99,91,9.1,0.154562,0.11345,5.1,18.959,0,0.5696,0.1496,0.1125,0.0002,0.2552,0.0,0.3262,0.6
2983,e8ee4ab92b0efc24,91,9.1,0.118813,0.095005,8.6,45.897,0,0.7005,0.2727,0.0975,0.0,0.167,0.0,0.0,0.56
2984,d1d419000f835217,91,9.1,0.371157,0.103654,0.2,2.904,0,0.1168,0.1823,0.0794,0.0123,0.8196,0.6795,0.7942,1.0
2985,43fc9e549b3fcf16,91,9.1,0.16635,0.041057,0.9,1000000.0,0,0.0001,0.0009,0.0024,0.0,0.1524,0.0,0.8421,0.4
2986,533164025e1719b6,91,9.1,0.315116,0.215442,0.9,1.775,8,0.0029,0.0389,0.0878,0.0,0.0505,0.83,0.6483,0.4
2987,201d91e9c3dd2601,91,9.1,0.208101,0.132301,6.0,1000000.0,0,0.6981,0.342,0.0993,0.0011,0.3294,0.0,0.7811,0.36
2988,741498e6ec7bc0e4,91,9.1,0.129533,0.086474,0.2,1000000.0,0,0.0113,0.0602,0.0426,0.0,0.1766,0.0,0.5818,0.36
2989,1f8c777fc5feb9bf,91,9.1,0.204584,0.179504,7.0,26.2,0,0.0853,0.1735,0.1356,0.0,0.3744,0.0,0.8851,0.48
2990,6c501a6daf499445,91,9.1,0.21663,0.175836,8.7,11.559,0,0.4567,0.2622,0.1131,0.0001,0.2946,0.0,0.5888,0.68
2991,e9d390939004982f,91,9.1,0.189005,0.160345,7.1,74.531,0,0.1659,0.3196,0.1262,0.0,0.1659,0.0,0.8796,0.32
2992,784caae6693027e7,91,9.1,0.444015,0.240586,0.3,3.085,0,0.6921,0.8332,1.0,0.0003,0.1691,0.6553,0.5766,0.8
2993,d288f2a23215f977,91,9.1,0.036365,0.026746,1.3,1000000.0,0,0.0061,0.0785,0.1133,0.0,0.1623,0.0,0.0,0.2
2994,61cb3af3009793a6,91,9.1,0.338804,0.181478,6.2,2.953,0,0.5644,0.1032,0.12,0.0,0.2185,0.673,0.4988,1.0
2995,fd6ff3d97eb77658,91,9.1,0.305904,0.147934,4.6,2.033,0,0.6313,0.347,0.1583,0.0068,1.0,0.7956,0.7221,0.4
2996,b94d3a96e7e1939,91,9.1,0.180354,0.164717,9.0,23.009,0,0.2136,0.0817,0.0446,0.0,0.1538,0.0,0.7882,0.36
2997,2e8d47a8f61a0a4f,91,9.1,0.261887,0.178515,6.5,4.462,0,0.4018,0.1605,0.2142,0.0001,0.1727,0.4718,0.1778,1.0
2998,d4d97ecc9b029ba,91,9.1,0.377745,0.112273,0.2,1.487,2,0.4018,0.3051,0.1208,0.0004,0.3167,0.8684,0.3791,0.32
2999,c817d8d6f054a4a0,91,9.1,0.28598,0.093928,7.7,3.495,0,0.0001,0.0018,0.0035,0.0,0.122,0.6007,0.7111,0.32
3000,a8369b18e25641d1,91,9.1,0.185213,0.154198,8.9,13.496,0,0.5554,0.2158,0.127,0.0005,0.2849,0.0,0.5863,0.24
3001,dc12dcd35930d93f,91,9.1,0.226124,0.058555,8.8,5.819,0,0.0014,0.0262,0.0961,0.0,0.1627,0.2909,0.8235,0.28
3002,760dde79188ae2e4,91,9.1,0.141376,0.111709,0.5,1000000.0,0,0.6125,0.1475,0.1496,0.0002,0.3372,0.0,0.1502,0.72
3003,3d0a663ce21a99a7,91,9.1,0.210648,0.182586,8.3,1000000.0,0,0.4656,0.2974,0.153,0.0005,0.2922,0.0,0.8656,0.52
3004,faca2482ea86d7e6,91,9.1,0.216143,0.133848,7.8,7.786,0,0.1543,0.2998,0.3277,0.0155,0.3179,0.0285,0.6565,0.76
3005,c86dd2eea30f6b2d,91,9.1,0.240402,0.179748,9.0,1000000.0,0,0.3856,0.3071,0.0982,0.001,0.6401,0.0,0.8752,0.64
3006,852de09853244492,91,9.1,0.301033,0.078287,8.6,4.898,0,0.185,0.2272,0.5074,0.017,0.2079,0.4136,0.6223,0.6
3007,f1db41770981fd2a,91,9.1,0.168381,0.126809,0.0,69.505,0,0.7215,0.0323,0.0529,0.0002,0.2677,0.0,0.3916,0.32
3008,72b871e451b8baa5,91,9.1,0.187812,0.173967,7.2,1000000.0,0,0.4942,0.2878,0.1016,0.0,0.1653,0.0,0.8457,0.4
3009,436f94d1e591cb76,91,9.1,0.214169,0.191506,3.4,31.446,0,0.3918,0.2586,0.0792,0.0001,0.1928,0.0,0.8132,0.76
3010,e6094b6d37687719,91,9.1,0.400932,0.099971,8.2,4.945,0,0.2082,0.2092,0.5112,0.0286,1.0,0.4074,0.6262,0.2
3011,54cb1dfe2ef11202,91,9.1,0.357063,0.155658,2.4,2.001,0,0.5528,0.3349,0.0584,0.0002,0.2653,0.7999,0.3943,0.76
3012,88596ca0970eb369,91,9.1,0.262215,0.113195,2.4,4.598,0,0.0001,0.0012,0.003,0.0,0.2031,0.4536,0.6025,0.92
3013,2a00869e50005ca,91,9.1,0.312514,0.099887,4.5,3.527,0,0.0761,0.1909,0.0569,0.0,0.1718,0.5964,0.7461,0.64
3014,2a0bd288eb4efa24,91,9.1,0.324711,0.09691,4.5,3.891,0,0.3677,0.1671,0.1219,0.0038,0.7322,0.5479,0.464,0.36
3015,1c705c6b74b532b1,91,9.1,0.206705,0.153599,8.9,7.243,0,0.5638,0.2212,0.2903,0.0001,0.2603,0.1009,0.573,0.28
3016,9b812e868eebeceb,91,9.1,0.221685,0.15813,0.4,6.157,0,0.2385,0.2916,0.1788,0.0,0.3057,0.2458,0.3538,1.0
3017,14b3c6a56e2c1387,91,9.1,0.297559,0.152546,0.7,4.554,0,0.1561,0.2956,0.3152,0.0113,1.0,0.4595,0.6782,0.44
3018,9990536419835124,91,9.1,0.281149,0.200209,4.8,5.794,0,0.0643,0.1331,0.0661,0.0,0.2108,0.2941,0.8821,0.72
3019,e07ed1a8f50cabcc,91,9.1,0.20316,0.141273,0.3,1000000.0,0,0.5916,0.1962,0.2725,0.0009,0.232,0.0,0.44,0.72
3020,d0da16cf13c84c14,91,9.1,0.164493,0.06043,6.7,7.038,0,0.0001,0.001,0.0025,0.0,0.0603,0.1283,0.808,0.64
3021,48aa43b52625446a,91,9.1,0.404853,0.17356,6.8,3.746,0,0.356,0.4981,0.8402,0.0146,1.0,0.5671,0.8061,0.36
3022,f28dd066017a68c,91,9.1,0.174359,0.120366,3.0,5.426,0,0.5601,0.1944,0.1966,0.0001,0.7361,0.3432,0.2988,0.52
3023,915c128790ea6c5b,91,9.1,0.126415,0.089805,4.9,1000000.0,0,0.2986,0.3162,0.2502,0.0,0.1622,0.0,0.616,0.16
3024,17f0a9156c6573a,91,9.1,0.337465,0.256963,2.2,4.431,0,0.317,0.3086,0.1412,0.0001,0.3538,0.4758,0.8599,0.72
3025,a3fad50872704c,91,9.1,0.35492,0.205902,4.6,4.286,0,0.3229,0.3621,0.2039,0.002,1.0,0.4952,0.7521,0.44
3026,a402779e682d7bc3,91,9.1,0.353706,0.150731,6.9,2.754,0,0.0001,0.0009,0.003,0.0,0.2178,0.6995,0.7771,0.72
3027,83fbc2f768dbe346,91,9.1,0.23722,0.182662,2.1,31.432,0,0.821,0.26,0.2181,0.0011,0.6517,0.0,0.6535,0.36
3028,7ff6ad18b1230d8b,91,9.1,0.229814,0.133069,5.7,5.428,0,0.6433,0.2207,0.1743,0.0004,0.2775,0.3429,0.7582,0.32
3029,31794ac02cd3a027,91,9.1,0.320425,0.172007,1.8,5.663,0,0.1081,0.2991,0.224,0.0008,0.7594,0.3116,0.6258,1.0
3030,eb8488f9b04c509b,91,9.1,0.234452,0.209607,2.9,96.696,0,0.4383,0.2998,0.1235,0.0,0.2057,0.0,0.8472,1.0
3031,7701158fe5475ff7,91,9.1,0.414667,0.256934,6.2,5.296,0,0.1109,0.1461,0.2716,0.0068,1.0,0.3606,0.8072,1.0
3032,76a95a1fcc66166b,91,9.1,0.321214,0.193744,3.6,2.787,0,0.2671,0.2743,0.6062,0.0061,0.6443,0.6951,0.8417,0.68
3033,46fcd018085a41ef,91,9.1,0.250905,0.181395,6.1,6.228,0,0.5295,0.3199,0.1409,0.0001,0.2066,0.2363,0.7586,0.44
3034,8dfdc2c4a21f6bcd,91,9.1,0.210481,0.145187,1.8,41.603,0,0.7195,0.1311,0.1029,0.0002,0.2862,0.0,0.808,0.28
3035,4f8b951695935fad,91,9.1,0.248302,0.167711,6.3,7.276,0,0.2378,0.2882,0.7309,0.0047,0.7373,0.0966,0.8056,0.6
3036,ff924d066fc69cfc,91,9.1,0.257083,0.118088,3.9,7.432,0,0.5338,0.5967,1.0,0.0,0.256,0.0758,0.3409,0.32
3037,fb09fed1dedad46d,91,9.1,0.322018,0.209616,0.5,5.833,0,0.3984,0.3659,0.6642,0.0226,0.9266,0.289,0.803,1.0
3038,cf6ab00bee19b79f,91,9.1,0.193026,0.176365,3.7,117.969,0,0.3007,0.1685,0.0895,0.0,0.1996,0.0,0.7713,0.56
3039,ffd5412b073af065,91,9.1,0.294101,0.074002,2.5,4.128,0,0.0001,0.0013,0.0055,0.0,0.1605,0.5163,0.7655,0.64
3040,2e827a754d8636f1,91,9.1,0.249528,0.099633,8.2,7.228,0,0.2361,0.2143,0.4484,0.0455,1.0,0.103,0.6073,0.28
3041,fb35c7bbc3b4094f,91,9.1,0.274325,0.095003,8.6,4.794,0,0.0001,0.0012,0.0037,0.0,0.2462,0.4275,0.7803,0.44
3042,cd57bd466c62b7b9,91,9.1,0.327669,0.170053,6.9,1000000.0,0,0.5437,0.2684,0.2463,0.0023,1.0,0.0,0.7629,0.84
3043,d3279e6a92ec303d,91,9.1,0.175341,0.150501,2.9,17.446,0,0.5018,0.1437,0.0889,0.0,0.2469,0.0,0.5073,0.36
3044,81f06475e7941012,91,9.1,0.179714,0.165318,0.4,8.45,0,0.0444,0.1059,0.0452,0.0,0.1838,0.0,0.8798,0.36
3045,216ab0bee237c8bc,91,9.1,0.216549,0.178257,7.5,7.994,0,0.1826,0.2656,0.1095,0.0198,0.9923,0.0009,0.5681,0.16
3046,c2a80b5f5f60f333,91,9.1,0.188173,0.165711,1.7,11.483,0,0.1153,0.1335,0.0789,0.0001,0.1871,0.0,0.8327,0.68
3047,5bffe1a401a04891,91,9.1,0.289956,0.18213,4.1,153.38,0,0.5886,0.584,1.0,0.0045,0.3713,0.0,0.8068,0.52
3048,8535caecac1d84f8,91,9.1,0.230091,0.184982,0.2,24.025,0,0.2878,0.2253,0.3159,0.0,0.2273,0.0,0.6954,0.76
3049,1c8fd7efca31aea9,91,9.1,0.173866,0.145611,8.3,28.126,0,0.7076,0.0641,0.0829,0.0001,0.2796,0.0,0.4054,0.48
3050,9ec8099cc64346da,91,9.1,0.171373,0.167967,0.2,104.756,0,0.0034,0.0457,0.0382,0.0,0.1659,0.0,0.8774,0.32
3051,fe15acd428ecd9d7,91,9.1,0.366601,0.207956,0.2,1.485,2,0.4634,0.3343,0.1272,0.0009,0.5151,0.8686,0.7108,0.36
3052,84666f13f7b8c622,91,9.1,0.187965,0.161799,0.2,12.051,0,0.3114,0.1489,0.2227,0.0,0.3903,0.0,0.6735,0.4
3053,4420c1ebf97e8f7,91,9.1,0.233058,0.173887,5.2,3.943,0,0.1715,0.2367,0.1685,0.0003,0.2163,0.541,0.6978,0.56
3054,b9c7801ba5abc770,91,9.1,0.299845,0.109063,6.2,3.653,0,0.4493,0.2089,0.0837,0.0003,0.3106,0.5795,0.5516,0.56
3055,d2ef94e08fd5caeb,91,9.1,0.406165,0.091144,2.8,2.124,0,0.1649,0.1616,0.3183,0.0149,0.9043,0.7835,0.724,0.12
3056,479e011ed45f8001,91,9.1,0.240118,0.097002,3.3,4.269,0,0.0001,0.0007,0.0023,0.0,0.12,0.4974,0.5753,0.48
3057,6a25ccda7317dc1,91,9.1,0.26104,0.245169,7.2,17.144,0,0.0673,0.2067,0.1299,0.0,0.4266,0.0,0.8997,1.0
3058,5deaa773afd2dd38,91,9.1,0.208407,0.185357,0.2,16.299,0,0.3264,0.1584,0.1869,0.0004,0.2396,0.0,0.7623,0.6
3059,8260dfb416c53209,91,9.1,0.303628,0.09674,7.3,3.745,0,0.0006,0.0076,0.0311,0.0,0.1928,0.5673,0.8149,0.52
3060,102a39886ca0639b,91,9.1,0.186592,0.124099,0.2,10.98,0,0.4052,0.3474,0.4439,0.0003,0.3357,0.0,0.2503,0.72
3061,73d17446c99d573b,91,9.1,0.359964,0.081625,5.6,2.175,0,0.0898,0.1693,0.136,0.0,0.2031,0.7766,0.816,0.52
3062,b91f7b12d5455feb,91,9.1,0.189112,0.168545,7.3,8.519,0,0.5614,0.0916,0.13,0.0001,0.3121,0.0,0.5083,0.32
3063,fe4d1ec001799933,91,9.1,0.330372,0.080299,1.7,3.659,0,0.0001,0.0022,0.0113,0.0,0.1725,0.5789,0.814,0.76
3064,a99b80f4e53689c4,91,9.1,0.283774,0.103043,4.9,3.951,0,0.4009,0.1901,0.2382,0.0,0.1725,0.5399,0.5067,0.68
3065,51595c1442972771,91,9.1,0.374049,0.159489,5.3,1.407,6,0.2289,0.4771,0.7546,0.011,0.486,0.8791,0.7635,0.68
3066,aae6dfbb1487a3b9,91,9.1,0.426387,0.15954,8.8,1.813,6,0.2567,0.3619,0.6759,0.0126,0.5899,0.8249,0.86,0.28
3067,8d5d2a992012da1f,91,9.1,0.20606,0.201446,6.2,1000000.0,0,0.0001,0.0012,0.0047,0.0,0.2505,0.0,0.8835,0.72
3068,2c3208ca536a7adf,91,9.1,0.170786,0.165284,6.4,1000000.0,0,0.0001,0.001,0.0027,0.0,0.0313,0.0,0.872,0.6
3069,dd5c79f8cf818fd9,91,9.1,0.180703,0.134085,8.9,6.579,0,0.1181,0.1701,0.324,0.0036,0.889,0.1894,0.5813,0.6
3070,8749450bb8c907ea,91,9.1,0.055239,0.030911,0.5,1000000.0,0,0.1569,0.1576,0.1954,0.0001,0.1872,0.0,0.0,0.04
3071,fc9fbfa56b0a6f00,91,9.1,0.209297,0.186617,3.8,1000000.0,0,0.3746,0.2561,0.0922,0.0016,0.2037,0.0,0.809,0.76
3072,49a606e576d81fc,91,9.1,0.230483,0.122315,8.9,54.873,0,0.0656,0.2152,0.2748,0.0,0.3981,0.0,0.6916,1.0
3073,58e2c1b648bbd405,91,9.1,0.191439,0.171856,3.6,1000000.0,0,0.231,0.1986,0.1306,0.0,0.1636,0.0,0.8778,0.44
3074,9aa4c650e47fd8ed,91,9.1,0.080418,0.035979,8.6,1000000.0,0,0.1823,0.3775,0.0871,0.0,0.1574,0.0,0.0,0.2
3075,d9e3aabe32479f4,91,9.1,0.276585,0.092158,7.3,3.955,0,0.0001,0.0008,0.0026,0.0,0.1232,0.5393,0.731,0.56
3076,c0be98f7279f86ec,91,9.1,0.141981,0.099786,5.1,1000000.0,0,0.7171,0.1857,0.0789,0.0015,0.4413,0.0,0.0,0.56
3077,d01f4dddfbc907c0,91,9.1,0.090884,0.079546,8.9,1000000.0,0,0.0073,0.0725,0.0652,0.0,0.5239,0.0,0.0,0.32
3078,e6610d6b7af1e3da,91,9.1,0.141962,0.118301,0.2,1000000.0,0,0.67,0.33,0.4542,0.0002,0.3185,0.0,0.0,0.48
3079,4e7047d3b327162a,91,9.1,0.191557,0.159943,3.4,19.586,0,0.2329,0.1152,0.1126,0.0001,0.3338,0.0,0.7157,0.36
3080,42f56561b1d93267,91,9.1,0.226466,0.081483,6.6,4.82,0,0.3009,0.2104,0.4416,0.0168,0.4276,0.424,0.6446,0.2
3081,fcabf077b2e08d2a,91,9.1,0.210541,0.141658,5.4,46.912,0,0.0001,0.0009,0.0026,0.0,0.6014,0.0,0.7772,0.36
3082,90b08b327661cbe2,91,9.1,0.175292,0.171074,1.0,36.175,0,0.0021,0.0307,0.0759,0.0,0.1354,0.0,0.7502,0.76
3083,8566c15230529e01,91,9.1,0.242258,0.159674,7.5,11.041,0,0.0803,0.1742,0.3507,0.0006,0.3201,0.0,0.6516,1.0
3084,4bc7200fbd715f71,91,9.1,0.184088,0.178598,6.4,1000000.0,0,0.0001,0.0011,0.0028,0.0,0.0325,0.0,0.8802,0.8
3085,c01ee2404a99bdb3,91,9.1,0.098528,0.06946,0.2,8.3,0,0.3713,0.1813,0.2312,0.0,0.1638,0.0,0.0,0.44
3086,fbf869c367d8f236,91,9.1,0.177261,0.107208,0.1,10.438,0,0.5617,0.1254,0.099,0.0001,0.241,0.0,0.5756,0.32
3087,2cbaa9f9de967db8,91,9.1,0.37792,0.126041,8.7,1.799,1,0.2753,0.3017,0.6673,0.0158,0.8565,0.8269,0.6402,0.52
3088,ccfa83ce025a9613,91,9.1,0.226996,0.20481,7.3,8.486,0,0.5417,0.3133,0.2471,0.003,0.4422,0.0,0.7975,0.32
3089,e34fdee59c8090d7,91,9.1,0.221949,0.182429,1.8,1000000.0,0,0.7182,0.1717,0.0603,0.0004,0.4212,0.0,0.5235,0.8
3090,7e91d2f68be375d2,91,9.1,0.240379,0.163414,5.2,6.189,0,0.2626,0.2387,0.279,0.0144,0.5208,0.2414,0.6159,0.2
3091,295908ece6f413ca,91,9.1,0.171811,0.087928,1.2,16.794,0,0.0,0.0007,0.0019,0.0,0.2091,0.0,0.754,0.6
3092,96bcaff2ecfd5062,91,9.1,0.222556,0.126529,8.2,11.59,0,0.3975,0.4619,0.83,0.0083,0.9624,0.0,0.0,0.32
3093,def3ba6a76d5731a,91,9.1,0.408393,0.240624,5.2,2.86,0,0.3631,0.3524,0.1813,0.0001,0.1629,0.6853,0.8804,0.84
3094,6737da26a286a4c6,91,9.1,0.371838,0.244394,0.7,3.538,0,0.1595,0.262,0.1734,0.0,0.1629,0.595,0.9103,0.8
3095,312a5fd4a1bafe67,91,9.1,0.284055,0.128176,0.4,3.682,0,0.4366,0.3688,0.1315,0.0001,0.1756,0.5757,0.6485,1.0
3096,33991b64547260be,91,9.1,0.224203,0.094891,3.4,11.306,0,0.1364,0.2627,0.4329,0.0169,1.0,0.0,0.346,0.12
3097,46c7ead804a6bc7c,91,9.1,0.297564,0.119549,5.4,3.485,0,0.4193,0.2445,0.1018,0.0,0.1958,0.602,0.6218,0.48
3098,773bfe45d4343d9e,91,9.1,0.05785,0.051164,3.4,1000000.0,0,0.0001,0.001,0.0027,0.0,0.1209,0.0,0.0,0.72
3099,33c5076858d6d0be,91,9.1,0.219661,0.191216,0.1,16.77,0,0.2922,0.1952,0.2812,0.0,0.1663,0.0,0.7605,0.84
3100,4054bc64f12af764,91,9.1,0.218164,0.119618,6.3,9.785,0,0.2318,0.3121,0.4668,0.0072,0.7576,0.0,0.3026,0.32
3101,f32599ff84cb8385,91,9.1,0.175725,0.172927,0.8,1000000.0,0,0.0001,0.0011,0.0027,0.0,0.1632,0.0,0.8798,0.4
3102,e5d51591611cda36,91,9.1,0.363099,0.158272,8.9,1.984,1,0.4731,0.2494,0.2228,0.0003,0.1916,0.8022,0.3993,0.68
3103,52e4ee826049f655,91,9.1,0.172036,0.160498,8.6,1000000.0,0,0.0165,0.1378,0.1541,0.0,0.1885,0.0,0.6948,0.84
3104,98dd0f57d19370b5,91,9.1,0.155703,0.11451,0.9,15.893,0,0.0001,0.0012,0.0027,0.0,0.1943,0.0,0.6413,0.6
3105,5dd0c9ef7501cc32,91,9.1,0.220019,0.185387,2.4,1000000.0,0,0.273,0.2741,0.199,0.0,0.1739,0.0,0.8681,0.84
3106,885c85effaa3fea5,91,9.1,0.202792,0.195565,9.0,1000000.0,0,0.0,0.0007,0.0025,0.0,0.0829,0.0,0.8842,1.0
3107,7ebee97f7781713f,91,9.1,0.315022,0.093039,4.1,3.098,0,0.0001,0.001,0.0022,0.0,0.1296,0.6535,0.7148,0.72
3108,11123710890ad648,91,9.1,0.205766,0.183772,0.3,18.787,0,0.176,0.1939,0.3006,0.0,0.2012,0.0,0.8331,0.72
3109,1abda9a6a763dd27,91,9.1,0.310734,0.15888,3.9,5.537,0,0.0706,0.2598,0.2197,0.0044,1.0,0.3284,0.7387,0.36
3110,462a6d73c286246e,91,9.1,0.370661,0.154184,8.1,2.636,0,0.5232,0.3361,0.1279,0.0014,0.9005,0.7152,0.0,0.8
3111,73757b60efd9798b,91,9.1,0.249406,0.116712,4.7,11.811,0,0.4614,0.485,0.7913,0.0234,1.0,0.0,0.1071,0.44
3112,3d78d818d9dcafcc,91,9.1,0.337025,0.188701,4.8,1000000.0,0,0.6595,0.6936,1.0,0.0002,0.206,0.0,0.7745,0.56
3113,4a7a95d540582ed5,91,9.1,0.207644,0.134476,1.3,7.078,0,0.2218,0.2545,0.1048,0.0002,0.1645,0.1229,0.8202,0.24
3114,d238a86c0e1d99ac,91,9.1,0.174746,0.161561,1.2,7.812,0,0.0886,0.0853,0.098,0.0,0.1849,0.0251,0.8493,0.24
3115,93ca8c93f8a9832e,91,9.1,0.218654,0.18873,6.2,6.868,0,0.2501,0.1165,0.1167,0.0,0.2994,0.1509,0.7578,0.6
3116,5371f16a11d7c17c,91,9.1,0.309012,0.21198,5.5,4.537,0,0.2958,0.1671,0.1842,0.0,0.1816,0.4617,0.8793,0.6
3117,f983285f33901049,91,9.1,0.153163,0.079321,6.5,7.028,0,0.2995,0.3591,0.7923,0.0001,0.3125,0.1296,0.0346,0.24
3118,9c5ebbe8e631e6ec,91,9.1,0.242409,0.232321,8.9,33.839,0,0.0065,0.082,0.0638,0.0,0.6129,0.0,0.8845,0.44
3119,6a2db896d5dafe56,91,9.1,0.125542,0.094648,4.8,1000000.0,0,0.5459,0.3864,0.1448,0.0004,0.2647,0.0,0.0,0.44
3120,1cc5e3bd3220d3c1,91,9.1,0.202934,0.170662,0.2,18.186,0,0.633,0.1687,0.0446,0.0,0.4102,0.0,0.5754,0.32
3121,b3a9fd7db63ba6fe,91,9.1,0.209993,0.173384,7.5,9.378,0,0.1033,0.1528,0.3257,0.003,0.3352,0.0,0.6087,1.0
3122,c215579c44e19ead,91,9.1,0.334955,0.056341,3.6,2.831,0,0.201,0.2918,0.5177,0.0291,0.2836,0.6892,0.8207,0.16
3123,d50a040328911543,91,9.1,0.299315,0.114999,0.6,3.571,0,0.3473,0.4332,0.9406,0.0002,0.4914,0.5905,0.458,0.4
3124,b24558fbbac536dc,91,9.1,0.362052,0.250943,6.4,3.259,0,0.4825,0.2821,0.243,0.0001,0.1723,0.6322,0.8284,0.6
3125,d69754dbdee95e65,91,9.1,0.185486,0.178077,1.4,1000000.0,0,0.0001,0.001,0.0024,0.0,0.2024,0.0,0.8818,0.48
3126,32eb9c70aaf39589,91,9.1,0.375381,0.202951,5.9,4.138,0,0.0768,0.2465,0.1926,0.0002,0.8527,0.5149,0.7991,0.4
3127,f761c4167a3623da,91,9.1,0.3159,0.23389,2.4,4.333,0,0.1988,0.1742,0.1645,0.0001,0.1664,0.4889,0.8788,0.68
3128,1713db08ce7e0b4e,91,9.1,0.280359,0.096646,0.3,6.59,0,0.1317,0.1401,0.4537,0.0082,0.4502,0.188,0.7717,0.8
3129,2d33c82d3a41b4e6,91,9.1,0.302677,0.23028,2.2,4.357,0,0.2244,0.1701,0.0611,0.0,0.207,0.4857,0.8797,0.4
3130,e2dc62965e371acd,91,9.1,0.378402,0.269639,4.6,2.772,0,0.4592,0.5176,1.0,0.0,0.199,0.6971,0.8686,0.44
3131,7c3d0c468a6bb106,91,9.1,0.330215,0.204688,6.6,19.619,0,0.6814,0.8172,1.0,0.0005,0.3088,0.0,0.7891,0.24
3132,c272da07b3fd55f2,91,9.1,0.211467,0.049495,3.7,4.997,0,0.0008,0.0148,0.0358,0.0,0.0524,0.4004,0.6528,0.16
3133,57437652dd4b825c,91,9.1,0.223688,0.173738,5.7,5.653,0,0.5002,0.3472,0.1227,0.0003,0.1883,0.3129,0.768,0.28
3134,856916e2456fdf45,91,9.1,0.363029,0.264577,3.1,3.388,0,0.3307,0.2525,0.0758,0.0,0.3456,0.6149,0.8807,0.56
3135,196acc3130405c2,91,9.1,0.017618,0.016129,0.9,1000000.0,0,0.0001,0.0012,0.0061,0.0,0.1043,0.0,0.0,0.08
3136,1107dade1e8d7c82,91,9.1,0.103156,0.089413,9.0,1000000.0,0,0.7225,0.0432,0.0605,0.0001,0.271,0.0,0.0,0.12
3137,9e00d0c06edac351,91,9.1,0.151984,0.09177,3.2,7.679,0,0.1656,0.2463,0.1096,0.0001,0.1693,0.0428,0.6894,0.12
3138,606041c21f547338,91,9.1,0.525701,0.198027,4.8,1.946,1,0.3266,0.4043,0.7093,0.0104,1.0,0.8073,0.8319,0.28
3139,cb9a6279d62b3db0,91,9.1,0.165424,0.094776,1.8,13.689,0,0.1,0.1981,0.1312,0.0002,0.2241,0.0,0.749,0.32
3140,61eacac0c829ee57,91,9.1,0.181226,0.172503,7.9,12.826,0,0.065,0.1512,0.0655,0.0,0.3,0.0,0.8071,0.36
3141,bedb1182e2feba7a,91,9.1,0.32294,0.156461,4.0,2.839,0,0.3604,0.2253,0.1773,0.0004,0.1859,0.6882,0.698,0.16
3142,1008aa4114dbc237,91,9.1,0.090162,0.068082,2.8,1000000.0,0,0.3978,0.2961,0.101,0.0,0.2132,0.0,0.0,0.4
3143,bb8825b62a6e260d,91,9.1,0.313741,0.149713,1.0,2.8,0,0.4259,0.2519,0.3513,0.0004,0.3311,0.6934,0.4793,1.0
3144,5a06cfea9c1664f1,91,9.1,0.084818,0.072931,5.4,1000000.0,0,0.7221,0.0346,0.0742,0.0001,0.1681,0.0,0.0,0.0
3145,5ec63297b697eb6b,91,9.1,0.369114,0.127666,0.2,2.816,0,0.3974,0.191,0.2334,0.0001,0.5636,0.6913,0.5474,0.48
3146,e892d4c5afd681d0,91,9.1,0.107886,0.097073,0.6,44.544,0,0.722,0.0485,0.0963,0.0001,0.2081,0.0,0.1466,0.08
3147,430eae8e9b34f281,91,9.1,0.201886,0.139347,6.2,6.348,0,0.5844,0.1862,0.2381,0.0,0.1982,0.2203,0.6561,0.24
3148,247c2ddbf2a78396,91,9.1,0.172725,0.170923,8.9,1000000.0,0,0.0001,0.001,0.0027,0.0,0.1146,0.0,0.8816,0.44
3149,9c6f0e907912d39b,91,9.1,0.398119,0.150866,3.9,2.913,0,0.0099,0.1186,0.1456,0.0,0.4325,0.6782,0.7962,0.88
3150,9bf88815aa5e9404,91,9.1,0.235896,0.167286,7.8,4.882,0,0.3772,0.3007,0.1266,0.0015,0.1833,0.4157,0.8037,0.52
3151,511bf27fa948b19a,91,9.1,0.092251,0.060847,1.1,9.437,0,0.3164,0.1745,0.1225,0.0,0.2459,0.0,0.1264,0.32
3152,28b89994833415cd,91,9.1,0.203462,0.186882,6.4,11.66,0,0.476,0.0742,0.0888,0.0002,0.3046,0.0,0.6262,0.68
3153,a5d552ed3eb99927,91,9.1,0.253898,0.114385,3.0,30.517,0,0.5794,0.6255,1.0,0.006,0.5087,0.0,0.41,0.16
3154,3554bf94ad5c68a,91,9.1,0.30919,0.112949,3.9,3.555,0,0.0001,0.0013,0.0055,0.0,0.134,0.5926,0.677,0.8
3155,4afb2940779ae9b1,91,9.1,0.144042,0.064045,3.0,10.044,0,0.0001,0.0011,0.0043,0.0,0.183,0.0,0.6368,0.48
3156,97a3eca4e6eb93fa,91,9.1,0.273348,0.206087,6.3,5.883,0,0.1941,0.191,0.1843,0.0,0.2577,0.2822,0.7729,0.96
3157,af5867a32ae57c01,91,9.1,0.257002,0.055693,0.1,3.946,0,0.3304,0.3577,0.108,0.0,0.1699,0.5405,0.7145,0.12
3158,1aaf58deffd77da,91,9.1,0.27876,0.098733,0.2,4.554,0,0.0097,0.0711,0.0962,0.0,0.176,0.4594,0.6844,0.76
3159,51dddd8b4a39d3ed,91,9.1,0.195879,0.08718,3.5,6.892,0,0.0,0.0006,0.0019,0.0,0.0887,0.1478,0.7186,0.92
3160,8842f99f194ae876,91,9.1,0.486057,0.197464,1.5,1.389,17,0.2486,0.1417,0.1052,0.0044,1.0,0.8814,0.4875,0.64
3161,1031a69f8f291d38,91,9.1,0.179971,0.098832,6.9,5.329,0,0.6868,0.2754,0.1389,0.001,0.5246,0.3561,0.0991,0.2
3162,2c551cae1ffbc5d4,91,9.1,0.382865,0.149314,6.7,2.609,0,0.3747,0.2556,0.134,0.0,0.5319,0.7188,0.6141,1.0
3163,90f1e5727b266f1b,91,9.1,0.148718,0.075848,4.3,7.807,0,0.0599,0.1785,0.0638,0.0,0.2144,0.0257,0.7093,0.32
3164,292cb2792f8c868e,91,9.1,0.200958,0.177214,7.4,128.212,0,0.6882,0.1582,0.1412,0.0001,0.2871,0.0,0.5151,0.68
3165,ac72a17c83c79e38,91,9.1,0.359208,0.278141,1.0,2.937,0,0.3062,0.3181,0.1901,0.0055,1.0,0.675,0.5265,1.0
3166,e3895ad8d49ad9b2,91,9.1,0.243094,0.166785,0.1,6.497,0,0.4242,0.2301,0.1909,0.0054,0.2392,0.2004,0.7193,0.4
3167,36a2fcb813c5530e,91,9.1,0.208548,0.152577,6.0,19.679,0,0.5168,0.2102,0.133,0.0011,0.2228,0.0,0.6567,0.76
3168,483885a3264b21e5,91,9.1,0.159279,0.143452,2.5,9.312,0,0.5263,0.2503,0.0887,0.0,0.1713,0.0,0.6492,0.28
3169,4c435250c14e9f36,91,9.1,0.175167,0.103782,9.0,6.471,0,0.0458,0.1411,0.0914,0.0001,0.1739,0.2039,0.7272,0.8
3170,199cd31f14c89ee1,91,9.1,0.216451,0.192378,3.4,1000000.0,0,0.4159,0.1207,0.1384,0.0,0.1913,0.0,0.7867,1.0
3171,ed744d08da9b82cf,91,9.1,0.260946,0.104079,2.7,5.109,0,0.1909,0.1645,0.0495,0.0,0.2214,0.3855,0.7498,0.64
3172,260cf4df05337d27,91,9.1,0.095539,0.032961,2.8,8.334,0,0.0,0.0007,0.0018,0.0,0.1453,0.0,0.4401,0.28
3173,576b1aa9bb86c7cf,91,9.1,0.186779,0.109412,9.0,1000000.0,0,0.244,0.3984,0.6587,0.0073,0.8063,0.0,0.8603,0.36
3174,e77cb1c0d7170e5e,91,9.1,0.067841,0.04623,0.4,1000000.0,0,0.0524,0.1176,0.0906,0.0,0.1666,0.0,0.0,0.56
3175,791c72ec85e2a0ac,91,9.1,0.182139,0.118775,8.0,7.275,0,0.5678,0.176,0.2174,0.0018,0.4773,0.0966,0.368,0.08
3176,55d4dac02aa4f7e2,91,9.1,0.193514,0.074393,0.4,1000000.0,0,0.0538,0.0781,0.0484,0.0001,0.1865,0.0,0.8204,0.68
3177,426d9d861ee4d221,91,9.1,0.197173,0.140406,5.8,9.209,0,0.3041,0.26,0.1527,0.0001,0.5247,0.0,0.5816,0.44
3178,d30709cd60e60395,91,9.1,0.233981,0.221232,0.3,8.225,0,0.046,0.1606,0.0714,0.0,0.3517,0.0,0.8798,0.84
3179,36c1c9cb1ff1e406,91,9.1,0.224484,0.170656,0.2,54.055,0,0.0042,0.0335,0.0483,0.0,0.8985,0.0,0.3906,1.0
3180,7e39fbedf7199844,91,9.1,0.221148,0.105792,6.5,4.678,0,0.0001,0.0008,0.0024,0.0,0.123,0.4429,0.5421,0.48
3181,83ad319f51fc248b,91,9.1,0.207372,0.067727,2.2,5.968,0,0.0,0.0011,0.0039,0.0,0.14,0.2709,0.6846,0.36
3182,bbe95851c2f4e925,91,9.1,0.181235,0.12271,7.1,28.091,0,0.0963,0.2174,0.1058,0.0001,0.1879,0.0,0.4898,1.0
3183,73e4a75da8d1aeb3,91,9.1,0.178093,0.147658,1.6,13.952,0,0.5118,0.1066,0.1423,0.0001,0.2536,0.0,0.4977,0.56
3184,fdb15332cce0b768,91,9.1,0.189956,0.172672,7.3,21.635,0,0.0656,0.1802,0.1001,0.0,0.8067,0.0,0.3759,0.32
3185,e730e70ec662302f,91,9.1,0.50733,0.218382,8.2,2.104,0,0.1804,0.2777,0.562,0.0212,0.9998,0.7862,0.8664,0.52
3186,141e885b6f5c0322,91,9.1,0.326525,0.111665,0.2,3.395,0,0.3036,0.2586,0.1269,0.0007,0.4247,0.614,0.5495,0.52
3187,26acb89bd8738a67,91,9.1,0.198705,0.177051,2.3,12.149,0,0.4153,0.4002,0.0933,0.0,0.2035,0.0,0.8241,0.44
3188,637a9d8abc9225b7,91,9.1,0.190858,0.162607,8.6,1000000.0,0,0.1446,0.2601,0.1216,0.0002,1.0,0.0,0.0942,0.44
3189,8c14792c3d6d5141,91,9.1,0.152758,0.138986,5.7,1000000.0,0,0.3118,0.2042,0.0606,0.0076,0.919,0.0,0.0,0.28
3190,d6beb913cf0839a1,91,9.1,0.279045,0.198102,1.8,5.623,0,0.1562,0.1944,0.1953,0.0001,0.2165,0.3169,0.8786,0.6
3191,d2f9733f6f37b3c0,91,9.1,0.216541,0.199643,6.1,14.015,0,0.4032,0.1242,0.1341,0.0001,0.2805,0.0,0.6826,0.72
3192,d04ac268ce4805a1,91,9.1,0.211723,0.189029,4.0,9.574,0,0.0422,0.132,0.0998,0.0,0.2232,0.0,0.8607,0.6
3193,48e62d76ab0d7bd4,91,9.1,0.344487,0.044331,8.6,2.593,0,0.0166,0.0944,0.109,0.0001,0.1905,0.7209,0.9019,0.12
3194,53c78bc2cd0543f1,91,9.1,0.437156,0.194384,3.9,1.134,16,0.4844,0.2643,0.2021,0.003,0.6245,0.9154,0.4964,0.56
3195,e7e5ac1436d4bd43,91,9.1,0.075908,0.051759,0.5,8.697,0,0.0476,0.239,0.1708,0.0,0.1673,0.0,0.0,0.56
3196,2a13f9b8bc502f06,91,9.1,0.3692,0.280168,7.0,2.286,0,0.383,0.4437,0.8405,0.0025,0.2572,0.7619,0.7725,0.68
3197,28354d591aef103f,91,9.1,0.306,0.06811,4.7,3.156,0,0.0001,0.0008,0.0026,0.0,0.1216,0.6458,0.7623,0.48
3198,36ac742c75564b10,91,9.1,0.240956,0.079683,6.1,5.683,0,0.1937,0.3133,0.4705,0.0095,0.2853,0.309,0.7262,0.36
3199,46aa67b7ee68adb0,91,9.1,0.180028,0.090659,0.8,12.018,0,0.224,0.3635,0.2813,0.001,0.7317,0.0,0.6248,0.24
3200,83a55f3d7be3140c,91,9.1,0.218747,0.199627,0.4,16.876,0,0.0168,0.1362,0.1611,0.0,0.1646,0.0,0.9097,0.84
3201,4a7bae01673d6c38,91,9.1,0.199307,0.163236,0.2,108.49,0,0.5892,0.3235,0.3427,0.0001,0.2068,0.0,0.6413,0.4
3202,f4674725b9e732d7,91,9.1,0.367207,0.180318,8.0,4.277,0,0.4023,0.575,0.9802,0.0194,0.9274,0.4964,0.831,0.56
3203,956177dd2df414d8,91,9.1,0.24749,0.050408,4.8,4.131,0,0.0,0.0007,0.0023,0.0,0.1211,0.5159,0.6195,0.32
3204,119251c89c31eb3e,91,9.1,0.333081,0.10781,6.3,1.404,9,0.5614,0.0783,0.12,0.0001,0.2587,0.8795,0.271,0.32
3205,9b12a478ee6be244,91,9.1,0.151214,0.136727,3.9,36.655,0,0.7095,0.092,0.0873,0.0,0.2161,0.0,0.3795,0.2
3206,3bd56bc0cb7b3d8d,91,9.1,0.33344,0.076127,2.6,2.229,0,0.0001,0.0007,0.0019,0.0,0.1216,0.7695,0.6575,0.64
3207,dc8f3e172bce25c1,91,9.1,0.462043,0.189459,6.9,3.611,0,0.1488,0.1935,0.421,0.0171,1.0,0.5852,0.7406,0.92
3208,dd4081c2ccb94491,91,9.1,0.408845,0.233347,1.8,2.907,0,0.1908,0.2479,0.4672,0.0038,1.0,0.6791,0.696,1.0
3209,5cdccc1934fc4db5,91,9.1,0.222316,0.085909,7.1,12.297,0,0.4021,0.5176,0.7322,0.0155,0.5521,0.0,0.0,0.2
3210,7f5a63a1f048a3f0,91,9.1,0.325584,0.257634,6.2,3.809,0,0.3673,0.1974,0.0811,0.0018,0.5916,0.5588,0.8632,0.32
3211,70d84fc381cd3413,91,9.1,0.321201,0.198848,8.5,4.279,0,0.4486,0.1852,0.0378,0.0,0.2367,0.4961,0.7941,0.52
3212,6001283afd09d466,91,9.1,0.140757,0.065178,8.8,22.27,0,0.0001,0.0009,0.0025,0.0,0.1614,0.0,0.7598,0.16
3213,e53f407fc4532e2d,91,9.1,0.185177,0.181995,2.4,1000000.0,0,0.0001,0.0014,0.0025,0.0,0.0771,0.0,0.8836,0.72
3214,bcc04ba9b48635ce,91,9.1,0.185932,0.167235,3.8,21.81,0,0.5775,0.0802,0.0643,0.0015,0.2711,0.0,0.596,0.36
3215,ba71d77407a37a8,91,9.1,0.175479,0.081117,8.9,5.713,0,0.1415,0.1423,0.198,0.0,0.1861,0.305,0.4035,0.44
3216,dd9b01cbb8ba9c16,91,9.1,0.167215,0.165954,9.0,99.95,0,0.0003,0.0039,0.0095,0.0,0.1083,0.0,0.8832,0.36
3217,98feb20c6d084e01,91,9.1,0.310137,0.237723,1.7,2.31,0,0.0734,0.134,0.1127,0.0001,0.2678,0.7587,0.7677,0.56
3218,62bd6f9614e693ce,91,9.1,0.24891,0.15118,1.7,8.82,0,0.2779,0.3325,0.6974,0.0031,0.9256,0.0,0.5736,0.88
3219,123f59dd00d78255,91,9.1,0.156297,0.155033,5.2,1000000.0,0,0.0001,0.0009,0.0019,0.0,0.9605,0.0,0.0,0.68
3220,1c66e2b9f722d159,91,9.1,0.270471,0.158882,6.1,8.191,0,0.0607,0.2418,0.1252,0.0,1.0,0.0,0.8903,0.52
3221,49b8ba64084b13bf,91,9.1,0.154507,0.13699,8.4,15.158,0,0.5633,0.1563,0.1349,0.0,0.3041,0.0,0.3182,0.6
3222,a3fee4c9f2c77be2,91,9.1,0.315061,0.129106,1.6,4.093,0,0.2485,0.4095,0.5158,0.0171,0.7097,0.5209,0.6898,0.72
3223,d6a33a559b2efd48,91,9.1,0.199496,0.177067,6.4,9.34,0,0.1688,0.2031,0.0756,0.0005,0.2827,0.0,0.8791,0.4
3224,f7a562e97b249fa7,91,9.1,0.194335,0.174474,8.8,8.443,0,0.0439,0.1493,0.1464,0.0,0.2462,0.0,0.8731,0.36
3225,343e5a4c53ce10c1,91,9.1,0.208669,0.191396,0.0,12.725,0,0.0601,0.2351,0.1887,0.0,0.1975,0.0,0.8811,0.72
3226,ff2d1878036617df,91,9.1,0.249834,0.1066,8.5,6.54,0,0.2335,0.3438,0.6822,0.0151,1.0,0.1947,0.458,0.4
3227,2ec608058bbaa41f,91,9.1,0.175373,0.173447,4.8,1000000.0,0,0.0001,0.0009,0.0028,0.0,0.0599,0.0,0.8798,0.6
3228,a2a4f074c9a159b,91,9.1,0.263858,0.13029,4.9,1000000.0,0,0.7736,0.7965,1.0,0.0024,0.2552,0.0,0.2956,0.32
3229,9c2a35743c4d2457,91,9.1,0.18875,0.152971,1.4,1000000.0,0,0.692,0.2636,0.1383,0.0002,0.3218,0.0,0.3892,0.96
3230,62aec4a715b057f2,91,9.1,0.337953,0.140784,2.6,2.72,0,0.1798,0.7724,0.7002,0.0066,0.3248,0.704,0.621,0.44
3231,5c3ca956a20f131d,91,9.1,0.275365,0.125983,8.1,4.229,0,0.4958,0.2095,0.0377,0.0,0.2287,0.5028,0.5657,0.4
3232,bcbbb60c314651bc,91,9.1,0.276925,0.12359,6.8,4.849,0,0.3542,0.1889,0.3018,0.0002,0.3064,0.4202,0.6405,0.64
3233,bab09f3794d3ddc8,91,9.1,0.178705,0.175768,1.9,1000000.0,0,0.0001,0.0009,0.0029,0.0,0.1716,0.0,0.8766,0.44
3234,40526c290d28ddd8,91,9.1,0.20214,0.158669,0.5,9.382,0,0.1794,0.2781,0.2249,0.0008,0.1645,0.0,0.84,0.52
3235,416c4b9938707059,91,9.1,0.219654,0.178839,8.3,5.735,0,0.4138,0.3017,0.2805,0.002,0.1649,0.302,0.8144,0.8
3236,43678389d1092e3e,91,9.1,0.334887,0.112569,4.9,4.337,0,0.2953,0.3195,0.8255,0.0048,0.6373,0.4885,0.4829,0.24
3237,624f44cd43665d13,91,9.1,0.19942,0.10772,0.8,13.03,0,0.0001,0.0009,0.003,0.0,0.307,0.0,0.7791,0.88
3238,4d1f277bbe6f983,91,9.1,0.200651,0.123455,6.5,23.415,0,0.0858,0.1587,0.0877,0.0008,0.2477,0.0,0.8733,0.52
3239,321c7b91e77175e2,91,9.1,0.447288,0.199739,8.9,2.308,0,0.3011,0.345,1.0,0.0153,1.0,0.7589,0.7108,0.24
3240,95701bc79d32b161,91,9.1,0.16582,0.152379,8.9,15.643,0,0.0152,0.0532,0.0521,0.0,0.1635,0.0,0.7492,0.52
3241,231a282a80b80d1f,91,9.1,0.126641,0.102757,5.1,1000000.0,0,0.346,0.1089,0.1474,0.0027,0.1937,0.0,0.0,1.0
3242,59e221afbeab3ffc,91,9.1,0.363114,0.127225,0.5,1.952,1,0.2349,0.3417,0.6971,0.0288,1.0,0.8063,0.8398,0.32
3243,d92103f53e7997df,91,9.1,0.349114,0.177777,2.2,3.251,0,0.448,0.27,0.4988,0.0181,1.0,0.6331,0.7375,0.84
3244,d12dc367f94ffc67,91,9.1,0.238314,0.218497,4.2,18.221,0,0.3632,0.3062,0.0882,0.0001,0.3857,0.0,0.8777,0.96
3245,32b159d6bbe560e0,91,9.1,0.21869,0.197941,3.0,9.62,0,0.5786,0.2515,0.126,0.0002,0.3079,0.0,0.6861,0.8
3246,57b2592b3cd74a71,91,9.1,0.349673,0.181507,4.4,2.071,0,0.2584,0.1476,0.1726,0.0,0.4606,0.7906,0.4827,0.76
3247,978e95dd1af00247,91,9.1,0.233927,0.213841,7.5,12.259,0,0.3969,0.2814,0.1774,0.0011,0.2476,0.0,0.8173,1.0
3248,b7fdf97152148115,91,9.1,0.348774,0.241473,0.5,3.858,0,0.2072,0.3036,0.3172,0.0,0.1933,0.5523,0.8731,0.68
3249,e8b7fce8f1a553ee,91,9.1,0.205488,0.185881,6.1,9.332,0,0.1886,0.2433,0.1092,0.0,0.2335,0.0,0.8466,0.6
3250,af05f5d9bb7f9ec,91,9.1,0.473659,0.238476,7.2,1.798,8,0.4203,0.5198,1.0,0.0001,0.2546,0.827,0.4042,0.56
3251,f0492810b945c75a,91,9.1,0.187668,0.182794,2.0,1000000.0,0,0.0001,0.0023,0.0054,0.0,0.1268,0.0,0.8766,0.68
3252,9908127bc713c042,91,9.1,0.29076,0.177193,0.3,3.899,0,0.3026,0.161,0.1204,0.0,0.5576,0.5468,0.4454,0.28
3253,169c6fe8758557b5,91,9.1,0.21786,0.188893,6.1,7.514,0,0.3924,0.2119,0.1292,0.0001,0.1885,0.0648,0.7709,0.72
3254,4dc7772036d8dcc,91,9.1,0.239702,0.213292,7.4,70.153,0,0.4069,0.2467,0.1108,0.0001,0.2668,0.0,0.8806,1.0
3255,9a0d235a0d4453ae,91,9.1,0.379554,0.233102,7.6,2.39,0,0.3012,0.3845,0.9129,0.0077,0.8968,0.748,0.8401,1.0
3256,e41f140250a1eb12,91,9.1,0.267822,0.141624,7.7,5.437,0,0.2478,0.1699,0.1396,0.0021,0.5469,0.3418,0.4097,0.88
3257,35f026811f02ecde,91,9.1,0.165268,0.054449,2.7,5.296,0,0.1105,0.0784,0.0441,0.0,0.2311,0.3606,0.4575,0.08
3258,3e1d7ed3bf26b408,91,9.1,0.289319,0.206982,1.1,4.787,0,0.1616,0.1409,0.1579,0.0,0.4157,0.4284,0.8605,0.16
3259,749206d3bae419bf,91,9.1,0.165264,0.100685,8.8,1000000.0,0,0.5638,0.0681,0.142,0.0004,0.2796,0.0,0.4671,0.36
3260,acedd7bacd68d12c,91,9.1,0.168086,0.131284,0.7,37.439,0,0.6788,0.1379,0.0902,0.0001,0.216,0.0,0.4632,0.48
3261,7fb8e92ca4f611fc,91,9.1,0.20337,0.202368,5.4,1000000.0,0,0.0001,0.001,0.0024,0.0,0.1088,0.0,0.867,1.0
3262,55177813be24a246,91,9.1,0.235862,0.21911,2.6,27.011,0,0.328,0.2334,0.1386,0.0001,0.442,0.0,0.8638,0.6
3263,ba98bc8d4e61e2b0,91,9.1,0.161137,0.15545,1.5,1000000.0,0,0.0,0.0007,0.0017,0.0,0.1054,0.0,0.845,0.36
3264,3e32765bbf1b7c31,91,9.1,0.093224,0.053636,1.6,60.957,0,0.0813,0.0287,0.0545,0.0021,0.2008,0.0,0.3111,0.28
3265,f10082d70e77f5e8,91,9.1,0.161474,0.077891,0.5,14.917,0,0.0,0.0009,0.0038,0.0,0.1369,0.0,0.7739,0.56
3266,3480f4dbf050469d,91,9.1,0.283094,0.173055,7.0,62.769,0,0.0387,0.115,0.0488,0.0,0.7508,0.0,0.8471,1.0
3267,4337a3daa36e10c9,91,9.1,0.449523,0.222191,5.4,2.078,0,0.3107,0.1679,0.4607,0.0089,1.0,0.7896,0.6614,0.2
3268,1f0a8dc28d5b7be7,91,9.1,0.172329,0.164599,2.5,25.94,0,0.0128,0.0569,0.0713,0.0,0.1618,0.0,0.8668,0.48
3269,78cc59bce6c55a1b,91,9.1,0.394476,0.134993,4.5,1.375,6,0.0001,0.001,0.0031,0.0,0.2312,0.8834,0.8434,0.48
3270,dd9bb7eca5730d07,91,9.1,0.197045,0.150691,8.1,13.201,0,0.6493,0.2244,0.3481,0.0002,0.297,0.0,0.4356,0.6
3271,e689fae7e56b346e,91,9.1,0.216447,0.063634,6.5,6.928,0,0.0001,0.0012,0.0028,0.0,0.1592,0.1429,0.8044,0.68
3272,dfea6a4cb2b8ff6c,91,9.1,0.223917,0.198485,0.1,8.493,0,0.277,0.196,0.2955,0.0,0.3029,0.0,0.8545,0.6
3273,b23546103511895e,91,9.1,0.388574,0.149812,5.6,3.456,0,0.2783,0.2334,0.5645,0.0241,0.4496,0.6059,0.7931,0.76
3274,fe08d0860bef8e2d,91,9.1,0.23929,0.156942,0.1,1000000.0,0,0.4548,0.4361,0.6262,0.0004,0.4096,0.0,0.5931,0.4
3275,3cac4714c269b8b1,91,9.1,0.249425,0.160741,2.5,1000000.0,0,0.5832,0.3365,0.1664,0.0001,0.7254,0.0,0.8163,0.36
3276,9453d168b73bf662,91,9.1,0.267898,0.198809,5.4,5.186,0,0.2997,0.1915,0.2354,0.0032,0.7709,0.3752,0.8425,0.44
3277,3a9de193b9dd5e7e,91,9.1,0.282162,0.115975,5.2,3.861,0,0.4861,0.2292,0.0929,0.0,0.1688,0.5518,0.4349,0.64
3278,28391b435cbcceab,91,9.1,0.256227,0.179231,6.1,4.053,0,0.0129,0.0557,0.0376,0.0,0.2852,0.5262,0.5664,0.4
3279,3da37547fec6f75,91,9.1,0.259992,0.173527,3.0,27.001,0,0.4774,0.2214,0.1426,0.0055,1.0,0.0,0.5191,0.48
3280,a8700fb6fc152560,91,9.1,0.218279,0.215352,9.0,1000000.0,0,0.0001,0.0014,0.0044,0.0,0.2578,0.0,0.8786,0.92
3281,35652acb107529ce,91,9.1,0.185499,0.183595,7.6,59.837,0,0.0001,0.0011,0.0026,0.0,0.3128,0.0,0.8409,0.36
3282,430b3ef31f57beac,91,9.1,0.227521,0.205864,5.7,20.198,0,0.3801,0.2342,0.2042,0.0001,0.2678,0.0,0.8531,1.0
3283,c47d1dc213d10e95,91,9.1,0.408492,0.183556,7.3,5.027,0,0.493,0.5793,1.0,0.0002,1.0,0.3963,0.8254,0.28
3284,9ad163f4c55c287c,91,9.1,0.20671,0.074334,8.0,1000000.0,0,0.3683,0.4057,1.0,0.0001,0.1748,0.0,0.0,0.32
3285,ccaa7540da5faf88,91,9.1,0.278166,0.07047,5.0,4.1,0,0.0012,0.0191,0.0585,0.0,0.153,0.52,0.7561,0.36
3286,e09863b5503f456f,91,9.1,0.251935,0.118368,4.1,2.984,0,0.4058,0.4573,0.8882,0.0223,0.9867,0.6688,0.466,0.56
3287,77d0d4e2522967,91,9.1,0.196057,0.099477,8.1,6.528,0,0.7218,0.2004,0.1028,0.0,0.1665,0.1962,0.4126,0.12
3288,9f6dd239ebfaffd,91,9.1,0.255851,0.101068,0.2,5.632,0,0.0,0.0007,0.002,0.0,0.2935,0.3157,0.7416,0.56
3289,e27412ad2a05234c,91,9.1,0.298153,0.106271,8.8,5.252,0,0.4133,0.4732,1.0,0.0057,0.3126,0.3664,0.2709,0.12
3290,8c10ef1337f022fd,91,9.1,0.28953,0.179418,7.2,8.146,0,0.3437,0.5032,0.8563,0.0115,0.9872,0.0,0.786,0.6
3291,944c19f14d5891b5,91,9.1,0.333882,0.199513,3.3,25.149,0,0.6405,0.6396,1.0,0.0,0.4168,0.0,0.5405,0.36
3292,ad688d8e31b0fae1,91,9.1,0.201113,0.179763,0.3,39.207,0,0.6772,0.0982,0.0791,0.0,0.3106,0.0,0.5023,0.68
3293,93e73875aa496f22,91,9.1,0.233325,0.211001,9.0,31.62,0,0.1288,0.1006,0.0599,0.0,0.3115,0.0,0.8075,0.96
3294,8ee10ac3f5feeba9,91,9.1,0.410024,0.117181,6.5,2.892,0,0.1331,0.2693,0.4512,0.022,1.0,0.6811,0.4976,0.16
3295,3c0523a5d9dc4ba2,91,9.1,0.324132,0.188688,5.1,4.193,0,0.4388,0.441,1.0,0.0025,0.3938,0.5076,0.7148,0.16
3296,14089bc6d6b442e4,91,9.1,0.236116,0.207871,2.7,1000000.0,0,0.4059,0.333,0.1238,0.0001,0.2597,0.0,0.8823,1.0
3297,d34a8150a952189f,91,9.1,0.252365,0.060475,0.1,3.474,0,0.1297,0.1903,0.2528,0.0147,0.196,0.6035,0.2242,0.44
3298,db49fa5fa1ed0fc0,91,9.1,0.290458,0.153409,7.2,3.309,0,0.5028,0.25,0.134,0.0017,0.3426,0.6255,0.5194,0.44
3299,634f31d15ae4204b,91,9.1,0.152025,0.132011,8.4,65.759,0,0.7226,0.0972,0.0617,0.0002,0.3187,0.0,0.4046,0.2
3300,a86ae8af1a715b2b,91,9.1,0.339086,0.251584,4.5,3.689,0,0.3323,0.2103,0.165,0.0001,0.1994,0.5748,0.8186,0.6
3301,473525b90612ca71,91,9.1,0.331717,0.182163,0.2,4.668,0,0.1199,0.2782,0.3172,0.0,0.2021,0.4443,0.8371,0.52
3302,20c9c6d944b8eda9,91,9.1,0.323608,0.184314,3.1,2.406,0,0.3231,0.1312,0.12,0.0001,0.1996,0.7458,0.6239,0.36
3303,edda2c0aaa390797,91,9.1,0.149423,0.064054,1.1,5.871,0,0.3295,0.1305,0.0552,0.0001,0.1669,0.2839,0.0,0.56
3304,4c79dd34897d7bb3,91,9.1,0.304432,0.116159,2.5,2.954,0,0.2997,0.2402,0.1141,0.0005,0.5053,0.6728,0.7348,0.4
3305,28ae8f6ca6a18007,91,9.1,0.261401,0.122241,0.2,4.352,0,0.5883,0.3738,0.0899,0.0003,0.1661,0.4864,0.5544,0.72
3306,1fc5cb106ff9f41f,91,9.1,0.185724,0.132122,2.6,9.174,0,0.0011,0.0224,0.0465,0.0,0.1533,0.0,0.7309,1.0
3307,91b808dbad83b008,91,9.1,0.224082,0.155204,2.7,4.569,0,0.308,0.0473,0.0704,0.0001,0.3512,0.4574,0.3331,0.64
3308,c2c873a8f6f56143,91,9.1,0.171951,0.148507,8.6,14.742,0,0.4928,0.189,0.1155,0.0,0.1794,0.0,0.5273,0.48
3309,73a971753ba1d510,91,9.1,0.109554,0.092985,2.9,19.935,0,0.7182,0.1767,0.1269,0.0001,0.2424,0.0,0.0,0.2
3310,f84ee5e29839d6d2,91,9.1,0.189911,0.150672,7.3,26.177,0,0.0001,0.0006,0.0016,0.0,0.1416,0.0,0.8162,0.88
3311,239f7ac8ce979d20,91,9.1,0.116913,0.067218,5.4,1000000.0,0,0.0729,0.0665,0.0413,0.0,0.1759,0.0,0.4912,0.48
3312,e9c71f902a97f8cb,91,9.1,0.231644,0.198409,0.7,16.42,0,0.3642,0.1616,0.1329,0.0006,0.26,0.0,0.7193,1.0
3313,3b9f4afbed1a7e4b,91,9.1,0.224349,0.113072,2.2,17.729,0,0.3413,0.3987,0.8008,0.0237,0.9263,0.0,0.3604,0.24
3314,bb8e73fdce3d2a18,91,9.1,0.307853,0.137868,8.0,3.516,0,0.2633,0.4623,0.326,0.0096,0.2612,0.5979,0.6158,0.8
3315,8ece8f7bee2660c6,91,9.1,0.509642,0.247239,7.4,3.368,0,0.2504,0.4527,0.9914,0.0172,1.0,0.6176,0.8417,0.96
3316,5ff7f92924204c1e,91,9.1,0.202706,0.194842,5.0,34.17,0,0.0071,0.0463,0.0672,0.0,0.3631,0.0,0.9205,0.28
3317,fdfbe510c8d1211a,91,9.1,0.304173,0.233988,0.2,11.191,0,0.0518,0.1699,0.208,0.0051,0.9151,0.0,0.9074,1.0
3318,ddd2e5aac939ac37,91,9.1,0.424121,0.247937,3.1,4.008,0,0.2808,0.5249,1.0,0.0,0.1642,0.5323,0.8736,0.88
3319,ea5470e6b5b8336b,91,9.1,0.131237,0.086658,8.9,6.116,0,0.4,0.1381,0.1097,0.001,0.2255,0.2512,0.0,1.0
3320,b1c98be740a56212,91,9.1,0.29422,0.180059,0.2,4.711,0,0.2172,0.2594,0.1081,0.0,0.1694,0.4385,0.8694,0.28
3321,e6e8bab562e6e547,91,9.1,0.12122,0.121062,6.5,1000000.0,0,0.0001,0.0012,0.0027,0.0,0.5075,0.0,0.0,1.0
3322,a6601ce3d765da73,91,9.1,0.173927,0.15175,7.8,15.088,0,0.5767,0.1552,0.1066,0.0001,0.1702,0.0,0.4915,0.64
3323,332f11fa59f025ec,91,9.1,0.209722,0.177936,1.7,15.663,0,0.4063,0.3094,0.2547,0.0,0.2887,0.0,0.7359,0.2
3324,e44ce0d62879853c,91,9.1,0.305716,0.115863,1.9,2.113,0,0.3194,0.1751,0.0457,0.0002,0.3284,0.7849,0.5333,0.4
3325,9e9e36970703cfd7,91,9.1,0.218531,0.177906,3.4,6.856,0,0.1846,0.1452,0.0406,0.0,0.1665,0.1525,0.878,0.48
3326,24e85baccf846158,91,9.1,0.346245,0.141214,8.9,4.371,0,0.1814,0.267,0.4409,0.0157,0.5693,0.4839,0.7476,0.68
3327,688f68e34fb5494b,91,9.1,0.313226,0.183329,1.4,4.054,0,0.2512,0.2218,0.1514,0.0048,0.5462,0.5261,0.5691,0.44
3328,8575d6b421976c22,91,9.1,0.315219,0.183065,5.8,33.782,0,0.7243,0.1573,0.1848,0.0003,1.0,0.0,0.7401,0.52
3329,f9d5c3d9b24c0c79,91,9.1,0.297478,0.119658,0.5,3.844,0,0.2505,0.1787,0.2802,0.0007,0.4057,0.5541,0.4602,0.44
3330,e6540187e524073,91,9.1,0.342859,0.145656,7.1,3.008,0,0.0001,0.0011,0.0035,0.0,0.1245,0.6656,0.8523,0.68
3331,19e06877e39c96d5,91,9.1,0.131649,0.110126,2.6,1000000.0,0,0.6304,0.3459,0.3796,0.0011,0.4372,0.0,0.0,0.64
3332,a418cebd87d09073,91,9.1,0.533168,0.224599,0.4,1.496,6,0.3019,0.2072,0.0664,0.0161,0.8831,0.8672,0.8198,1.0
3333,6d8269253accc16e,91,9.1,0.317218,0.132118,6.9,4.241,0,0.17,0.2816,0.5809,0.0032,0.5285,0.5013,0.7296,0.52
3334,3a878e51114a2c59,91,9.1,0.178103,0.147202,0.2,10.28,0,0.6852,0.1477,0.0881,0.0001,0.2411,0.0,0.3756,0.68
3335,e08b738913981074,91,9.1,0.127337,0.101526,5.7,1000000.0,0,0.6401,0.3729,0.1185,0.0002,0.184,0.0,0.0,0.6
3336,12ae6091307bba85,91,9.1,0.182399,0.044602,6.9,5.46,0,0.0001,0.0012,0.0027,0.0,0.0421,0.3387,0.5636,0.28
3337,5400e82592a0f661,91,9.1,0.179518,0.130915,4.5,10.031,0,0.6184,0.1922,0.1165,0.0001,0.2331,0.0,0.5232,0.36
3338,a05d63318313952a,91,9.1,0.214878,0.199612,1.4,1000000.0,0,0.5799,0.3371,0.0952,0.0001,0.2082,0.0,0.8611,1.0
3339,2f916cb085f185e2,91,9.1,0.224006,0.193325,7.6,155.887,0,0.1716,0.2534,0.0971,0.0007,0.374,0.0,0.8469,0.52
3340,b50ea7b77843406e,91,9.1,0.177735,0.158452,0.0,1000000.0,0,0.5453,0.1301,0.1678,0.0003,0.1814,0.0,0.6079,0.32
3341,7fd031387dab3ac2,91,9.1,0.202819,0.11534,1.0,1000000.0,0,0.7219,0.2586,0.0763,0.0007,1.0,0.0,0.0,0.32
3342,b4560c08554a8742,91,9.1,0.232481,0.135602,7.0,1000000.0,0,0.5648,0.0756,0.134,0.0008,0.4594,0.0,0.8042,0.36
3343,eb9fe57ddda72954,91,9.1,0.10796,0.075834,0.0,1000000.0,0,0.5633,0.0538,0.1176,0.0008,0.445,0.0,0.0,0.08
3344,373a38335d7886d4,91,9.1,0.211279,0.208842,5.0,1000000.0,0,0.0001,0.0011,0.0031,0.0,0.2475,0.0,0.9051,0.76
3345,8676d9d8aceff1e6,91,9.1,0.213811,0.080862,3.6,2.448,0,0.1526,0.3794,0.2776,0.0477,0.8672,0.7403,0.0998,0.12
3346,12877172859b9ba5,91,9.1,0.191338,0.152835,2.8,12.571,0,0.1913,0.1751,0.1131,0.0001,0.2944,0.0,0.648,0.72
3347,8c93ad8e7dad994f,91,9.1,0.326614,0.213823,1.6,3.611,0,0.3553,0.1483,0.1253,0.0003,0.3472,0.5852,0.6546,0.6
3348,3fa21689a5b03f87,91,9.1,0.184933,0.168663,8.6,19.809,0,0.5174,0.0861,0.0995,0.0001,0.1829,0.0,0.6508,0.32
3349,dbe0eed10a0b3968,91,9.1,0.162755,0.145523,8.9,19.708,0,0.0265,0.1303,0.0572,0.0,0.1883,0.0,0.7875,0.52
3350,c79871e0c8543261,91,9.1,0.24847,0.148857,7.5,1000000.0,0,0.5624,0.2191,0.1575,0.0007,0.7147,0.0,0.7972,0.76
3351,fc59eba6e7987f36,91,9.1,0.394922,0.165065,2.2,0.648,12,0.0741,0.2411,0.2367,0.0029,0.3025,0.9803,0.8136,0.24
3352,b6cc3d8f36c7ed41,91,9.1,0.123608,0.090643,8.6,13.287,0,0.0681,0.2161,0.1297,0.0012,0.4023,0.0,0.1253,0.52
3353,2513d6359d1a071a,91,9.1,0.323267,0.236992,6.8,4.02,0,0.4555,0.2375,0.1779,0.0,0.1663,0.5306,0.8426,0.64
3354,a803fa3e892fb8e3,91,9.1,0.092508,0.078043,0.1,1000000.0,0,0.7228,0.0534,0.0803,0.0,0.1753,0.0,0.0,0.12
3355,401a3a67b94ee3a4,91,9.1,0.263648,0.176526,2.3,5.503,0,0.3263,0.2984,0.2423,0.0,0.1674,0.333,0.8141,0.24
3356,504678dc2a88adae,91,9.1,0.161101,0.118044,8.7,11.908,0,0.1333,0.3065,0.1126,0.0001,0.204,0.0,0.3351,0.88
3357,6c6500d82e9d73a2,91,9.1,0.180742,0.152523,1.5,60.169,0,0.7113,0.1085,0.1535,0.0001,0.1677,0.0,0.4598,0.32
3358,99b65c30d26f837d,91,9.1,0.167623,0.142055,0.0,104.492,0,0.722,0.0865,0.053,0.0001,0.2972,0.0,0.3243,0.28
3359,3beb387ca72216dc,91,9.1,0.22257,0.196909,1.4,270.521,0,0.3229,0.1673,0.0605,0.0,0.1662,0.0,0.7982,1.0
3360,fd553d5c17e1d3c4,91,9.1,0.153186,0.058024,9.0,1000000.0,0,0.1623,0.1741,0.0559,0.0,0.2488,0.0,0.6646,0.48
3361,1903f273f7caeb75,91,9.1,0.378299,0.088673,1.9,1.754,4,0.0001,0.0007,0.0019,0.0,0.1475,0.8328,0.8391,0.48
3362,bda5c511af7ab640,91,9.1,0.205995,0.12969,0.7,10.681,0,0.0001,0.001,0.0027,0.0,0.1479,0.0,0.8538,1.0
3363,d73c2baba77324aa,91,9.1,0.189751,0.105213,8.6,7.565,0,0.0168,0.154,0.1276,0.0002,0.2094,0.058,0.825,0.72
3364,72ad9050be281a94,91,9.1,0.353247,0.096596,0.7,2.693,0,0.0684,0.1287,0.0547,0.0,0.1654,0.7076,0.8364,0.52
3365,7fc0f6fc7fbf1c84,91,9.1,0.116227,0.06421,0.2,1000000.0,0,0.5471,0.292,0.3721,0.0,0.1747,0.0,0.0,0.16
3366,38207483759de919,91,9.1,0.082108,0.041919,0.2,1000000.0,0,0.1919,0.1993,0.3144,0.0,0.1696,0.0,0.0,0.36
3367,abf5ed2458fe72ff,91,9.1,0.378703,0.089772,2.9,1.747,3,0.0001,0.0013,0.0081,0.0,0.1309,0.8337,0.8853,0.44
3368,eea7735fb2925cb8,91,9.1,0.386553,0.269631,7.8,1.406,24,0.3934,0.3993,0.9099,0.0003,0.2731,0.8792,0.6072,0.28
3369,346d53c6be5f112e,91,9.1,0.217496,0.13491,6.4,9.751,0,0.7192,0.1257,0.116,0.0003,0.2306,0.0,0.7543,0.64
3370,2ec0361a9edc2911,91,9.1,0.176362,0.139513,3.1,1000000.0,0,0.0077,0.1412,0.12,0.0,1.0,0.0,0.3265,0.16
3371,20a56c82ac60822e,91,9.1,0.331264,0.13646,7.5,3.333,0,0.2608,0.32,0.4508,0.0041,1.0,0.6223,0.7774,0.24
3372,4439eafb003d1b64,91,9.1,0.288046,0.184225,1.5,5.668,0,0.2644,0.3728,0.6446,0.0008,0.1938,0.311,0.8031,0.84
3373,a2e9578f41d040f,91,9.1,0.261779,0.189715,0.6,4.735,0,0.3251,0.402,0.8126,0.0021,0.8928,0.4353,0.3977,0.64
3374,1ab0cdbb76b689d3,91,9.1,0.169373,0.151135,2.1,1000000.0,0,0.1342,0.1205,0.0938,0.0,0.175,0.0,0.862,0.44
3375,8d95a1af233a661b,91,9.1,0.272444,0.114084,0.1,3.505,0,0.0001,0.0018,0.0058,0.0,0.1053,0.5993,0.6924,0.28
3376,83aacc8c4fe29297,91,9.1,0.266504,0.156365,5.4,4.338,0,0.1517,0.2367,0.1578,0.0001,0.5035,0.4882,0.3009,1.0
3377,cf5d1b73eb546b12,91,9.1,0.390142,0.201279,1.1,3.233,0,0.3194,0.355,0.9251,0.023,1.0,0.6357,0.5824,0.72
3378,b9559f0846dd2b5,91,9.1,0.328753,0.239328,2.5,3.826,0,0.2359,0.1931,0.2466,0.0,0.1837,0.5565,0.8828,0.6
3379,abc5b7f083e0c3e0,91,9.1,0.091605,0.057536,7.5,1000000.0,0,0.2695,0.2064,0.0573,0.0,0.2628,0.0,0.3806,0.28
3380,913bc3cec06fab63,91,9.1,0.430237,0.144861,0.7,2.056,0,0.0001,0.0014,0.0102,0.0,1.0,0.7925,0.9359,0.28
3381,d68a398a4e5c9af5,91,9.1,0.19633,0.180819,3.4,8.65,0,0.5963,0.2298,0.113,0.0,0.1809,0.0,0.7792,0.36
3382,d17b63efd7d8a9e2,91,9.1,0.325425,0.20416,0.9,3.56,0,0.1963,0.2562,0.3281,0.0,0.1653,0.592,0.8759,0.32
3383,f664e7de728404ba,91,9.1,0.332329,0.064519,1.9,2.324,0,0.0001,0.0012,0.0031,0.0,0.1228,0.7568,0.7591,0.36
3384,d7c99870a2aa3097,91,9.1,0.169058,0.117818,1.6,15.158,0,0.5653,0.1086,0.1471,0.0004,0.2771,0.0,0.5182,0.6
3385,b0a95de8389253a1,91,9.1,0.246128,0.139358,4.3,4.55,0,0.0358,0.0732,0.0792,0.0,0.1648,0.46,0.423,1.0
3386,209e882fbbb4e905,91,9.1,0.514133,0.140502,0.3,1.345,2,0.3714,0.3647,0.791,0.07,1.0,0.8874,0.8775,0.52
3387,dec462fc6ad3a1e6,91,9.1,0.288404,0.088895,4.7,4.368,0,0.0001,0.001,0.003,0.0,0.1529,0.4843,0.7853,0.6
3388,9c36ec3d536cc87,91,9.1,0.20919,0.205917,6.9,1000000.0,0,0.0001,0.0008,0.0026,0.0,0.1798,0.0,0.8811,0.92
3389,6a9aa2e9e8f22363,91,9.1,0.213607,0.102598,8.9,5.392,0,0.7133,0.1793,0.1363,0.0001,0.1636,0.3477,0.3489,0.24
3390,1a9c5c5f84165b53,91,9.1,0.435723,0.182137,4.8,3.531,0,0.3787,0.3714,0.6335,0.0268,1.0,0.5959,0.642,0.44
3391,6c1d7388c4b18b61,91,9.1,0.232406,0.230344,3.6,1000000.0,0,0.0003,0.0081,0.0241,0.0,0.409,0.0,0.8847,0.84
3392,7d4c3ce328add688,91,9.1,0.197904,0.134411,0.3,1000000.0,0,0.1358,0.2292,0.2153,0.0003,0.3689,0.0,0.6711,0.56
3393,30a224a724dc6a65,91,9.1,0.332041,0.257882,8.1,4.341,0,0.4728,0.2768,0.1252,0.0,0.2432,0.4878,0.8684,0.76
3394,347898294e8582e5,91,9.1,0.204234,0.155355,5.2,11.21,0,0.3191,0.2512,0.252,0.0001,0.2649,0.0,0.7266,0.24
3395,af4c2e0eb7721bb1,91,9.1,0.213149,0.148473,1.3,122.314,0,0.7237,0.1006,0.0625,0.0002,0.1998,0.0,0.7657,0.36
3396,56efe4c0169ff2b3,91,9.1,0.332919,0.169603,7.7,4.739,0,0.178,0.1795,0.3345,0.0001,0.4383,0.4349,0.6186,1.0
3397,fc8c647623f81bb4,91,9.1,0.149764,0.131422,8.2,12.927,0,0.72,0.2652,0.0616,0.0002,0.3689,0.0,0.295,0.32
3398,bce260baebb68c36,91,9.1,0.309365,0.123474,4.5,3.689,0,0.0844,0.1465,0.1119,0.0,0.1723,0.5748,0.7947,0.64
3399,fb152d07d3d29b10,91,9.1,0.178764,0.117499,7.0,74.461,0,0.3987,0.2036,0.1456,0.0002,0.4521,0.0,0.6996,0.48
3400,4d878f70432988cc,91,9.1,0.178499,0.176823,0.9,1000000.0,0,0.0009,0.0134,0.0244,0.0,0.1043,0.0,0.8812,0.56
3401,dcc3cd7b8f7d04d8,91,9.1,0.21172,0.202069,7.8,13.284,0,0.0493,0.1562,0.1296,0.0,0.5016,0.0,0.8655,0.24
3402,4d315ccb07b0d412,91,9.1,0.298139,0.058491,6.2,3.654,0,0.0001,0.0019,0.0054,0.0,0.1387,0.5795,0.7981,0.28
3403,9abfb771ba66c259,91,9.1,0.297413,0.112596,1.3,18.997,0,0.3552,0.3637,1.0,0.0021,0.2164,0.0,0.6623,0.32
3404,e4f81332520d2689,91,9.1,0.207643,0.122951,6.3,1000000.0,0,0.7223,0.1286,0.1123,0.0002,0.2214,0.0,0.7863,0.2
3405,8198c1fe5d77ee7d,91,9.1,0.197647,0.164187,7.0,30.716,0,0.559,0.1714,0.2523,0.0007,0.1954,0.0,0.7693,0.6
3406,9cf8d59791bdd81a,91,9.1,0.199232,0.154601,0.3,16.057,0,0.429,0.1463,0.2793,0.0006,0.1935,0.0,0.6494,0.8
3407,89a33606e468b8c9,91,9.1,0.228127,0.218047,8.5,1000000.0,0,0.2989,0.2546,0.1035,0.0001,0.349,0.0,0.8794,0.8
3408,9682612fb5e246be,91,9.1,0.367848,0.139234,1.6,5.076,0,0.4052,0.3706,0.8338,0.0072,1.0,0.3899,0.4649,0.64
3409,97f52bbfecac5fb,91,9.1,0.280509,0.154373,8.4,5.793,0,0.5635,0.1481,0.1298,0.0007,0.2458,0.2943,0.6447,1.0
3410,1b67ed0d23eb98ee,91,9.1,0.300463,0.132496,8.9,6.408,0,0.2895,0.1769,0.202,0.0026,1.0,0.2123,0.6396,0.36
3411,900a385e0db631b0,91,9.1,0.212378,0.191683,9.0,13.602,0,0.3643,0.1547,0.0692,0.0001,0.2353,0.0,0.7534,0.76
3412,f43dcbafde1be564,91,9.1,0.189921,0.068384,0.0,1000000.0,0,0.2313,0.4317,1.0,0.0058,0.2826,0.0,0.0,0.24
3413,bcff26c2fbd6f076,91,9.1,0.185405,0.141958,0.0,40.06,0,0.6323,0.1385,0.1971,0.0002,0.2096,0.0,0.4655,0.4
3414,fd4e7ad87aeed80c,91,9.1,0.275316,0.132976,0.0,15.609,0,0.6037,0.3033,0.1953,0.0269,1.0,0.0,0.6619,0.48
3415,fb5531071d2402f0,91,9.1,0.337306,0.126878,6.5,3.113,0,0.0,0.0009,0.0024,0.0,0.147,0.6515,0.7564,0.8
3416,c8d7c67883bb7bc,91,9.1,0.151674,0.081392,2.5,11.563,0,0.3634,0.2567,0.4865,0.0205,1.0,0.0,0.0,0.12
3417,a7dc32d5c0b782f9,91,9.1,0.227974,0.199812,5.5,8.915,0,0.4054,0.2444,0.1154,0.0011,0.4894,0.0,0.8105,0.32
3418,b4d20c3541856ceb,91,9.1,0.348302,0.196774,1.8,5.586,0,0.144,0.2167,0.5311,0.0052,1.0,0.3218,0.6954,0.96
3419,8cd4c6944d8af270,91,9.1,0.132915,0.127603,0.0,1000000.0,0,0.0001,0.0008,0.0031,0.0,0.0919,0.0,0.6835,0.32
3420,96b35f1ccf11ad45,91,9.1,0.317847,0.251319,5.7,4.063,0,0.385,0.2159,0.055,0.0,0.1815,0.5249,0.8745,0.48
3421,38e4341a32fe85c3,91,9.1,0.042604,0.039638,7.9,1000000.0,0,0.0,0.0007,0.0023,0.0,0.134,0.0,0.0,0.44
3422,8978eef4d48e692b,91,9.1,0.364325,0.097934,7.2,3.94,0,0.2539,0.3723,0.5885,0.0149,0.8128,0.5414,0.6647,0.4
3423,63de1e64ba6b87d9,91,9.1,0.359073,0.098605,6.3,2.162,0,0.0001,0.0015,0.0035,0.0,0.1522,0.7785,0.814,0.52
3424,ad3515e9a130a552,91,9.1,0.212563,0.195711,8.7,29.96,0,0.0731,0.1953,0.0707,0.0,0.2633,0.0,0.882,0.68
3425,9f99ad8da55b8b4b,91,9.1,0.514772,0.178348,5.7,1.854,1,0.3796,0.488,0.7587,0.0107,1.0,0.8195,0.8555,0.44
3426,3870a5eac13c16c4,91,9.1,0.160393,0.085581,1.8,9.247,0,0.0001,0.001,0.0025,0.0,0.1984,0.0,0.703,0.56
3427,42947277ae2d7f1d,91,9.1,0.261615,0.152309,8.6,4.29,0,0.2349,0.2701,0.515,0.0002,0.2471,0.4947,0.4533,0.76
3428,3f5b9a396323a855,91,9.1,0.158031,0.094488,4.7,23.485,0,0.0001,0.0012,0.0033,0.0,0.1555,0.0,0.6877,0.6
3429,e77d35da8c4478c8,91,9.1,0.39995,0.196411,2.3,2.212,0,0.3149,0.4156,0.4596,0.0048,0.6791,0.7717,0.6861,0.56
3430,63ea4eaee8940033,91,9.1,0.401861,0.144793,3.1,4.945,0,0.5113,0.5002,0.8092,0.0338,1.0,0.4073,0.5939,0.52
3431,8f07477587568a4e,91,9.1,0.24988,0.136713,1.4,4.444,0,0.2032,0.3898,0.1532,0.0001,0.162,0.4742,0.5949,0.68
3432,cf6fe20b5019c2a,91,9.1,0.153765,0.11702,7.1,25.358,0,0.0001,0.0012,0.004,0.0,0.1942,0.0,0.6441,0.6
3433,c9eed7705ea8d97c,91,9.1,0.305459,0.041203,6.5,3.791,0,0.0001,0.0008,0.0023,0.0,0.1996,0.5612,0.8448,0.32
3434,b1e8b957610763be,91,9.1,0.291909,0.199009,0.3,4.556,0,0.1382,0.1564,0.058,0.0,0.165,0.4592,0.8826,0.48
3435,513f2ec5ea0aa33d,91,9.1,0.295113,0.183487,0.1,5.022,0,0.0954,0.1441,0.2044,0.0,0.1657,0.3971,0.88,0.36
3436,2cbb85604144f190,91,9.1,0.176603,0.125959,0.0,1000000.0,0,0.5909,0.2153,0.1432,0.0,0.1955,0.0,0.532,0.24
3437,cad8e4474685a6a5,91,9.1,0.233855,0.199371,6.4,1000000.0,0,0.5463,0.283,0.2906,0.0002,0.2315,0.0,0.8295,0.8
3438,e60d742508191eaa,91,9.1,0.154168,0.049259,2.2,10.528,0,0.1702,0.2899,0.2991,0.0,0.167,0.0,0.7987,0.2
3439,4021d38cada5fc11,91,9.1,0.232004,0.208238,7.6,7.252,0,0.2885,0.3992,0.1395,0.0,0.3363,0.0997,0.8377,0.72
3440,6dc077c6bcce6bd1,91,9.1,0.266244,0.233834,0.8,120.64,0,0.121,0.1464,0.0931,0.0003,0.9307,0.0,0.6954,1.0
3441,f354b3bbb911d194,91,9.1,0.297319,0.089746,4.6,3.243,0,0.405,0.2001,0.0333,0.0,0.1737,0.6343,0.5586,0.2
3442,6b45c9a3b978ba59,91,9.1,0.165385,0.138476,0.6,17.687,0,0.2397,0.1964,0.1411,0.0,0.1638,0.0,0.6614,0.36
3443,5f72be67406d2d7e,91,9.1,0.365809,0.166105,2.0,3.655,0,0.1627,0.3548,0.5612,0.0113,0.7583,0.5793,0.8857,0.84
3444,82c40d495ae93b5a,91,9.1,0.244697,0.187778,0.1,6.556,0,0.0844,0.0894,0.0408,0.0,0.1638,0.1925,0.8824,0.84
3445,d20f3afed449101b,91,9.1,0.176185,0.121376,5.1,1000000.0,0,0.3601,0.3569,0.6839,0.0264,0.5572,0.0,0.634,0.36
3446,f068a630515bd852,91,9.1,0.399262,0.244253,2.0,2.388,0,0.3611,0.0692,0.072,0.0001,0.8947,0.7483,0.4362,0.56
3447,c22a1acc7309f003,91,9.1,0.331531,0.149906,7.7,4.159,0,0.0001,0.0008,0.0029,0.0,0.2449,0.5121,0.7999,0.96
3448,52d1081b42bcec83,91,9.1,0.246472,0.131874,9.0,7.822,0,0.2513,0.2326,0.5229,0.0227,0.5703,0.0237,0.7935,0.36
3449,6ea7469196fc45fe,91,9.1,0.215338,0.094153,8.6,10.385,0,0.2278,0.3368,0.6744,0.0089,1.0,0.0,0.4299,0.48
3450,84e6c430b8cda77,91,9.1,0.218021,0.17216,0.2,12.518,0,0.3508,0.288,0.3948,0.0,0.1888,0.0,0.7381,0.4
3451,ba7d8e98cbc1ceb6,91,9.1,0.296873,0.141605,1.4,3.956,0,0.1961,0.1877,0.1002,0.0005,0.1819,0.5391,0.6127,0.88
3452,d41ce82a93c4591c,91,9.1,0.196576,0.172007,0.0,12.074,0,0.4453,0.2699,0.0877,0.0001,0.1881,0.0,0.7673,0.32
3453,aafe80d3117d2859,91,9.1,0.44073,0.23144,5.1,1.462,6,0.2865,0.3501,0.7684,0.0115,1.0,0.8718,0.7024,1.0
3454,1df96a1a61573e3,91,9.1,0.248617,0.248444,2.8,1000000.0,0,0.0001,0.0009,0.0028,0.0,1.0,0.0,0.7272,0.32
3455,e8bc55295de6aae2,91,9.1,0.235893,0.19059,0.9,6.631,0,0.0886,0.135,0.1425,0.0,0.1926,0.1825,0.8766,0.64
3456,601eeca4a36a5ccc,91,9.1,0.257363,0.084482,6.2,3.136,0,0.2232,0.2043,0.2078,0.0,0.1838,0.6486,0.1687,0.36
3457,90f2f95d2871f0a3,91,9.1,0.173509,0.168712,2.7,137.246,0,0.0,0.0007,0.0021,0.0,0.1415,0.0,0.8843,0.4
3458,4a10934ae9aa17fc,91,9.1,0.267778,0.209397,2.1,4.724,0,0.2775,0.1955,0.0741,0.0,0.2935,0.4368,0.7757,0.48
3459,f190d9fd676b7899,91,9.1,0.254439,0.17926,8.5,6.539,0,0.2034,0.1169,0.0971,0.0005,1.0,0.1948,0.7469,0.92
3460,1691a6168cff0ffe,91,9.1,0.284621,0.103627,1.6,2.843,0,0.501,0.2282,0.0932,0.0,0.2112,0.6876,0.3015,0.28
3461,ccd87fd20adf2632,91,9.1,0.231996,0.178973,7.8,30.665,0,0.296,0.238,0.3891,0.0125,0.7544,0.0,0.7828,0.16
3462,b53e22d8e5679642,91,9.1,0.219729,0.148872,9.0,52.152,0,0.0072,0.0835,0.1966,0.0,0.3562,0.0,0.8033,0.56
3463,70a08fec927ab145,91,9.1,0.279417,0.067156,7.0,4.98,0,0.0487,0.1638,0.2019,0.0016,0.3572,0.4026,0.8753,0.52
3464,b89dacbbe2289174,91,9.1,0.211249,0.191872,8.2,80.842,0,0.115,0.2857,0.0966,0.0,0.2003,0.0,0.879,0.68
3465,a5d97ccc63a52d78,91,9.1,0.237955,0.207982,6.3,52.941,0,0.0138,0.1435,0.218,0.0,0.5964,0.0,0.6793,0.6
3466,b0300dc1b757a8d7,91,9.1,0.272164,0.187906,4.0,5.715,0,0.1997,0.2316,0.1327,0.0003,0.3968,0.3047,0.5814,1.0
3467,3c452675fb288444,91,9.1,0.267356,0.131492,3.0,3.058,0,0.3775,0.3585,0.4938,0.0182,0.495,0.659,0.6893,0.64
3468,cce35a79a3306b9e,91,9.1,0.442558,0.129526,7.1,4.267,0,0.2982,0.4528,0.5434,0.0163,0.6536,0.4978,0.6667,0.8
3469,796e278d09e7c5e6,91,9.1,0.157399,0.142108,0.9,96.746,0,0.6065,0.1559,0.1164,0.0001,0.2613,0.0,0.4617,0.24
3470,c28cffa4e0347362,91,9.1,0.298755,0.076323,7.1,3.507,0,0.0,0.0007,0.0018,0.0,0.1178,0.5991,0.6292,0.8
3471,776285e2d08f058a,91,9.1,0.311364,0.18533,0.9,4.22,0,0.1598,0.2979,0.2771,0.0084,0.3755,0.5041,0.7823,0.64
3472,f7381f33deaa9aae,91,9.1,0.102336,0.071622,0.9,1000000.0,0,0.3992,0.2037,0.1053,0.0001,0.2129,0.0,0.2718,0.52
3473,7adea007fa84db23,91,9.1,0.315667,0.133974,7.7,5.067,0,0.0958,0.193,0.123,0.0045,0.4528,0.3911,0.8331,0.64
3474,d7f3df4470165525,91,9.1,0.220573,0.119686,6.6,1000000.0,0,0.5526,0.2774,0.2236,0.0057,0.2694,0.0,0.7377,0.44
3475,f12c239b6adb9370,91,9.1,0.174912,0.173952,9.0,1000000.0,0,0.0004,0.0065,0.0133,0.0,0.9474,0.0,0.0,1.0
3476,641efc7e40dbfb90,91,9.1,0.15627,0.08267,3.0,5.294,0,0.5638,0.2851,0.0982,0.0,0.2531,0.3608,0.0,0.28
3477,a9798f5d811f6cc4,91,9.1,0.439264,0.242905,7.6,3.308,0,0.6613,0.6967,1.0,0.0007,0.8884,0.6256,0.7586,0.32
3478,d173e8d9e06d790c,91,9.1,0.182507,0.107774,2.2,1000000.0,0,0.1468,0.1747,0.3562,0.0077,1.0,0.0,0.4602,0.08
3479,a92ca0e9d5bbc355,91,9.1,0.259223,0.105843,0.4,4.428,0,0.2217,0.1825,0.2722,0.0,0.1628,0.4762,0.7055,0.52
3480,b8efdd9c62b9116b,91,9.1,0.1956,0.191016,5.2,36.008,0,0.0,0.0009,0.0026,0.0,0.2411,0.0,0.8713,0.6
3481,6581a5a20383ecff,91,9.1,0.536547,0.206566,3.8,1.777,5,0.5431,0.6334,1.0,0.0007,0.9212,0.8297,0.4717,0.64
3482,9c52d259d258d6a3,91,9.1,0.189871,0.163457,6.0,120.106,0,0.1386,0.1867,0.0911,0.0,0.1565,0.0,0.8772,0.56
3483,ef556e36f7ebbc4d,91,9.1,0.211692,0.180778,0.1,8.047,0,0.3268,0.2321,0.1127,0.0,0.2205,0.0,0.7507,0.84
3484,7ffba82d009e105e,91,9.1,0.179034,0.107231,1.2,18.213,0,0.6291,0.1465,0.0776,0.0001,0.1733,0.0,0.5191,0.48
3485,98d505a80a1141dd,91,9.1,0.135996,0.10769,1.6,131.188,0,0.4024,0.0609,0.1559,0.0001,0.1642,0.0,0.4314,0.64
3486,948ea50c7d4b392f,91,9.1,0.276167,0.163583,7.7,21.7,0,0.2312,0.2713,0.1352,0.0001,1.0,0.0,0.8188,0.24
3487,d896f46c9ea0f137,91,9.1,0.246065,0.097852,8.9,4.582,0,0.2988,0.2029,0.2809,0.0001,0.2688,0.4558,0.3922,0.36
3488,4ceda27ddf243bbe,91,9.1,0.260494,0.181042,4.9,5.56,0,0.5253,0.2894,0.1149,0.0002,0.1693,0.3253,0.7142,0.52
3489,7f0132c55a4023ae,91,9.1,0.228137,0.117861,1.9,1000000.0,0,0.3872,0.1439,0.0905,0.0002,0.949,0.0,0.4742,0.72
3490,d5435535ed9677c5,91,9.1,0.290416,0.138993,3.6,4.015,0,0.3368,0.37,0.1996,0.0002,0.6331,0.5313,0.8201,0.52
3491,3d72ed43ab5341b3,91,9.1,0.179283,0.176282,1.4,1000000.0,0,0.0001,0.001,0.0048,0.0,0.091,0.0,0.8811,0.6
3492,c9196fa2c2b45cc1,91,9.1,0.130806,0.083844,6.3,1000000.0,0,0.2089,0.3111,0.3939,0.0076,0.5928,0.0,0.0,0.36
3493,2772ce4865a8ef44,91,9.1,0.200078,0.176722,1.4,282.054,0,0.0084,0.1226,0.2212,0.0001,1.0,0.0,0.0,0.84
3494,3dd4e0d382ff41d8,91,9.1,0.26409,0.180152,0.1,5.138,0,0.3158,0.2377,0.1499,0.0,0.1826,0.3816,0.7291,0.8
3495,703a00fa0e4a4756,91,9.1,0.162492,0.070805,8.2,6.216,0,0.3639,0.2167,0.1619,0.0,0.1959,0.2378,0.4277,0.4
3496,3c04d80eec7f307f,91,9.1,0.172158,0.08954,8.0,14.882,0,0.0001,0.0007,0.0019,0.0,0.1549,0.0,0.799,0.64
3497,fda0b783e9b2a46d,91,9.1,0.412642,0.210819,8.0,1.732,9,0.2839,0.1716,0.0556,0.0019,0.6027,0.8357,0.8118,0.84
3498,d1b5be65be40fbc5,91,9.1,0.248923,0.219149,0.2,7.297,0,0.1959,0.2386,0.326,0.0,0.2722,0.0938,0.8778,0.8
3499,577682d785145b8,91,9.1,0.215468,0.13927,4.9,4.923,0,0.5568,0.6184,1.0,0.0006,1.0,0.4102,0.1473,0.4
3500,6387ab7b66b2da5e,91,9.1,0.222702,0.206416,3.0,36.809,0,0.3866,0.212,0.1189,0.0002,0.1759,0.0,0.706,1.0
3501,a8b129974286e1d,91,9.1,0.396759,0.143155,5.9,2.617,0,0.1135,0.1329,0.0708,0.0001,0.3302,0.7178,0.8107,1.0
3502,bddb2f5eefb5c3b7,91,9.1,0.277433,0.116252,4.0,6.805,0,0.3418,0.4352,0.6211,0.0083,0.8986,0.1593,0.5277,0.4
3503,82305c25000afb35,91,9.1,0.239067,0.122684,4.3,1000000.0,0,0.5257,0.534,0.8303,0.0302,0.5646,0.0,0.5859,0.6
3504,3f75b7935fc8213a,91,9.1,0.238566,0.12935,8.9,5.064,0,0.2385,0.0791,0.0966,0.0061,0.4423,0.3915,0.4702,0.2
3505,383c9ef2bf8e4480,91,9.1,0.222573,0.194747,6.2,295.087,0,0.2031,0.2958,0.1095,0.0,0.1814,0.0,0.8343,1.0
3506,ec48d099b003570d,91,9.1,0.153946,0.106601,1.8,7.246,0,0.7154,0.2638,0.0525,0.0118,0.2824,0.1005,0.4653,0.44
3507,9ff942f0afa36cef,91,9.1,0.253825,0.126754,7.8,4.71,0,0.7213,0.2493,0.0964,0.0,0.1651,0.4387,0.3996,0.16
3508,2fde53c29f18e503,91,9.1,0.22205,0.191072,1.7,1000000.0,0,0.6129,0.2684,0.151,0.0001,0.2137,0.0,0.6518,0.84
3509,211539cf56dc8de2,91,9.1,0.292619,0.16039,8.6,9.676,0,0.1846,0.1565,0.276,0.0075,1.0,0.0,0.7177,0.68
3510,429dbf908bb84942,91,9.1,0.288437,0.157002,3.2,1000000.0,0,0.4057,0.2219,0.1067,0.0025,0.9291,0.0,0.7858,0.52
3511,d737554d922b74f5,91,9.1,0.337263,0.175156,3.0,4.403,0,0.1888,0.2313,0.3204,0.0084,0.4429,0.4796,0.8306,1.0
3512,93763a6f33981509,91,9.1,0.209779,0.188827,6.8,1000000.0,0,0.3132,0.1969,0.0608,0.0001,0.3033,0.0,0.7821,0.72
3513,8d7e57c46e8d39d,91,9.1,0.078238,0.073081,4.2,1000000.0,0,0.0009,0.0186,0.0361,0.0,0.398,0.0,0.0,0.44
3514,da2abd61e1a7f7c5,91,9.1,0.230738,0.075738,7.4,5.143,0,0.0007,0.0115,0.0195,0.0,0.2361,0.3809,0.5524,0.48
3515,34b79170df162afe,91,9.1,0.136809,0.104241,0.0,1000000.0,0,0.4023,0.3029,0.1778,0.0001,0.2321,0.0,0.3046,0.52
3516,ae24d8d21a7247fa,91,9.1,0.259771,0.044615,3.6,4.141,0,0.0295,0.1953,0.1127,0.0,0.1475,0.5146,0.709,0.24
3517,b7f5cf31d0cd67e7,91,9.1,0.14533,0.056188,0.7,27.665,0,0.0001,0.0021,0.0046,0.0,0.1568,0.0,0.6503,0.52
3518,ffa67f9586672252,91,9.1,0.186397,0.175614,0.0,1000000.0,0,0.0008,0.0108,0.0518,0.0,0.104,0.0,0.8825,0.6
3519,5e94b8fa6109e2fe,91,9.1,0.172652,0.130869,1.9,11.999,0,0.1388,0.1855,0.0769,0.0001,0.2374,0.0,0.676,0.52
3520,e4be59704c26b5d3,91,9.1,0.105908,0.072528,0.1,1000000.0,0,0.4015,0.058,0.1615,0.0001,0.2242,0.0,0.2591,0.28
3521,24baf32ff6f60b8a,91,9.1,0.258082,0.134863,5.1,4.361,0,0.1342,0.2725,0.2293,0.0002,0.4143,0.4852,0.5643,0.52
3522,48ec646a8eb606b0,91,9.1,0.111415,0.090679,1.9,1000000.0,0,0.7141,0.2483,0.1093,0.0001,0.2088,0.0,0.0,0.2
3523,c480c44164d2a6b2,91,9.1,0.200923,0.151382,9.0,392.298,0,0.0731,0.2302,0.0792,0.0,0.3039,0.0,0.5842,0.96
3524,e92427b1540b4e4a,91,9.1,0.223692,0.134657,5.0,20.993,0,0.074,0.2235,0.2004,0.0,0.2768,0.0,0.7692,1.0
3525,e3fa844a429fbfd1,91,9.1,0.400192,0.189486,6.1,1.864,2,0.1945,0.3446,0.2982,0.0098,0.815,0.8181,0.6707,0.36
3526,332ca6a33e1d1bda,91,9.1,0.171366,0.128963,0.1,75.457,0,0.6455,0.2338,0.1148,0.0001,0.209,0.0,0.4468,0.4
3527,98f4195f94266e4b,91,9.1,0.198096,0.197974,2.0,1000000.0,0,0.0001,0.0009,0.0023,0.0,0.0617,0.0,0.8695,1.0
3528,d9fbe38dcf8b8eaf,91,9.1,0.367125,0.244309,7.6,3.604,0,0.5017,0.2557,0.2366,0.0,0.2168,0.5862,0.8477,1.0
3529,24ac161e8bd97456,91,9.1,0.164807,0.161173,3.8,1000000.0,0,0.0001,0.001,0.0025,0.0,0.1105,0.0,0.8818,0.32
3530,c814a340f61bf526,91,9.1,0.199746,0.189387,9.0,1000000.0,0,0.0001,0.0011,0.0025,0.0,0.2897,0.0,0.7311,0.92
3531,b5815b6db1445093,91,9.1,0.36913,0.228878,3.7,3.253,0,0.2966,0.3168,0.1367,0.0,0.164,0.6329,0.8933,0.52
3532,39831d2121f419be,91,9.1,0.164447,0.109403,2.0,32.604,0,0.7763,0.3664,0.2298,0.0005,0.1793,0.0,0.2682,0.32
3533,3664bf970ff4ac1e,91,9.1,0.321815,0.246571,5.2,4.439,0,0.2286,0.1508,0.131,0.0,0.2506,0.4749,0.8379,0.68
3534,b736bd8fc9710f49,91,9.1,0.283273,0.115953,8.6,3.839,0,0.0006,0.0048,0.0058,0.0,0.1153,0.5548,0.7326,0.52
3535,d04119decfdd9e44,91,9.1,0.482305,0.199914,5.7,2.435,0,0.1804,0.1854,0.2829,0.0083,0.7455,0.742,0.9276,1.0
3536,a7f958a9861f28e4,91,9.1,0.15666,0.135108,5.0,1000000.0,0,0.6935,0.3621,0.4986,0.0007,0.3066,0.0,0.0,1.0
3537,b232e98c13e05900,91,9.1,0.390488,0.116881,7.9,1.575,9,0.0001,0.0011,0.0026,0.0,0.1852,0.8566,0.8665,0.44
3538,d4b050d21a77890d,91,9.1,0.143261,0.117532,4.5,9.724,0,0.0755,0.2125,0.1976,0.0,0.28,0.0,0.2733,1.0
3539,e9c2964b4c34cefd,91,9.1,0.321699,0.144378,1.7,4.933,0,0.2615,0.2832,0.5959,0.0052,1.0,0.409,0.5743,0.76
3540,655df860f8df512b,91,9.1,0.166069,0.10272,1.3,7.1,0,0.3453,0.299,0.4448,0.0048,0.9653,0.12,0.0,0.32
3541,5d23553f6ee22f1e,91,9.1,0.394405,0.148224,8.3,1.954,1,0.0001,0.0007,0.0026,0.0,0.1989,0.8061,0.8382,0.8
3542,9b9a9e4d18c9106d,91,9.1,0.32561,0.235552,8.6,4.181,0,0.3127,0.184,0.1323,0.0001,0.6612,0.5091,0.4566,0.96
3543,4be34eab571f97e5,91,9.1,0.429928,0.211054,7.8,3.361,0,0.2581,0.2438,0.4074,0.0095,1.0,0.6186,0.7885,0.36
3544,acb0f18c61d9095,91,9.1,0.171358,0.094474,7.1,5.409,0,0.6795,0.1788,0.0678,0.0002,0.1861,0.3455,0.0857,0.52
3545,81ff851848ccbffe,91,9.1,0.19834,0.195203,6.1,1000000.0,0,0.0001,0.0008,0.002,0.0,0.2506,0.0,0.8809,0.6
3546,10781e76584249a3,91,9.1,0.151837,0.060245,0.1,9.765,0,0.0,0.0007,0.0028,0.0,0.137,0.0,0.7128,0.48
3547,f832f04c2a5386f9,91,9.1,0.212301,0.184235,8.2,90.21,0,0.1788,0.2822,0.0862,0.0001,0.2324,0.0,0.8812,0.52
3548,9319c6544383fdda,91,9.1,0.20843,0.175418,5.1,311.921,0,0.4592,0.3307,0.2274,0.0002,0.3221,0.0,0.8003,0.32
3549,dfc83add08296b75,91,9.1,0.160526,0.158312,0.0,1000000.0,0,0.0001,0.0016,0.0039,0.0,0.9343,0.0,0.0,0.8
3550,78b9d5ffcfe649e,91,9.1,0.145188,0.125655,0.1,1000000.0,0,0.3998,0.0728,0.0833,0.0,0.2164,0.0,0.5137,0.32
3551,c38ce70ee76d0481,91,9.1,0.207328,0.177453,0.8,69.94,0,0.1825,0.2276,0.1446,0.0001,0.2658,0.0,0.8837,0.32
3552,638d236f9e6068cf,91,9.1,0.174356,0.168192,0.0,23.223,0,0.0009,0.0242,0.025,0.0,0.0822,0.0,0.8715,0.56
3553,d0e924cc6c806a13,91,9.1,0.205747,0.164519,8.9,10.02,0,0.5618,0.229,0.1964,0.0001,0.1794,0.0,0.4973,0.8
3554,8cf70f7f07a16928,91,9.1,0.324582,0.100813,3.6,4.317,0,0.1114,0.2194,0.3453,0.0116,1.0,0.4911,0.8903,0.52
3555,225dd119ddbeed8,91,9.1,0.269788,0.179952,4.1,6.875,0,0.1819,0.1811,0.0952,0.0042,0.6734,0.15,0.5737,1.0
3556,b05e0ebe6fa970ff,91,9.1,0.198776,0.141493,3.4,11.391,0,0.5017,0.3429,0.2092,0.0016,0.2659,0.0,0.8352,0.6
3557,e34b3f8b9ddb1118,91,9.1,0.302208,0.108582,7.5,3.898,0,0.0001,0.001,0.0029,0.0,0.1247,0.5469,0.747,0.68
3558,69a42db71de58558,91,9.1,0.173287,0.170888,8.5,1000000.0,0,0.0001,0.0008,0.0025,0.0,0.1256,0.0,0.8773,0.44
3559,29d65dce581db94e,91,9.1,0.219199,0.197823,6.0,1000000.0,0,0.3413,0.276,0.127,0.0009,0.2023,0.0,0.7905,0.72
3560,3342c2514d4fe10c,91,9.1,0.151558,0.148892,1.2,1000000.0,0,0.0001,0.0011,0.0031,0.0,1.0,0.0,0.0,0.52
3561,248a5e217910fa54,91,9.1,0.390488,0.090261,2.9,1.575,9,0.0001,0.0009,0.0059,0.0,0.1853,0.8566,0.8665,0.4
3562,293e86628cc99699,91,9.1,0.201582,0.194658,4.5,1000000.0,0,0.0001,0.0018,0.0077,0.0,0.0768,0.0,0.8816,1.0
3563,515ecdde2e86aa86,91,9.1,0.034324,0.024747,0.4,1000000.0,0,0.0448,0.108,0.0448,0.0,0.1636,0.0,0.0,0.16
3564,3b169f26d15c4914,91,9.1,0.319767,0.13771,5.4,3.568,0,0.0,0.001,0.0022,0.0,0.0788,0.591,0.7489,0.96
3565,2663effd6eddc50b,91,9.1,0.17295,0.144155,7.0,11.959,0,0.6782,0.1961,0.1561,0.0,0.2184,0.0,0.5208,0.32
3566,717fea8b9e8011d4,91,9.1,0.167202,0.146716,6.9,1000000.0,0,0.6567,0.291,0.1377,0.0002,0.2557,0.0,0.4999,0.4
3567,7b783509bab54b8e,91,9.1,0.38032,0.169531,7.0,2.076,0,0.1505,0.2679,0.1996,0.023,0.3459,0.7898,0.8003,0.16
3568,99f13b03c1763d27,91,9.1,0.14926,0.148241,3.9,1000000.0,0,0.0001,0.001,0.0021,0.0,0.0891,0.0,0.8742,0.12
3569,e0b284078beb8428,91,9.1,0.237992,0.197197,1.7,1000000.0,0,0.5259,0.2253,0.2095,0.0002,0.3499,0.0,0.7695,0.56
3570,edca92b6e75155f2,91,9.1,0.127129,0.040238,5.3,100.068,0,0.0001,0.0007,0.0019,0.0,0.088,0.0,0.6964,0.28
3571,be9251fc7683f069,91,9.1,0.147644,0.105546,8.9,1000000.0,0,0.588,0.39,0.1272,0.0004,0.2997,0.0,0.0,0.8
3572,5c2f80c779cc22ba,91,9.1,0.197866,0.169973,7.8,71.684,0,0.2057,0.3009,0.0963,0.0,0.1812,0.0,0.8818,0.48
3573,dd2e0aaf0e09308,91,9.1,0.377179,0.168479,6.9,1.963,1,0.4674,0.3314,0.1195,0.0003,0.3245,0.805,0.4491,0.56
3574,6663e509910865de,91,9.1,0.230658,0.150686,7.4,3.26,0,0.1746,0.2907,0.1996,0.0001,0.6155,0.632,0.8255,0.64
3575,29f03a5ac0453ed,91,9.1,0.246842,0.201507,0.1,7.304,0,0.0501,0.1583,0.0939,0.0,0.1614,0.0928,0.8831,1.0
3576,4b5a98d0720b9c8f,91,9.1,0.216488,0.184631,8.6,8.748,0,0.3497,0.2912,0.1443,0.0001,0.1756,0.0,0.7545,0.68
3577,699964f31904b04c,91,9.1,0.16776,0.145761,4.7,67.103,0,0.7177,0.1372,0.0995,0.0001,0.1882,0.0,0.4345,0.24
3578,7471281cc5dfa0eb,91,9.1,0.23619,0.202585,0.0,1000000.0,0,0.2533,0.2143,0.1806,0.0001,0.3872,0.0,0.8932,0.76
3579,3e43f5b0118496b4,91,9.1,0.404225,0.147147,0.3,4.558,0,0.2037,0.2261,1.0,0.0188,0.4501,0.4589,0.6511,0.64
3580,c9165a09f9a98449,91,9.1,0.198922,0.168369,5.8,1000000.0,0,0.1578,0.1965,0.1167,0.0,0.1906,0.0,0.7647,0.76
3581,10f5ecc3744f2f18,91,9.1,0.298911,0.209336,1.0,12.702,0,0.3838,0.334,0.9552,0.0002,0.2121,0.0,0.7981,0.76
3582,d6ce124789e24119,91,9.1,0.202019,0.179603,4.5,88.96,0,0.188,0.2729,0.1346,0.0003,0.2091,0.0,0.8981,0.64
3583,17c06eb01cf5cd6a,91,9.1,0.082252,0.029751,9.0,1000000.0,0,0.2351,0.3418,0.1259,0.0,0.1665,0.0,0.0,0.2
3584,8374fe8b2ed6acaa,91,9.1,0.218704,0.20218,0.5,288.875,0,0.0035,0.0395,0.1126,0.0,0.5544,0.0,0.5247,1.0
3585,2609b122a9827875,91,9.1,0.292381,0.067013,0.2,3.909,0,0.1915,0.1769,0.2714,0.0,0.1646,0.5454,0.5167,0.48
3586,8ec630cc0fadff34,91,9.1,0.21133,0.133153,6.8,13.672,0,0.3293,0.3659,0.65,0.0267,1.0,0.0,0.0227,0.16
3587,90a23ec6f75def4d,91,9.1,0.347821,0.15236,8.8,3.303,0,0.0001,0.0008,0.0023,0.0,0.2545,0.6263,0.7054,0.96
3588,1a02e9262638ea72,91,9.1,0.324826,0.264345,5.0,4.847,0,0.2869,0.169,0.0362,0.0006,1.0,0.4204,0.8754,0.8
3589,a0d53b9b7403d35b,91,9.1,0.171649,0.169701,9.0,1000000.0,0,0.0001,0.0014,0.0025,0.0,0.1015,0.0,0.8848,0.44
3590,e77e3c6b5b326ca9,91,9.1,0.510631,0.216917,7.9,1.324,7,0.3867,0.2253,0.1677,0.0052,1.0,0.8901,0.4635,1.0
3591,faa014f021875a9b,91,9.1,0.489587,0.222051,0.2,2.503,0,0.2998,0.352,0.5567,0.0069,1.0,0.7329,0.8291,1.0
3592,96e1535ca0eb05dd,91,9.1,0.243995,0.178685,2.6,5.557,0,0.2646,0.188,0.112,0.0,0.1658,0.3257,0.7764,0.32
3593,6e18266604f77431,91,9.1,0.211643,0.168816,0.2,1000000.0,0,0.6196,0.2027,0.0938,0.0001,0.1631,0.0,0.5672,0.96
3594,5f1e1c5c8087b1a5,91,9.1,0.153156,0.066921,7.6,9.245,0,0.0036,0.0244,0.029,0.0,0.1498,0.0,0.7183,0.56
3595,87506844144bff45,91,9.1,0.219653,0.16392,1.7,15.474,0,0.0008,0.0154,0.0302,0.0,0.4505,0.0,0.7986,0.76
3596,dde17e0870a1dc04,91,9.1,0.270956,0.164481,2.6,5.58,0,0.4679,0.2976,0.29,0.0002,0.2041,0.3226,0.6462,0.56
3597,45905d3da21afa75,91,9.1,0.155004,0.052664,0.0,1000000.0,0,0.0,0.0008,0.0024,0.0,0.146,0.0,0.7389,0.44
3598,b5d144fef1f262b2,91,9.1,0.205658,0.165631,1.8,18.221,0,0.2051,0.158,0.071,0.0,0.3339,0.0,0.7925,0.44
3599,863c372f0d8e4c85,91,9.1,0.189347,0.077259,2.7,1000000.0,0,0.0,0.0008,0.0016,0.0,0.1216,0.0,0.8123,1.0
3600,e1053429c3f8ba9f,91,9.1,0.305205,0.114782,4.5,2.844,0,0.5297,0.1557,0.1152,0.0,0.1806,0.6875,0.3957,0.28
3601,7295534338c10cb9,91,9.1,0.134008,0.033494,3.4,9.018,0,0.0,0.0008,0.005,0.0,0.1331,0.0,0.7382,0.12
3602,6788da3f790921f1,91,9.1,0.294545,0.136685,1.3,6.573,0,0.3443,0.3036,0.3987,0.0144,1.0,0.1902,0.7766,0.56
3603,105f0df5727cd896,91,9.1,0.372257,0.242481,7.5,3.209,0,0.4083,0.2776,0.0766,0.0,0.2342,0.6388,0.848,0.68
3604,3dca9673b74355f4,91,9.1,0.138671,0.120348,0.0,1000000.0,0,0.1229,0.2305,0.1136,0.0001,0.6309,0.0,0.0543,0.6
3605,42ccf1a805512bc,91,9.1,0.247628,0.116756,0.2,18.815,0,0.6132,1.0,1.0,0.0001,0.2075,0.0,0.6319,0.2
3606,a76604612bd9622b,91,9.1,0.278517,0.128765,6.9,3.571,0,0.0001,0.0008,0.0023,0.0,0.2017,0.5905,0.6214,0.52
3607,d47bd341939f3fb7,91,9.1,0.125868,0.0948,9.0,7.84,0,0.3062,0.1859,0.284,0.0002,0.1774,0.0214,0.293,0.6
3608,d7cd9ffa462c0d35,91,9.1,0.218583,0.204498,8.9,11.865,0,0.038,0.0537,0.032,0.0,0.1965,0.0,0.8686,1.0
3609,89dd84b104375251,91,9.1,0.238041,0.178995,3.2,6.369,0,0.147,0.2025,0.1164,0.0,0.2075,0.2175,0.8699,0.32
3610,16609215e93a45c6,91,9.1,0.210809,0.180087,3.1,1000000.0,0,0.205,0.1918,0.0781,0.0,0.1706,0.0,0.8865,0.8
3611,7d49f7c48874b738,91,9.1,0.042919,0.030515,9.0,1000000.0,0,0.0025,0.0645,0.0661,0.0,0.1695,0.0,0.0,0.2
3612,3542009a02a6da45,91,9.1,0.10284,0.084066,7.4,1000000.0,0,0.7028,0.3268,0.1393,0.0009,0.2067,0.0,0.0,0.4
3613,2f3e12e16bc19c14,91,9.1,0.351385,0.264625,4.5,4.312,0,0.1343,0.2319,0.462,0.0,0.242,0.4917,0.9171,0.8
3614,5707a93326038ee8,91,9.1,0.456381,0.316432,5.3,3.727,0,0.3092,0.504,0.7627,0.0045,1.0,0.5697,0.8734,1.0
3615,10cc5fdad189879e,91,9.1,0.20747,0.200369,1.8,8.275,0,0.1546,0.1428,0.042,0.0,0.3228,0.0,0.8821,0.44
3616,4eead9194fa95c48,91,9.1,0.363493,0.279485,2.3,4.034,0,0.2702,0.2572,0.0842,0.0,0.2619,0.5288,0.8839,1.0
3617,3fff01d562043a1d,91,9.1,0.236929,0.128305,2.4,4.427,0,0.6245,0.3468,0.4183,0.0004,0.2568,0.4765,0.0,1.0
3618,83045ff202c0d235,91,9.1,0.249291,0.247204,4.2,1000000.0,0,0.0001,0.0011,0.0025,0.0,0.7272,0.0,0.9029,0.44
3619,a24c93847f638e3f,91,9.1,0.148261,0.121003,0.1,1000000.0,0,0.4893,0.0812,0.181,0.0,0.1693,0.0,0.3788,0.4
3620,1071d9e8201c211f,91,9.1,0.356777,0.101969,2.2,2.017,0,0.0001,0.0008,0.0023,0.0,0.0893,0.7977,0.769,0.56
3621,6e789cc1111c021e,91,9.1,0.13769,0.074997,0.5,21.711,0,0.0001,0.0036,0.0048,0.0,0.0967,0.0,0.7279,0.28
3622,c4bfe7e38cc1d97b,91,9.1,0.132253,0.092542,2.8,1000000.0,0,0.0,0.0008,0.002,0.0,0.1633,0.0,0.6701,0.28
3623,a957fbd14a966911,91,9.1,0.283037,0.194152,0.2,5.74,0,0.0748,0.1225,0.1789,0.0,0.1656,0.3013,0.8833,0.64
3624,1b78caee3983eb3a,91,9.1,0.223717,0.198403,5.8,1000000.0,0,0.1146,0.1632,0.1247,0.0,0.4325,0.0,0.7875,0.64
3625,79d9a0014844882c,91,9.1,0.18176,0.168568,2.8,19.964,0,0.5772,0.2718,0.1239,0.0,0.1709,0.0,0.7611,0.28
3626,8da83fba2f963c4f,91,9.1,0.471115,0.138506,2.1,3.03,0,0.3385,0.3264,0.4276,0.017,1.0,0.6627,0.6639,0.76
3627,af7367a3480940fe,91,9.1,0.234496,0.178802,6.2,5.562,0,0.1753,0.1621,0.1206,0.0045,0.1989,0.3251,0.722,1.0
3628,dfcfce4ed48599e,91,9.1,0.120995,0.048869,1.1,21.826,0,0.0008,0.012,0.0384,0.0,0.127,0.0,0.6206,0.2
3629,4cda8595bc1bac3b,91,9.1,0.19506,0.165447,6.8,158.633,0,0.2638,0.3115,0.1015,0.0,0.1642,0.0,0.8826,0.4
3630,acdb186709cb5077,91,9.1,0.201208,0.195709,7.3,38.673,0,0.0001,0.0009,0.0032,0.0,0.1006,0.0,0.8761,0.96
3631,f6b1d0d6e8713ba5,91,9.1,0.184812,0.18154,2.2,1000000.0,0,0.0001,0.001,0.0023,0.0,0.0759,0.0,0.8822,0.72
3632,8188860dcf7580b,91,9.1,0.183914,0.179552,5.8,1000000.0,0,0.001,0.0192,0.06,0.0,0.1885,0.0,0.8719,0.52
3633,967812985bb4545e,91,9.1,0.291297,0.195583,2.5,1000000.0,0,0.5553,0.2459,0.1429,0.0015,1.0,0.0,0.5582,1.0
3634,5e267c363f84a425,91,9.1,0.111594,0.09709,8.6,1000000.0,0,0.5778,0.1014,0.1125,0.0002,0.2655,0.0,0.0,0.6
3635,89b789eb2d063e01,91,9.1,0.24487,0.095105,1.5,4.651,0,0.1932,0.1743,0.1286,0.0028,0.6853,0.4466,0.6127,0.24
3636,4117c0696800eb46,91,9.1,0.289345,0.066417,3.7,3.464,0,0.0076,0.0583,0.1025,0.0,0.1625,0.6047,0.7632,0.28
3637,c3c2c63d7fe0354e,91,9.1,0.207138,0.185641,8.9,1000000.0,0,0.563,0.2211,0.1291,0.0003,0.2871,0.0,0.6334,0.92
3638,79e17e6d4c5551dc,91,9.1,0.144463,0.12374,2.6,1000000.0,0,0.2419,0.1568,0.1339,0.0001,0.5253,0.0,0.0,1.0
3639,5c21ca073d3296db,91,9.1,0.107711,0.091159,1.6,1000000.0,0,0.6158,0.3288,0.0631,0.0,0.2273,0.0,0.0,0.48
3640,36e5ed7a1967358b,91,9.1,0.176605,0.066566,0.1,1000000.0,0,0.4033,0.3497,1.0,0.0007,0.1833,0.0,0.0,0.12
3641,2f52e7fa474dfe4a,91,9.1,0.157562,0.143998,7.4,25.392,0,0.54,0.1349,0.1109,0.0,0.1771,0.0,0.5065,0.28
3642,951a5cf894f45a3c,91,9.1,0.221803,0.194097,2.0,8.951,0,0.1167,0.1107,0.0547,0.0,0.3215,0.0,0.8504,0.88
3643,4268318d765708c9,91,9.1,0.238914,0.169962,4.7,5.316,0,0.5524,0.2789,0.3103,0.0007,0.1766,0.3579,0.548,0.92
3644,537529bb8bc4020e,91,9.1,0.323591,0.087079,6.0,2.765,0,0.0164,0.1326,0.0815,0.0,0.1674,0.698,0.6963,0.56
3645,80c0244ca966aa22,91,9.1,0.225504,0.161432,2.0,6.207,0,0.1463,0.1836,0.271,0.0,0.2002,0.2391,0.8053,0.08
3646,6e84aa88065b500c,91,9.1,0.18524,0.076316,0.3,7.551,0,0.4001,0.2287,0.076,0.0132,1.0,0.0599,0.0,0.4
3647,8f53193c310cd213,91,9.1,0.341546,0.122966,6.0,3.685,0,0.0001,0.001,0.0023,0.0,0.1717,0.5754,0.7909,1.0
3648,4e1094ee912ca1b0,91,9.1,0.334205,0.132171,4.1,3.08,0,0.0001,0.0012,0.0025,0.0,0.1076,0.656,0.6989,1.0
3649,9521518f8705dd2a,91,9.1,0.217469,0.175598,2.5,101.116,0,0.2518,0.2094,0.0932,0.0001,0.1877,0.0,0.8837,0.96
3650,2ee1f254202316af,91,9.1,0.26632,0.244887,6.2,11.459,0,0.0001,0.0008,0.0022,0.0,1.0,0.0,0.5745,1.0
3651,e5bfa8f1f44d1530,91,9.1,0.279445,0.108255,4.3,3.079,0,0.5536,0.3438,0.0876,0.0002,0.2024,0.6562,0.2325,0.44
3652,4e962a7fab9732f3,91,9.1,0.32508,0.182519,4.7,2.639,0,0.3877,0.4968,1.0,0.0001,0.3773,0.7148,0.4905,0.4
3653,32ef1123d21f80b8,91,9.1,0.150315,0.115891,0.4,1000000.0,0,0.0,0.0009,0.0049,0.0,0.1402,0.0,0.4871,1.0
3654,6adc6832f1cd1462,91,9.1,0.18952,0.170155,8.2,13.441,0,0.5306,0.1572,0.1219,0.0003,0.2943,0.0,0.6368,0.64
3655,3af805166fa9ab44,91,9.1,0.263949,0.179155,5.6,6.516,0,0.2253,0.2976,0.5558,0.0,0.2196,0.1979,0.744,0.6
3656,8d6df0ca2625d79e,91,9.1,0.359615,0.211381,4.8,4.116,0,0.1985,0.1946,0.1623,0.0046,0.547,0.5179,0.7615,0.64
3657,11c7caaf4415beab,91,9.1,0.433306,0.171835,3.9,3.47,0,0.107,0.1283,0.2699,0.0073,0.8026,0.6041,0.8993,1.0
3658,d5d2c2f68eeefcc1,91,9.1,0.498571,0.270839,0.8,2.097,0,0.2787,0.171,0.5247,0.0309,0.7731,0.7871,0.8542,1.0
3659,cffa3a8ee5e0aeb6,91,9.1,0.316419,0.164257,1.7,3.064,0,0.2678,0.348,0.8565,0.0085,1.0,0.6581,0.7253,0.36
3660,921d74d154371f8e,91,9.1,0.518317,0.165252,7.9,1.71,3,0.1651,0.223,0.4418,0.0125,1.0,0.8387,0.8946,0.44
3661,8d48879913fb7242,91,9.1,0.127322,0.125409,8.0,1000000.0,0,0.0,0.0007,0.0021,0.0,1.0,0.0,0.0,0.12
3662,6f97f0d7c6aa67d3,91,9.1,0.348444,0.216946,0.2,3.702,0,0.1588,0.2141,0.2532,0.0001,0.2034,0.5731,0.8817,0.52
3663,9cceb228d23674bf,91,9.1,0.125103,0.124679,1.9,1000000.0,0,0.0001,0.0008,0.0031,0.0,1.0,0.0,0.0,0.08
3664,208bf2d6d6ab6168,91,9.1,0.288498,0.077484,1.3,1.935,1,0.2585,0.2384,0.0435,0.0,0.1943,0.8087,0.1735,0.28
3665,474d4226e6833e08,91,9.1,0.190156,0.131272,0.3,12.205,0,0.5144,0.5402,0.8187,0.0135,1.0,0.0,0.4217,0.08
3666,b251f314a648ab55,91,9.1,0.165422,0.080052,0.7,1000000.0,0,0.3217,0.2893,0.4773,0.0013,0.6716,0.0,0.0,0.04
3667,3edc2e09c525f52,91,9.1,0.436101,0.290017,7.0,1.047,28,0.081,0.1487,0.2108,0.0002,0.4089,0.9271,0.7667,0.76
3668,98c3bf344508ae73,91,9.1,0.2598,0.107058,6.3,7.575,0,0.143,0.1294,0.2185,0.0054,0.718,0.0566,0.8731,0.68
3669,b3c7ba1b3e513fff,91,9.1,0.109597,0.097802,3.3,118.946,0,0.7205,0.0837,0.047,0.0001,0.1857,0.0,0.1439,0.12
3670,82bb74fb86baf298,91,9.1,0.178263,0.133484,2.1,1000000.0,0,0.7254,0.0535,0.0755,0.0001,0.3827,0.0,0.483,0.28
3671,ba53f2a92d588774,91,9.1,0.282251,0.183802,0.2,5.21,0,0.0959,0.1416,0.065,0.0,0.1628,0.3719,0.876,0.44
3672,a22be9071600600d,91,9.1,0.216733,0.193066,1.8,8.154,0,0.486,0.2759,0.174,0.0002,0.2665,0.0,0.7908,0.6
3673,107b37897220a2e8,91,9.1,0.115723,0.045188,0.2,1000000.0,0,0.1887,0.3065,0.4066,0.0001,0.1724,0.0,0.0581,0.28
3674,1a6db950393950a5,91,9.1,0.343941,0.129943,2.5,3.142,0,0.0267,0.118,0.1313,0.0,0.1609,0.6478,0.7807,0.8
3675,df2b2fe721020052,91,9.1,0.257891,0.149486,7.7,80.152,0,0.5413,0.2242,0.1299,0.0002,0.3582,0.0,0.7935,1.0
3676,e29cca20752391ec,91,9.1,0.243759,0.059377,5.1,4.338,0,0.0907,0.2859,0.0984,0.0,0.2232,0.4883,0.6394,0.2
3677,2843c3da69a197c3,91,9.1,0.195085,0.170009,5.6,126.682,0,0.2562,0.3226,0.1168,0.0,0.1856,0.0,0.8792,0.36
3678,ddb080c865721514,91,9.1,0.224665,0.126853,2.6,6.245,0,0.0315,0.1401,0.104,0.0,0.186,0.234,0.8948,0.4
3679,1cce7aad97b45d4,91,9.1,0.106721,0.038324,5.4,43.461,0,0.0649,0.242,0.1272,0.0,0.156,0.0,0.497,0.28
3680,23a8baaa4a5709dd,91,9.1,0.053721,0.040216,0.4,42.79,0,0.0458,0.0902,0.0439,0.0,0.1618,0.0,0.0,0.48
3681,d014f5f320a22369,91,9.1,0.373836,0.252374,7.8,21.953,0,0.2504,0.2621,0.8057,0.0057,1.0,0.0,0.8931,0.72
3682,cad481733b3e17a3,91,9.1,0.190045,0.183935,6.4,1000000.0,0,0.0001,0.0014,0.0056,0.0,0.122,0.0,0.8807,0.72
3683,a626cacdf48cf910,91,9.1,0.226408,0.205773,2.9,1000000.0,0,0.4571,0.2838,0.0895,0.001,0.2208,0.0,0.8711,0.92
3684,32b301ba5146ef10,91,9.1,0.285364,0.199368,0.6,3.911,0,0.2469,0.0789,0.1458,0.0061,0.5002,0.5452,0.7714,0.32
3685,70dc78dce41f9b21,91,9.1,0.194922,0.109868,1.2,13.13,0,0.0003,0.0051,0.0141,0.0,0.2763,0.0,0.7685,0.88
3686,a436fe9388b49c99,91,9.1,0.321939,0.199444,3.9,4.643,0,0.1288,0.1748,0.3557,0.0072,1.0,0.4476,0.7606,0.68
3687,9ec4e0a2150a50cf,91,9.1,0.153026,0.096709,1.6,1000000.0,0,0.6211,0.4424,0.532,0.0062,0.1825,0.0,0.0,0.72
3688,4cec1827d65a5575,91,9.1,0.315038,0.155955,6.8,2.385,0,0.2443,0.2227,0.2753,0.0,0.4804,0.7486,0.3097,0.84
3689,4999c707b9e0b6ca,91,9.1,0.18541,0.182454,2.8,66.793,0,0.0053,0.0351,0.0602,0.0,0.1624,0.0,0.8821,0.56
3690,2bfc2643c1547632,91,9.1,0.288215,0.211162,0.2,6.27,0,0.061,0.1648,0.0563,0.0,0.2734,0.2307,0.8779,0.8
3691,7b77e7791945ffbe,91,9.1,0.129027,0.039277,4.7,8.547,0,0.0,0.0009,0.0023,0.0,0.1831,0.0,0.6648,0.32
3692,deff43b480f7a0ae,91,9.1,0.330556,0.220494,0.2,4.246,0,0.1632,0.1744,0.2619,0.0,0.2941,0.5006,0.8709,0.36
3693,ec98155ae6a9e4b3,91,9.1,0.213511,0.1753,2.4,32.006,0,0.5537,0.123,0.0759,0.0002,0.1991,0.0,0.7997,0.8
3694,65b9785ace54bf9,91,9.1,0.198574,0.155645,0.2,1000000.0,0,0.2478,0.2615,0.2753,0.0001,0.2493,0.0,0.8416,0.52
3695,807e44c99b436f7,91,9.1,0.220138,0.183031,5.9,1000000.0,0,0.382,0.2297,0.1562,0.0001,0.2393,0.0,0.7913,0.68
3696,4955809a513b8c62,91,9.1,0.282098,0.23037,0.1,5.286,0,0.2951,0.17,0.0914,0.0008,0.3826,0.3619,0.7108,1.0
3697,ae29d52afa62fc11,91,9.1,0.386212,0.269288,2.2,2.919,0,0.3408,0.334,0.2441,0.0,0.2541,0.6774,0.8811,0.6
3698,e2909caa7a8b914d,91,9.1,0.303202,0.217397,4.7,4.368,0,0.3228,0.2562,0.0884,0.0001,0.1677,0.4843,0.8509,0.36
3699,441e064e0ca27010,91,9.1,0.360816,0.1308,7.9,1.819,2,0.414,0.2363,0.3347,0.0008,0.6341,0.8242,0.7037,0.44
3700,fa1ca03450459ecf,91,9.1,0.254976,0.10316,5.7,5.668,0,0.0001,0.001,0.0023,0.0,0.2347,0.311,0.7953,0.68
3701,7098376a920f27d9,91,9.1,0.138083,0.079616,2.9,22.768,0,0.0001,0.0008,0.0027,0.0,0.0766,0.0,0.6819,0.52
3702,75ca46107f0ecb49,91,9.1,0.178335,0.083977,5.5,11.193,0,0.0716,0.1513,0.1509,0.0001,0.1638,0.0,0.8113,0.56
3703,755f03001fc9865e,91,9.1,0.319329,0.202061,8.0,4.874,0,0.4227,0.2511,0.1934,0.0001,0.2479,0.4168,0.7299,0.76
3704,bba9c34f5d87ed5d,91,9.1,0.215295,0.187739,2.7,18.231,0,0.4363,0.4165,0.3726,0.0001,0.3706,0.0,0.8376,0.76
3705,8c767d38211984fc,91,9.1,0.360585,0.300835,4.8,3.783,0,0.4558,0.2675,0.0963,0.0,0.2073,0.5623,0.8772,1.0
3706,4d44133582f77e3a,91,9.1,0.109374,0.096971,8.4,1000000.0,0,0.2416,0.0887,0.0886,0.0004,0.218,0.0,0.0,1.0
3707,7df7974c63436378,91,9.1,0.139384,0.097002,3.6,1000000.0,0,0.0001,0.0013,0.003,0.0,0.1346,0.0,0.6284,0.52
3708,ad36ae5b0a64f3d9,91,9.1,0.423866,0.195462,7.9,2.088,0,0.1764,0.5549,0.4479,0.0108,0.473,0.7882,0.8858,1.0
3709,e9d444fec0dfcaa4,91,9.1,0.194414,0.172041,2.4,1000000.0,0,0.3591,0.3135,0.1011,0.0004,0.1671,0.0,0.8787,0.44
3710,581480019790052e,91,9.1,0.190916,0.174986,8.4,12.954,0,0.4314,0.1751,0.0975,0.0001,0.2266,0.0,0.6755,0.56
3711,ee2718cd232bc01e,91,9.1,0.272398,0.037592,6.4,4.146,0,0.0001,0.0012,0.0044,0.0,0.1468,0.5139,0.8252,0.2
3712,f8f9cec665eaf1ed,91,9.1,0.235189,0.181334,2.5,6.41,0,0.0176,0.2192,0.3127,0.0,0.182,0.212,0.7791,0.92
3713,ae8e5b256255bb6e,91,9.1,0.209982,0.179284,7.7,11.415,0,0.4796,0.1608,0.1105,0.0001,0.1797,0.0,0.5885,0.92
3714,32d272799dd77f55,91,9.1,0.207004,0.188182,7.4,27.415,0,0.4409,0.1588,0.087,0.0005,0.2517,0.0,0.6866,0.8
3715,ac4066a33c6d6bd7,91,9.1,0.236163,0.109867,4.1,6.206,0,0.1679,0.2519,0.1142,0.0001,0.2028,0.2392,0.7061,0.88
3716,d089f09708f6d725,91,9.1,0.421151,0.199416,7.7,3.702,0,0.1488,0.255,0.2686,0.0022,1.0,0.5731,0.8101,0.36
3717,ef7b6d727882fb32,91,9.1,0.28403,0.221495,2.7,4.164,0,0.2724,0.1987,0.2968,0.0,0.1645,0.5114,0.8793,0.16
3718,9fd1297a8ab6614a,91,9.1,0.170373,0.068662,2.5,17.537,0,0.1674,0.3262,0.6501,0.0147,0.395,0.0,0.8134,0.24
3719,2ad7bd9bb5150873,91,9.1,0.159795,0.124326,0.0,14.557,0,0.1368,0.184,0.0927,0.0003,0.6197,0.0,0.2059,1.0
3720,bd13c98a5c91e9d6,91,9.1,0.228021,0.22754,0.0,134.15,0,0.0001,0.001,0.0031,0.0,0.2977,0.0,0.8798,1.0
3721,ba78cd6959668ed,91,9.1,0.197653,0.123912,7.5,8.053,0,0.0521,0.153,0.1704,0.0001,0.491,0.0,0.6324,0.64
3722,9df01fbcf1078102,91,9.1,0.132543,0.065627,1.1,1000000.0,0,0.0001,0.0008,0.0024,0.0,0.1766,0.0,0.5657,0.56
3723,401e48d8a44b6933,91,9.1,0.241826,0.181014,6.3,5.934,0,0.3093,0.1938,0.2225,0.0001,0.1652,0.2755,0.682,0.64
3724,5e503b6a16bf8a29,91,9.1,0.401514,0.15861,7.0,3.982,0,0.2508,0.3514,0.7658,0.0283,0.9364,0.5358,0.6156,0.64
3725,d348097e622fbdfe,91,9.1,0.387496,0.111181,7.6,3.594,0,0.2444,0.3158,0.6622,0.012,0.6336,0.5875,0.6625,0.4
3726,99c3d17e0cf79e69,91,9.1,0.286631,0.069724,4.9,3.483,0,0.0001,0.0016,0.0033,0.0,0.1323,0.6023,0.702,0.44
3727,9c48653f1451e9b9,91,9.1,0.225279,0.211632,5.9,25.748,0,0.2576,0.3196,0.0807,0.0,0.2166,0.0,0.8773,1.0
3728,7390246ad1936627,91,9.1,0.178785,0.108062,1.0,40.256,0,0.0001,0.0016,0.0044,0.0,0.0897,0.0,0.8147,0.76
3729,28d6815e960e9032,91,9.1,0.160163,0.075932,7.9,11.066,0,0.0001,0.0011,0.0028,0.0,0.1383,0.0,0.7327,0.64
3730,3c614437fd35a634,91,9.1,0.217053,0.189527,3.2,1000000.0,0,0.4781,0.2617,0.1114,0.0001,0.1905,0.0,0.7823,0.76
3731,15a5cc71074ca198,91,9.1,0.187625,0.065191,1.7,1000000.0,0,0.1208,0.1853,0.183,0.0001,0.4393,0.0,0.8273,0.6
3732,ba8f72c1684c6612,91,9.1,0.195536,0.178821,5.6,19.966,0,0.6114,0.1111,0.1436,0.0001,0.3011,0.0,0.5407,0.4
3733,bfad5fa6c259f911,91,9.1,0.141221,0.088344,2.9,12.415,0,0.1744,0.2318,0.4835,0.0202,0.4787,0.0,0.4755,0.56
3734,50f615b4e44d67e5,91,9.1,0.139963,0.104575,4.8,1000000.0,0,0.7218,0.0262,0.0652,0.0002,0.5187,0.0,0.2206,0.2
3735,6ccee8663e2754bf,91,9.1,0.207119,0.136959,3.7,1000000.0,0,0.8785,0.3797,0.2288,0.0001,0.1656,0.0,0.6436,0.44
3736,93c723cc220f5a1c,91,9.1,0.297853,0.228254,6.4,4.278,0,0.3989,0.2234,0.1443,0.0,0.1836,0.4963,0.8053,0.44
3737,f36084be457f7a78,91,9.1,0.225888,0.202974,5.3,1000000.0,0,0.4915,0.1837,0.1609,0.0013,0.2363,0.0,0.7905,0.76
3738,5cb431645ff0bd2e,91,9.1,0.295007,0.202442,1.4,3.395,0,0.3785,0.1925,0.2436,0.0004,0.3201,0.6139,0.399,0.6
3739,91c70c6d12723747,91,9.1,0.293704,0.11323,6.5,3.076,0,0.0953,0.2451,0.1393,0.0003,0.3269,0.6565,0.7274,0.4
3740,a3f3fa8afe83ea27,91,9.1,0.213844,0.201481,5.7,61.133,0,0.0056,0.0482,0.0574,0.0,0.1648,0.0,0.8699,1.0
3741,fb7594ff05c6057f,91,9.1,0.481496,0.141879,2.5,1.465,6,0.3783,0.3567,1.0,0.0041,1.0,0.8713,0.4741,0.92
3742,a6fe86354dba0580,91,9.1,0.119172,0.039349,2.0,11.489,0,0.0001,0.0009,0.0047,0.0,0.0352,0.0,0.7014,0.36
3743,3709dac7123bcf3d,91,9.1,0.040272,0.037026,1.3,1000000.0,0,0.0,0.0009,0.002,0.0,0.1428,0.0,0.0413,0.28
3744,35ded46b4074d599,91,9.1,0.13977,0.062067,9.0,7.035,0,0.0001,0.001,0.0038,0.0,0.1364,0.1286,0.6141,0.52
3745,ded783b0538fc0d,91,9.1,0.322295,0.23663,8.7,3.601,0,0.5619,0.2307,0.0949,0.0,0.1732,0.5865,0.755,0.56
3746,f4a629a4a9941198,91,9.1,0.230578,0.153606,4.9,55.193,0,0.1017,0.1292,0.1734,0.0006,0.4685,0.0,0.8252,0.64
3747,3fe350d9222c298,91,9.1,0.129765,0.082691,5.6,1000000.0,0,0.1148,0.23,0.0486,0.0,0.2677,0.0,0.5607,0.32
3748,6b6c2c46b26824aa,91,9.1,0.281336,0.198098,4.3,5.472,0,0.4626,0.2508,0.1093,0.0004,0.3438,0.3371,0.7058,0.56
3749,c994dd580b023504,91,9.1,0.191685,0.173019,7.4,76.919,0,0.0542,0.1785,0.1151,0.0,0.1776,0.0,0.8309,0.64
3750,d9bb415b43b6d07a,91,9.1,0.176028,0.151478,4.4,1000000.0,0,0.2309,0.2519,0.0945,0.0016,0.6846,0.0,0.2299,0.88
3751,363c7704b66d2773,91,9.1,0.211722,0.172246,2.8,21.717,0,0.2453,0.2573,0.1296,0.0001,0.501,0.0,0.8363,0.24
3752,1e32e82d098d3692,91,9.1,0.372852,0.164851,8.3,3.242,0,0.3297,0.2,0.1175,0.0001,0.2512,0.6344,0.8307,0.76
3753,cabe493a97c41e00,91,9.1,0.179819,0.132049,0.1,30.158,0,0.2431,0.3452,0.1995,0.0013,0.2206,0.0,0.5397,0.92
3754,b17140a075fe2b12,91,9.1,0.176013,0.151842,5.4,10.698,0,0.6917,0.2749,0.1271,0.0,0.1665,0.0,0.5682,0.52
3755,30205b68c1879af4,91,9.1,0.335219,0.093317,0.1,1.652,1,0.4708,0.1802,0.1643,0.0037,0.7322,0.8464,0.2987,0.48
3756,7c5b4211cd4d1279,91,9.1,0.172794,0.071696,6.1,1000000.0,0,0.3153,0.3834,0.8426,0.0093,0.2092,0.0,0.0,0.24
3757,e02fdf916e7ea3d0,91,9.1,0.361345,0.161942,3.9,3.147,0,0.2876,0.3001,0.538,0.0192,0.6936,0.6471,0.6995,0.56
3758,81c199a1782045d0,91,9.1,0.337412,0.272344,3.5,3.941,0,0.3239,0.2202,0.0477,0.0,0.3664,0.5412,0.8792,0.44
3759,e71625c871c73e3c,91,9.1,0.240711,0.188062,2.9,893.242,0,0.4819,0.2829,0.1336,0.0004,0.2856,0.0,0.8274,1.0
3760,7f4e2db622b4f501,91,9.1,0.191934,0.171089,8.9,29.735,0,0.0576,0.2205,0.0833,0.0,0.1619,0.0,0.885,0.52
3761,3367c91a7190e437,91,9.1,0.217141,0.207696,9.0,58.26,0,0.0001,0.0013,0.0043,0.0,0.2459,0.0,0.8812,0.92
3762,67dc781847e28221,91,9.1,0.175456,0.170216,2.3,58.987,0,0.0055,0.05,0.0547,0.0,0.1763,0.0,0.8801,0.36
3763,19a0ad3a10daf731,91,9.1,0.347871,0.182297,1.0,3.208,0,0.4172,0.4509,1.0,0.0,0.4372,0.639,0.3108,0.16
3764,6b38ab4056ce8da,91,9.1,0.359321,0.073884,0.5,2.412,0,0.0,0.0012,0.0027,0.0,0.2542,0.7451,0.7895,0.48
3765,ee28a15a2f02f12a,91,9.1,0.285815,0.093073,7.5,4.944,0,0.0001,0.0009,0.0053,0.0,0.022,0.4075,0.8596,0.92
3766,b48e6cc91ab0de18,91,9.1,0.320119,0.188798,1.1,1000000.0,0,0.5303,0.4047,1.0,0.0005,0.3029,0.0,0.8098,0.44
3767,43dd4f2c7ca247df,91,9.1,0.277997,0.090338,0.3,4.636,0,0.0843,0.1347,0.1215,0.0,0.244,0.4485,0.6323,0.8
3768,64f4db5800aed3cb,91,9.1,0.097575,0.052487,2.9,36.476,0,0.0211,0.0784,0.0949,0.0,0.16,0.0,0.4318,0.24
3769,1f52fc59577ee55e,91,9.1,0.319101,0.118247,3.3,4.964,0,0.0549,0.1141,0.0579,0.0018,0.8725,0.4048,0.9207,0.72
3770,a18ff782577e8f36,91,9.1,0.260336,0.058434,2.8,5.693,0,0.0984,0.1215,0.0392,0.0,0.2157,0.3076,0.8558,0.48
3771,622ee89eb05d46e6,91,9.1,0.238171,0.151102,4.6,4.446,0,0.502,0.063,0.0577,0.0,0.5377,0.4739,0.5389,0.44
3772,9e18eecd08b039d4,91,9.1,0.355906,0.167586,1.7,3.941,0,0.1276,0.1869,0.0943,0.0004,0.4045,0.5412,0.7818,1.0
3773,21b8db37dd6e81a0,91,9.1,0.139973,0.099617,2.5,29.813,0,0.7227,0.0502,0.0567,0.0001,0.1818,0.0,0.3766,0.08
3774,efcd80a9b7c8dfe3,91,9.1,0.129177,0.04226,3.0,5.765,0,0.0222,0.1131,0.0916,0.0,0.1723,0.298,0.1901,0.36
3775,5a31514df6ea2eac,91,9.1,0.217591,0.087348,3.8,1000000.0,0,0.4817,0.5274,1.0,0.0007,0.294,0.0,0.1633,0.2
3776,c0b23ce5c8b3b765,91,9.1,0.149534,0.093349,8.8,1000000.0,0,0.1956,0.233,0.1659,0.0002,0.7521,0.0,0.0,0.44
3777,60f59d379128bb07,91,9.1,0.212616,0.183681,1.4,105.1,0,0.5211,0.1494,0.1701,0.0001,0.2019,0.0,0.5848,1.0
3778,b829395e6f4694e7,91,9.1,0.29298,0.102287,1.5,2.05,0,0.642,0.0334,0.0781,0.0001,0.3767,0.7933,0.0,0.52
3779,8b1b12307f6ab862,91,9.1,0.209808,0.152018,8.9,4.383,0,0.6877,0.1036,0.1012,0.0002,0.1735,0.4823,0.5657,0.2
3780,82b6565ca1fe48e2,91,9.1,0.348363,0.130433,1.1,2.587,0,0.0,0.0005,0.0014,0.0,0.1438,0.7218,0.8345,0.48
3781,cefe30b0ffb7d5ba,91,9.1,0.13689,0.12306,2.9,1000000.0,0,0.0041,0.0695,0.1124,0.0,0.6704,0.0,0.0,0.68
3782,9c4d2aaeade111e5,91,9.1,0.541305,0.162929,0.6,1.242,1,0.5052,0.4312,0.6608,0.0157,1.0,0.9011,0.6521,0.24
3783,dc5388effde99c38,91,9.1,0.136478,0.054559,0.4,6.336,0,0.0001,0.001,0.0025,0.0,0.1282,0.2218,0.7576,0.16
3784,5712f64f4afcadbf,91,9.1,0.306164,0.19996,7.7,4.58,0,0.3523,0.2265,0.0813,0.0,0.1704,0.456,0.8741,0.6
3785,e3a76e9b0591cb11,91,9.1,0.214533,0.193287,7.3,87.142,0,0.1009,0.1967,0.1135,0.0,0.2366,0.0,0.8853,0.64
3786,9e131458902339de,91,9.1,0.202466,0.197237,1.6,1000000.0,0,0.0001,0.0009,0.0019,0.0,0.3043,0.0,0.8812,0.56
3787,7c280c786cd9f1b0,91,9.1,0.270326,0.141988,6.7,1000000.0,0,0.4975,0.6843,1.0,0.0125,1.0,0.0,0.0,0.44
3788,47a51e195a0e2af0,91,9.1,0.019068,0.018759,3.3,43.427,0,0.0001,0.0007,0.0015,0.0,0.1171,0.0,0.0,0.08
3789,2036f4258d258550,91,9.1,0.315649,0.122529,6.2,3.015,0,0.3167,0.1929,0.0371,0.0,0.1658,0.6647,0.6391,0.52
3790,fbb0dc8040385862,91,9.1,0.179263,0.13319,4.0,21.563,0,0.1194,0.2008,0.3004,0.0007,0.875,0.0,0.0,0.64
3791,b72949f3c4f1a36b,91,9.1,0.31335,0.185135,2.3,21.843,0,0.619,0.6441,1.0,0.0001,0.2391,0.0,0.4527,0.48
3792,fa90fd47fbaa3b0c,91,9.1,0.215147,0.174581,1.2,1000000.0,0,0.6918,0.3122,0.2382,0.001,0.2219,0.0,0.5004,1.0
3793,9a6209b003bddd31,91,9.1,0.186397,0.183363,5.6,1000000.0,0,0.0001,0.0007,0.0028,0.0,0.2438,0.0,0.8707,0.44
3794,1a9e189a99369a8c,91,9.1,0.241172,0.113132,3.9,1000000.0,0,0.5829,0.4612,0.8024,0.0234,1.0,0.0,0.0,0.32
3795,421f55e36c2fcf42,91,9.1,0.159774,0.120477,1.5,1000000.0,0,0.721,0.1295,0.1682,0.0002,0.2512,0.0,0.3964,0.28
3796,6aede3e6c88527a,91,9.1,0.229413,0.182015,3.2,9.629,0,0.2166,0.426,0.4146,0.0,0.7127,0.0,0.2426,0.92
3797,f873dbdddabf255f,91,9.1,0.262722,0.17809,2.7,5.053,0,0.2926,0.4237,0.6824,0.004,0.6969,0.3929,0.3182,1.0
3798,83c682b8dc58f82d,91,9.1,0.270665,0.122564,6.5,3.647,0,0.391,0.3996,1.0,0.0066,0.3441,0.5803,0.3995,0.48
3799,c394f9caa67295a4,91,9.1,0.37594,0.142376,8.9,2.422,0,0.0001,0.001,0.0025,0.0,0.1338,0.7438,0.8003,1.0
3800,9f8410219ea7653c,91,9.1,0.416793,0.147941,7.7,4.149,0,0.1785,0.333,0.4371,0.0085,0.8653,0.5134,0.8125,1.0
3801,10ceaf110edfc740,91,9.1,0.169899,0.130021,9.0,16.279,0,0.1254,0.0993,0.0628,0.0002,0.4148,0.0,0.3417,1.0
3802,93bdcb56c066595b,91,9.1,0.334473,0.144637,6.7,2.35,0,0.6415,0.18,0.1241,0.0013,0.7362,0.7534,0.1622,0.52
3803,fe4824cd30b5b515,91,9.1,0.14185,0.02662,0.4,25.025,0,0.0001,0.0011,0.003,0.0,0.1262,0.0,0.7638,0.2
3804,45322a8ce02454c3,91,9.1,0.398405,0.120802,7.8,2.399,0,0.1687,0.3911,0.281,0.0098,0.4302,0.7468,0.8699,0.64
3805,4fc4d448f054c78f,91,9.1,0.21946,0.173893,7.4,13.624,0,0.1101,0.108,0.0819,0.0,0.4013,0.0,0.6424,1.0
3806,a88707ea20981d17,91,9.1,0.287263,0.14219,4.4,2.424,0,0.7225,0.0563,0.1457,0.0002,0.1708,0.7435,0.1751,0.32
3807,c80c292b401744b5,91,9.1,0.19612,0.159339,3.7,12.4,0,0.0001,0.0011,0.0024,0.0,0.1858,0.0,0.7977,0.96
3808,1627ec356389c4a1,91,9.1,0.359182,0.139133,7.4,3.119,0,0.0088,0.1225,0.1008,0.0,0.1379,0.6508,0.8241,1.0
3809,ba432a099a3ba975,91,9.1,0.205002,0.198773,1.7,1000000.0,0,0.0001,0.0022,0.0049,0.0,0.2667,0.0,0.8802,0.68
3810,91db89aac9ddec28,91,9.1,0.199794,0.197874,3.4,54.535,0,0.0001,0.0008,0.0039,0.0,0.0611,0.0,0.8816,1.0
3811,dd553ff8eb1490b8,91,9.1,0.159089,0.085954,5.7,13.07,0,0.0001,0.0008,0.0025,0.0,0.1686,0.0,0.7383,0.52
3812,773139c5e20c247,91,9.1,0.282625,0.132088,4.3,5.507,0,0.1231,0.3239,0.294,0.0016,0.8117,0.3324,0.4766,0.76
3813,be613eabe77e518d,91,9.1,0.271963,0.149059,8.9,4.302,0,0.1434,0.1972,0.1581,0.0006,0.1729,0.4931,0.8097,0.24
3814,7f2341b6151393db,91,9.1,0.247092,0.091774,1.8,1000000.0,0,0.4002,0.4002,0.7544,0.0163,1.0,0.0,0.0,0.32
3815,527cbabff197f87e,91,9.1,0.313312,0.105541,6.8,4.845,0,0.1603,0.2947,0.2468,0.0002,0.2343,0.4207,0.7187,0.88
3816,dc4968d2d777de4,91,9.1,0.28717,0.215552,9.0,1000000.0,0,0.4821,0.1416,0.1735,0.0016,0.9406,0.0,0.7512,0.96
3817,3936de922d8debbf,91,9.1,0.153475,0.14949,9.0,26.077,0,0.0001,0.0008,0.0025,0.0,0.0371,0.0,0.8812,0.28
3818,bab017f97b23b6f3,91,9.1,0.107835,0.081716,4.7,1000000.0,0,0.1626,0.0541,0.0694,0.0003,0.302,0.0,0.0,0.92
3819,d23a1aaa3bbb0164,91,9.1,0.380552,0.175471,3.1,2.79,0,0.3842,0.3922,0.6981,0.0292,0.9637,0.6946,0.7341,0.32
3820,f7274d8b94276cd,91,9.1,0.322202,0.215022,7.8,4.154,0,0.522,0.2742,0.2456,0.0007,0.2681,0.5128,0.8004,0.44
3821,e92a4dcfc808d00a,91,9.1,0.205676,0.170796,0.4,1000000.0,0,0.4077,0.084,0.0928,0.0,0.2617,0.0,0.7197,0.4
3822,ee56b3d3a10450d9,91,9.1,0.174003,0.172444,2.0,92.984,0,0.0001,0.0008,0.0024,0.0,0.1071,0.0,0.8809,0.48
3823,39e387c75d4d9243,91,9.1,0.454729,0.18284,8.9,3.354,0,0.3453,0.3043,0.456,0.0142,1.0,0.6195,0.7085,0.64
3824,9718c94d4c49ec2d,91,9.1,0.257539,0.19983,1.5,46.794,0,0.2619,0.3283,0.4518,0.0,0.3834,0.0,0.7635,0.68
3825,f986930c646b7ad6,91,9.1,0.213869,0.1817,0.1,6.875,0,0.0793,0.175,0.0934,0.0,0.1854,0.15,0.8471,0.76
3826,46209cc84115ca51,91,9.1,0.358108,0.221242,0.1,4.519,0,0.212,0.2292,0.0587,0.0,0.6789,0.4642,0.8663,0.52
3827,49ecac291f58c34b,91,9.1,0.232059,0.075452,6.8,5.054,0,0.3033,0.1306,0.1178,0.0,0.168,0.3928,0.6922,0.48
3828,18c1bdbf2f18a332,91,9.1,0.308052,0.150095,4.8,7.659,0,0.3175,0.3476,0.9991,0.0154,1.0,0.0454,0.6431,0.68
3829,b198923131fff9b0,91,9.1,0.176487,0.059744,2.9,6.489,0,0.0001,0.0008,0.0023,0.0,0.066,0.2015,0.7394,0.52
3830,bc1b9d624248b307,91,9.1,0.352103,0.168009,0.3,2.742,0,0.2174,0.0969,0.1587,0.0001,0.8335,0.7011,0.5027,0.36
3831,79f13d09ac20be1,91,9.1,0.218314,0.200203,0.4,356.293,0,0.5436,0.2981,0.1637,0.0016,0.2236,0.0,0.7431,1.0
3832,f60a0ad1727bada6,91,9.1,0.183105,0.067307,1.2,7.738,0,0.0001,0.0006,0.0017,0.0,0.2543,0.035,0.7662,0.52
3833,2a3d9031d01de37a,91,9.1,0.338661,0.118121,1.7,5.311,0,0.217,0.2131,0.4662,0.0151,1.0,0.3585,0.6269,0.32
3834,104fc8e786750a85,91,9.1,0.099365,0.084587,0.7,1000000.0,0,0.7227,0.1039,0.1386,0.0003,0.1711,0.0,0.0,0.24
3835,214d826c2e6f7ab0,91,9.1,0.19702,0.163339,0.2,1000000.0,0,0.635,0.2948,0.0776,0.0001,0.2444,0.0,0.6115,0.6
3836,b68f53194445dcac,91,9.1,0.208398,0.124162,2.8,6.264,0,0.2433,0.3997,0.7025,0.0165,1.0,0.2315,0.6187,0.12
3837,b63e035bbddc7bc8,91,9.1,0.210156,0.07794,7.4,4.994,0,0.317,0.4805,0.83,0.0224,0.4391,0.4008,0.2266,0.24
3838,3b375ab8c7f50f52,91,9.1,0.377451,0.188161,8.8,1.288,7,0.2896,0.2814,0.1673,0.0004,0.6677,0.8949,0.7909,0.88
3839,bddafbc9bf638623,91,9.1,0.190206,0.184668,8.6,1000000.0,0,0.0001,0.0008,0.002,0.0,0.2124,0.0,0.8732,0.56
3840,d00ffc0f2416da89,91,9.1,0.26737,0.079431,3.1,4.914,0,0.0001,0.0009,0.0028,0.0,0.3186,0.4115,0.7479,0.36
3841,83985bc103e2b56,91,9.1,0.189094,0.089274,2.9,1000000.0,0,0.401,0.5024,1.0,0.0017,0.3954,0.0,0.0,0.16
3842,9818d2dc42e00656,91,9.1,0.349287,0.188777,8.0,4.416,0,0.5191,0.1777,0.073,0.0004,0.7731,0.4779,0.6222,0.48
3843,b3b5450c6ed1eef0,91,9.1,0.191384,0.165162,6.9,1000000.0,0,0.0001,0.0009,0.0031,0.0,0.2376,0.0,0.8608,0.64
3844,53e29100c364c74a,91,9.1,0.274527,0.106468,1.9,6.533,0,0.313,0.388,0.6374,0.0645,0.9528,0.1957,0.6209,0.28
3845,93374b93f14883c4,91,9.1,0.297276,0.104729,8.1,3.384,0,0.0015,0.0505,0.3115,0.0,0.1491,0.6155,0.776,0.2
3846,a61c89d24ee85519,91,9.1,0.212516,0.189088,0.1,23.052,0,0.5292,0.2596,0.3229,0.0005,0.2478,0.0,0.6228,0.84
3847,d2d58eed891df87,91,9.1,0.131444,0.045666,2.0,1000000.0,0,0.2523,0.2558,0.6949,0.0004,0.1958,0.0,0.0,0.08
3848,ea95683c3d13f34e,91,9.1,0.244001,0.049733,4.3,5.247,0,0.0001,0.0007,0.0019,0.0,0.1341,0.3671,0.8339,0.44
3849,7ba8c9b06f96ab11,91,9.1,0.264669,0.094963,8.1,4.037,0,0.0,0.0007,0.0039,0.0,0.1644,0.5284,0.6172,0.4
3850,fdc7425b7874dab8,91,9.1,0.359243,0.128904,8.8,4.238,0,0.2203,0.26,0.2308,0.0049,0.316,0.5017,0.8543,1.0
3851,bf0f3a06a2428fec,91,9.1,0.302033,0.161752,6.1,8.222,0,0.6419,0.7084,1.0,0.0001,0.2274,0.0,0.5094,0.4
3852,81ceb92181f0836d,91,9.1,0.183091,0.145321,5.9,12.38,0,0.6309,0.1557,0.0974,0.0001,0.2287,0.0,0.5836,0.36
3853,72547fb0be0f7e8,91,9.1,0.186898,0.164357,8.9,90.948,0,0.0831,0.26,0.07,0.0,0.1608,0.0,0.8809,0.4
3854,421346a0c88af333,91,9.1,0.292859,0.102186,0.2,4.511,0,0.0895,0.1345,0.2661,0.0117,1.0,0.4653,0.4648,0.16
3855,56e5b60b2497e9fc,91,9.1,0.394844,0.211625,8.5,3.669,0,0.1069,0.1385,0.2302,0.0028,0.5365,0.5775,0.8606,1.0
3856,9a94cabbab561268,91,9.1,0.267141,0.133684,3.1,4.539,0,0.1606,0.0776,0.0798,0.0007,0.3189,0.4615,0.4028,1.0
3857,4ec91d949d8380f,91,9.1,0.269642,0.141478,8.8,4.623,0,0.5679,0.2871,0.2824,0.0001,0.2294,0.4503,0.5498,0.56
3858,f7d906188898caee,91,9.1,0.463598,0.20882,0.7,2.897,0,0.4391,0.5735,0.9058,0.0124,1.0,0.6803,0.8085,0.6
3859,28870951ecc1eda3,91,9.1,0.371823,0.080505,7.7,3.861,0,0.1819,0.3084,0.4853,0.0252,0.2329,0.5519,0.7532,0.36
3860,3b63021550f540a,91,9.1,0.181522,0.144917,0.3,23.823,0,0.5134,0.2219,0.355,0.0001,0.1759,0.0,0.5967,0.28
3861,ef26ad5d27f24d31,91,9.1,0.212228,0.177385,0.7,1000000.0,0,0.7178,0.1025,0.0498,0.0001,0.4849,0.0,0.5878,0.24
3862,bbb1910dc676e998,91,9.1,0.241727,0.207968,1.4,1000000.0,0,0.2986,0.2575,0.1066,0.0005,0.5343,0.0,0.8734,0.6
3863,b26747ff19e03752,91,9.1,0.319476,0.232992,4.2,3.393,0,0.544,0.2332,0.2777,0.0001,0.2196,0.6142,0.8128,0.8
3864,904ba63264bec560,91,9.1,0.198981,0.164674,0.3,11.667,0,0.4288,0.2146,0.2802,0.0,0.1659,0.0,0.7849,0.16
3865,6aaf2ccaad18a52d,91,9.1,0.258036,0.14175,1.8,5.8,0,0.1795,0.2267,0.5057,0.0046,0.6626,0.2933,0.6199,1.0
3866,81c3610a514d4a16,91,9.1,0.523423,0.278835,8.0,2.299,0,0.2736,0.2913,0.6045,0.009,1.0,0.7602,0.8662,1.0
3867,17b58362851fb2f,91,9.1,0.233716,0.17026,3.1,1000000.0,0,0.0001,0.0008,0.002,0.0,0.409,0.0,0.8305,1.0
3868,e1ef93480abcb55a,91,9.1,0.284759,0.188641,4.8,5.555,0,0.5229,0.3145,0.1264,0.0,0.2862,0.326,0.7576,0.4
3869,ee3dd4b0fa0b8b4a,91,9.1,0.190647,0.18997,0.4,73.339,0,0.0001,0.0014,0.0057,0.0,0.2054,0.0,0.8643,0.6
3870,2a724d4a8d9f740,91,9.1,0.220126,0.186939,1.5,1000000.0,0,0.2451,0.1806,0.0481,0.0001,0.2504,0.0,0.8594,1.0
3871,d40bf533d1b1c910,91,9.1,0.358247,0.165601,5.7,4.221,0,0.2015,0.3722,0.6949,0.0541,0.7475,0.5038,0.8197,0.64
3872,4b7a53a947dbefe0,91,9.1,0.312015,0.082727,0.3,4.133,0,0.3013,0.3335,0.497,0.0,0.1687,0.5156,0.7213,0.16
3873,811c6c6d8c02964f,91,9.1,0.178447,0.174581,0.0,24.5,0,0.0003,0.0048,0.0075,0.0,0.0812,0.0,0.8793,0.6
3874,e1722013d98cfcb3,91,9.1,0.18717,0.157613,8.8,32.293,0,0.0679,0.1683,0.3024,0.0051,0.7979,0.0,0.0342,1.0
3875,182178f3d3683ef6,91,9.1,0.08962,0.076865,4.7,82.677,0,0.7216,0.0788,0.0583,0.0,0.1686,0.0,0.0,0.12
3876,ee3e3f7dc4b29b4a,91,9.1,0.275572,0.117073,5.9,4.522,0,0.2468,0.2753,0.8015,0.0093,1.0,0.4637,0.5176,0.48
3877,af5765fa58ee231b,91,9.1,0.212855,0.17252,3.2,15.292,0,0.3173,0.0647,0.1033,0.0007,0.8197,0.0,0.5014,0.32
3878,6334bce96aba3562,91,9.1,0.384999,0.152095,4.5,4.1,0,0.091,0.1509,0.1089,0.006,1.0,0.52,0.8806,1.0
3879,dad9d6c8298441f0,91,9.1,0.477179,0.149893,5.3,2.0,1,0.2081,0.3657,0.6469,0.0326,0.9569,0.8001,0.8364,0.56
3880,6100d5be24b6f873,91,9.1,0.192454,0.060698,1.2,5.2,0,0.0808,0.2885,0.1207,0.0,0.1768,0.3733,0.4545,0.48
3881,56bdad3b3e508da0,91,9.1,0.232914,0.088611,7.8,3.407,0,0.0019,0.0373,0.0773,0.0,0.1115,0.6124,0.2903,0.6
3882,555383c3d62cb568,91,9.1,0.491589,0.196941,6.1,1.001,6,0.3207,0.4849,0.984,0.022,1.0,0.9332,0.8606,0.2
3883,2aa00cc1501e8f72,91,9.1,0.312767,0.1551,8.6,2.354,0,0.5306,0.4288,0.1636,0.0012,0.2332,0.7528,0.8482,0.72
3884,1572c8a5410f0b89,91,9.1,0.200321,0.195726,0.1,1000000.0,0,0.0001,0.0016,0.0036,0.0,0.1108,0.0,0.8783,0.92
3885,8db6e3581e633f92,91,9.1,0.312413,0.131319,6.8,3.674,0,0.0,0.0006,0.0017,0.0,0.0976,0.5767,0.8558,0.64
3886,920575d0d7d1a26a,91,9.1,0.286436,0.11288,4.2,3.737,0,0.2675,0.387,0.7203,0.0003,0.447,0.5684,0.6171,0.36
3887,a45a8e7b82981420,91,9.1,0.293218,0.218422,7.4,5.767,0,0.3383,0.1903,0.1086,0.0002,0.4015,0.2978,0.8579,0.88
3888,5eb1867b7067e955,91,9.1,0.144484,0.086409,5.7,22.657,0,0.1418,0.2479,0.1334,0.0009,0.4346,0.0,0.5277,0.36
3889,45a983bb940f8022,91,9.1,0.461375,0.200613,2.1,2.638,0,0.1994,0.1711,0.1183,0.0025,1.0,0.7149,0.6817,0.48
3890,94606f5988cbc426,91,9.1,0.235426,0.141025,2.6,5.091,0,0.3433,0.3042,0.6165,0.0155,1.0,0.3879,0.4599,0.32
3891,5c29666a11b545b9,91,9.1,0.157331,0.102284,7.8,1000000.0,0,0.0713,0.2862,0.1205,0.0,0.3451,0.0,0.4804,0.56
3892,29884eff51975527,91,9.1,0.418559,0.174002,1.4,2.607,0,0.2515,0.3669,0.1827,0.0001,0.5231,0.7191,0.5962,1.0
3893,51a742674d23f1e3,91,9.1,0.345611,0.247976,7.6,3.969,0,0.4336,0.2473,0.1947,0.0007,0.6988,0.5374,0.8529,0.76
3894,2a08484c2eb0e3df,91,9.1,0.120553,0.090157,8.5,1000000.0,0,0.5177,0.2087,0.101,0.0013,0.3251,0.0,0.0,0.52
3895,e47f04c5f9ce9d25,91,9.1,0.098877,0.077926,1.6,1000000.0,0,0.5614,0.2412,0.1453,0.0001,0.1893,0.0,0.0225,0.2
3896,eb6d8ca9a651c986,91,9.1,0.123725,0.055158,0.4,1000000.0,0,0.3238,0.2068,0.4084,0.0127,0.5909,0.0,0.0,0.04
3897,2f6b538912ed3c95,91,9.1,0.393069,0.150203,5.5,1.471,6,0.457,0.282,0.1021,0.003,0.7099,0.8705,0.3523,0.48
3898,9d50553ebb4b58ff,91,9.1,0.193126,0.172241,4.9,68.072,0,0.3424,0.1581,0.0753,0.0,0.1659,0.0,0.7929,0.32
3899,ba424b1a2c54d590,91,9.1,0.359356,0.116508,3.3,2.675,0,0.1236,0.12,0.0466,0.0,0.2818,0.71,0.7946,0.44
3900,ce675cc8c3956b93,91,9.1,0.362752,0.186595,2.0,2.783,0,0.2687,0.2377,0.1961,0.0001,0.6186,0.6956,0.3835,0.84
3901,7a83516fb9ff4904,91,9.1,0.270811,0.220318,0.3,105.197,0,0.5173,0.1117,0.0781,0.0,1.0,0.0,0.8042,0.56
3902,ac857753cbbd402e,91,9.1,0.164091,0.095832,0.1,47.384,0,0.2574,0.1665,0.1931,0.0006,0.5748,0.0,0.1175,0.84
3903,9dc8f1ed562696,91,9.1,0.192797,0.16037,2.7,30.602,0,0.715,0.1464,0.2188,0.0002,0.1756,0.0,0.3714,0.84
3904,b60d606d4674b2d7,91,9.1,0.360385,0.194787,6.8,2.465,0,0.2187,0.3436,0.2291,0.0001,0.5892,0.7379,0.8034,1.0
3905,ddce196a5e436280,91,9.1,0.255297,0.169805,5.8,7.966,0,0.2596,0.2439,0.673,0.0001,0.178,0.0045,0.7685,0.32
3906,c9f3b8d51975cc95,91,9.1,0.293884,0.128896,7.8,4.933,0,0.1566,0.1962,0.4629,0.0155,0.4794,0.409,0.7484,0.68
3907,7959ff207f26069f,91,9.1,0.326956,0.187686,7.4,2.823,0,0.4897,0.1473,0.1903,0.0046,0.6198,0.6902,0.5352,0.52
3908,b2ead15e90648fb,91,9.1,0.330166,0.191179,5.1,68.904,0,0.7652,0.7687,1.0,0.0003,0.3896,0.0,0.4372,0.44
3909,8bca74d837eb323a,91,9.1,0.187371,0.177572,3.2,10.937,0,0.2463,0.0822,0.1066,0.0001,0.3417,0.0,0.5551,0.8
3910,e077263b9fdab6aa,91,9.1,0.17401,0.113761,4.4,14.372,0,0.0001,0.0008,0.0032,0.0,0.2235,0.0,0.7248,0.72
3911,bb3c75ffd2820b71,91,9.1,0.130011,0.043767,0.2,1000000.0,0,0.2695,0.3687,0.539,0.0,0.2041,0.0,0.0,0.2
3912,7d28cf0ace2206c,91,9.1,0.233479,0.109018,6.3,6.327,0,0.081,0.1836,0.2101,0.0,0.2189,0.2231,0.8648,0.52
3913,fd70924652de4499,91,9.1,0.510618,0.159087,2.8,1.872,2,0.1786,0.2634,0.3751,0.0168,1.0,0.8171,0.8997,0.68
3914,e186c6c3170f063b,91,9.1,0.347853,0.123583,0.7,1.554,4,0.1293,0.3224,0.1324,0.0005,0.1881,0.8595,0.5677,0.36
3915,6415f4b361addcbf,91,9.1,0.237605,0.091355,7.0,8.343,0,0.3056,0.3849,0.6403,0.1005,1.0,0.0,0.3865,0.2
3916,6bda7b8df8ff8c4e,91,9.1,0.158954,0.151038,3.4,27.139,0,0.0007,0.0225,0.0269,0.0,0.0371,0.0,0.8238,0.52
3917,138f4cd0f487aa53,91,9.1,0.410753,0.137472,7.4,1.05,10,0.3932,0.5179,0.8126,0.0253,0.7399,0.9266,0.653,0.36
3918,3a913d96567846e9,91,9.1,0.257033,0.177865,7.9,32.948,0,0.0683,0.0977,0.1266,0.0002,0.7945,0.0,0.6753,1.0
3919,ddb521ef47806ddd,91,9.1,0.165781,0.045284,0.6,267.52,0,0.0,0.0007,0.0019,0.0,0.2282,0.0,0.7938,0.32
3920,1769db920fe32d03,91,9.1,0.17109,0.130224,8.8,8.758,0,0.5613,0.2135,0.1669,0.0,0.2258,0.0,0.5341,0.32
3921,6a2cdc4bbf21bb37,91,9.1,0.22903,0.210641,8.0,1000000.0,0,0.4912,0.2218,0.1589,0.0005,0.2645,0.0,0.768,1.0
3922,87eadf231c3f0edf,91,9.1,0.217504,0.107523,8.1,6.396,0,0.0001,0.0008,0.0023,0.0,0.1268,0.2139,0.7032,0.96
3923,f65380c31dca81e4,91,9.1,0.161173,0.098331,5.7,1000000.0,0,0.5643,0.1081,0.2324,0.0006,0.2173,0.0,0.4888,0.2
3924,9cdd39630605cdde,91,9.1,0.221354,0.184431,2.2,1000000.0,0,0.6203,0.4479,0.183,0.0005,0.183,0.0,0.7697,0.6
3925,e85f67f7f414741c,91,9.1,0.230744,0.165764,2.2,1000000.0,0,0.7227,0.1435,0.1057,0.0003,0.3222,0.0,0.7718,0.4
3926,dbb9d77784f1b8a4,91,9.1,0.180633,0.070271,4.8,10.241,0,0.0146,0.0494,0.0887,0.0,0.1852,0.0,0.7804,0.76
3927,a4b255e62ae4c93,91,9.1,0.178497,0.167678,6.1,16.756,0,0.0413,0.0517,0.0525,0.0,0.163,0.0,0.8593,0.44
3928,f21bc22bb1485113,91,9.1,0.14847,0.144265,4.9,110.157,0,0.0,0.0007,0.0019,0.0,0.177,0.0,0.6461,0.52
3929,fe9a27d105cce20c,91,9.1,0.159527,0.151838,0.7,764.583,0,0.0028,0.04,0.078,0.0,0.7468,0.0,0.0,1.0
3930,d1317bb5772a55e4,91,9.1,0.164265,0.122608,5.6,172.078,0,0.0588,0.1528,0.1262,0.0,0.2394,0.0,0.7277,0.32
3931,c29b84e271bd6fe6,91,9.1,0.19915,0.118041,7.1,1000000.0,0,0.4749,0.34,0.1848,0.0001,0.2482,0.0,0.7893,0.28
3932,297ba06bf66c5326,91,9.1,0.172355,0.126458,8.4,15.89,0,0.503,0.1141,0.161,0.0005,0.2561,0.0,0.5287,0.36
3933,a97db8d645247d7f,91,9.1,0.231134,0.2135,2.5,245.624,0,0.3965,0.2772,0.0941,0.0037,0.247,0.0,0.8644,1.0
3934,689201121e76514b,91,9.1,0.322368,0.107849,0.7,3.676,0,0.0384,0.1099,0.0716,0.0,0.1863,0.5766,0.7911,0.56
3935,39281d5e987af946,91,9.1,0.458428,0.19296,2.7,2.567,0,0.2137,0.2801,0.5375,0.0195,0.5777,0.7244,0.8685,1.0
3936,f1c3e9396563d7fb,91,9.1,0.165316,0.162132,1.8,51.334,0,0.0001,0.0009,0.0025,0.0,0.1387,0.0,0.8621,0.32
3937,58bab6722e2f89a,91,9.1,0.19874,0.170722,6.7,43.702,0,0.624,0.4002,0.1011,0.0002,0.1955,0.0,0.8025,0.32
3938,dce124cb7c117026,91,9.1,0.153735,0.058537,8.6,1000000.0,0,0.0001,0.0008,0.0027,0.0,0.1563,0.0,0.8024,0.24
3939,53326145175401c0,91,9.1,0.293437,0.162614,6.0,5.585,0,0.2273,0.2226,0.1405,0.0003,0.953,0.322,0.6732,0.76
3940,84421bbc90291ad5,91,9.1,0.307188,0.063963,0.4,3.88,0,0.1172,0.1542,0.063,0.0,0.3235,0.5494,0.8355,0.28
3941,b1e3b1879ac8368a,91,9.1,0.368727,0.158812,9.0,7.135,0,0.5914,1.0,1.0,0.0,0.1658,0.1153,0.5212,0.68
3942,892cf3391c72dc9c,91,9.1,0.319993,0.102475,0.6,3.073,0,0.0001,0.0015,0.0056,0.0,0.2204,0.657,0.6454,0.64
3943,593b611a10384d98,91,9.1,0.361665,0.192877,7.6,2.379,0,0.3936,0.1255,0.1293,0.0004,0.1972,0.7494,0.618,1.0
3944,1f8ef9a70c458620,91,9.1,0.266151,0.064689,8.2,4.449,0,0.0,0.0008,0.0019,0.0,0.1565,0.4735,0.6351,0.56
3945,75cbea53a4db31e5,91,9.1,0.245212,0.100556,8.4,4.211,0,0.0,0.0009,0.0029,0.0,0.076,0.5052,0.6924,0.32
3946,42b165f58d8ed361,91,9.1,0.356979,0.118008,1.0,2.258,0,0.0001,0.0009,0.0022,0.0,0.1208,0.7656,0.8659,0.4
3947,b5939202fa6a19b2,91,9.1,0.164709,0.095293,3.4,7.373,0,0.6278,0.2718,0.0792,0.0052,0.8534,0.0837,0.0,0.32
3948,1cf1b7559e69de9c,91,9.1,0.144839,0.128828,8.4,29.223,0,0.691,0.1356,0.0549,0.0001,0.1636,0.0,0.4205,0.32
3949,840f0ab50de049cf,91,9.1,0.291958,0.129686,0.3,5.175,0,0.6631,0.3857,1.0,0.0123,0.6403,0.3766,0.205,0.8
3950,dae8622fe25f9cb3,91,9.1,0.201157,0.179589,3.4,1000000.0,0,0.277,0.1872,0.0803,0.0,0.2201,0.0,0.8445,0.52
3951,49f4b35b77bff76f,91,9.1,0.188747,0.08956,8.7,10.18,0,0.0008,0.0132,0.0236,0.0,0.1288,0.0,0.8187,0.88
3952,375401185abbaba7,91,9.1,0.201263,0.194475,0.9,1000000.0,0,0.0001,0.0009,0.0018,0.0,0.1558,0.0,0.8645,0.88
3953,e2bf7564c1f29ec8,91,9.1,0.250426,0.176743,5.3,7.201,0,0.2973,0.2107,0.1382,0.0024,1.0,0.1065,0.5668,0.44
3954,38399db46906aec1,91,9.1,0.289297,0.111658,2.1,3.706,0,0.405,0.2463,0.1938,0.0001,0.2143,0.5726,0.3727,0.68
3955,aab0f2c95325e524,91,9.1,0.480109,0.21632,8.3,3.165,0,0.1219,0.2507,0.3094,0.0161,1.0,0.6447,0.7847,0.52
3956,a8b60f5885f9f0ba,91,9.1,0.231685,0.206166,5.6,106.159,0,0.2204,0.2754,0.0937,0.0001,0.1818,0.0,0.8839,1.0
3957,38ea85926c2af9d5,91,9.1,0.174698,0.157986,0.7,18.624,0,0.021,0.0585,0.086,0.0,0.1759,0.0,0.8806,0.28
3958,6011f0f4e982d3fc,91,9.1,0.196825,0.122504,4.2,23.729,0,0.0036,0.0232,0.0525,0.0,0.2629,0.0,0.7749,0.88
3959,47d86a7efec9138d,91,9.1,0.272643,0.158303,8.5,582.47,0,0.0033,0.0531,0.0868,0.0,0.7402,0.0,0.8288,1.0
3960,2ae59533f2c354a2,91,9.1,0.256686,0.169624,0.1,4.669,0,0.5388,0.2949,0.1083,0.0001,0.2117,0.4441,0.6133,0.52
3961,ebe0cd267369eef6,91,9.1,0.204816,0.129534,0.8,6.336,0,0.1559,0.1556,0.0589,0.0,0.3257,0.2218,0.8096,0.4
3962,73431658aa9fb205,91,9.1,0.314905,0.193446,0.8,20.395,0,0.6513,0.6641,1.0,0.0003,0.244,0.0,0.4963,0.76
3963,40248755ebabcb81,91,9.1,0.165436,0.060357,7.0,9.758,0,0.0079,0.0419,0.0627,0.0,0.2412,0.0,0.7635,0.52
3964,fec220366990a600,91,9.1,0.25654,0.154848,6.0,8.143,0,0.6082,0.6677,1.0,0.0099,1.0,0.0,0.0,0.64
3965,989ded70bb5dc30b,91,9.1,0.128774,0.09913,2.1,1000000.0,0,0.4011,0.1071,0.0769,0.0001,0.3952,0.0,0.0,1.0
3966,1ae58f29c059a931,91,9.1,0.188939,0.103037,2.3,1000000.0,0,0.3362,0.2687,0.1063,0.0,0.2527,0.0,0.8734,0.36
3967,bb5ce6a1bafe019f,91,9.1,0.333632,0.081618,8.2,4.267,0,0.1111,0.2366,0.0991,0.0078,0.4677,0.4978,0.7861,0.24
3968,8eee8ae92218031a,91,9.1,0.170074,0.151709,8.8,13.6,0,0.6109,0.0765,0.0831,0.0001,0.224,0.0,0.5001,0.48
3969,66a63c38c69b7d6b,91,9.1,0.183395,0.088212,0.1,9.721,0,0.0323,0.1389,0.0786,0.0001,0.1852,0.0,0.7682,0.72
3970,642f587a2d3cf3d0,91,9.1,0.172116,0.085636,8.8,1000000.0,0,0.1093,0.4613,0.5603,0.0003,0.1609,0.0,0.6686,0.4
3971,40655e492c2b0b92,91,9.1,0.146365,0.061405,5.5,12.235,0,0.0002,0.0085,0.0108,0.0,0.1216,0.0,0.7822,0.32
3972,892ae3ba55b8c479,91,9.1,0.216105,0.182193,0.2,12.271,0,0.5075,0.1994,0.1871,0.0003,0.2896,0.0,0.531,0.88
3973,3ce45e31fb3d3e92,91,9.1,0.126309,0.104068,8.9,24.109,0,0.7232,0.11,0.0857,0.0001,0.1662,0.0,0.232,0.12
3974,dc6017f8de78aaf,91,9.1,0.184544,0.154047,0.6,38.443,0,0.6396,0.1718,0.0661,0.0001,0.2101,0.0,0.6094,0.52
3975,6eb6592ae9cc4552,91,9.1,0.181943,0.167478,0.0,56.145,0,0.663,0.0416,0.0642,0.0,0.1988,0.0,0.5234,0.52
3976,a2010e7aec03d7d2,91,9.1,0.218073,0.213464,6.0,1000000.0,0,0.0001,0.0015,0.0051,0.0,0.2366,0.0,0.8799,0.96
3977,ad8facb97e237dd1,91,9.1,0.169502,0.113728,0.0,6.554,0,0.5303,0.3414,0.4792,0.0009,0.7429,0.1928,0.3794,0.32
3978,90c6a326a77d8747,91,9.1,0.22765,0.205674,5.0,32.843,0,0.4626,0.2342,0.1607,0.0004,0.2195,0.0,0.848,0.76
3979,8442f0e0be85f629,91,9.1,0.291948,0.190305,8.4,4.453,0,0.6021,0.2481,0.0473,0.0,0.3065,0.4729,0.729,0.24
3980,24fb778df916e668,91,9.1,0.231652,0.213663,3.4,8.111,0,0.09,0.1475,0.1365,0.0,0.1712,0.0,0.8883,1.0
3981,27aadc831f3aad6a,91,9.1,0.166073,0.083512,6.3,1000000.0,0,0.3525,0.3533,0.4671,0.0105,0.9234,0.0,0.2566,0.24
3982,269a3b78cc86a349,91,9.1,0.304127,0.147118,1.4,2.651,0,0.7108,0.062,0.0407,0.0002,0.1645,0.7132,0.4125,0.16
3983,8fe5b513bb8db558,91,9.1,0.276272,0.149896,5.0,5.527,0,0.3779,0.1922,0.1235,0.0032,1.0,0.3297,0.7009,0.32
3984,124e729ee3f6e0c4,91,9.1,0.23,0.120903,1.9,1000000.0,0,0.5517,0.4447,0.6507,0.0151,0.8909,0.0,0.4325,0.04
3985,5b4bdb54e7920ef1,91,9.1,0.259577,0.137769,3.8,3.95,0,0.5419,0.2063,0.0585,0.0,0.1687,0.54,0.5368,0.56
3986,8ad843363d5ee08f,91,9.1,0.37587,0.178265,2.0,4.85,0,0.1985,0.2912,0.5119,0.0013,1.0,0.42,0.8576,0.76
3987,ad557f83a9c0e4bd,91,9.1,0.206423,0.169465,0.1,1000000.0,0,0.0948,0.1752,0.1538,0.0,1.0,0.0,0.5285,0.32
3988,5d69a629e4c52037,91,9.1,0.396534,0.264258,3.1,2.766,0,0.1827,0.2626,0.1674,0.0,0.238,0.6979,0.9067,0.52
3989,d9e9039902bb14f9,91,9.1,0.333332,0.164903,3.9,5.177,0,0.3215,0.3666,0.6212,0.0251,1.0,0.3764,0.6939,0.48
3990,aea9730649d750d2,91,9.1,0.198681,0.169435,0.9,21.062,0,0.6354,0.204,0.1353,0.0001,0.1669,0.0,0.5684,0.72
3991,2e2eadea024db3e2,91,9.1,0.253102,0.124967,8.9,3.532,0,0.352,0.108,0.1046,0.0,0.3986,0.5958,0.3708,0.44
3992,2442e2ae09e3eb86,91,9.1,0.22407,0.170908,8.5,9.59,0,0.1084,0.2417,0.183,0.0048,0.6916,0.0,0.6078,0.96
3993,339500ee8ccbc366,91,9.1,0.299552,0.209569,0.2,4.325,0,0.1847,0.2528,0.2891,0.0,0.2015,0.49,0.8747,0.36
3994,8bff2c0fed9dea49,91,9.1,0.33542,0.138266,8.9,1.761,4,0.3962,0.1292,0.0857,0.0001,0.2237,0.8318,0.3791,0.32
3995,a7627a7511b8a891,91,9.1,0.278018,0.163316,2.3,8.184,0,0.4484,0.4591,0.8513,0.0001,0.1631,0.0,0.6831,0.24
3996,ffb2d2598c0b9ef1,91,9.1,0.179552,0.153,0.0,8.577,0,0.7115,0.0809,0.0825,0.0003,0.2485,0.0,0.4416,0.4
3997,56d72bddf39e34f5,91,9.1,0.307632,0.200353,6.1,4.54,0,0.2421,0.27,0.1276,0.0006,0.4951,0.4614,0.7883,1.0
3998,e3d21048f178b94c,91,9.1,0.246651,0.20377,2.0,6.525,0,0.453,0.2516,0.3645,0.0001,0.289,0.1967,0.6922,0.72
3999,ac2709f5b87e6432,91,9.1,0.25052,0.185763,0.0,1000000.0,0,0.5431,0.2463,0.1466,0.0001,0.6954,0.0,0.7699,0.28
4000,bffa97c6722fa1bd,91,9.1,0.252039,0.175848,0.3,10.333,0,0.3397,0.3582,0.6896,0.0,0.2752,0.0,0.6967,0.32
4001,b90d339afe8cf1eb,91,9.1,0.204028,0.175429,0.4,28.169,0,0.3848,0.1592,0.0848,0.0,0.1643,0.0,0.6986,0.68
4002,bd9efc0b0334cfd9,91,9.1,0.113816,0.062034,4.8,8.932,0,0.2239,0.1991,0.0912,0.0,0.1921,0.0,0.4102,0.36
4003,bebd2f46b1ddd0af,91,9.1,0.220779,0.133887,0.6,4.903,0,0.0001,0.0013,0.0031,0.0,0.8388,0.4129,0.457,0.52
4004,4fb8ddcbe704bf55,91,9.1,0.18953,0.10063,1.5,7.232,0,0.2527,0.2039,0.1594,0.0,0.1646,0.1024,0.4935,0.96
4005,82e74509f61b25f5,91,9.1,0.310606,0.215418,0.5,3.264,0,0.5608,0.0673,0.097,0.0001,0.3242,0.6315,0.8132,0.72
4006,abf14772386c0e9e,91,9.1,0.271774,0.185003,5.1,1000000.0,0,0.1543,0.114,0.0731,0.0004,0.864,0.0,0.7236,0.96
4007,da099465c7065b6c,91,9.1,0.206974,0.204692,7.4,51.508,0,0.0012,0.0199,0.0386,0.0,0.1092,0.0,0.8806,1.0
4008,6a838daed66bab62,91,9.1,0.133038,0.060899,0.5,19.506,0,0.0001,0.0008,0.002,0.0,0.1724,0.0,0.6078,0.4
4009,dcdd01e40027c061,91,9.1,0.204762,0.16952,0.4,18.083,0,0.1101,0.1687,0.2873,0.0009,0.9413,0.0,0.1337,1.0
4010,deeeb4f6935331bd,91,9.1,0.387278,0.096974,0.8,2.511,0,0.3928,0.449,0.279,0.0002,0.3039,0.7319,0.6496,0.16
4011,25b260700dc4322f,91,9.1,0.17753,0.163224,6.5,130.15,0,0.045,0.0862,0.0903,0.0,0.1868,0.0,0.8825,0.28
4012,8ad41d2a3197b8e7,91,9.1,0.275714,0.2615,0.0,1000000.0,0,0.1232,0.152,0.1151,0.0002,0.9436,0.0,0.825,0.84
4013,8db639d5d391ec94,91,9.1,0.278041,0.179277,8.8,4.02,0,0.1374,0.2001,0.1415,0.0,0.1804,0.5307,0.8829,0.52
4014,89a776bf06ea4641,91,9.1,0.223228,0.123747,1.9,5.856,0,0.1571,0.2929,0.157,0.0122,1.0,0.2859,0.505,0.32
4015,a17d23901b055e5f,91,9.1,0.35405,0.114014,1.8,2.394,0,0.0009,0.0118,0.021,0.0,0.1831,0.7474,0.8382,0.32
4016,9c18e42687e6c521,91,9.1,0.350496,0.106297,2.6,2.214,0,0.0001,0.0012,0.0054,0.0,0.1624,0.7715,0.7601,0.52
4017,3b8c27955b3d8141,91,9.1,0.265583,0.115524,3.9,5.804,0,0.4391,0.5694,1.0,0.0142,0.7167,0.2928,0.3086,0.2
4018,37bcd527064b790c,91,9.1,0.288607,0.228914,6.2,4.038,0,0.508,0.2311,0.2726,0.0,0.191,0.5282,0.8217,0.36
4019,1afd457b8c5ae477,91,9.1,0.169367,0.09311,4.8,14.537,0,0.1243,0.264,0.3193,0.0062,0.3693,0.0,0.7708,0.4
4020,37dfe41c6ded662d,91,9.1,0.188155,0.175326,4.8,20.389,0,0.5208,0.0877,0.0763,0.0001,0.1692,0.0,0.6351,0.48
4021,7fef41de6dd94052,91,9.1,0.164849,0.062364,0.5,9.247,0,0.0001,0.0013,0.0046,0.0,0.1581,0.0,0.7972,0.44
4022,40043644b050aa90,91,9.1,0.202301,0.106349,2.1,10.77,0,0.5645,0.2466,0.0569,0.0001,0.284,0.0,0.5836,0.28
4023,71549e4296f6ad,91,9.1,0.320612,0.140257,7.1,4.281,0,0.339,0.1633,0.0581,0.0006,0.683,0.4958,0.368,0.56
4024,9c88b5852b84abff,91,9.1,0.324681,0.122725,6.8,4.205,0,0.1288,0.1968,0.0981,0.001,0.8111,0.506,0.8358,0.44
4025,6d7ba356f2fc3b28,91,9.1,0.366109,0.106831,1.0,3.387,0,0.0,0.0008,0.0023,0.0,0.7801,0.615,0.9106,0.2
4026,59220edf0e3c8721,91,9.1,0.267103,0.183637,3.8,5.529,0,0.2344,0.263,0.177,0.0002,0.2337,0.3294,0.832,0.44
4027,1f762a568295314,91,9.1,0.331237,0.151441,0.5,4.482,0,0.2607,0.4088,0.7422,0.0027,0.2498,0.469,0.7467,1.0
4028,35713b7de2aaf8a,91,9.1,0.223424,0.077373,5.7,5.733,0,0.4466,0.2249,0.0486,0.0,0.1757,0.3023,0.5651,0.32
4029,485cb28fa2de492e,91,9.1,0.242358,0.140191,7.5,4.886,0,0.0315,0.0505,0.0513,0.0,0.2223,0.4152,0.881,0.4
4030,608b32263418d6fa,91,9.1,0.202585,0.184577,2.5,1000000.0,0,0.4955,0.2901,0.0753,0.0012,0.2233,0.0,0.8457,0.4
4031,aec9413f588974c1,91,9.1,0.177373,0.165751,1.4,1000000.0,0,0.6394,0.1245,0.093,0.0001,0.1872,0.0,0.6432,0.28
4032,ac241bcd0873151f,91,9.1,0.183739,0.168637,0.0,75.491,0,0.5484,0.0713,0.0711,0.0,0.2263,0.0,0.5838,0.36
4033,3e42facbcf75f7af,91,9.1,0.304031,0.212915,0.4,4.166,0,0.1834,0.2222,0.1033,0.0,0.159,0.5112,0.8674,0.6
4034,10b9f33ac5e77f0,91,9.1,0.297998,0.185285,8.9,2.638,0,0.197,0.1834,0.0685,0.0009,0.2794,0.7149,0.8666,1.0
4035,4112e28897d9eb54,91,9.1,0.401585,0.143223,3.8,2.149,0,0.2278,0.2453,0.4879,0.0209,0.3009,0.7801,0.8808,0.52
4036,176cdd59f7a0b03a,91,9.1,0.097055,0.03248,0.0,1000000.0,0,0.0,0.0007,0.0035,0.0,0.1342,0.0,0.4413,0.32
4037,4b1428cc85dddc6b,91,9.1,0.186432,0.181771,0.2,1000000.0,0,0.0001,0.0008,0.002,0.0,0.1311,0.0,0.8813,0.64
4038,9402b3ba47b340e0,91,9.1,0.418837,0.154935,1.9,3.096,0,0.5035,0.2823,0.5656,0.0329,0.5004,0.6539,0.6376,0.68
4039,2c56abc8a4ad8265,91,9.1,0.159148,0.15631,7.3,1000000.0,0,0.0001,0.0011,0.0027,0.0,0.0323,0.0,0.8411,0.48
4040,cbf7032fc18827a8,91,9.1,0.084853,0.051968,8.9,72.773,0,0.0654,0.2018,0.1523,0.0,0.1936,0.0,0.0,0.68
4041,eb82f94becefdffa,91,9.1,0.467406,0.149805,5.8,3.02,0,0.3675,0.4611,0.7774,0.0285,1.0,0.664,0.7069,0.8
4042,97011d6a3e6acf59,91,9.1,0.204318,0.151823,8.5,1000000.0,0,0.0001,0.0011,0.0023,0.0,0.5787,0.0,0.7063,0.52
4043,bfea7fa96e70a8a3,91,9.1,0.094848,0.080418,4.0,1000000.0,0,0.6419,0.0994,0.1073,0.0,0.244,0.0,0.0,0.28
4044,707a2dcf7eb7ff74,91,9.1,0.339062,0.232776,5.2,4.318,0,0.227,0.2248,0.063,0.0003,0.6182,0.491,0.6231,0.92
4045,b7264bfc6007ef4c,91,9.1,0.371648,0.196592,0.2,3.019,0,0.1692,0.212,0.6114,0.0047,0.5015,0.6642,0.8324,1.0
4046,9a8366e529079b30,91,9.1,0.230815,0.091529,0.0,1000000.0,0,0.1698,0.3089,0.9214,0.0125,0.8209,0.0,0.0,0.2
4047,20abe82f1348a80c,91,9.1,0.209788,0.162551,5.7,7.043,0,0.4029,0.2934,0.2714,0.0002,0.1877,0.1276,0.7106,0.76
4048,18c71ac9d67f32b3,91,9.1,0.224537,0.124112,6.6,5.87,0,0.1915,0.17,0.6932,0.004,0.8143,0.284,0.562,0.64
4049,6b644b930bb8b5cf,91,9.1,0.323436,0.174225,6.4,3.207,0,0.3121,0.2439,0.1801,0.0041,0.4222,0.639,0.4452,1.0
4050,3a8fe84aef67f249,91,9.1,0.224003,0.223664,0.0,1000000.0,0,0.0001,0.0015,0.0044,0.0,0.2638,0.0,0.8788,1.0
4051,5c5d547a6a10eecc,91,9.1,0.294212,0.137237,7.7,2.928,0,0.7229,0.1608,0.0819,0.0002,0.211,0.6763,0.3158,0.2
4052,77f503dcdb621595,91,9.1,0.338827,0.246765,2.9,4.991,0,0.3696,0.2585,0.1286,0.0001,0.304,0.4012,0.7951,1.0
4053,f9238b88f6ba6713,91,9.1,0.330147,0.255285,4.1,3.694,0,0.3171,0.2169,0.0677,0.0,0.2067,0.5741,0.8806,0.48
4054,1a06120f15fe6bb7,91,9.1,0.230728,0.18198,8.8,12.033,0,0.1225,0.144,0.1597,0.0,0.7289,0.0,0.6832,0.56
4055,822e4f1d7d1dfb54,91,9.1,0.221934,0.094104,8.5,1000000.0,0,0.3277,0.5559,0.8418,0.0164,0.6099,0.0,0.0,0.28
4056,b86818e88b681969,91,9.1,0.310851,0.186974,3.7,2.385,0,0.3131,0.5175,0.9813,0.0164,0.361,0.7487,0.4278,0.32
4057,5bc27eae6c34908a,91,9.1,0.403056,0.242592,0.8,1000000.0,0,0.9852,0.892,1.0,0.0014,0.6684,0.0,0.8435,0.04
4058,eb217b824f9306bb,91,9.1,0.181834,0.176751,9.0,49.298,0,0.0065,0.039,0.0413,0.0,0.1225,0.0,0.8812,0.6
4059,62619a9abb92aaa,91,9.1,0.36038,0.187484,7.7,41.743,0,0.7223,0.7887,1.0,0.0002,0.3967,0.0,0.6639,0.16
4060,a0ebf5a86877b664,91,9.1,0.49796,0.173792,0.8,1.001,6,0.5349,1.0,1.0,0.022,1.0,0.9332,0.7706,0.2
4061,62f416405e5b3686,91,9.1,0.162663,0.117948,2.3,6.748,0,0.0899,0.0999,0.0562,0.0,0.1659,0.167,0.5567,1.0
4062,ddaaf85519d3afa4,91,9.1,0.316905,0.156794,3.4,4.73,0,0.4835,0.4387,0.8699,0.0113,1.0,0.436,0.8225,0.6
4063,10f22bafab63b4b,91,9.1,0.509725,0.134407,7.9,2.392,0,0.6342,0.5464,0.7135,0.0383,0.8423,0.7477,0.8295,0.56
4064,1236412b8cfe39bd,91,9.1,0.209586,0.190101,8.5,183.443,0,0.5036,0.3013,0.1653,0.0001,0.2223,0.0,0.8606,0.68
4065,e25502aabccf6a3e,91,9.1,0.221767,0.208299,0.0,34.915,0,0.0094,0.0354,0.055,0.0,0.1979,0.0,0.8785,1.0
4066,3ca9584965be78cb,91,9.1,0.185951,0.163302,0.1,24.611,0,0.1176,0.1167,0.0933,0.0,0.2391,0.0,0.559,1.0
4067,a9fbf29289f9712,91,9.1,0.430048,0.225729,2.0,1.943,1,0.1328,0.224,0.2279,0.0017,0.5339,0.8076,0.8108,1.0
4068,50e314103caf7b26,91,9.1,0.196397,0.122542,5.5,8.211,0,0.3359,0.2674,0.9537,0.0164,1.0,0.0,0.2383,0.16
4069,b9ffb2aa8b53dec0,91,9.1,0.216074,0.180691,7.1,32.713,0,0.6385,0.3043,0.1698,0.0003,0.332,0.0,0.7859,0.36
4070,178c71687487bc3a,91,9.1,0.325662,0.088456,5.4,3.245,0,0.2282,0.2323,0.0912,0.0002,0.3149,0.6341,0.7378,0.28
4071,3e3c395020438401,91,9.1,0.172398,0.100298,5.1,7.584,0,0.0001,0.0011,0.0021,0.0,0.1324,0.0555,0.8187,0.6
4072,275b621ad4a4a748,91,9.1,0.290566,0.085811,8.7,3.704,0,0.0001,0.0009,0.0035,0.0,0.0784,0.5728,0.6742,0.68
4073,b237170077594986,91,9.1,0.116695,0.057725,0.2,1000000.0,0,0.5275,0.3247,0.4423,0.0,0.1658,0.0,0.0,0.08
4074,e4fdd3f9bc04f5e4,91,9.1,0.254717,0.142045,8.0,4.422,0,0.4823,0.6189,1.0,0.0046,0.7578,0.4771,0.3343,0.52
4075,ea4346c9f774c66c,91,9.1,0.456781,0.11077,8.4,2.022,0,0.1703,0.2785,0.2746,0.0287,1.0,0.797,0.8669,0.48
4076,322c3a75e40f4dc9,91,9.1,0.133503,0.067824,6.4,43.858,0,0.0001,0.0015,0.0048,0.0,0.0652,0.0,0.6527,0.48
4077,c71d2c82ad2b7b02,91,9.1,0.284206,0.225114,5.9,4.443,0,0.5259,0.3165,0.445,0.0001,0.189,0.4743,0.7965,0.4
4078,7de3de8a71ad41f0,91,9.1,0.228121,0.105038,4.4,1000000.0,0,0.4295,0.5065,0.8125,0.0165,1.0,0.0,0.0,0.2
4079,675937b9d5610839,91,9.1,0.196241,0.193894,3.5,1000000.0,0,0.0005,0.0081,0.0164,0.0,0.4409,0.0,0.8433,0.28
4080,5cd65d826e458a54,91,9.1,0.455301,0.131084,0.3,4.615,0,0.1741,0.424,1.0,0.0138,1.0,0.4513,0.7092,0.44
4081,ef8093f4b32de9ff,91,9.1,0.322829,0.196278,4.9,4.26,0,0.0001,0.0008,0.0046,0.0,0.3327,0.4987,0.7738,0.88
4082,76da8f0ee699b5d,91,9.1,0.532093,0.154615,7.3,1.344,2,0.3035,0.2321,0.5279,0.0188,1.0,0.8875,0.8941,0.2
4083,a96f4366c5577bba,91,9.1,0.114927,0.065019,5.7,31.339,0,0.0001,0.0009,0.0024,0.0,0.1853,0.0,0.474,0.4
4084,ce715e1418d0f11d,91,9.1,0.156997,0.063999,6.1,1000000.0,0,0.1286,0.2567,0.0775,0.0,0.1643,0.0,0.7821,0.44
4085,bbc2396d388a3855,91,9.1,0.171755,0.139109,8.5,10.052,0,0.343,0.1464,0.1312,0.0,0.1842,0.0,0.6852,0.08
4086,586de6ae14e80a39,91,9.1,0.192496,0.124092,0.2,502.89,0,0.457,0.3135,0.4286,0.0002,0.3159,0.0,0.4128,0.48
4087,c1f54fcd8000b524,91,9.1,0.235142,0.179938,5.5,6.708,0,0.1836,0.1481,0.0502,0.0,0.166,0.1723,0.8827,0.6
4088,e118c52f73c257a9,91,9.1,0.19295,0.11779,6.5,1000000.0,0,0.7108,0.2952,0.1354,0.001,1.0,0.0,0.6436,0.16
4089,23ab1df75423108,91,9.1,0.20409,0.045376,3.0,5.693,0,0.0643,0.1524,0.0527,0.0,0.1655,0.3076,0.7014,0.28
4090,2da79135303a95db,91,9.1,0.316339,0.205567,7.8,4.498,0,0.4755,0.2436,0.0856,0.0,0.2878,0.4669,0.8117,0.48
4091,92dd33e1a25cff95,91,9.1,0.218351,0.127381,8.9,7.422,0,0.1739,0.2552,0.51,0.0072,0.66,0.0771,0.7417,0.68
4092,97fc66f6d294944a,91,9.1,0.174933,0.17042,7.2,53.608,0,0.0001,0.001,0.0031,0.0,0.1398,0.0,0.8459,0.52
4093,572254b90f98e5b5,91,9.1,0.135839,0.07358,0.0,10.241,0,0.0001,0.0015,0.0025,0.0,0.1682,0.0,0.4977,0.72
4094,54aed5d5940e3739,91,9.1,0.226462,0.196885,4.4,1000000.0,0,0.1242,0.1633,0.1092,0.0,0.5452,0.0,0.8734,0.4
4095,32795033c4aee49,91,9.1,0.180406,0.144611,0.2,13.911,0,0.712,0.2742,0.3049,0.0001,0.1868,0.0,0.357,0.52
4096,7e1201362ddbfb9f,91,9.1,0.216783,0.195906,6.8,95.313,0,0.3002,0.2759,0.1173,0.0001,0.2668,0.0,0.8824,0.56
4097,304716f1eac83fac,91,9.1,0.344652,0.15788,6.8,3.543,0,0.1235,0.2406,0.3542,0.003,0.9298,0.5943,0.7722,0.6
4098,12b458d727db7882,91,9.1,0.177295,0.080042,1.9,7.156,0,0.0,0.0007,0.0024,0.0,0.0554,0.1126,0.8145,0.6
4099,771d3bd4c9eaf8a8,91,9.1,0.38326,0.214889,5.0,3.206,0,0.0517,0.131,0.1731,0.0,0.3084,0.6392,0.8742,1.0
4100,f83eeb672863daf2,91,9.1,0.232625,0.195578,0.2,1000000.0,0,0.4472,0.1894,0.0456,0.0001,0.2203,0.0,0.8058,1.0
4101,8a906f6103878974,91,9.1,0.294363,0.216631,6.9,4.196,0,0.4781,0.2141,0.0509,0.0,0.1861,0.5072,0.831,0.2
4102,8b4885aefc7efc01,91,9.1,0.313136,0.138017,8.8,2.159,0,0.3553,0.3026,0.1636,0.0001,0.2141,0.7788,0.3349,0.28
4103,43537f04b1a92814,91,9.1,0.2872,0.207842,8.0,4.432,0,0.4492,0.2067,0.4129,0.0001,0.1677,0.4757,0.7713,0.4
4104,ea1a3d2c2a39be27,91,9.1,0.309081,0.115444,3.2,1.703,3,0.4017,0.0976,0.08,0.0003,0.2833,0.8396,0.2683,0.4
4105,da3a6631526cc8cd,91,9.1,0.269725,0.12282,4.9,1000000.0,0,0.5683,0.6716,1.0,0.0043,0.524,0.0,0.0,0.24
4106,264572f9622c9cbe,91,9.1,0.092943,0.077317,8.8,1000000.0,0,0.5627,0.0413,0.0894,0.0002,0.225,0.0,0.0549,0.28
4107,fcf0e7b6ee959279,91,9.1,0.249974,0.13368,7.8,5.773,0,0.1249,0.2096,0.4773,0.0184,1.0,0.2969,0.5998,0.72
4108,c7179629b843e016,91,9.1,0.084582,0.072137,4.7,1000000.0,0,0.0108,0.0788,0.0958,0.0,0.2782,0.0,0.0,0.64
4109,d7ec06583e483801,91,9.1,0.11302,0.087853,4.5,1000000.0,0,0.5046,0.3542,0.1477,0.0003,0.1895,0.0,0.0,0.6
4110,f82571fc47eaf327,91,9.1,0.226541,0.202249,5.4,15.166,0,0.0772,0.1831,0.2079,0.0,0.1709,0.0,0.7952,1.0
4111,7d7c23395475a52b,91,9.1,0.191467,0.146388,0.2,1000000.0,0,0.6437,0.0287,0.0385,0.0001,0.2732,0.0,0.6365,0.48
4112,a4fededf67a9ccb6,91,9.1,0.201025,0.082379,0.2,12.823,0,0.4481,0.3759,0.4739,0.0009,0.2001,0.0,0.5296,0.36
4113,c31d36de641b4d9b,91,9.1,0.194806,0.142877,6.9,20.724,0,0.2822,0.2668,0.1226,0.001,0.4983,0.0,0.7853,0.96
4114,716d53309c0249a7,91,9.1,0.213625,0.174054,0.0,20.024,0,0.5497,0.129,0.1396,0.0003,0.3161,0.0,0.5056,1.0
4115,c06e8876bd61cdaa,91,9.1,0.213736,0.143132,0.2,11.423,0,0.3765,0.141,0.1021,0.0,0.2163,0.0,0.7627,1.0
4116,5df74ee3ca848fa6,91,9.1,0.392736,0.146277,1.8,4.164,0,0.5349,0.4926,0.882,0.0237,1.0,0.5114,0.5901,0.48
4117,b28ad08f69e5fdb6,91,9.1,0.296416,0.090625,8.3,4.311,0,0.4532,0.4024,0.5653,0.0,0.1628,0.4919,0.818,0.56
4118,ad7fb274bb670c79,91,9.1,0.376665,0.135995,5.8,2.147,0,0.0001,0.0011,0.0062,0.0,0.1427,0.7804,0.8396,0.64
4119,71f165d3a058394e,91,9.1,0.158267,0.155467,7.3,1000000.0,0,0.0006,0.0122,0.023,0.0,0.7918,0.0,0.0,1.0
4120,9022dec987398717,91,9.1,0.120248,0.058354,2.9,13.785,0,0.0587,0.2127,0.1412,0.0,0.1927,0.0,0.6497,0.16
4121,d3ca0bf0199b31a,91,9.1,0.338739,0.242137,1.4,3.585,0,0.2605,0.2509,0.0413,0.0,0.2307,0.5887,0.8813,0.48
4122,4bcdc319265db635,91,9.1,0.450507,0.190062,2.9,0.999,21,0.5215,0.1849,0.1473,0.0021,0.5455,0.9334,0.5787,0.36
4123,37a241080d3b58f1,91,9.1,0.199089,0.172112,8.9,27.005,0,0.0221,0.1919,0.118,0.0,0.158,0.0,0.8769,0.48
4124,c5d8c0d0d25f65e,91,9.1,0.220602,0.074144,1.2,5.691,0,0.0001,0.0012,0.0034,0.0,0.1474,0.3078,0.7295,0.4
4125,5d95096e82607324,91,9.1,0.301429,0.206419,5.2,3.225,0,0.5925,0.1971,0.1378,0.0001,0.1641,0.6366,0.5065,0.64
4126,a74ba7b971695755,91,9.1,0.407697,0.155269,8.5,4.058,0,0.2306,0.385,0.5811,0.0152,0.6323,0.5256,0.6597,0.2
4127,bd3e8997be81af25,91,9.1,0.313193,0.218763,1.0,3.851,0,0.2247,0.2438,0.1335,0.0,0.1677,0.5531,0.862,0.4
4128,168673daa2486434,91,9.1,0.307501,0.133613,0.8,2.247,0,0.2777,0.188,0.2914,0.0,0.1747,0.7671,0.4527,0.24
4129,a4227a507e27c539,91,9.1,0.203854,0.187194,3.7,1000000.0,0,0.5412,0.3542,0.1126,0.0004,0.1722,0.0,0.8671,0.8
4130,bcf061ce265c93bd,91,9.1,0.172795,0.170113,0.0,1000000.0,0,0.0001,0.0009,0.004,0.0,0.1354,0.0,0.881,0.4
4131,43bff84b2babac13,91,9.1,0.380579,0.226722,2.3,2.381,0,0.3856,0.2792,0.1686,0.0086,1.0,0.7492,0.77,1.0
4132,a65324f0123519a,91,9.1,0.255436,0.178428,0.0,1000000.0,0,0.3203,0.1475,0.1242,0.0012,0.6521,0.0,0.8326,0.4
4133,b96b5dbd9c7be82,91,9.1,0.239376,0.111661,8.7,7.927,0,0.3541,0.4743,0.9964,0.0002,0.5159,0.0098,0.0,0.48
4134,df14c85407e84986,91,9.1,0.198661,0.195991,2.5,1000000.0,0,0.0001,0.0012,0.0031,0.0,0.0921,0.0,0.8812,0.92
4135,f64722bcbe5c3815,91,9.1,0.156523,0.125727,1.5,1000000.0,0,0.0861,0.2059,0.195,0.0001,0.4849,0.0,0.0,1.0
4136,ac5cd21e763dcd4d,91,9.1,0.102961,0.083114,6.5,10.343,0,0.7228,0.1643,0.107,0.0001,0.2194,0.0,0.0671,0.08
4137,4232463d6324a55f,91,9.1,0.257399,0.145992,8.6,4.201,0,0.2132,0.2076,0.137,0.0006,0.222,0.5066,0.7491,0.8
4138,d8ecbbce74ae778f,91,9.1,0.052558,0.048084,7.3,1000000.0,0,0.0,0.0014,0.0031,0.0,0.1769,0.0,0.0,0.52
4139,e61f706c0bbcdffc,91,9.1,0.294975,0.126519,7.8,2.767,0,0.3185,0.3465,0.2061,0.0001,0.1859,0.6978,0.6707,0.88
4140,26272ca738ef35b4,91,9.1,0.152485,0.123788,5.4,13.451,0,0.1109,0.1282,0.312,0.0003,0.3217,0.0,0.4028,1.0
4141,5bc7f7be79b54770,91,9.1,0.195052,0.15806,1.3,1000000.0,0,0.5214,0.3633,0.1239,0.0,0.2025,0.0,0.8635,0.68
4142,82be8dec1f7e549a,91,9.1,0.253803,0.173514,0.2,6.079,0,0.1038,0.1785,0.1743,0.0001,0.1687,0.2561,0.8604,0.48
4143,b7d2e68bba6a6b8e,91,9.1,0.261265,0.136829,0.7,6.242,0,0.2409,0.2217,0.4384,0.0086,1.0,0.2344,0.5744,1.0
4144,972a42c344458df8,91,9.1,0.367331,0.106648,1.9,4.222,0,0.3652,0.4276,0.7667,0.0223,1.0,0.5038,0.6569,0.08
4145,26e70ffc03f12154,91,9.1,0.24579,0.070099,8.7,3.822,0,0.2816,0.3582,0.1185,0.0,0.1645,0.557,0.0,0.56
4146,843ced184dc25e3d,91,9.1,0.247049,0.176229,3.8,4.961,0,0.0428,0.0811,0.0972,0.0002,0.5085,0.4052,0.8216,0.48
4147,51f10c3af1c14eda,91,9.1,0.153329,0.058961,0.2,1000000.0,0,0.4645,0.5038,0.5623,0.0001,0.1621,0.0,0.0,0.24
4148,c0fd18a0e819ca92,91,9.1,0.276483,0.178355,1.1,4.397,0,0.191,0.1816,0.0755,0.0,0.2098,0.4804,0.8117,0.16
4149,99d2b0fe1c68dab1,91,9.1,0.322912,0.091302,2.4,2.766,0,0.0001,0.0011,0.0057,0.0,0.181,0.6979,0.7636,0.2
4150,8d6051a8c95484d4,91,9.1,0.18069,0.136031,4.3,8.32,0,0.5427,0.1192,0.155,0.002,0.4475,0.0,0.416,0.48
4151,2a55061adbf8aa60,91,9.1,0.114411,0.109484,1.1,164.196,0,0.0001,0.0008,0.0026,0.0,0.1551,0.0,0.4784,0.4
4152,c8d0ab1008a6cfc,91,9.1,0.15777,0.15751,5.1,1000000.0,0,0.0001,0.0017,0.0035,0.0,0.0432,0.0,0.6145,1.0
4153,a5e200e4d6095857,91,9.1,0.203676,0.077532,7.5,1000000.0,0,0.4013,0.4468,1.0,0.0003,0.2135,0.0,0.0,0.24
4154,5c0869cc2afcff9,91,9.1,0.210488,0.21029,0.0,150.781,0,0.0001,0.0009,0.003,0.0,0.1321,0.0,0.8963,1.0
4155,4888b2bd087ac886,91,9.1,0.189628,0.185397,1.4,1000000.0,0,0.0013,0.0124,0.0157,0.0,0.1315,0.0,0.8837,0.68
4156,88e5612f70a57aa2,91,9.1,0.213665,0.204084,0.0,91.642,0,0.0015,0.0419,0.0439,0.0,0.272,0.0,0.8821,0.8
4157,20af00ce26dfdcbb,91,9.1,0.199732,0.102216,3.3,15.393,0,0.3555,0.4591,1.0,0.0278,1.0,0.0,0.1413,0.2
4158,7803609bb127901f,91,9.1,0.208602,0.193181,6.6,1000000.0,0,0.1533,0.2149,0.094,0.0,0.2399,0.0,0.8778,0.64
4159,ee77c0ffbb03fc1a,91,9.1,0.30092,0.205985,0.2,4.688,0,0.1249,0.1429,0.0468,0.0,0.1691,0.4416,0.8804,0.72
4160,df583be2510a3870,91,9.1,0.14118,0.11117,2.8,8.463,0,0.0001,0.001,0.0026,0.0,0.278,0.0,0.5581,0.4
4161,c2095594d636f2f8,91,9.1,0.240452,0.205226,3.2,1000000.0,0,0.0278,0.0676,0.092,0.0001,0.8237,0.0,0.5524,1.0
4162,ac8bebcbb284fc33,91,9.1,0.196223,0.139862,5.2,1000000.0,0,0.6573,0.4534,0.8199,0.0157,1.0,0.0,0.3866,0.36
4163,ccaa3e6bdd55abd5,91,9.1,0.182285,0.15737,7.8,12.896,0,0.7176,0.2113,0.0968,0.0001,0.1676,0.0,0.5549,0.28
4164,3b3f031b9a38325a,91,9.1,0.205525,0.195536,0.3,1000000.0,0,0.0001,0.001,0.0051,0.0,0.2097,0.0,0.8641,0.84
4165,ca7d9ccf37d244d8,91,9.1,0.10677,0.076315,7.5,1000000.0,0,0.5354,0.3126,0.1554,0.0022,0.2109,0.0,0.0314,0.36
4166,5de526d50ff2717a,91,9.1,0.270364,0.111257,4.0,4.72,0,0.3597,0.283,0.306,0.0001,0.2045,0.4374,0.5951,0.44
4167,40c9a67f94d9d381,91,9.1,0.161185,0.105963,0.4,6.991,0,0.414,0.307,0.256,0.0002,0.2806,0.1346,0.2419,0.72
4168,b4cf97274a6155b9,91,9.1,0.403234,0.14665,0.5,1.601,4,0.0001,0.0009,0.0028,0.0,0.1719,0.8531,0.8241,0.84
4169,d0e23228f0586505,91,9.1,0.265342,0.145979,5.0,4.236,0,0.1026,0.1373,0.2152,0.0001,0.4107,0.5018,0.64,0.56
4170,d4222b116d4c93c4,91,9.1,0.210088,0.181334,0.3,8.001,0,0.0453,0.1424,0.198,0.0,0.2061,0.0,0.8798,0.56
4171,a2d7b3880f051ff8,91,9.1,0.151367,0.074707,8.0,1000000.0,0,0.1708,0.2701,0.4784,0.0029,1.0,0.0,0.0,0.16
4172,14176d10de230870,91,9.1,0.323811,0.149038,3.4,4.051,0,0.1753,0.244,0.4309,0.0053,1.0,0.5265,0.8599,0.36
4173,b7905eccb86d3f76,91,9.1,0.532732,0.171252,0.1,1.989,1,0.2157,0.2334,0.3618,0.0136,1.0,0.8015,0.8968,1.0
4174,204b4becad1b858a,91,9.1,0.402194,0.121856,6.7,1.319,4,0.0001,0.0011,0.0039,0.0,0.1424,0.8908,0.8736,0.56
4175,ff822d94e1b029e,91,9.1,0.378041,0.154811,4.3,2.099,0,0.282,0.149,0.1138,0.0002,0.2746,0.7868,0.5446,0.68
4176,ce8c4fae246d25c0,91,9.1,0.319448,0.17113,2.8,1000000.0,0,0.6378,0.6782,1.0,0.0002,0.2083,0.0,0.5229,0.32
4177,49ff1b3e73e8cf3b,91,9.1,0.343192,0.23889,2.8,3.515,0,0.297,0.2564,0.0471,0.0,0.1743,0.5981,0.8817,0.4
4178,2abd1e4425ac55dd,91,9.1,0.275944,0.275717,6.6,1000000.0,0,0.0001,0.001,0.0027,0.0,0.9843,0.0,0.6501,1.0
4179,8018743fc99ca9f4,91,9.1,0.253003,0.15279,1.7,4.57,0,0.7159,0.7904,1.0,0.0003,0.2774,0.4573,0.3418,0.16
4180,76e3bd6648b33f48,91,9.1,0.320518,0.109585,0.7,2.482,0,0.1683,0.1807,0.0743,0.0,0.1673,0.7358,0.6139,0.32
4181,96f07865ab232e9,91,9.1,0.224367,0.144607,1.6,17.884,0,0.1086,0.1547,0.1301,0.0007,0.304,0.0,0.8185,0.92
4182,969f8b0fe10b95ad,91,9.1,0.300948,0.079564,7.3,3.709,0,0.0001,0.0009,0.0032,0.0,0.0941,0.5721,0.8006,0.56
4183,2473c89aba0eee1a,91,9.1,0.186477,0.164173,2.9,66.123,0,0.3296,0.307,0.2056,0.0,0.1719,0.0,0.8818,0.4
4184,cf97a8f25c0b6f91,91,9.1,0.152327,0.055955,4.1,8.579,0,0.0018,0.0306,0.1171,0.0,0.1151,0.0,0.7665,0.44
4185,c5dc55b05df342a3,91,9.1,0.328323,0.099966,8.8,1.506,2,0.7206,0.1479,0.106,0.0001,0.169,0.8659,0.1795,0.16
4186,8e7c2a9d470b8e49,91,9.1,0.204026,0.201514,1.1,1000000.0,0,0.0001,0.0016,0.0035,0.0,0.2351,0.0,0.8813,0.72
4187,9c221ea292238cc4,91,9.1,0.242634,0.155177,0.3,15.751,0,0.1519,0.1963,0.0894,0.0,0.8332,0.0,0.5846,0.44
4188,641ffb639652e6b4,91,9.1,0.332054,0.231713,2.6,4.563,0,0.2806,0.3045,0.0773,0.0,0.1629,0.4583,0.8784,0.76
4189,9cf30763dc7afd05,91,9.1,0.288689,0.141503,7.1,6.66,0,0.056,0.1571,0.1963,0.0061,1.0,0.1787,0.8895,0.92
4190,318e253851a2ce36,91,9.1,0.153155,0.1511,3.3,1000000.0,0,0.0001,0.0017,0.004,0.0,0.8328,0.0,0.0,0.88
4191,2ebe7dc027716234,91,9.1,0.133572,0.06419,5.5,16.942,0,0.3756,0.2112,0.3045,0.0,0.1689,0.0,0.4539,0.32
4192,4577907086193dd5,91,9.1,0.320403,0.240004,0.2,4.164,0,0.215,0.1903,0.2623,0.0,0.2303,0.5115,0.8804,0.64
4193,1d15411be307fc1c,91,9.1,0.211306,0.182906,0.4,68.099,0,0.4136,0.287,0.1964,0.0001,0.2654,0.0,0.5673,1.0
4194,708531790526fcee,91,9.1,0.357748,0.194079,8.9,2.358,0,0.3377,0.309,0.1695,0.0005,0.1805,0.7522,0.8491,1.0
4195,3e71d947db72c289,91,9.1,0.154993,0.148245,8.0,1000000.0,0,0.0,0.0007,0.0021,0.0,0.2681,0.0,0.6416,0.44
4196,405c0ac63ebe301,91,9.1,0.410144,0.163008,2.4,1.114,6,0.3979,0.3221,0.934,0.0151,0.2419,0.9181,0.6592,0.84
4197,b760bb6a5244ce87,91,9.1,0.206597,0.178949,7.0,11.942,0,0.1929,0.2575,0.1283,0.0004,0.295,0.0,0.7662,0.6
4198,67de32123ab971d1,91,9.1,0.571154,0.256078,1.5,2.521,0,0.3964,0.3675,0.8937,0.0261,1.0,0.7306,0.8197,1.0
4199,dc51671bd9845eb9,91,9.1,0.217543,0.157816,2.2,8.591,0,0.1117,0.2233,0.1298,0.0001,0.4259,0.0,0.8453,0.44
4200,bdd641b93e4240d5,91,9.1,0.240474,0.112026,8.5,19.507,0,0.0259,0.1082,0.1785,0.0002,0.3786,0.0,0.87,1.0
4201,1c8b13a8ef08a70d,91,9.1,0.198904,0.181036,6.5,140.591,0,0.1861,0.2419,0.089,0.0001,0.1652,0.0,0.879,0.88
4202,cf13631d5dd788ba,91,9.1,0.205469,0.153224,6.2,51.593,0,0.9678,0.3768,0.1815,0.0002,0.4426,0.0,0.4395,0.28
4203,4f7e42d448cbecb9,91,9.1,0.276799,0.151615,8.9,5.356,0,0.1863,0.1752,0.1057,0.005,0.6412,0.3526,0.1831,1.0
4204,c0a90c46ae0a63f1,91,9.1,0.317064,0.143728,6.8,3.403,0,0.2649,0.2858,0.3012,0.0109,0.92,0.6129,0.5749,0.44
4205,8db4e07392619167,91,9.1,0.271433,0.122838,5.6,3.695,0,0.1223,0.2969,0.4371,0.0,0.1634,0.574,0.6666,0.44
4206,d8031183483e7099,91,9.1,0.334525,0.20933,9.0,16.92,0,0.5745,0.654,1.0,0.0014,1.0,0.0,0.798,0.32
4207,1dee731a6a15eb58,91,9.1,0.129996,0.083301,5.6,1000000.0,0,0.0001,0.0009,0.0051,0.0,0.2043,0.0,0.513,0.6
4208,4db2ed2eb35ab07f,91,9.1,0.181788,0.180404,0.0,1000000.0,0,0.0001,0.001,0.0035,0.0,0.1284,0.0,0.883,0.56
4209,b9acb36505c1ffe0,91,9.1,0.211243,0.155251,2.4,13.672,0,0.2193,0.3154,0.5274,0.0164,1.0,0.0,0.0515,0.16
4210,ef327c33d55e9603,91,9.1,0.037576,0.035603,8.2,1000000.0,0,0.0001,0.0008,0.0017,0.0,0.1517,0.0,0.0,0.32
4211,987e1ca04b869abb,91,9.1,0.224632,0.160606,3.0,8.985,0,0.1867,0.2295,0.0772,0.0001,0.63,0.0,0.8777,0.44
4212,49c1fc6ccfde0fb6,91,9.1,0.391154,0.149353,7.9,3.881,0,0.2376,0.3545,0.5848,0.0122,0.7838,0.5492,0.6602,0.28
4213,77aad5ac0b78aaf4,91,9.1,0.129577,0.088933,2.1,6.056,0,0.4383,0.1866,0.1726,0.0002,0.1649,0.2591,0.0,0.96
4214,5ae3e8996d98ba67,91,9.1,0.205804,0.093154,6.8,4.816,0,0.4026,0.3371,0.1641,0.0001,0.1619,0.4246,0.1407,0.52
4215,a0669e6f112ddd90,91,9.1,0.131615,0.065762,7.3,161.802,0,0.0105,0.0614,0.049,0.0,0.1153,0.0,0.7643,0.24
4216,eff83ccf68469df6,91,9.1,0.045215,0.041133,6.5,1000000.0,0,0.0003,0.0055,0.012,0.0,0.1635,0.0,0.0,0.4
4217,1efafdbd162361e0,91,9.1,0.225459,0.188176,0.2,9.106,0,0.0564,0.21,0.1156,0.0,0.3364,0.0,0.7607,1.0
4218,c5bf10c0a8415f32,91,9.1,0.216429,0.17899,1.8,11.343,0,0.6763,0.3746,0.2002,0.0,0.1911,0.0,0.6175,0.32
4219,28a62d22404f7b74,91,9.1,0.299569,0.050198,8.3,2.983,0,0.0001,0.0009,0.0024,0.0,0.1612,0.6689,0.6729,0.24
4220,b5ba0882afc0a7,91,9.1,0.364023,0.164931,8.9,4.147,0,0.1475,0.2815,0.4893,0.0165,1.0,0.5138,0.7054,0.6
4221,aaf3ec1307b84a40,91,9.1,0.183491,0.115282,0.1,60.402,0,0.5704,0.3465,0.1694,0.0,0.1664,0.0,0.7923,0.76
4222,8e7fe8c30a5b9505,91,9.1,0.168177,0.131173,3.8,12.971,0,0.1067,0.2345,0.1347,0.0,0.2978,0.0,0.653,0.64
4223,59e7091d82e4653,91,9.1,0.192519,0.184408,8.2,15.091,0,0.0721,0.1764,0.0701,0.0001,0.2995,0.0,0.8531,0.4
4224,e6a5badd04a9790c,91,9.1,0.177747,0.158706,5.1,46.167,0,0.4922,0.129,0.2746,0.0001,0.2851,0.0,0.5095,0.24
4225,49aed4e12942f8d1,91,9.1,0.289317,0.275727,5.1,18.827,0,0.112,0.0995,0.0813,0.0001,0.7584,0.0,0.8502,1.0
4226,5713b1ea60c9216f,91,9.1,0.13846,0.082906,0.3,1000000.0,0,0.0001,0.001,0.0029,0.0,0.1924,0.0,0.4313,0.88
4227,3eccc091ac7aa0ac,91,9.1,0.286726,0.186667,7.9,5.27,0,0.4573,0.2037,0.1611,0.0002,0.2109,0.364,0.752,0.84
4228,3a58199e7c2541a1,91,9.1,0.26544,0.122254,0.3,1000000.0,0,0.669,0.758,1.0,0.0157,1.0,0.0,0.0,0.08
4229,83e2e5c61393d605,91,9.1,0.172219,0.158418,1.2,12.375,0,0.6877,0.1269,0.1406,0.0001,0.1727,0.0,0.532,0.24
4230,24adb7ceb89e1bf2,91,9.1,0.214002,0.136823,1.6,33.354,0,0.1177,0.1409,0.3045,0.0011,0.9327,0.0,0.7791,1.0
4231,6746ea926042fb80,91,9.1,0.343297,0.198881,1.9,3.08,0,0.6186,1.0,1.0,0.0,0.1673,0.656,0.4911,0.36
4232,4bfae1593e58e546,91,9.1,0.200065,0.179984,0.8,34.357,0,0.5758,0.1166,0.1111,0.0002,0.2542,0.0,0.5712,0.68
4233,d5a3c225f86d326f,91,9.1,0.399101,0.170022,5.4,3.289,0,0.2285,0.2594,0.2036,0.004,0.4225,0.6282,0.8077,1.0
4234,b44f422416345ff9,91,9.1,0.406205,0.185583,0.2,1.437,2,0.5121,0.5105,0.8456,0.042,0.5937,0.875,0.5298,1.0
4235,f509e112b078144b,91,9.1,0.202794,0.120073,2.9,1000000.0,0,0.7119,0.2978,0.1537,0.001,1.0,0.0,0.0,0.56
4236,2178715321b8cb7b,91,9.1,0.357272,0.085936,5.6,1.686,2,0.0,0.0007,0.0021,0.0,0.106,0.8418,0.7972,0.28
4237,62db46bb51771abc,91,9.1,0.196261,0.194528,0.0,79.582,0,0.0001,0.0013,0.0138,0.0,0.0587,0.0,0.8518,1.0
4238,2dc2269d1074b972,91,9.1,0.283907,0.13802,6.6,1000000.0,0,0.0403,0.1768,0.1753,0.0,0.8228,0.0,0.8909,0.72
4239,7d5096557805e297,91,9.1,0.358658,0.112229,1.0,3.061,0,0.0777,0.1523,0.1286,0.0001,0.1672,0.6585,0.7824,1.0
4240,1ce3b38fe5cd2597,91,9.1,0.193992,0.181589,0.2,1000000.0,0,0.0033,0.0485,0.1143,0.0,0.9936,0.0,0.0,1.0
4241,f6536858f7c786,91,9.1,0.175999,0.114258,7.7,8.52,0,0.0,0.0009,0.0037,0.0,0.114,0.0,0.7927,0.84
4242,79e229e80a92cfcd,91,9.1,0.466307,0.13309,1.7,3.051,0,0.3565,0.317,0.4876,0.0195,1.0,0.6598,0.7671,0.36
4243,3ebc607a453e1c3,91,9.1,0.146288,0.108608,9.0,6.972,0,0.3723,0.1951,0.1118,0.0001,0.3796,0.1371,0.3896,0.52
4244,fb059a2c9e505e9d,91,9.1,0.14393,0.07818,0.3,7.131,0,0.2867,0.3217,0.1491,0.0001,0.1642,0.1158,0.6224,0.2
4245,16c0beb1a23a8188,91,9.1,0.165946,0.071825,9.0,16.787,0,0.0001,0.002,0.0066,0.0,0.1241,0.0,0.7829,0.56
4246,5d8e51cb249b8367,91,9.1,0.37412,0.220628,8.2,3.817,0,0.2574,0.1348,0.1392,0.0019,1.0,0.5577,0.7492,0.52
4247,313ef4467b4e1143,91,9.1,0.145679,0.098576,9.0,11.76,0,0.3676,0.1699,0.1296,0.0,0.2175,0.0,0.5006,0.56
4248,4c45833a379058a2,91,9.1,0.224756,0.142172,8.9,1000000.0,0,0.0001,0.0008,0.0022,0.0,1.0,0.0,0.5853,0.36
4249,dfce66463f565573,91,9.1,0.168211,0.164158,2.7,1000000.0,0,0.0001,0.0008,0.0027,0.0,0.0882,0.0,0.8744,0.44
4250,f84a2f5b8cadd8ee,91,9.1,0.287262,0.15046,0.3,6.11,0,0.1647,0.2901,0.3163,0.0034,0.6356,0.2519,0.6701,0.92
4251,8cb80c6f983866de,91,9.1,0.305637,0.188332,5.8,2.91,0,0.6852,0.2049,0.0508,0.0,0.1663,0.6787,0.4029,0.32
4252,7ef83995d7203a2c,91,9.1,0.213809,0.12239,6.3,5.568,0,0.3352,0.1573,0.121,0.0029,0.7021,0.3243,0.5334,0.36
4253,9c0de4ac01e1cb3b,91,9.1,0.183479,0.178768,9.0,1000000.0,0,0.0001,0.0016,0.0032,0.0,0.1771,0.0,0.8225,0.64
4254,723e752ddf578361,91,9.1,0.205931,0.204029,9.0,1000000.0,0,0.0003,0.007,0.0142,0.0,0.0978,0.0,0.8806,1.0
4255,3bf10f6891d7d20a,91,9.1,0.142366,0.093336,5.9,1000000.0,0,0.0001,0.0011,0.0074,0.0,0.1021,0.0,0.6109,0.68
4256,24a208f2d73727de,91,9.1,0.265913,0.145961,0.1,5.059,0,0.5981,0.1502,0.1928,0.0058,1.0,0.3922,0.437,0.32
4257,2441f1ec0b5f596c,91,9.1,0.428069,0.145436,4.4,3.208,0,0.1705,0.2143,0.4555,0.0119,1.0,0.639,0.7635,0.76
4258,35d661a19898510f,91,9.1,0.301642,0.170927,0.1,7.771,0,0.7372,0.9483,0.8845,0.0007,0.1693,0.0306,0.6429,0.24
4259,25378d1bd5735f91,91,9.1,0.170609,0.150879,8.6,11.725,0,0.6066,0.1787,0.0941,0.0001,0.3,0.0,0.4101,0.4
4260,cc932182f482df9a,91,9.1,0.262586,0.163122,0.1,5.487,0,0.2326,0.2309,0.0621,0.0,0.1659,0.335,0.85,0.36
4261,9d3c20e76ad5e9df,91,9.1,0.14821,0.130846,8.8,25.591,0,0.066,0.0624,0.0353,0.0,0.1963,0.0,0.3903,1.0
4262,1132830a185b0139,91,9.1,0.138313,0.116452,6.5,1000000.0,0,0.5641,0.318,0.1757,0.0066,0.2232,0.0,0.0793,1.0
4263,f36685c0a3377c40,91,9.1,0.298256,0.256202,1.7,15.491,0,0.0003,0.0046,0.0109,0.0,1.0,0.0,0.7827,1.0
4264,b8a0095923799961,91,9.1,0.203147,0.097731,3.4,6.031,0,0.6051,0.1339,0.1649,0.0001,0.2644,0.2625,0.3804,0.16
4265,bb74872eb2db8ca1,91,9.1,0.318164,0.206076,8.3,4.29,0,0.6015,0.3001,0.0773,0.0,0.1736,0.4947,0.7757,0.36
4266,3edc282c495f0b42,91,9.1,0.221855,0.120971,5.4,6.174,0,0.5108,0.1704,0.1898,0.0001,0.2298,0.2435,0.4628,0.72
4267,47763a29ac039954,91,9.1,0.249328,0.12626,6.2,4.967,0,0.2962,0.5617,1.0,0.0002,0.3369,0.4043,0.6089,0.24
4268,658ce3f1f5d2116,91,9.1,0.112296,0.067402,8.9,1000000.0,0,0.2446,0.3529,0.1211,0.001,0.1699,0.0,0.0,0.68
4269,cec1db90bcbae748,91,9.1,0.255799,0.212666,8.2,1000000.0,0,0.388,0.2932,0.1792,0.0001,0.2033,0.0,0.881,1.0
4270,e9db41e904b349a2,91,9.1,0.398984,0.300605,2.9,3.169,0,0.3714,0.3142,0.1166,0.0004,0.5212,0.6442,0.8778,0.88
4271,a5c442237e79e506,91,9.1,0.239415,0.239289,1.2,1000000.0,0,0.0001,0.001,0.0024,0.0,1.0,0.0,0.4582,0.84
4272,4d85e8da789a6839,91,9.1,0.333397,0.245794,8.4,3.52,0,0.593,0.2806,0.087,0.0,0.2481,0.5973,0.801,0.44
4273,1c370049e41fb1e5,91,9.1,0.249248,0.095492,6.6,5.739,0,0.0364,0.0916,0.1295,0.0,0.1637,0.3014,0.7787,0.76
4274,48a0cb8f14ddb24a,91,9.1,0.363275,0.161238,4.1,4.122,0,0.3417,0.3515,0.7004,0.0198,0.8329,0.5171,0.5799,0.52
4275,eb8c0422a20006fc,91,9.1,0.204046,0.186762,5.3,9.841,0,0.3166,0.1679,0.2041,0.0,0.2918,0.0,0.8081,0.36
4276,33220e31219e0820,91,9.1,0.189103,0.164155,2.0,1000000.0,0,0.3453,0.2793,0.1158,0.0001,0.1919,0.0,0.6649,0.92
4277,28903618a167ad5f,91,9.1,0.10814,0.088368,3.0,1000000.0,0,0.4128,0.2247,0.127,0.0001,0.2141,0.0,0.0,0.72
4278,15cb4744aa512bc9,91,9.1,0.203021,0.185647,7.7,67.726,0,0.3398,0.305,0.0925,0.0,0.1693,0.0,0.8711,0.68
4279,22bc5b90af52008c,91,9.1,0.216678,0.191978,2.9,13.467,0,0.4162,0.0628,0.0636,0.0001,0.2652,0.0,0.668,1.0
4280,e744dd9ff213ae5e,91,9.1,0.389017,0.243981,8.0,3.198,0,0.5933,0.3205,0.085,0.0001,0.3377,0.6402,0.8245,0.56
4281,dd03f6cc29b66e00,91,9.1,0.239777,0.203296,0.1,12.723,0,0.3558,0.166,0.2218,0.0001,0.2723,0.0,0.7085,1.0
4282,51467c7a61876eaa,91,9.1,0.307211,0.211233,0.0,4.992,0,0.2898,0.7105,1.0,0.0222,0.5058,0.4011,0.7752,0.2
4283,9e115e6bd4081bbd,91,9.1,0.309227,0.241227,1.9,4.63,0,0.2146,0.1504,0.1873,0.0001,0.2934,0.4494,0.8692,0.56
4284,dbc411a967ae624c,91,9.1,0.181706,0.170732,1.6,1000000.0,0,0.0001,0.0017,0.0038,0.0,0.1693,0.0,0.7077,0.92
4285,4434dbc150a76dc,91,9.1,0.18806,0.172897,2.5,121.315,0,0.0001,0.001,0.0033,0.0,0.1242,0.0,0.881,0.72
4286,35586bb4b972d86b,91,9.1,0.354463,0.201609,6.8,8.518,0,0.5659,0.7163,1.0,0.0008,1.0,0.0,0.5786,0.4
4287,64c38893e4b89808,91,9.1,0.261165,0.120026,0.9,1000000.0,0,0.527,0.6087,1.0,0.0062,1.0,0.0,0.0,0.48
4288,e6b7c19d2764aa6f,91,9.1,0.097902,0.064186,8.6,1000000.0,0,0.4443,0.351,0.123,0.0,0.1651,0.0,0.0,0.32
4289,7dfd2c0982cdca6c,91,9.1,0.137724,0.121383,2.5,10.578,0,0.7776,0.1843,0.1025,0.0001,0.2076,0.0,0.1557,0.84
4290,af6ad1511057760e,91,9.1,0.195701,0.191204,5.7,1000000.0,0,0.0001,0.0009,0.0033,0.0,0.0681,0.0,0.8811,0.92
4291,1f78cfe6f604ee27,91,9.1,0.214972,0.123424,4.8,7.574,0,0.3323,0.4066,1.0,0.0001,0.7132,0.0568,0.7099,0.44
4292,2b2c9806b6fd53e0,91,9.1,0.132002,0.031312,2.8,122.777,0,0.0001,0.0012,0.0057,0.0,0.0392,0.0,0.7515,0.24
4293,e03f01e08a50db5a,91,9.1,0.207817,0.179934,6.4,52.913,0,0.3449,0.2197,0.0767,0.0006,0.2507,0.0,0.8129,0.68
4294,3d9fb08a8904ca4b,91,9.1,0.060171,0.032931,8.9,7.396,0,0.0003,0.0067,0.0146,0.0,0.1524,0.0805,0.0,0.36
4295,a5a1bc337b59d45e,91,9.1,0.230909,0.093304,5.7,1000000.0,0,0.6357,0.7248,1.0,0.0003,0.1881,0.0,0.0,0.36
4296,c664d31f106efdb3,91,9.1,0.203736,0.180326,1.3,1000000.0,0,0.6302,0.2957,0.0676,0.0001,0.2127,0.0,0.6122,0.88
4297,515f548ed8b46f6f,91,9.1,0.290702,0.266104,0.3,8.446,0,0.0342,0.1529,0.2138,0.0043,0.8926,0.0,0.9115,0.68
4298,f9cc2d864dc6334a,91,9.1,0.261104,0.17639,7.1,4.917,0,0.1976,0.2572,0.4888,0.0156,0.5161,0.411,0.8829,0.64
4299,d39efe623efa44f1,91,9.1,0.147554,0.067448,0.0,1000000.0,0,0.5246,0.317,0.0478,0.0006,0.5003,0.0,0.0,0.24
4300,e90e44bff1171e0f,91,9.1,0.181515,0.176632,3.9,1000000.0,0,0.0001,0.001,0.0027,0.0,0.2306,0.0,0.8807,0.36
4301,f745a5aad366fd12,91,9.1,0.432829,0.231276,0.2,3.277,0,0.1521,0.2845,0.4052,0.0,0.4864,0.6297,0.8363,0.68
4302,3c5108d5f7f2c808,91,9.1,0.291895,0.122299,4.1,6.893,0,0.1728,0.204,0.3593,0.0052,1.0,0.1476,0.9153,0.64
4303,6503f6904ff04b3a,91,9.1,0.210641,0.114824,2.5,5.498,0,0.688,0.4127,0.246,0.0001,0.283,0.3336,0.278,0.56
4304,247d671c538196de,91,9.1,0.382893,0.250254,2.8,3.225,0,0.2488,0.3125,0.188,0.0001,0.1621,0.6367,0.8933,0.76
4305,380d3800ecfa071b,91,9.1,0.473229,0.24357,3.7,2.504,0,0.1614,0.3098,0.327,0.0025,0.5653,0.7327,0.8468,1.0
4306,bba16a5aadb55fda,91,9.1,0.19836,0.193591,8.0,1000000.0,0,0.0001,0.0023,0.005,0.0,0.1235,0.0,0.8703,0.88
4307,207f388e55873859,91,9.1,0.293835,0.201967,6.4,4.325,0,0.5004,0.1954,0.2321,0.0001,0.2783,0.4901,0.6736,0.4
4308,352093c6bb741b97,91,9.1,0.648495,0.236378,0.9,1.774,3,0.558,0.4405,1.0,0.0158,1.0,0.8301,0.6755,1.0
4309,ae12350e0f72f6c0,91,9.1,0.130155,0.100365,8.7,1000000.0,0,0.19,0.1728,0.3791,0.0002,0.2092,0.0,0.0,1.0
4310,b6f4fe25d08fad65,91,9.1,0.220689,0.191618,1.5,19.525,0,0.31,0.1341,0.1904,0.0001,0.2063,0.0,0.7536,0.84
4311,b62b43e68a05844e,91,9.1,0.269357,0.193157,4.6,7.57,0,0.4647,0.312,0.3469,0.0011,0.4799,0.0573,0.6575,0.96
4312,b4f023bade39acd9,91,9.1,0.208538,0.073564,9.0,11.936,0,0.1688,0.2057,0.5279,0.0261,1.0,0.0,0.8807,0.28
4313,c4f5468269e82ea6,91,9.1,0.161664,0.12892,6.6,29.51,0,0.1128,0.2071,0.1634,0.0002,0.5034,0.0,0.0821,1.0
4314,fe261bf6d2e3f74a,91,9.1,0.354902,0.247509,0.3,3.595,0,0.2427,0.263,0.3792,0.0,0.1822,0.5874,0.8806,0.76
4315,42015a05c2a113d7,91,9.1,0.341418,0.24909,5.5,3.539,0,0.4125,0.2431,0.2378,0.0,0.1673,0.5948,0.8757,0.56
4316,2a863d2e6027bc86,91,9.1,0.311606,0.073787,4.1,2.632,0,0.0001,0.0013,0.0044,0.0,0.0103,0.7157,0.7795,0.32
4317,a642bd7b6fbec5c0,91,9.1,0.133207,0.112938,6.8,1000000.0,0,0.5547,0.3686,0.2218,0.0002,0.2712,0.0,0.0,1.0
4318,b792d899b90b802d,91,9.1,0.259543,0.113666,4.0,13.628,0,0.3115,0.4072,0.7341,0.024,0.5639,0.0,0.5215,0.04
4319,26a38849ebbc26be,91,9.1,0.440714,0.202246,8.1,1.723,3,0.2352,0.3818,0.2893,0.0013,0.6017,0.8369,0.8465,0.76
4320,2bab7296b543f363,91,9.1,0.355044,0.260539,1.5,3.722,0,0.2117,0.2161,0.0562,0.0001,0.3085,0.5704,0.8817,0.92
4321,43534aad03ecde4d,91,9.1,0.348374,0.143914,5.9,2.619,0,0.4216,0.0952,0.1352,0.0002,0.2031,0.7174,0.557,0.4
4322,4458573850c8783,91,9.1,0.160389,0.139453,4.2,30.077,0,0.6357,0.1744,0.1438,0.0001,0.1696,0.0,0.4614,0.36
4323,6f7c8085d2349995,91,9.1,0.386531,0.234734,4.8,3.632,0,0.2654,0.3623,0.6591,0.0014,1.0,0.5823,0.6497,0.76
4324,d8dfe45111c030a0,91,9.1,0.283046,0.195525,0.6,4.523,0,0.1314,0.1611,0.0488,0.0,0.1714,0.4636,0.8821,0.44
4325,e9509de47b8c3063,91,9.1,0.209635,0.205565,1.1,1000000.0,0,0.0,0.0008,0.0023,0.0,0.2676,0.0,0.8785,0.76
4326,6c8d6f39e98c2,91,9.1,0.160653,0.069469,5.7,13.033,0,0.0001,0.001,0.0029,0.0,0.1119,0.0,0.7677,0.56
4327,e6147f5da3126a0,91,9.1,0.09528,0.04103,8.5,1000000.0,0,0.0001,0.0008,0.0024,0.0,0.1365,0.0,0.4772,0.16
4328,b21480b81222db5,91,9.1,0.181471,0.160892,8.2,18.061,0,0.4585,0.1195,0.0794,0.0002,0.1898,0.0,0.6404,0.28
4329,8344e7260da9c1d1,91,9.1,0.239829,0.11684,2.4,5.193,0,0.2843,0.1969,0.0979,0.0001,1.0,0.3742,0.5125,0.44
4330,d4b6c5752177d2c5,91,9.1,0.133795,0.071155,6.8,15.225,0,0.0,0.0009,0.0027,0.0,0.1297,0.0,0.6599,0.32
4331,b1bd575c413d221d,91,9.1,0.1617,0.087837,4.5,10.93,0,0.0,0.0008,0.0024,0.0,0.1385,0.0,0.7265,0.64
4332,936c3cf77652323a,91,9.1,0.184354,0.172525,5.0,55.66,0,0.3508,0.1433,0.0926,0.0,0.2563,0.0,0.801,0.24
4333,f341005dd20abeda,91,9.1,0.190327,0.121954,5.9,6.494,0,0.2428,0.0473,0.0991,0.0002,0.22,0.2008,0.2868,1.0
4334,e4f0f9239a41acb0,91,9.1,0.310217,0.24357,3.5,4.639,0,0.2377,0.2524,0.1314,0.0,0.2656,0.4481,0.8084,0.68
4335,6185199f2470d40a,91,9.1,0.181153,0.178361,8.7,1000000.0,0,0.0,0.0007,0.0017,0.0,0.0567,0.0,0.8736,0.72
4336,36fec5a2a118384a,91,9.1,0.235519,0.106871,8.9,4.608,0,0.6441,0.2115,0.1166,0.0001,0.2489,0.4523,0.2218,0.6
4337,3dc5743fe2fbdd33,91,9.1,0.376255,0.282866,5.3,3.029,0,0.4724,0.2878,0.3341,0.0001,0.4035,0.6628,0.8473,0.44
4338,8226dc580b254aa5,91,9.1,0.096552,0.076924,0.3,1000000.0,0,0.7218,0.023,0.0405,0.0,0.1904,0.0,0.078,0.12
4339,64a7f70bedfd59df,91,9.1,0.216376,0.153353,5.2,1000000.0,0,0.723,0.1481,0.1643,0.0002,0.2386,0.0,0.7633,0.28
4340,ab460ff9ff693bb7,91,9.1,0.201778,0.105139,1.2,6.619,0,0.3466,0.3855,0.9953,0.0008,0.4153,0.1841,0.0221,0.48
4341,40d1558badca8392,91,9.1,0.211487,0.177142,6.8,12.018,0,0.5863,0.3027,0.0682,0.0001,0.3437,0.0,0.6197,0.48
4342,89db79f1f1594411,91,9.1,0.343976,0.17145,4.3,3.059,0,0.1519,0.2707,0.4646,0.0143,0.3631,0.6588,0.7906,0.32
4343,bcb4a18f7564e23b,91,9.1,0.112516,0.046456,7.6,15.151,0,0.0001,0.0008,0.0025,0.0,0.1323,0.0,0.5792,0.28
4344,d0d36542baef4c6e,91,9.1,0.255529,0.187125,0.6,17.108,0,0.0146,0.0536,0.0472,0.0,0.936,0.0,0.5352,1.0
4345,b18673f4bf5b2bbd,91,9.1,0.368321,0.28224,4.4,3.848,0,0.3563,0.5082,0.9778,0.0001,0.4009,0.5536,0.8812,0.76
4346,220332e42730d782,91,9.1,0.279925,0.13255,5.0,6.927,0,0.0519,0.204,0.1101,0.0031,0.8915,0.1431,0.8172,0.76
4347,ab64bf6332735da5,91,9.1,0.267188,0.133198,5.1,18.946,0,0.7042,0.622,1.0,0.0001,0.1656,0.0,0.2197,0.32
4348,a26f9a460dfa017b,91,9.1,0.199031,0.194774,0.2,22.227,0,0.0001,0.0016,0.006,0.0,0.2298,0.0,0.8846,0.64
4349,2c93d1e79fe696d0,91,9.1,0.217745,0.144584,0.0,36.08,0,0.2198,0.129,0.179,0.0004,0.6517,0.0,0.4017,0.72
4350,77b6ad3c157cbafe,91,9.1,0.113111,0.072209,4.0,11.178,0,0.5005,0.3204,0.5598,0.0282,0.2025,0.0,0.2847,0.04
4351,976357a186d0e070,91,9.1,0.218891,0.169258,8.8,7.185,0,0.2494,0.2503,0.185,0.0017,0.5299,0.1086,0.645,0.4
4352,5d3eed035cadc4ed,91,9.1,0.338795,0.121659,4.1,2.565,0,0.4788,0.254,0.1065,0.0001,0.2778,0.7247,0.4789,0.4
4353,1ffbe7a29f311c82,91,9.1,0.226474,0.211222,6.7,75.729,0,0.0995,0.2052,0.1324,0.0,0.1656,0.0,0.8788,1.0
4354,e7a400d956f5bce1,91,9.1,0.257571,0.151972,8.9,4.557,0,0.6278,0.1993,0.1616,0.0,0.1891,0.459,0.4442,0.32
4355,74e892ddfe3b9b8,91,9.1,0.100877,0.078557,4.4,7.789,0,0.3729,0.1387,0.1085,0.0005,0.4574,0.0282,0.0,0.08
4356,ac1ea9ea23379dd9,91,9.1,0.184209,0.111852,1.0,14.035,0,0.163,0.1655,0.3588,0.0009,1.0,0.0,0.0,0.52
4357,b52848961141d423,91,9.1,0.450579,0.181029,0.6,3.209,0,0.0001,0.0015,0.0041,0.0,0.8409,0.6388,0.8655,1.0
4358,8748138c6b5ab91,91,9.1,0.166052,0.060406,4.2,10.13,0,0.0008,0.0094,0.0149,0.0,0.249,0.0,0.763,0.4
4359,ac8e9fac6263b05,91,9.1,0.156434,0.13848,4.5,1000000.0,0,0.3961,0.1796,0.1128,0.0002,0.7275,0.0,0.0,0.52
4360,aa5c1266437f6a1e,91,9.1,0.421889,0.206428,7.0,3.619,0,0.2661,0.3213,0.6021,0.0109,1.0,0.5842,0.7918,0.4
4361,ea82f56e5e778796,91,9.1,0.078279,0.038963,0.4,39.043,0,0.0001,0.0013,0.0027,0.0,0.1163,0.0,0.3226,0.28
4362,f60f0265f9ba2ec5,91,9.1,0.109162,0.057591,3.3,24.348,0,0.0007,0.0101,0.0157,0.0,0.0567,0.0,0.5211,0.48
4363,28ac553e4846f92b,91,9.1,0.19803,0.085194,4.0,4.265,0,0.2564,0.377,0.6411,0.0,0.183,0.498,0.8487,0.24
4364,5dffd722f6e54e75,91,9.1,0.205264,0.148844,0.1,29.558,0,0.5335,0.3261,0.3196,0.0001,0.3071,0.0,0.3065,1.0
4365,38d453e2bfa4d83e,91,9.1,0.125684,0.087055,0.0,1000000.0,0,0.5204,0.2745,0.0622,0.0003,0.429,0.0,0.3658,0.44
4366,81729961973ea430,91,9.1,0.144481,0.080875,6.3,1000000.0,0,0.1827,0.3597,0.1287,0.0,0.1668,0.0,0.4674,0.76
4367,bc800ee8f5f6c321,91,9.1,0.177023,0.116904,2.6,8.966,0,0.0,0.0008,0.0022,0.0,0.1297,0.0,0.8039,0.76
4368,be763f60d3273472,91,9.1,0.169298,0.148195,5.8,43.788,0,0.0991,0.1549,0.1511,0.0,0.1807,0.0,0.8265,0.28
4369,d26912bf3d1cfb26,91,9.1,0.162846,0.092971,1.0,1000000.0,0,0.6113,0.4093,0.6146,0.0302,0.7872,0.0,0.0,0.04
4370,403d8fea59941243,91,9.1,0.083922,0.066886,4.8,1071.55,0,0.5601,0.175,0.1121,0.0,0.182,0.0,0.0641,0.08
4371,7ddba15247edd27a,91,9.1,0.348397,0.136444,8.8,2.915,0,0.4835,0.3378,0.455,0.0,0.1797,0.678,0.7768,0.6
4372,1dbdea0084055dca,91,9.1,0.213913,0.160883,8.9,1000000.0,0,0.4672,0.0351,0.0822,0.0001,0.3065,0.0,0.5047,1.0
4373,fed2e61984201b6,91,9.1,0.13915,0.074267,1.6,1000000.0,0,0.2224,0.5555,0.3933,0.0025,0.2436,0.0,0.0,0.56
4374,8793091384f715a9,91,9.1,0.196333,0.173116,6.3,37.483,0,0.6255,0.2551,0.1925,0.0001,0.1743,0.0,0.7026,0.48
4375,aa65d1fb18deb756,91,9.1,0.202106,0.172512,0.4,22.588,0,0.0136,0.1847,0.2137,0.0,0.1221,0.0,0.8778,0.48
4376,6195e26d25c78f2,91,9.1,0.394175,0.162077,8.8,3.299,0,0.6217,0.2143,0.1875,0.0007,0.439,0.6267,0.6356,0.36
4377,a049c21253ea1323,91,9.1,0.162832,0.093437,1.7,7.059,0,0.3991,0.4096,0.6914,0.0261,0.3534,0.1255,0.0,1.0
4378,e6b9ad42c2eebad2,91,9.1,0.209338,0.072021,2.0,5.681,0,0.034,0.1938,0.1122,0.0,0.1509,0.3091,0.6057,0.56
4379,bf68563e6a7f8ce3,91,9.1,0.299405,0.229057,0.0,1000000.0,0,0.5617,0.0606,0.0345,0.0,1.0,0.0,0.737,0.44
4380,8310b2ffe0aa72a9,91,9.1,0.324849,0.157642,0.0,9.531,0,0.4488,0.419,1.0,0.0034,0.7529,0.0,0.852,0.16
4381,77ab7b621bbcbfb7,91,9.1,0.189394,0.175207,1.0,19.011,0,0.5003,0.1696,0.1073,0.0001,0.2157,0.0,0.6046,0.68
4382,34203ab1401ba25a,91,9.1,0.149889,0.057284,7.5,13.961,0,0.0001,0.001,0.0042,0.0,0.0568,0.0,0.7929,0.48
4383,a8cc805d3a3a1c58,91,9.1,0.233312,0.096139,4.1,5.814,0,0.2457,0.281,0.2985,0.0033,0.343,0.2914,0.4244,0.36
4384,cf4595156c3881ad,91,9.1,0.202335,0.176057,1.8,1000000.0,0,0.6716,0.2301,0.1902,0.0001,0.1927,0.0,0.5906,0.6
4385,c5095b797292393e,91,9.1,0.360957,0.157353,7.2,3.186,0,0.1426,0.2409,0.1161,0.0,0.4906,0.6418,0.8512,0.28
4386,9ffb5968ce4b07fc,91,9.1,0.149708,0.073483,1.0,6.68,0,0.4808,0.3909,0.4774,0.0,0.1749,0.176,0.5199,0.52
4387,3bd40e7e6f3b179f,91,9.1,0.192899,0.191039,0.0,88.631,0,0.0001,0.001,0.0021,0.0,0.1192,0.0,0.8858,0.76
4388,c5b14d441531590d,91,9.1,0.198674,0.169448,0.9,1000000.0,0,0.5442,0.1867,0.1648,0.0013,0.2615,0.0,0.6416,0.92
4389,23953d3c9020d49,91,9.1,0.196812,0.183284,5.0,43.777,0,0.2647,0.225,0.1024,0.0,0.1759,0.0,0.8675,0.68
4390,80fb02f490a50cff,91,9.1,0.189977,0.176044,8.0,11.088,0,0.6267,0.2758,0.1011,0.0001,0.2458,0.0,0.6161,0.64
4391,9968f9ac95d37bba,91,9.1,0.248983,0.115167,6.1,2.945,0,0.4201,0.4498,1.0,0.0003,0.2088,0.674,0.0221,0.44
4392,28a0b5696de4f962,91,9.1,0.336695,0.045994,5.5,1.843,2,0.0243,0.1097,0.1483,0.0018,0.1656,0.821,0.8582,0.36
4393,66b692c5b1669ddb,91,9.1,0.321712,0.143539,3.0,2.91,0,0.7236,0.1256,0.2145,0.0001,0.2916,0.6786,0.4171,0.64
4394,f43977d55f943439,91,9.1,0.186496,0.183841,9.0,1000000.0,0,0.0001,0.001,0.003,0.0,0.1151,0.0,0.8937,0.64
4395,950771afab55249e,91,9.1,0.167635,0.165878,5.8,1000000.0,0,0.0,0.0007,0.0017,0.0,0.1293,0.0,0.8369,0.44
4396,b11a92f7a0f304a4,91,9.1,0.353572,0.229744,4.6,5.096,0,0.3153,0.4117,0.7798,0.0028,0.8008,0.3873,0.861,1.0
4397,47293ea6881d229e,91,9.1,0.219706,0.213961,1.3,39.06,0,0.0099,0.0447,0.0431,0.0,0.1835,0.0,0.8825,1.0
4398,a0648c8e034d5989,91,9.1,0.312706,0.062439,1.8,3.714,0,0.0,0.0008,0.0031,0.0,0.1157,0.5715,0.8056,0.68
4399,e3d069272689d0ac,91,9.1,0.3125,0.212616,0.3,3.908,0,0.204,0.2069,0.0578,0.0,0.1947,0.5456,0.8797,0.28
4400,a9acb75605893ec,91,9.1,0.222717,0.116827,8.7,4.582,0,0.7709,0.9935,0.9364,0.0002,0.1671,0.4557,0.082,0.28
4401,3be91d3e3680cb32,91,9.1,0.221551,0.190644,8.9,1000000.0,0,0.2813,0.3035,0.0906,0.0003,0.2994,0.0,0.8649,0.6
4402,b0705d1c70ec7d9a,91,9.1,0.225551,0.20874,8.3,107.789,0,0.089,0.2117,0.0857,0.0,0.3578,0.0,0.8788,0.6
4403,bcbbf282f42332f8,91,9.1,0.41143,0.155274,6.6,0.988,6,0.4013,0.1393,0.1772,0.0005,0.3673,0.9349,0.7698,0.76
4404,e6399c2601486edc,91,9.1,0.177834,0.164719,0.3,18.972,0,0.0169,0.0552,0.0715,0.0,0.1754,0.0,0.8805,0.36
4405,ce82e10c932c7bc6,91,9.1,0.314434,0.219835,0.2,4.371,0,0.1538,0.1594,0.0489,0.0,0.316,0.4839,0.8847,0.4
4406,dd2662cf572fccbb,91,9.1,0.333592,0.259383,2.2,4.161,0,0.2238,0.2108,0.0703,0.0001,0.3456,0.5119,0.8818,0.6
4407,f276adeaf5e0d586,91,9.1,0.389998,0.176125,5.1,2.219,0,0.6183,0.5786,1.0,0.0003,0.1785,0.7708,0.4336,1.0
4408,ddcb05cb6f423b7d,91,9.1,0.31307,0.024586,8.9,2.604,0,0.0,0.0011,0.0047,0.0,0.1091,0.7194,0.7322,0.2
4409,f838cd8f2de04297,91,9.1,0.307793,0.074024,0.1,1.908,1,0.0001,0.0016,0.0079,0.0,0.1503,0.8122,0.3656,0.68
4410,46e7e360bdfbe778,91,9.1,0.365559,0.290655,5.3,3.951,0,0.3029,0.2342,0.214,0.0011,0.244,0.5398,0.8513,1.0
4411,38479dfd28740cd0,91,9.1,0.329907,0.257391,8.4,4.916,0,0.4608,0.258,0.1042,0.0001,0.229,0.4111,0.8627,1.0
4412,e8faceceeb6a5a7f,91,9.1,0.342548,0.160658,1.3,3.649,0,0.3969,0.3178,0.2127,0.0022,0.381,0.5801,0.7377,0.4
4413,dc8a47dae4d49219,91,9.1,0.148093,0.109212,7.1,19.562,0,0.7222,0.1489,0.1191,0.0003,0.3369,0.0,0.1586,0.4
4414,f4f6861dbf9250d7,91,9.1,0.133314,0.12956,1.6,1000000.0,0,0.0007,0.0124,0.0245,0.0,0.6086,0.0,0.0,0.96
4415,51a637a62407daad,91,9.1,0.366889,0.089966,5.9,2.677,0,0.0,0.0007,0.0017,0.0,0.1531,0.7097,0.856,0.8
4416,430024be9ec80265,91,9.1,0.2187,0.169851,8.0,9.62,0,0.6518,0.2515,0.1264,0.0002,0.2537,0.0,0.6096,1.0
4417,d25c6ca0713fdadc,91,9.1,0.2311,0.169934,0.8,1000000.0,0,0.4663,0.3152,0.8931,0.005,1.0,0.0,0.8021,0.28
4418,d9fc47c67f56df44,91,9.1,0.096974,0.051243,6.2,1000000.0,0,0.0001,0.0009,0.0019,0.0,0.1062,0.0,0.385,0.52
4419,a6f51c055d024d0d,91,9.1,0.085027,0.038709,9.0,237.704,0,0.0086,0.0451,0.0584,0.0,0.1762,0.0,0.3207,0.36
4420,191c078da41b8464,91,9.1,0.232742,0.213951,3.9,97.755,0,0.278,0.2602,0.1067,0.0,0.3835,0.0,0.8808,1.0
4421,ba511e4ab1b68ef4,91,9.1,0.422435,0.243774,5.4,2.472,0,0.3857,0.4782,0.321,0.0004,0.2142,0.737,0.8787,0.68
4422,93156d68773511dd,91,9.1,0.282425,0.088824,1.9,4.379,0,0.0001,0.0012,0.0041,0.0,0.1429,0.4828,0.6914,0.68
4423,8810058c85137e04,91,9.1,0.26272,0.147923,7.1,4.629,0,0.3498,0.2336,0.2204,0.0006,0.9802,0.4494,0.2696,0.44
4424,9fe8b30f6884e198,91,9.1,0.336357,0.152903,3.0,1.975,1,0.1854,0.322,0.4363,0.0123,0.3717,0.8034,0.5375,0.72
4425,fd4945664968bf9f,91,9.1,0.122107,0.049484,3.1,13.652,0,0.0388,0.1974,0.1129,0.0,0.221,0.0,0.5197,0.32
4426,a2acbb732de1ce86,91,9.1,0.201101,0.171115,0.4,33.95,0,0.2766,0.1338,0.1046,0.0001,0.1644,0.0,0.6885,0.88
4427,2abc3509c38e4315,91,9.1,0.168431,0.084286,0.5,10.994,0,0.0,0.0006,0.0022,0.0,0.2041,0.0,0.7511,0.56
4428,a52ae4bc8a0bf18a,91,9.1,0.191008,0.062378,1.4,1000000.0,0,0.4013,0.4126,1.0,0.0001,0.1737,0.0,0.0,0.16
4429,636e26428cb9fdc,91,9.1,0.196515,0.184472,9.0,93.403,0,0.0041,0.0746,0.0654,0.0,0.1941,0.0,0.8826,0.6
4430,692fcf7797c98cb3,91,9.1,0.294305,0.20911,6.1,12.103,0,0.364,0.3681,1.0,0.0074,1.0,0.0,0.7169,1.0
4431,c174ac76fd657a68,91,9.1,0.216944,0.210689,1.7,21.9,0,0.0155,0.0537,0.0458,0.0,0.1596,0.0,0.8765,1.0
4432,93bc001cbac15023,91,9.1,0.167779,0.101399,1.5,1000000.0,0,0.1314,0.2279,0.6365,0.0006,0.6704,0.0,0.0,0.76
4433,d956b12a141aecf,91,9.1,0.219798,0.1581,6.0,5.082,0,0.3553,0.1506,0.2181,0.0011,0.3398,0.3891,0.6948,1.0
4434,76b712f834ba66a6,91,9.1,0.356735,0.059137,3.7,2.035,0,0.0001,0.0013,0.0059,0.0,0.1475,0.7953,0.8104,0.36
4435,fb3af633b5598d53,91,9.1,0.218129,0.19429,4.6,12.814,0,0.9595,0.12,0.0799,0.0,0.2363,0.0,0.6803,0.2
4436,145f1ab689ec1ab4,91,9.1,0.165619,0.164058,4.8,1000000.0,0,0.0001,0.0007,0.0019,0.0,0.1989,0.0,0.8797,0.16
4437,5bb160101121328c,91,9.1,0.263299,0.215288,0.2,6.224,0,0.0777,0.091,0.1449,0.0,0.231,0.2368,0.8816,0.92
4438,4ced540535a30f75,91,9.1,0.252098,0.144632,3.8,4.824,0,0.0009,0.0136,0.0272,0.0,0.1466,0.4235,0.7943,0.32
4439,6a7ec11527243bfb,91,9.1,0.301909,0.211513,0.4,4.945,0,0.2771,0.3763,0.0946,0.0001,0.2914,0.4074,0.8576,0.4
4440,a79ef8de1c1a37eb,91,9.1,0.31154,0.077092,6.7,3.311,0,0.2051,0.1755,0.0388,0.0,0.1743,0.6251,0.7828,0.24
4441,5c41c7e43ee74dde,91,9.1,0.218723,0.199987,3.9,480.801,0,0.593,0.2984,0.0837,0.0,0.1907,0.0,0.7094,1.0
4442,c537cd6470324c6,91,9.1,0.384949,0.205821,3.3,1.019,6,0.446,0.3846,1.0,0.0013,0.3749,0.9309,0.5343,0.48
4443,f8877af04c68817b,91,9.1,0.171299,0.077436,6.5,6.188,0,0.0001,0.0032,0.0123,0.0,0.2334,0.2416,0.4664,0.28
4444,17312208c72cf146,91,9.1,0.130859,0.107318,3.7,1000000.0,0,0.6973,0.2696,0.2107,0.0002,0.1741,0.0,0.3006,0.04
4445,832a3e22f521ff38,91,9.1,0.193284,0.190144,3.0,1000000.0,0,0.0001,0.001,0.0025,0.0,0.2096,0.0,0.8797,0.6
4446,e63f1532df0c401f,91,9.1,0.153016,0.119171,4.4,10.009,0,0.2395,0.2558,0.4113,0.0001,0.2506,0.0,0.2056,1.0
4447,6bdf4115e6a24641,91,9.1,0.18479,0.161996,3.8,20.617,0,0.5118,0.1066,0.1423,0.0001,0.2344,0.0,0.5226,0.6
4448,e299c30fdf238e87,91,9.1,0.236748,0.125174,4.6,4.943,0,0.2446,0.0981,0.1723,0.0001,0.1703,0.4076,0.3122,1.0
4449,cb44e1ed0a8b1d23,91,9.1,0.296854,0.079802,6.4,3.852,0,0.0001,0.001,0.0023,0.0,0.2298,0.553,0.7036,0.52
4450,e5dcec73dbe499ea,91,9.1,0.072074,0.035168,8.9,1000000.0,0,0.1639,0.3382,0.2362,0.0,0.1676,0.0,0.0,0.08
4451,24e1af5a38065765,91,9.1,0.183087,0.180761,4.3,28.376,0,0.0006,0.0096,0.0237,0.0,1.0,0.0,0.005,1.0
4452,2d653dbe7fea0a61,91,9.1,0.118581,0.106556,5.0,9.408,0,0.2393,0.2053,0.0804,0.0,0.343,0.0,0.3158,0.32
4453,a70745aeeb254886,91,9.1,0.216413,0.190693,5.2,44.002,0,0.5244,0.1555,0.2096,0.0001,0.2453,0.0,0.5028,0.88
4454,ef547f37047e9709,91,9.1,0.240802,0.141187,5.2,5.875,0,0.3765,0.6027,1.0,0.024,1.0,0.2833,0.4113,0.32
4455,6e7c6c23fb2f4f,91,9.1,0.306997,0.136398,0.6,3.454,0,0.4931,0.2992,0.2371,0.006,0.3628,0.6061,0.426,0.72
4456,a20ef14b0832fcd,91,9.1,0.320796,0.176945,8.6,2.873,0,0.4584,0.246,0.1588,0.0002,0.9181,0.6836,0.4933,0.48
4457,dec56b1865ac8395,91,9.1,0.173255,0.122485,8.9,1000000.0,0,0.2047,0.3312,0.1107,0.0006,0.1751,0.0,0.6839,0.36
4458,4fa28f8fd27b70d6,91,9.1,0.191758,0.186241,0.6,107.51,0,0.003,0.049,0.0563,0.0,0.145,0.0,0.8801,0.64
4459,cd762aded7165d10,91,9.1,0.347997,0.219533,2.5,5.093,0,0.1456,0.2726,0.449,0.0002,0.2409,0.3875,0.9006,0.52
4460,263954354d74220b,91,9.1,0.341346,0.262413,4.1,4.103,0,0.329,0.2724,0.09,0.0,0.3545,0.5196,0.8798,0.68
4461,4b141e3512b3797b,91,9.1,0.500149,0.244296,7.4,2.12,0,0.3539,0.371,0.6937,0.0048,1.0,0.784,0.8434,0.28
4462,2970c32563f0a9fd,91,9.1,0.159059,0.13203,8.9,51.644,0,0.7213,0.1692,0.2246,0.0,0.1663,0.0,0.3177,0.32
4463,61ca0f390420e2a5,91,9.1,0.094346,0.078832,3.0,53.663,0,0.7228,0.0383,0.0629,0.0002,0.1628,0.0,0.0,0.24
4464,789d98f8cfde2cc6,91,9.1,0.239632,0.058717,1.5,4.53,0,0.118,0.2414,0.1347,0.0005,0.1686,0.4627,0.6555,0.52
4465,256e3a094e421b5d,91,9.1,0.170451,0.168175,0.4,1000000.0,0,0.0001,0.0013,0.0064,0.0,0.103,0.0,0.8743,0.44
4466,5f0374a137f55e55,91,9.1,0.213707,0.153701,5.4,1000000.0,0,0.1255,0.3288,0.3914,0.0058,1.0,0.0,0.0,0.36
4467,14850da51c51d28a,91,9.1,0.450692,0.162127,0.4,2.078,0,0.3541,0.251,0.4703,0.012,1.0,0.7896,0.6614,0.2
4468,ea2f27a9fe267b30,91,9.1,0.253038,0.184761,3.6,5.393,0,0.3286,0.224,0.1101,0.0001,0.1678,0.3476,0.8285,0.52
4469,9a7b0a5f6fd83e13,91,9.1,0.28071,0.20446,6.9,7.557,0,0.3359,0.5479,0.7147,0.0001,0.2584,0.059,0.8768,0.52
4470,be21e71797f745ea,91,9.1,0.390508,0.180711,8.2,1.748,1,0.605,0.3338,0.1313,0.0001,0.2228,0.8336,0.8044,0.76
4471,1de89c8ae330e339,91,9.1,0.241345,0.205866,6.3,1000000.0,0,0.59,0.2751,0.1966,0.0003,0.21,0.0,0.794,1.0
4472,db7b0a222c8040ec,91,9.1,0.38999,0.181293,2.9,1.946,1,0.3165,0.1601,0.1472,0.0075,0.9701,0.8072,0.2617,1.0
4473,be646ff2b474d8fc,91,9.1,0.309359,0.170968,8.9,4.389,0,0.491,0.3263,0.08,0.0,0.1692,0.4814,0.708,0.32
4474,a8c5f549586093df,91,9.1,0.425729,0.159243,1.5,4.342,0,0.5598,0.5566,0.8712,0.0249,1.0,0.4878,0.6053,0.4
4475,4ef94c9b51511875,91,9.1,0.140009,0.126253,8.4,123.93,0,0.0139,0.0773,0.0829,0.0,0.2316,0.0,0.3541,0.84
4476,97144e377a73be7a,91,9.1,0.245328,0.104924,1.5,3.952,0,0.4564,0.209,0.1322,0.0,0.169,0.5397,0.531,0.68
4477,1e327d317dd1cad3,91,9.1,0.354942,0.158792,4.8,5.249,0,0.2254,0.3815,0.5466,0.0732,1.0,0.3668,0.6513,0.72
4478,7f69fd359d4bfcdd,91,9.1,0.182597,0.16609,7.9,1000000.0,0,0.3415,0.2535,0.0626,0.0,0.1643,0.0,0.8802,0.28
4479,9735eca4f547912,91,9.1,0.123571,0.092584,6.6,1000000.0,0,0.145,0.2208,0.1964,0.0003,0.688,0.0,0.0,0.12
4480,c933f484091a47e2,91,9.1,0.196956,0.103357,8.7,4.346,0,0.3943,0.377,0.6425,0.0,0.2285,0.4871,0.1711,0.56
4481,fbef87dd018972,91,9.1,0.3079,0.237193,4.1,3.621,0,0.3338,0.2261,0.2563,0.0,0.1751,0.5838,0.8796,0.4
4482,c408ddd7b1bde906,91,9.1,0.28116,0.215807,1.4,4.674,0,0.2106,0.3376,0.1134,0.0,0.194,0.4434,0.8594,0.52
4483,37ef5c3d945aa7cb,91,9.1,0.176896,0.078414,3.9,7.34,0,0.0001,0.0011,0.0028,0.0,0.2671,0.088,0.8064,0.44
4484,ccae2a6de2fe6405,91,9.1,0.260601,0.199549,0.3,18.164,0,0.4415,0.2801,0.6669,0.0,0.2077,0.0,0.654,1.0
4485,8e080649ee4542c2,91,9.1,0.144766,0.104503,6.5,42.965,0,0.71,0.2013,0.1203,0.0001,0.3342,0.0,0.3587,0.16
4486,3c921b91e0880590,91,9.1,0.326036,0.204616,7.6,2.799,0,0.2975,0.2008,0.0741,0.0049,0.8565,0.6934,0.812,0.72
4487,1d95dd9cae6cd7ca,91,9.1,0.238036,0.102337,0.2,3.836,0,0.2327,0.3144,0.3498,0.0,0.1833,0.5552,0.3768,0.24
4488,b4fe172003db8dfc,91,9.1,0.499034,0.201522,7.8,2.29,0,0.197,0.196,0.3218,0.0065,1.0,0.7613,0.8016,0.88
4489,545cd8350bde97a,91,9.1,0.159191,0.135144,6.1,74.554,0,0.7251,0.403,0.1636,0.0002,0.1968,0.0,0.2738,0.44
4490,9533d9d0fea5943f,91,9.1,0.152586,0.060577,8.6,35.344,0,0.0787,0.3208,0.1559,0.0,0.1643,0.0,0.758,0.32
4491,ff89f264c9ba7b40,91,9.1,0.142647,0.050692,3.9,8.977,0,0.2311,0.2274,0.0552,0.0009,0.6245,0.0,0.6903,0.08
4492,f9a16c6f649463d3,91,9.1,0.308544,0.226209,0.6,4.437,0,0.1553,0.1614,0.0479,0.0,0.1663,0.475,0.8811,0.88
4493,3719f1e929d1dc99,91,9.1,0.202257,0.115798,6.5,6.741,0,0.0,0.0014,0.0024,0.0,0.1643,0.1679,0.6324,0.88
4494,7defcd9be456708a,91,9.1,0.173177,0.116696,7.3,8.765,0,0.179,0.1903,0.2872,0.0,0.3213,0.0,0.7657,0.32
4495,f5f7426a3508dffb,91,9.1,0.15625,0.080028,0.4,7.847,0,0.0001,0.001,0.0041,0.0,0.1819,0.0204,0.7236,0.52
4496,d76b0657bf2a470a,91,9.1,0.198202,0.122572,3.7,1000000.0,0,0.1864,0.2088,0.3332,0.0003,0.354,0.0,0.735,0.44
4497,cf776c35daa4bd4f,91,9.1,0.286934,0.138992,1.6,4.157,0,0.1641,0.2162,0.577,0.0091,0.3547,0.5123,0.5476,1.0
4498,ece3cc63fd24035d,91,9.1,0.35327,0.120105,5.1,1.718,1,0.7219,0.1182,0.1115,0.0002,0.2659,0.8377,0.2706,0.32
4499,77086de61dfa274,91,9.1,0.243018,0.213393,6.5,1000000.0,0,0.0001,0.001,0.0024,0.0,0.7913,0.0,0.5866,1.0
4500,a944f0df30738eeb,91,9.1,0.265076,0.158363,0.5,4.275,0,0.3277,0.3003,0.2535,0.0007,0.5684,0.4967,0.4108,0.96
4501,5c1760164e441c26,91,9.1,0.457965,0.098608,1.9,1.542,2,0.3706,0.2413,0.5187,0.015,1.0,0.8611,0.8237,0.16
4502,f25ecdb8e39809bf,91,9.1,0.245946,0.169697,2.7,8.895,0,0.3972,0.2522,0.2191,0.0016,0.35,0.0,0.759,0.8
4503,5ced0ef7e841fcd4,91,9.1,0.17985,0.091136,1.5,13.249,0,0.0001,0.001,0.0021,0.0,0.1429,0.0,0.798,0.72
4504,9583ccb7f6c5067b,91,9.1,0.137471,0.09466,4.0,1000000.0,0,0.0001,0.001,0.003,0.0,0.1346,0.0,0.6165,0.52
4505,4c9cc2f17d847530,91,9.1,0.510167,0.138057,2.7,1.7,2,0.2004,0.2302,0.4244,0.0155,1.0,0.84,0.8923,0.28
4506,e2123685b712e696,91,9.1,0.239152,0.153999,4.0,6.828,0,0.0005,0.0087,0.0153,0.0,0.5575,0.1563,0.4995,1.0
4507,ae4b404aa95fd59a,91,9.1,0.265008,0.189873,0.2,5.771,0,0.0777,0.1059,0.0432,0.0,0.1556,0.2972,0.8808,0.72
4508,cdc5e575d37b7a06,91,9.1,0.149851,0.076001,2.2,14.649,0,0.0001,0.0013,0.0039,0.0,0.1419,0.0,0.7584,0.4
4509,b4194b09ccbbb831,91,9.1,0.204047,0.091987,4.4,6.059,0,0.2523,0.3038,0.1857,0.0001,0.178,0.2588,0.5535,0.44
4510,d749834df2d01f11,91,9.1,0.341313,0.223259,0.9,3.52,0,0.1916,0.2363,0.0779,0.0,0.2991,0.5973,0.8763,0.32
4511,98abf36c27865047,91,9.1,0.315418,0.085704,2.9,3.136,0,0.0235,0.0797,0.0867,0.0,0.17,0.6486,0.7285,0.48
4512,523dca7e8a08d99f,91,9.1,0.105164,0.057322,8.9,1000000.0,0,0.0001,0.0011,0.0027,0.0,0.0922,0.0,0.354,0.72
4513,beb61fd8e8eda9a3,91,9.1,0.387353,0.121311,6.6,3.596,0,0.2467,0.3158,0.6622,0.012,0.821,0.5871,0.6622,0.4
4514,7cd73d9964906131,91,9.1,0.424752,0.116607,7.0,2.937,0,0.1276,0.3009,0.4519,0.0119,1.0,0.675,0.5737,0.4
4515,45a9e2b39859c358,91,9.1,0.195337,0.102452,3.8,4.363,0,0.1607,0.3919,0.3544,0.0158,0.7879,0.4849,0.2833,0.32
4516,46a13f362dc0a5d0,91,9.1,0.136044,0.119587,6.7,187.591,0,0.71,0.1765,0.1848,0.0001,0.1805,0.0,0.2834,0.24
4517,d0b7a6b9951f4d86,91,9.1,0.365001,0.129472,7.9,3.643,0,0.1439,0.2569,0.3704,0.0049,0.3706,0.5809,0.8363,1.0
4518,7a3224389bc8bef,91,9.1,0.497809,0.17042,6.1,2.446,0,0.2319,0.3079,0.5825,0.0196,1.0,0.7406,0.8237,0.4
4519,9fa2ddcce8d98b5b,91,9.1,0.247057,0.195663,0.6,1000000.0,0,0.0001,0.0018,0.0098,0.0,1.0,0.0,0.6515,0.48
4520,36bcac3abb716334,91,9.1,0.495601,0.224538,4.0,1.056,2,0.2048,0.2549,0.541,0.0276,1.0,0.9259,0.8866,0.64
4521,cd2fe9b281e53286,91,9.1,0.248153,0.206626,1.7,5.881,0,0.2719,0.2038,0.0614,0.0,0.2343,0.2825,0.8779,0.56
4522,313071e8ba6f1e26,91,9.1,0.171373,0.082152,5.6,6.54,0,0.0315,0.0834,0.065,0.0001,0.3037,0.1947,0.458,0.4
4523,d48ec2905f3f947f,91,9.1,0.177116,0.173746,7.9,1000000.0,0,0.0,0.0007,0.0022,0.0,0.0902,0.0,0.8835,0.56
4524,5b3a9a9d2c4981cc,91,9.1,0.570914,0.229833,4.8,2.021,0,0.2808,0.3657,0.8293,0.0265,0.7848,0.7972,0.8316,1.0
4525,36c3f37954b8dbd7,91,9.1,0.196733,0.059699,5.5,6.348,0,0.0514,0.2741,0.1058,0.0,0.1899,0.2202,0.6865,0.36
4526,4176d08d39625971,91,9.1,0.240747,0.217951,0.2,7.808,0,0.0329,0.1118,0.1454,0.0,0.2465,0.0256,0.8762,1.0
4527,1c13de55d27abee1,91,9.1,0.386903,0.237468,8.0,3.583,0,0.2225,0.3292,0.6647,0.0278,1.0,0.5889,0.8276,1.0
4528,ec2a7068340d008,91,9.1,0.126976,0.035149,1.6,15.547,0,0.0243,0.0643,0.043,0.0,0.1644,0.0,0.6084,0.28
4529,7df75ee010c72cf9,91,9.1,0.211789,0.190139,4.0,51.719,0,0.3564,0.2379,0.0611,0.0,0.1633,0.0,0.8418,0.8
4530,86bebd0972d9f8db,91,9.1,0.21275,0.096402,0.2,5.856,0,0.1669,0.1791,0.1296,0.0001,0.1966,0.2858,0.7198,0.16
4531,ee57aed1c13ebdb8,91,9.1,0.145054,0.051282,4.9,7.269,0,0.0001,0.0006,0.0053,0.0,0.1397,0.0974,0.5809,0.32
4532,dafeb62ced605e40,91,9.1,0.195632,0.153611,2.6,1000000.0,0,0.6555,0.2827,0.0747,0.013,1.0,0.0,0.6383,0.92
4533,3e419eb01fec8692,91,9.1,0.282225,0.205731,6.9,4.437,0,0.5184,0.2277,0.272,0.0,0.1802,0.4751,0.7585,0.24
4534,1207b9e6eca7717b,91,9.1,0.441961,0.261681,3.5,1.76,5,0.4095,0.5905,1.0,0.0173,1.0,0.832,0.6416,1.0
4535,e904be7a07d093b5,91,9.1,0.173133,0.169456,0.7,1000000.0,0,0.0,0.001,0.0023,0.0,0.1597,0.0,0.8812,0.36
4536,800dfd7d2d267593,91,9.1,0.221412,0.206458,3.4,12.427,0,0.2258,0.1373,0.0384,0.0,0.2144,0.0,0.8537,1.0
4537,ef79ec90287e9621,91,9.1,0.335193,0.112392,1.8,2.515,0,0.3443,0.1776,0.2019,0.0001,0.4056,0.7314,0.3883,0.28
4538,8a64fb8ab7611a81,91,9.1,0.405698,0.114948,0.9,2.838,0,0.3944,0.4637,0.742,0.0214,1.0,0.6883,0.7826,0.08
4539,10a3a115d032b563,91,9.1,0.022383,0.021699,9.0,1000000.0,0,0.0,0.0007,0.0022,0.0,0.1244,0.0,0.0,0.12
4540,a6fa6ca576db1da4,91,9.1,0.229862,0.217686,8.6,13.527,0,0.0308,0.0894,0.0683,0.0,0.4231,0.0,0.841,0.8
4541,982a4a29352ded77,91,9.1,0.27219,0.179761,2.5,26.076,0,0.4578,0.6744,1.0,0.0112,1.0,0.0,0.8106,0.68
4542,6e906a73a14a6b80,91,9.1,0.175127,0.109351,7.7,13.853,0,0.0001,0.0022,0.0109,0.0,0.2347,0.0,0.7547,0.68
4543,bcb73f9caacd8d4c,91,9.1,0.382533,0.207188,8.9,3.528,0,0.1825,0.2493,0.4097,0.0102,0.8612,0.5963,0.8709,0.44
4544,deb30426bac72be5,91,9.1,0.298018,0.194951,0.1,4.424,0,0.1529,0.2015,0.0994,0.0,0.1765,0.4768,0.8721,0.36
4545,cc27fe9337f530b9,91,9.1,0.097206,0.044884,8.0,1000000.0,0,0.0001,0.0008,0.002,0.0,0.116,0.0,0.538,0.08
4546,c2c29cc24d980bc7,91,9.1,0.380882,0.279423,2.0,3.602,0,0.2301,0.2137,0.0642,0.0001,0.2887,0.5863,0.8783,1.0
4547,747ab263176b966e,91,9.1,0.343642,0.200955,0.4,14.247,0,0.6789,0.7326,1.0,0.0001,0.3128,0.0,0.4004,0.72
4548,3d20450f7f053ab9,91,9.1,0.174321,0.161194,0.1,48.449,0,0.5937,0.1063,0.124,0.0001,0.2599,0.0,0.4943,0.48
4549,def8bd3ba11bf807,91,9.1,0.122664,0.096,0.7,1000000.0,0,0.05,0.1419,0.1066,0.0002,0.3313,0.0,0.0,1.0
4550,2fdb81966022a11e,91,9.1,0.200785,0.059725,8.1,1000000.0,0,0.2854,0.4749,0.7161,0.0172,0.5494,0.0,0.0,0.04
4551,c8b84a4f02733e5,91,9.1,0.229426,0.133444,2.5,93.607,0,0.7236,0.106,0.1155,0.0008,1.0,0.0,0.3895,0.16
4552,2ff3553b40aba21d,91,9.1,0.336073,0.128192,4.9,1.33,7,0.0002,0.0076,0.0338,0.0,0.1725,0.8894,0.6475,0.36
4553,550141acae08d1f9,91,9.1,0.344602,0.270298,5.5,4.544,0,0.3311,0.1955,0.054,0.0001,0.3204,0.4608,0.8722,1.0
4554,3aafa5eed77928f3,91,9.1,0.209344,0.19418,5.0,14.785,0,0.2348,0.2134,0.1515,0.0,0.1993,0.0,0.8684,0.64
4555,8fdb60d00a4a0a2e,91,9.1,0.215509,0.134684,7.4,4.548,0,0.6573,0.2525,0.2004,0.0003,1.0,0.4603,0.0554,0.36
4556,61c6ae59c785ac3b,91,9.1,0.102269,0.062364,8.2,38.242,0,0.0001,0.0015,0.0058,0.0,0.1383,0.0,0.4571,0.28
4557,9a71f4131aca783,91,9.1,0.365024,0.105158,4.2,1.61,4,0.0001,0.0008,0.0024,0.0,0.1673,0.8519,0.7994,0.32
4558,fce1267f83e6f872,91,9.1,0.434006,0.158326,1.9,3.229,0,0.3872,0.3588,0.8349,0.0113,0.4949,0.6361,0.6054,0.56
4559,e60cb554f1d0bc99,91,9.1,0.172466,0.13896,0.0,1000000.0,0,0.5637,0.1375,0.1032,0.0004,0.5072,0.0,0.3885,0.68
4560,53275835c8195ff6,91,9.1,0.455578,0.167648,8.1,2.224,0,0.2265,0.4188,0.533,0.0132,1.0,0.7701,0.5762,0.52
4561,e4b9fc377e24b0f0,91,9.1,0.268322,0.177546,0.0,5.392,0,0.2099,0.2868,1.0,0.0023,0.3133,0.3477,0.7375,0.44
4562,a2ebd7bb70ab277c,91,9.1,0.161737,0.150725,1.2,43.545,0,0.6394,0.0704,0.1013,0.0,0.1789,0.0,0.5018,0.16
4563,6ee3d96a9d544c01,91,9.1,0.226272,0.123642,1.7,6.591,0,0.7168,0.1883,0.1594,0.0002,0.1958,0.1878,0.5963,0.28
4564,31f85218f96fbf65,91,9.1,0.131911,0.112351,2.3,7.026,0,0.3436,0.3618,0.1215,0.0016,0.2243,0.1299,0.2893,0.68
4565,8e3f99c58640ce05,91,9.1,0.182335,0.181977,0.0,1000000.0,0,0.0,0.0006,0.0029,0.0,0.1117,0.0,0.8839,0.6
4566,170a9e66e806b21e,91,9.1,0.243732,0.095606,1.1,3.648,0,0.723,0.1087,0.1106,0.0003,0.2045,0.5802,0.0,0.36
4567,7e68465ba4508254,91,9.1,0.31375,0.256745,2.6,4.174,0,0.3116,0.1948,0.2784,0.0,0.2868,0.5101,0.8736,0.52
4568,a05ac77174adbcf0,91,9.1,0.11915,0.074859,0.0,14.324,0,0.4828,0.1855,0.169,0.0001,0.2108,0.0,0.2191,0.24
4569,62bdbf42fb4ae09b,91,9.1,0.335474,0.210197,0.2,4.343,0,0.2084,0.321,0.2609,0.0,0.2009,0.4876,0.8722,0.52
4570,4c421c7131a5d287,91,9.1,0.024446,0.01964,7.6,1000000.0,0,0.0001,0.0009,0.0023,0.0,0.1222,0.0,0.0,0.16
4571,fc2bace19a9d8065,91,9.1,0.559945,0.215369,4.8,1.697,5,0.2563,0.3762,0.7011,0.0183,1.0,0.8403,0.8559,1.0
4572,d50bbd3d897eb422,91,9.1,0.259329,0.110672,8.9,2.947,0,0.4018,0.1849,0.2466,0.0002,0.1733,0.6737,0.0,0.52
4573,b7d48b61132d42c7,91,9.1,0.221928,0.13619,3.1,4.715,0,0.5301,0.2546,0.2168,0.0,0.2116,0.4379,0.5606,0.2
4574,d267d9754161b910,91,9.1,0.18832,0.170356,2.2,44.276,0,0.4285,0.0732,0.0984,0.0011,0.2145,0.0,0.6866,0.48
4575,a898cbc905050656,91,9.1,0.345621,0.168186,8.6,3.311,0,0.4784,0.3013,0.1135,0.0001,0.2158,0.6252,0.7025,0.28
4576,5ad2b024758fd58e,91,9.1,0.179922,0.110774,7.2,14.085,0,0.0001,0.0009,0.0027,0.0,0.3027,0.0,0.7641,0.52
4577,40f9ef77cabf4f0c,91,9.1,0.100589,0.06939,2.0,1000000.0,0,0.4,0.1936,0.2516,0.0,0.4449,0.0,0.0,0.2
4578,74c482e8476a5bf5,91,9.1,0.263423,0.062453,8.9,3.561,0,0.0001,0.0014,0.0045,0.0,0.1214,0.5918,0.4784,0.56
4579,5168afa0700d6725,91,9.1,0.25679,0.178925,8.7,3.766,0,0.1469,0.2739,0.113,0.0004,0.2199,0.5645,0.8869,0.2
4580,3e5368835392c389,91,9.1,0.353569,0.181753,8.7,3.147,0,0.3018,0.3788,0.8989,0.0032,0.7164,0.647,0.3867,0.88
4581,3a56a99aac9c4ebf,91,9.1,0.093845,0.078718,5.8,1000000.0,0,0.5583,0.1486,0.1318,0.0003,0.221,0.0,0.0,0.32
4582,6b5324185862a205,91,9.1,0.195396,0.095811,7.8,9.901,0,0.1424,0.2376,0.1144,0.0011,0.5751,0.0,0.7313,0.56
4583,65e96dc2dedcf6c3,91,9.1,0.081003,0.064695,0.9,1000000.0,0,0.3453,0.2007,0.1395,0.0001,0.2315,0.0,0.0,0.32
4584,d2bb33846e5a064,91,9.1,0.137549,0.089633,6.7,49.331,0,0.0001,0.0008,0.0021,0.0,0.1626,0.0,0.642,0.36
4585,2577957b05103b39,91,9.1,0.233561,0.233364,0.0,1000000.0,0,0.0001,0.0012,0.0031,0.0,1.0,0.0,0.3544,1.0
4586,3a0095b6a3bb4fdb,91,9.1,0.131233,0.085813,7.1,6.672,0,0.3828,0.1967,0.2189,0.0,0.1622,0.177,0.0,0.72
4587,fdedd6cb9246663c,91,9.1,0.152135,0.084545,8.5,7.124,0,0.552,0.2097,0.0843,0.0042,0.1776,0.1168,0.3138,0.16
4588,25b5a648381c578b,91,9.1,0.209024,0.199468,0.1,8.383,0,0.0433,0.0832,0.1171,0.0,0.1643,0.0,0.8851,0.88
4589,3aef7ab30e14abae,91,9.1,0.147318,0.077745,5.1,20.268,0,0.0001,0.0014,0.003,0.0,0.1423,0.0,0.6911,0.44
4590,8d975a8f12311404,91,9.1,0.560458,0.329346,6.2,1.137,17,0.4468,0.361,0.9602,0.0067,0.9771,0.9151,0.7034,1.0
4591,387f0c87db0d87d7,91,9.1,0.263395,0.156032,8.7,9.655,0,0.1261,0.2202,0.3331,0.0112,1.0,0.0,0.5691,1.0
4592,d8028b6c0c32111e,91,9.1,0.14141,0.125544,8.0,32.839,0,0.7125,0.0681,0.0814,0.0001,0.1677,0.0,0.3702,0.16
4593,182e61c9e21f1194,91,9.1,0.241049,0.157155,8.9,6.424,0,0.2557,0.249,0.092,0.0,0.7699,0.2101,0.7621,0.36
4594,f476e6be237ccb2c,91,9.1,0.333407,0.261157,2.5,4.196,0,0.2352,0.1989,0.0944,0.0002,0.2015,0.5072,0.8819,1.0
4595,2b35332412cdccaf,91,9.1,0.183208,0.095932,4.1,5.718,0,0.5071,0.2474,0.3632,0.0,0.1686,0.3042,0.6094,0.32
4596,bfe59026666e812f,91,9.1,0.348575,0.080827,6.4,2.481,0,0.0004,0.007,0.0109,0.0,0.136,0.7359,0.8754,0.36
4597,776002f3ba8dd052,91,9.1,0.165147,0.050321,1.7,4.941,0,0.2774,0.1711,0.2215,0.0,0.1676,0.4079,0.0,0.2
4598,211c7cf7f9a53853,91,9.1,0.16283,0.14142,2.0,10.753,0,0.6411,0.1212,0.1664,0.0004,0.1882,0.0,0.48,0.4
4599,f6eaee87949e1e6a,91,9.1,0.278946,0.215747,4.2,21.699,0,0.3097,0.3062,0.6047,0.0001,0.1977,0.0,0.809,1.0
4600,5e23b0184e00e94e,91,9.1,0.164242,0.155799,0.9,1000000.0,0,0.0075,0.0514,0.0746,0.0,0.7823,0.0,0.0,1.0
4601,36ccca11a6a7c8d9,91,9.1,0.288789,0.226444,6.1,18.119,0,0.0001,0.0008,0.0029,0.0,0.8632,0.0,0.8333,1.0
4602,d6b10d8642f3d2a4,91,9.1,0.200606,0.097933,1.0,7.867,0,0.3817,0.3963,0.8574,0.0047,0.3461,0.0178,0.2853,0.52
4603,23020093b9368687,91,9.1,0.351214,0.106397,3.2,2.527,0,0.0348,0.1134,0.1368,0.0,0.1764,0.7298,0.8178,0.48
4604,d057533de2ad2aba,91,9.1,0.335075,0.147301,6.9,4.684,0,0.0773,0.3121,0.1793,0.0032,1.0,0.4421,0.7091,0.6
4605,9eb406e4ec72ce8f,91,9.1,0.259912,0.111498,2.3,3.322,0,0.301,0.1612,0.232,0.0004,0.1817,0.6238,0.3015,0.32
4606,aa43ad0fbfc01ff5,91,9.1,0.254965,0.142042,6.5,3.803,0,0.5515,0.2211,0.1187,0.0001,0.1946,0.5596,0.4915,0.84
4607,df53e87b12237f9b,91,9.1,0.296743,0.204031,8.9,5.225,0,0.3636,0.2582,0.1709,0.0001,0.3926,0.37,0.783,0.48
4608,cfac28cc48e0e263,91,9.1,0.34855,0.165531,4.6,2.592,0,0.0001,0.0009,0.0026,0.0,0.2683,0.7211,0.7295,0.56
4609,de2d8e3ea77ff824,91,9.1,0.329754,0.152107,2.8,6.421,0,0.0866,0.1887,0.4093,0.0021,0.8412,0.2106,0.7874,1.0
4610,844dd0a2eddd15eb,91,9.1,0.16081,0.052511,9.0,10.574,0,0.0,0.0009,0.0022,0.0,0.1395,0.0,0.7993,0.44
4611,7994c2f282360883,91,9.1,0.23828,0.116776,0.5,4.6,0,0.4013,0.2025,0.2129,0.0,0.1714,0.4533,0.1495,1.0
4612,a7308e8b4d68e2be,91,9.1,0.235562,0.154616,7.4,4.893,0,0.5571,0.1655,0.1854,0.0005,0.49,0.4142,0.517,0.36
4613,86bfaf9c4908b4e9,91,9.1,0.285788,0.186996,5.5,5.098,0,0.3989,0.1827,0.2547,0.0007,0.2394,0.3869,0.7607,0.48
4614,5578f63c2f6636ae,91,9.1,0.318544,0.114288,1.8,3.754,0,0.4117,0.2332,0.0512,0.0005,0.3299,0.5661,0.4626,0.4
4615,85920ba58d80e7a7,91,9.1,0.223046,0.197859,2.1,1000000.0,0,0.2226,0.2291,0.1689,0.0,0.1755,0.0,0.8807,0.88
4616,ace905a4e1ac3a09,91,9.1,0.179548,0.110001,8.8,9.871,0,0.0001,0.0012,0.003,0.0,0.1938,0.0,0.8168,0.6
4617,94ca4c78964ee174,91,9.1,0.190264,0.187366,7.3,149.787,0,0.0001,0.0011,0.0022,0.0,0.2026,0.0,0.8812,0.56
4618,23d94c1cc2127b80,91,9.1,0.186846,0.181105,6.6,147.003,0,0.0001,0.0012,0.0033,0.0,0.2251,0.0,0.8736,0.48
4619,c971f6f8ecf511a9,91,9.1,0.323397,0.123698,7.6,2.041,0,0.6446,0.3609,0.1447,0.0001,0.2532,0.7946,0.051,0.68
4620,e779e5d88b20ae6,91,9.1,0.215515,0.183097,7.6,35.275,0,0.22,0.2466,0.2086,0.0001,0.3077,0.0,0.8217,0.28
4621,fd38a56f8d036e5,91,9.1,0.186938,0.171156,0.3,24.246,0,0.2315,0.2816,0.107,0.0,0.1704,0.0,0.8622,0.48
4622,2f0f6a53c9cecaa7,91,9.1,0.361258,0.144796,2.4,2.205,0,0.4236,0.3442,0.1339,0.0001,0.1757,0.7727,0.8541,0.6
4623,9fae692368555805,91,9.1,0.097806,0.086364,2.9,50.961,0,0.7215,0.0325,0.0649,0.0,0.2367,0.0,0.0,0.12
4624,4a95bba654616233,91,9.1,0.361668,0.201125,8.4,3.564,0,0.2052,0.3256,0.1064,0.0018,1.0,0.5915,0.8924,0.32
4625,647b6096e8ebfa92,91,9.1,0.235808,0.180894,7.9,15.282,0,0.6276,0.3674,0.0879,0.0011,0.2246,0.0,0.82,0.52
4626,b071de8bd75a6b7a,91,9.1,0.263192,0.125154,8.9,4.114,0,0.3418,0.2869,0.167,0.0023,0.318,0.5181,0.3937,0.76
4627,e0716ece34a56a25,91,9.1,0.169752,0.165386,5.9,1000000.0,0,0.0001,0.002,0.0105,0.0,0.1522,0.0,0.8813,0.32
4628,b06c5875f01cd341,91,9.1,0.128282,0.050457,2.0,11.148,0,0.0842,0.2385,0.148,0.0003,0.1981,0.0,0.6801,0.08
4629,d1699f63eaf56c5,91,9.1,0.200264,0.183532,3.4,21.781,0,0.1518,0.0832,0.0766,0.0,0.1999,0.0,0.8336,0.64
4630,8479c2aaeca849ae,91,9.1,0.477394,0.132709,6.5,1.832,2,0.4032,1.0,1.0,0.0262,1.0,0.8224,0.7645,0.28
4631,7698f001d18bd81b,91,9.1,0.15762,0.072501,5.1,4.996,0,0.3255,0.322,0.1135,0.0009,0.3314,0.4005,0.1384,0.6
4632,9b7ff84de1bce76,91,9.1,0.206083,0.180438,0.0,14.178,0,0.5041,0.1798,0.0997,0.0003,0.233,0.0,0.6883,0.68
4633,fabc175f9ecd182,91,9.1,0.290648,0.23707,4.4,4.471,0,0.2932,0.1642,0.1673,0.0,0.2219,0.4705,0.8629,0.4
4634,7845272179a75dc8,91,9.1,0.222242,0.144333,2.1,1000000.0,0,0.5964,0.2358,0.2126,0.0002,0.2602,0.0,0.7655,0.36
4635,1785aaa0e12fddd7,91,9.1,0.191414,0.171136,8.2,34.388,0,0.5019,0.2404,0.1323,0.0,0.219,0.0,0.6155,0.56
4636,a697e984f004316a,91,9.1,0.327912,0.22023,1.5,3.528,0,0.2284,0.2714,0.0635,0.0,0.1682,0.5963,0.8814,0.36
4637,7ab43891967fde72,91,9.1,0.395602,0.174549,2.3,4.077,0,0.5301,0.6272,1.0,0.0016,0.286,0.5231,0.532,0.84
4638,2b6c721d6c1ff7bf,91,9.1,0.32786,0.145995,6.7,1.722,3,0.4662,0.1681,0.1577,0.0001,0.1681,0.8371,0.2325,0.56
4639,1774e0f3106e8ba3,91,9.1,0.275206,0.210619,0.3,5.344,0,0.1001,0.1034,0.0527,0.0,0.2728,0.3542,0.8776,0.56
4640,8220087d0c0a325d,91,9.1,0.311449,0.223725,1.8,1000000.0,0,0.5994,0.1361,0.0812,0.0004,0.7227,0.0,0.7828,1.0
4641,9c48fa227f1ed113,91,9.1,0.109836,0.08775,2.6,1000000.0,0,0.0245,0.1557,0.1786,0.0,0.2145,0.0,0.0,1.0
4642,3d6b4a59c19709e0,91,9.1,0.242666,0.184879,2.3,9.846,0,0.117,0.2429,0.1496,0.0,1.0,0.0,0.6251,1.0
4643,29b24903f6edd15b,91,9.1,0.245135,0.181008,0.5,6.14,0,0.128,0.1823,0.3008,0.0015,0.8021,0.248,0.5187,1.0
4644,b15f402a8854ffc1,91,9.1,0.220834,0.109909,4.6,8.032,0,0.3302,0.3382,0.538,0.0013,1.0,0.0,0.4035,0.24
4645,57e9725152587777,91,9.1,0.330769,0.19111,8.9,3.737,0,0.5764,0.2112,0.2477,0.0,0.2012,0.5684,0.7227,0.52
4646,70e6d8edac602766,91,9.1,0.282987,0.169867,6.7,4.568,0,0.5689,0.4315,0.1489,0.0,0.299,0.4576,0.6418,0.52
4647,88d152bf91de2b18,91,9.1,0.448217,0.201724,4.7,3.965,0,0.3307,0.4537,0.9055,0.01,1.0,0.538,0.7171,1.0
4648,36a0338e93599c36,91,9.1,0.254441,0.119437,2.5,4.711,0,0.3464,0.3919,0.1527,0.0003,0.1793,0.4385,0.8493,0.76
4649,35fbdee53046eea8,91,9.1,0.340353,0.209853,0.1,11.764,0,0.4387,0.385,1.0,0.0001,0.3408,0.0,0.718,0.88
4650,5ce2d6d4e725a1bd,91,9.1,0.214771,0.197162,3.0,8.561,0,0.0969,0.1265,0.155,0.0,0.2951,0.0,0.8536,0.52
4651,ade9d54936443942,91,9.1,0.212087,0.197002,8.1,109.267,0,0.0351,0.1455,0.0898,0.0,0.1554,0.0,0.8794,0.76
4652,19a486cd29abd7a7,91,9.1,0.341321,0.176956,7.4,2.788,0,0.6565,0.389,0.0962,0.0,0.1952,0.695,0.618,0.2
4653,214dfc443104674a,91,9.1,0.489469,0.152458,4.0,2.39,0,0.1066,0.2179,0.5495,0.0125,1.0,0.748,0.9173,0.76
4654,368ae7945c8202ec,91,9.1,0.239992,0.209142,4.7,67.492,0,0.5778,0.2958,0.2634,0.0005,0.3782,0.0,0.7896,0.68
4655,f3423644c33320eb,91,9.1,0.221452,0.179833,6.5,47.481,0,0.6165,0.2322,0.1656,0.0009,0.4157,0.0,0.8129,0.32
4656,cb481a607e0df310,91,9.1,0.194579,0.182311,0.9,8.149,0,0.1703,0.201,0.1311,0.0,0.2152,0.0,0.8306,0.56
4657,37d41f0cd357379d,91,9.1,0.187099,0.184356,5.6,1000000.0,0,0.0001,0.0013,0.003,0.0,0.0946,0.0,0.8822,0.72
4658,2d84b1ab55ab81d3,91,9.1,0.310697,0.169961,9.0,13.967,0,0.1265,0.1793,0.2641,0.0078,1.0,0.0,0.8484,1.0
4659,3505972c220e6b3a,91,9.1,0.266423,0.071477,0.5,2.559,0,0.4007,0.0745,0.0807,0.0,0.2263,0.7254,0.2157,0.28
4660,32275d7231509117,91,9.1,0.258224,0.139928,7.8,5.816,0,0.2997,0.3477,0.7809,0.0153,1.0,0.2912,0.8341,0.44
4661,e9653159c09f5c72,91,9.1,0.111228,0.087147,4.5,1000000.0,0,0.086,0.0933,0.2113,0.0001,0.2134,0.0,0.0,1.0
4662,c37fa6a0a21345f3,91,9.1,0.253162,0.227001,4.2,9.348,0,0.2172,0.2493,0.1432,0.0018,0.5848,0.0,0.8287,1.0
4663,4b226bc6e3bd6216,91,9.1,0.331635,0.159779,7.3,4.227,0,0.2868,0.3487,0.8361,0.0054,0.8409,0.5031,0.8492,0.36
4664,ac977a0854771c7f,91,9.1,0.42087,0.297986,4.2,2.689,0,0.3379,0.2857,0.2154,0.0029,1.0,0.7081,0.6853,0.8
4665,1739d4b548211ed6,91,9.1,0.233869,0.094215,8.1,1000000.0,0,0.5867,0.5967,1.0,0.0002,0.225,0.0,0.0,0.44
4666,8fa546cd99cdfcd5,91,9.1,0.364067,0.143359,1.1,4.057,0,0.3763,0.4145,0.6831,0.0085,0.8243,0.5258,0.6783,0.48
4667,46e3dfe008d4c2e6,91,9.1,0.076433,0.041437,0.1,11.213,0,0.2135,0.1885,0.2561,0.0001,0.1795,0.0,0.0069,0.04
4668,ef30c381751c832,91,9.1,0.237749,0.20741,2.0,38.662,0,0.2902,0.1551,0.0564,0.0,0.3182,0.0,0.7755,0.96
4669,a067a3788873f5be,91,9.1,0.206233,0.172704,4.7,6.626,0,0.2019,0.2254,0.4236,0.0015,0.6513,0.1832,0.4135,1.0
4670,4f4bbc55ef30c3ea,91,9.1,0.301784,0.172276,0.5,4.215,0,0.1873,0.1967,0.1553,0.0001,0.1677,0.5047,0.7908,0.52
4671,2db20518212cdfeb,91,9.1,0.171784,0.168985,5.6,1000000.0,0,0.0003,0.011,0.0321,0.0,0.0742,0.0,0.8766,0.52
4672,324e5c0ebbe95958,91,9.1,0.246855,0.048438,3.8,3.896,0,0.082,0.2919,0.1318,0.0,0.1453,0.5472,0.6225,0.12
4673,a4956b27f127a67c,91,9.1,0.221067,0.146303,4.7,253.334,0,0.2751,0.3052,0.5646,0.0086,0.9426,0.0,0.8649,0.16
4674,bf5644083714297,91,9.1,0.24936,0.154617,2.8,19.882,0,0.4905,0.5554,1.0,0.0208,0.9195,0.0,0.7631,0.88
4675,27384099b57a800b,91,9.1,0.219737,0.212118,1.3,1000000.0,0,0.0001,0.0013,0.0026,0.0,0.2935,0.0,0.8777,0.88
4676,3e985875540c596c,91,9.1,0.190018,0.174171,5.8,9.054,0,0.1498,0.128,0.1541,0.0,0.1954,0.0,0.8816,0.36
4677,6d2a107f2e8390a,91,9.1,0.130269,0.064893,1.4,5.808,0,0.3937,0.2165,0.2122,0.0,0.1651,0.2922,0.0,0.2
4678,ae92386e0686d4d6,91,9.1,0.498327,0.136595,8.6,2.353,0,0.2096,0.3183,0.6136,0.0102,0.8609,0.7529,0.8196,0.96
4679,3d00a93f0ba5e294,91,9.1,0.395032,0.137558,1.1,4.668,0,0.1936,0.2859,0.5379,0.0143,1.0,0.4443,0.6893,0.96
4680,ba0ab71d86896e7e,91,9.1,0.251225,0.039878,8.5,4.694,0,0.0001,0.0011,0.0085,0.0,0.1357,0.4409,0.7987,0.16
4681,205c446d8967a67a,91,9.1,0.181965,0.159612,7.4,56.067,0,0.2515,0.2765,0.0702,0.0,0.1606,0.0,0.822,0.48
4682,a60e78a32e03814f,91,9.1,0.174469,0.167716,4.2,54.498,0,0.068,0.1033,0.0586,0.0,0.1834,0.0,0.8803,0.36
4683,a88c2e80c838f153,91,9.1,0.11162,0.08804,1.3,1000000.0,0,0.6262,0.2412,0.1848,0.0001,0.1825,0.0,0.1141,0.2
4684,e6992acc4551b1c1,91,9.1,0.317494,0.073,7.5,2.904,0,0.233,0.2935,0.0972,0.0,0.1841,0.6794,0.731,0.32
4685,914f16ffef6529c5,91,9.1,0.337222,0.117644,1.1,2.926,0,0.0,0.0007,0.0018,0.0,0.1595,0.6766,0.7844,0.52
4686,4f7aa8ac2ff60093,91,9.1,0.342764,0.177474,0.4,3.591,0,0.1783,0.1137,0.049,0.0007,0.2896,0.5879,0.5694,1.0
4687,67319f7409ec6796,91,9.1,0.1551,0.135642,1.2,90.053,0,0.5741,0.1099,0.0384,0.0,0.2036,0.0,0.4568,0.52
4688,31d18fac4011375c,91,9.1,0.280945,0.160972,5.4,3.565,0,0.5259,0.1885,0.0344,0.0001,0.172,0.5913,0.4749,0.44
4689,b47e64494f5f15,91,9.1,0.263646,0.118361,1.6,4.897,0,0.245,0.2974,0.5852,0.0155,0.7998,0.4137,0.6011,0.24
4690,750f17fb3ac9783d,91,9.1,0.352836,0.180323,7.8,2.258,0,0.3359,0.5096,0.8984,0.0042,0.7322,0.7656,0.5813,0.44
4691,a991619cfc4f2216,91,9.1,0.216783,0.207434,3.8,7.82,0,0.05,0.0817,0.1198,0.0,0.2936,0.0241,0.8821,0.76
4692,8c3fe492642fbcb9,91,9.1,0.173039,0.170243,0.5,1000000.0,0,0.0001,0.001,0.002,0.0,0.1679,0.0,0.7627,0.64
4693,78a415dcc9af404e,91,9.1,0.496334,0.206102,2.4,0.533,3,0.4706,0.3355,0.1348,0.0018,0.4601,0.9956,0.7065,1.0
4694,dc00dc6dbcdf9802,91,9.1,0.2272,0.196966,6.7,1000000.0,0,0.3082,0.324,0.17,0.0005,0.26,0.0,0.8771,0.68
4695,26a3d30220a07d9a,91,9.1,0.099617,0.082461,7.9,1000000.0,0,0.523,0.0886,0.1309,0.0005,0.3226,0.0,0.0,0.16
4696,787270ef14834c6a,91,9.1,0.096105,0.04519,9.0,7.587,0,0.2094,0.3323,0.1396,0.0,0.1663,0.0551,0.0,0.48
4697,e3d1b5e3c9e05d41,91,9.1,0.193826,0.183651,0.4,28.239,0,0.0114,0.05,0.078,0.0,0.1721,0.0,0.8827,0.68
4698,6b48214f47be32fc,91,9.1,0.227241,0.105609,1.6,6.415,0,0.3438,0.2291,0.1417,0.0005,0.9489,0.2113,0.3633,0.24
4699,5547ed4dfcf8aad7,91,9.1,0.188214,0.060065,8.4,1000000.0,0,0.134,0.2574,0.2768,0.0019,0.3242,0.0,0.7089,0.2
4700,c09abcd4fd5504eb,91,9.1,0.092636,0.081712,5.0,1000000.0,0,0.7204,0.0164,0.0461,0.0,0.2128,0.0,0.0,0.12
4701,49e19b98f45db9c7,91,9.1,0.550124,0.098337,3.1,1.731,2,0.2385,0.2957,0.6116,0.0363,1.0,0.8359,0.8968,0.16
4702,34d35237ee3c1986,91,9.1,0.261141,0.130069,0.8,5.555,0,0.2525,0.3433,0.7526,0.0218,0.8096,0.326,0.5399,0.36
4703,41f633d89d641255,91,9.1,0.244875,0.206535,7.9,17.043,0,0.1799,0.1882,0.124,0.0002,0.3003,0.0,0.8658,1.0
4704,5d6f6adb8f60a8e,91,9.1,0.282316,0.155698,6.1,6.784,0,0.3376,0.3971,0.883,0.0013,1.0,0.1621,0.6062,0.76
4705,1a129bd9b3b34a9f,91,9.1,0.173508,0.150107,1.3,48.445,0,0.3853,0.1461,0.0804,0.0,0.1884,0.0,0.6349,0.36
4706,8f4a79615794f2d6,91,9.1,0.193065,0.159911,0.9,8.435,0,0.5053,0.3397,0.1101,0.0002,0.1701,0.0,0.8629,0.52
4707,a2fd6176c7695739,91,9.1,0.376151,0.175318,4.4,3.994,0,0.1521,0.2913,0.4833,0.0257,0.3176,0.5342,0.7503,1.0
4708,ee5e5fe91cd6c6e7,91,9.1,0.379141,0.21681,1.9,2.943,0,0.2379,0.4636,0.6641,0.0173,0.489,0.6743,0.868,0.72
4709,eb2e689ca1fdb0cf,91,9.1,0.354757,0.120658,1.3,4.143,0,0.3979,0.3369,0.4407,0.02,1.0,0.5143,0.6954,0.48
4710,e688410567ef99c9,91,9.1,0.327797,0.173351,4.6,2.117,0,0.7203,0.7575,1.0,0.0002,0.1874,0.7843,0.3274,0.16
4711,dff38e4f1d8a7c42,91,9.1,0.349288,0.182312,4.9,35.725,0,0.6037,0.5848,1.0,0.0012,1.0,0.0,0.676,0.52
4712,ca7b4a1d5db00144,91,9.1,0.3434,0.172974,8.9,3.46,0,0.5581,0.1874,0.1267,0.0001,0.2631,0.6053,0.5826,0.68
4713,3b523aceb232aa6f,91,9.1,0.148071,0.076493,8.2,10.794,0,0.2024,0.1607,0.0474,0.0002,0.3458,0.0,0.7561,0.36
4714,b5b52effcbc11899,91,9.1,0.195216,0.132181,1.7,11.587,0,0.4737,0.2985,0.1667,0.0,0.2211,0.0,0.547,0.56
4715,c511128eee46dcc1,91,9.1,0.276386,0.125031,8.9,4.162,0,0.0933,0.2508,0.1412,0.0001,0.2436,0.5118,0.55,0.64
4716,b682b4171243133d,91,9.1,0.34558,0.23632,1.4,3.382,0,0.3033,0.2657,0.0872,0.0,0.1699,0.6158,0.8135,0.72
4717,45856054906e76f1,91,9.1,0.240131,0.165226,1.8,1000000.0,0,0.5324,0.2554,0.0883,0.001,0.5844,0.0,0.7562,0.28
4718,a269102daf3c346f,91,9.1,0.241587,0.131126,3.9,6.984,0,0.3885,0.2907,0.1835,0.0,0.1684,0.1354,0.6651,0.76
4719,d53adebfe1178441,91,9.1,0.213445,0.165013,0.2,1000000.0,0,0.3025,0.214,0.2645,0.0,0.204,0.0,0.8207,0.52
4720,3a0389c235a0eaa1,91,9.1,0.316477,0.147565,1.8,2.697,0,0.2294,0.2066,0.088,0.0,0.1691,0.7071,0.7173,0.48
4721,48f180b621e549ba,91,9.1,0.25324,0.11753,0.5,5.731,0,0.1222,0.1749,0.6675,0.0086,0.9324,0.3025,0.6521,0.36
4722,b9b6970d43d979e6,91,9.1,0.338651,0.123985,8.0,3.655,0,0.1248,0.2177,0.4516,0.0088,1.0,0.5793,0.6601,0.68
4723,c6d3e9d6c619e786,91,9.1,0.159987,0.115542,1.5,16.58,0,0.0001,0.0012,0.0026,0.0,0.1425,0.0,0.5521,1.0
4724,35ae8266b0bbe762,91,9.1,0.138557,0.127043,3.1,191.098,0,0.7223,0.0271,0.051,0.0001,0.1737,0.0,0.3462,0.24
4725,722e894fd915b4eb,91,9.1,0.155612,0.137785,2.4,15.344,0,0.6925,0.1379,0.1464,0.0001,0.2632,0.0,0.3715,0.28
4726,9eb14e859f08636e,91,9.1,0.240249,0.198542,3.2,9.785,0,0.1485,0.1309,0.1254,0.0001,0.9624,0.0,0.7751,0.36
4727,fdc2a8072263b1a2,91,9.1,0.279309,0.254254,8.6,6.924,0,0.2304,0.1982,0.1626,0.0001,0.9677,0.1435,0.7206,0.92
4728,ccceaf6b62c82e86,91,9.1,0.209814,0.194745,3.7,52.55,0,0.3717,0.196,0.0524,0.0,0.1987,0.0,0.8137,0.8
4729,1870b2208fe4ade9,91,9.1,0.029174,0.023969,0.0,1000000.0,0,0.0,0.0009,0.0023,0.0,0.0615,0.0,0.0,0.36
4730,9646b687f1411768,91,9.1,0.191383,0.184864,8.9,1000000.0,0,0.0,0.0009,0.005,0.0,0.2203,0.0,0.8747,0.56
4731,4b4119912c91932f,91,9.1,0.334477,0.133932,0.8,2.729,0,0.0002,0.0043,0.0114,0.0,0.1286,0.7028,0.8117,0.48
4732,c70823329d25fe8e,91,9.1,0.345147,0.215085,1.8,26.122,0,0.517,0.1371,0.1606,0.0002,1.0,0.0,0.731,1.0
4733,a8e30be9dafe6a02,91,9.1,0.210496,0.187499,0.2,1000000.0,0,0.5127,0.1151,0.1778,0.0002,0.3191,0.0,0.5994,0.84
4734,6ea1530b289aec91,91,9.1,0.31681,0.265498,4.0,4.008,0,0.375,0.2276,0.332,0.0,0.3832,0.5323,0.8755,0.44
4735,66d2f8859f26c401,91,9.1,0.28599,0.097462,3.9,3.791,0,0.0,0.0008,0.0022,0.0,0.119,0.5612,0.6671,0.56
4736,c830cfd59f0471f0,91,9.1,0.13513,0.099209,7.2,1000000.0,0,0.6544,0.4678,0.1108,0.0,0.229,0.0,0.3234,0.44
4737,22bdbc45eca3e6e,91,9.1,0.202019,0.180974,3.3,48.305,0,0.7253,0.1449,0.1377,0.0002,0.3755,0.0,0.5089,0.24
4738,b26ba622ddc9d7d8,91,9.1,0.264399,0.169161,2.6,5.66,0,0.2127,0.2146,0.1358,0.0,0.2122,0.312,0.7317,0.56
4739,4b16a11d338ed710,91,9.1,0.340528,0.053133,8.4,2.015,0,0.0053,0.0435,0.0428,0.0,0.1664,0.798,0.7677,0.16
4740,17a010edfe6d47b3,91,9.1,0.233001,0.212872,4.6,46.167,0,0.1501,0.224,0.1055,0.0003,0.311,0.0,0.8788,0.92
4741,d4940e640de558c5,91,9.1,0.189353,0.170249,7.6,9.42,0,0.0751,0.2264,0.1014,0.0,0.1642,0.0,0.8814,0.32
4742,f591b64d8dd6a6c3,91,9.1,0.165603,0.144502,0.2,111.295,0,0.7211,0.1933,0.1259,0.0001,0.199,0.0,0.3945,0.4
4743,140117c81b4ef9fb,91,9.1,0.177262,0.083294,7.9,1000000.0,0,0.0001,0.0022,0.0064,0.0,0.2108,0.0,0.8523,0.44
4744,cedae9de152396da,91,9.1,0.282849,0.198133,0.2,5.303,0,0.0815,0.1284,0.0409,0.0,0.1973,0.3596,0.8824,0.72
4745,b065dcb23730589b,91,9.1,0.396767,0.205993,5.0,2.562,0,0.1499,0.1471,0.0871,0.0001,1.0,0.725,0.7473,0.44
4746,b6c121ee6748be2e,91,9.1,0.323943,0.149302,1.6,3.536,0,0.3611,0.1042,0.1494,0.0002,0.1852,0.5951,0.4388,1.0
4747,a8c2bfa46d9e6c4,91,9.1,0.272109,0.123278,0.0,6.01,0,0.219,0.2956,0.7702,0.0059,0.8388,0.2653,0.7581,0.84
4748,3a42a8507baf0ef8,91,9.1,0.277765,0.154258,1.3,10.344,0,0.2339,0.3679,0.5572,0.0286,1.0,0.0,0.9096,0.36
4749,9f71faace5b5e5ab,91,9.1,0.193407,0.088968,6.2,7.096,0,0.0,0.0012,0.0024,0.0,0.1363,0.1206,0.8048,0.48
4750,7a4dc4eb40f93323,91,9.1,0.104024,0.079149,2.2,8.912,0,0.3467,0.1391,0.1309,0.0,0.3694,0.0,0.1873,0.36
4751,8e8052b4f96b2199,91,9.1,0.363563,0.113115,6.7,1.963,1,0.0001,0.0009,0.0026,0.0,0.1539,0.8049,0.7989,0.52
4752,9e897898cafcc039,91,9.1,0.202778,0.186443,1.0,119.906,0,0.0027,0.0355,0.0977,0.0,0.1295,0.0,0.8834,0.72
4753,734c57bbbf191450,91,9.1,0.321838,0.102906,4.7,2.924,0,0.0,0.0007,0.0045,0.0,0.1339,0.6767,0.7981,0.4
4754,3a79684106fe2fdf,91,9.1,0.20674,0.206167,5.9,1000000.0,0,0.0001,0.0009,0.0019,0.0,0.1187,0.0,0.882,1.0
4755,7fcb65089a2bb672,91,9.1,0.238313,0.213821,7.2,36.718,0,0.0991,0.1746,0.0826,0.0,1.0,0.0,0.4241,0.68
4756,ed1eb2d48dee32a,91,9.1,0.236704,0.202406,4.2,1000000.0,0,0.6027,0.2522,0.1308,0.0002,0.2708,0.0,0.6525,1.0
4757,f21c5ea7c094490b,91,9.1,0.384788,0.134736,0.5,1.869,2,0.0001,0.0012,0.0038,0.0,0.1998,0.8175,0.8015,0.88
4758,851e351605bc2291,91,9.1,0.208171,0.18329,0.7,22.583,0,0.4039,0.1276,0.146,0.0,0.1917,0.0,0.7002,0.76
4759,1e41e4f90a5cae0a,91,9.1,0.301709,0.137887,3.8,3.467,0,0.3633,0.3657,0.9968,0.0001,0.2467,0.6044,0.2154,1.0
4760,49bb44f39545bda4,91,9.1,0.188879,0.166512,4.5,19.595,0,0.5713,0.1779,0.1866,0.0008,0.219,0.0,0.5917,0.2
4761,fe0e8d531718c321,91,9.1,0.160395,0.111117,0.0,1000000.0,0,0.7084,0.1432,0.0729,0.0001,0.2642,0.0,0.5054,0.24
4762,91ae85924f2177b3,91,9.1,0.319195,0.161124,8.3,21.497,0,0.5114,0.3261,0.3411,0.0005,1.0,0.0,0.8217,0.48
4763,5cd4899a6b894155,91,9.1,0.310491,0.106832,8.5,1.888,2,0.356,0.2827,0.202,0.0001,0.2488,0.8149,0.4433,0.16
4764,d84357e99e171a20,91,9.1,0.206151,0.115417,2.0,20.589,0,0.0374,0.0608,0.0616,0.0,0.2461,0.0,0.8822,0.68
4765,a200040e65ba224c,91,9.1,0.172533,0.132127,8.6,23.855,0,0.4185,0.38,0.377,0.0023,0.5812,0.0,0.2332,0.64
4766,a08831cad77d40a9,91,9.1,0.095655,0.075697,4.8,1000000.0,0,0.5295,0.3347,0.2611,0.0001,0.2076,0.0,0.0,0.32
4767,a149237c0d9c27ea,91,9.1,0.242701,0.096008,7.0,5.166,0,0.3187,0.1477,0.044,0.0,0.1873,0.3779,0.6918,0.48
4768,7a877066976dde0,91,9.1,0.192187,0.184626,0.2,8.308,0,0.0469,0.1083,0.0453,0.0,0.1676,0.0,0.8798,0.68
4769,c92f5e81941151a4,91,9.1,0.17859,0.082535,4.0,23.043,0,0.067,0.2193,0.1449,0.0,0.2814,0.0,0.7283,0.6
4770,16a8cd972084277a,91,9.1,0.237718,0.209883,0.1,7.55,0,0.0478,0.1589,0.0962,0.0,0.3922,0.06,0.8837,0.52
4771,2dd18ee4ec1fcbe3,91,9.1,0.343246,0.234348,7.0,54.595,0,0.4305,0.6728,1.0,0.0007,0.2622,0.0,0.8123,0.48
4772,44d9923b627f376c,91,9.1,0.178609,0.174202,3.2,27.747,0,0.0001,0.0008,0.0022,0.0,0.115,0.0,0.8749,0.56
4773,3f1599e8fa742bad,91,9.1,0.232307,0.18014,5.4,1000000.0,0,0.0001,0.0011,0.0022,0.0,1.0,0.0,0.6035,0.44
4774,adcea6e87c4558fa,91,9.1,0.17369,0.071226,5.7,17.123,0,0.0002,0.0026,0.011,0.0,0.1715,0.0,0.8122,0.6
4775,c14b3f82c97a509b,91,9.1,0.439234,0.286033,2.6,3.308,0,0.4738,0.6161,0.7707,0.0005,0.7748,0.6256,0.8973,0.48
4776,4a6ce418c2519b1,91,9.1,0.240687,0.145554,5.9,6.701,0,0.3666,0.5194,0.6469,0.0109,0.821,0.1731,0.6492,0.44
4777,45fe80f22cd833c3,91,9.1,0.325944,0.180935,0.6,22.626,0,0.6786,0.7104,1.0,0.0002,0.2467,0.0,0.4827,0.4
4778,4a013cdb54b260bf,91,9.1,0.127527,0.086163,8.6,6.506,0,0.0421,0.1736,0.0871,0.0,0.1821,0.1991,0.4656,0.8
4779,56ddb7d510247344,91,9.1,0.097395,0.046233,2.4,30.582,0,0.0713,0.1432,0.0435,0.0,0.1675,0.0,0.4075,0.32
4780,57e7012e0a98e3ec,91,9.1,0.389786,0.217502,7.6,5.325,0,0.2756,0.3758,0.7488,0.0229,1.0,0.3566,0.7611,1.0
4781,7efb8ffc5f5cb1b4,91,9.1,0.306041,0.176302,7.0,4.984,0,0.2671,0.3367,0.6706,0.0054,0.8564,0.4021,0.7848,0.84
4782,50ddee410ccb016d,91,9.1,0.111665,0.07293,5.9,1000000.0,0,0.004,0.0761,0.2234,0.0,0.1069,0.0,0.4342,0.68
4783,371a64917512b4c9,91,9.1,0.168341,0.16709,8.4,1000000.0,0,0.0004,0.0061,0.0163,0.0,0.6643,0.0,0.1792,1.0
4784,95bd21699baa15a5,91,9.1,0.193175,0.164752,7.4,47.531,0,0.1181,0.2864,0.0934,0.0,0.1731,0.0,0.8696,0.4
4785,675906df18cc419a,91,9.1,0.16682,0.15152,9.0,86.297,0,0.0051,0.1074,0.1013,0.0,0.0434,0.0,0.8801,0.28
4786,abc362bb96b25c1c,91,9.1,0.230032,0.216751,2.4,7.627,0,0.1024,0.1118,0.156,0.0,0.2882,0.0497,0.8793,0.88
4787,e40fe7a3a2b37225,91,9.1,0.169458,0.166916,9.0,99.95,0,0.0002,0.0045,0.0218,0.0,0.1083,0.0,0.8825,0.4
4788,d6743ab535fa705c,91,9.1,0.322471,0.251705,2.3,5.366,0,0.3097,0.3091,0.125,0.0001,0.5578,0.3512,0.839,0.68
4789,e84c4d812eac149f,91,9.1,0.353023,0.153513,1.4,2.964,0,0.1033,0.2866,0.0898,0.0047,0.3492,0.6715,0.7897,0.48
4790,8f1ccf225dd5813c,91,9.1,0.120374,0.087334,1.3,8.533,0,0.2412,0.2351,0.1731,0.0001,0.1866,0.0,0.2936,0.64
4791,7d1d2b26dd1e62e4,91,9.1,0.361105,0.247774,6.1,3.646,0,0.4153,0.3481,0.1476,0.0,0.261,0.5805,0.8806,0.44
4792,5a3ae5954b6b6fa,91,9.1,0.369089,0.14422,7.4,3.984,0,0.5351,0.3488,0.6054,0.0329,1.0,0.5355,0.6432,0.36
4793,f07589a399547917,91,9.1,0.219837,0.180408,6.4,136.778,0,0.1833,0.3094,0.0887,0.0002,0.347,0.0,0.8704,0.6
4794,821e0118a0ef48b2,91,9.1,0.16883,0.106037,0.0,1000000.0,0,0.2229,0.3023,0.1128,0.0,0.1803,0.0,0.4096,1.0
4795,2ebac7bc60224366,91,9.1,0.361278,0.237566,2.5,3.656,0,0.3619,0.3304,0.1041,0.0,0.1814,0.5792,0.851,0.8
4796,f296a6c9623f279a,91,9.1,0.204973,0.188434,0.5,9.264,0,0.1054,0.1724,0.0878,0.0,0.1713,0.0,0.8534,0.64
4797,7d040037cd4d968e,91,9.1,0.231112,0.203404,9.0,49.155,0,0.5315,0.3038,0.1649,0.0003,0.3997,0.0,0.7295,1.0
4798,42a149dd705e8e7d,91,9.1,0.108102,0.061968,8.3,1000000.0,0,0.4482,0.3516,0.1348,0.0001,0.1719,0.0,0.0,0.32
4799,edb67086c0f4b51f,91,9.1,0.308729,0.246445,4.0,4.168,0,0.2766,0.1791,0.0423,0.0,0.1669,0.5109,0.8838,0.56
4800,3a7c04d2bd7807eb,91,9.1,0.466515,0.171497,6.7,0.965,6,0.3724,0.4333,0.6854,0.0253,0.9116,0.938,0.7833,0.92
4801,ae321d8dadc53c30,91,9.1,0.123597,0.069642,8.8,1000000.0,0,0.0001,0.0011,0.0022,0.0,0.1854,0.0,0.4461,0.6
4802,921c53384403a50f,91,9.1,0.219208,0.196534,8.9,1000000.0,0,0.3086,0.242,0.077,0.0,0.3158,0.0,0.8632,0.8
4803,bb2c545bd3133e12,91,9.1,0.405303,0.206672,4.2,3.646,0,0.0872,0.2234,0.2179,0.0008,0.5302,0.5805,0.8516,0.92
4804,2baf77fa47457d69,91,9.1,0.315979,0.188217,8.9,3.71,0,0.6666,0.2435,0.1776,0.0001,0.2736,0.572,0.566,0.52
4805,3f7fd8d7e06f932e,91,9.1,0.13747,0.084778,9.0,1000000.0,0,0.7218,0.0192,0.0547,0.0006,0.3458,0.0,0.2206,0.2
4806,acdd3387d634ddd0,91,9.1,0.32078,0.133746,8.4,1.547,7,0.6531,0.7209,1.0,0.0005,0.2879,0.8604,0.1554,0.36
4807,7e0a3b06b62db8bf,91,9.1,0.338743,0.169138,7.0,3.09,0,0.2319,0.2048,0.0903,0.0002,0.3289,0.6547,0.5138,1.0
4808,c7ccdda3c51c9165,91,9.1,0.163496,0.155528,8.7,1000000.0,0,0.0001,0.0007,0.0017,0.0,0.0803,0.0,0.8807,0.36
4809,238786b3cccc4a0e,91,9.1,0.267916,0.096831,8.1,5.246,0,0.0008,0.0162,0.0327,0.0,0.1429,0.3672,0.7245,0.92
4810,ebb489f4159661e0,91,9.1,0.076733,0.06699,8.1,1000000.0,0,0.0233,0.0803,0.0478,0.0,0.3491,0.0,0.0,0.48
4811,a1dbeecd28101688,91,9.1,0.160374,0.078197,9.0,1000000.0,0,0.3364,0.3254,0.1058,0.0013,0.4849,0.0,0.0,0.88
4812,2cdef5a38212b115,91,9.1,0.144782,0.115615,8.9,11.405,0,0.1314,0.1005,0.18,0.0004,0.3222,0.0,0.3713,1.0
4813,1f6b531b4beda780,91,9.1,0.383417,0.209847,0.9,6.07,0,0.4848,0.6193,1.0,0.0005,1.0,0.2573,0.8026,0.2
4814,470b118a975f7398,91,9.1,0.203906,0.186927,8.3,83.557,0,0.3628,0.2969,0.0793,0.0,0.1676,0.0,0.8797,0.68
4815,e5cb9f7995a95a9b,91,9.1,0.476611,0.296254,2.5,3.764,0,0.1017,0.1614,0.2341,0.0091,1.0,0.5648,0.9165,1.0
4816,ad59cbd00cfdcc75,91,9.1,0.21386,0.181771,3.0,1000000.0,0,0.5786,0.1774,0.2741,0.0,0.2033,0.0,0.7879,0.64
4817,8d1a233b4b703728,91,9.1,0.207415,0.182055,0.5,20.385,0,0.4351,0.188,0.1273,0.0001,0.3735,0.0,0.5882,0.64
4818,6f70a7e056187c89,91,9.1,0.169282,0.165279,8.9,16.172,0,0.0,0.0005,0.0022,0.0,0.1134,0.0,0.8779,0.4
4819,491f280b52ae918f,91,9.1,0.22825,0.10645,6.3,1000000.0,0,0.3929,0.4827,0.7768,0.0198,1.0,0.0,0.3119,0.24
4820,49e97e6726cb9391,91,9.1,0.154469,0.122494,1.5,10.779,0,0.6429,0.0359,0.0734,0.0001,0.1836,0.0,0.4095,0.56
4821,437e96a164dc9202,91,9.1,0.186056,0.126655,3.8,8.971,0,0.1745,0.2839,0.5084,0.0129,1.0,0.0,0.502,0.12
4822,d4253a4ef84cbc61,91,9.1,0.212131,0.173591,6.9,11.093,0,0.6348,0.2291,0.2335,0.0002,0.1819,0.0,0.6184,0.52
4823,d6b8fc026c365eb7,91,9.1,0.198915,0.186671,8.6,8.583,0,0.2429,0.1525,0.1948,0.0,0.1837,0.0,0.8637,0.64
4824,9027a0714a95393,91,9.1,0.2141,0.173114,8.5,7.213,0,0.0643,0.0915,0.0829,0.0,0.1658,0.105,0.8715,0.6
4825,4c0b7872b6205498,91,9.1,0.293799,0.171706,8.6,4.705,0,0.2407,0.1912,0.0596,0.0001,0.7341,0.4394,0.6064,1.0
4826,eb2224f428612c8,91,9.1,0.353279,0.120106,8.9,2.956,0,0.2502,0.3124,0.6396,0.0054,0.7418,0.6725,0.7963,0.2
4827,9223577ed76bab8a,91,9.1,0.295968,0.177545,8.8,3.392,0,0.4656,0.3631,0.1233,0.0001,0.2581,0.6144,0.4834,0.92
4828,29c344d5f778a9ca,91,9.1,0.229531,0.042003,8.9,5.247,0,0.0001,0.0011,0.0025,0.0,0.123,0.3671,0.6841,0.36
4829,8ef7460decf0cd58,91,9.1,0.18513,0.105375,5.0,1000000.0,0,0.3677,0.338,0.1178,0.0001,0.1607,0.0,0.6686,0.44
4830,b27a297b0c55554a,91,9.1,0.218452,0.218085,0.3,11.765,0,0.0001,0.001,0.0046,0.0,0.1987,0.0,0.8958,1.0
4831,f67b61fa876e88fb,91,9.1,0.218856,0.194025,0.4,1000000.0,0,0.5589,0.3028,0.0787,0.0003,0.1979,0.0,0.6236,1.0
4832,c496f211b25122b1,91,9.1,0.301349,0.214237,3.5,8.515,0,0.0,0.0008,0.0039,0.0,1.0,0.0,0.8132,1.0
4833,a7688d1f8f23c83e,91,9.1,0.210175,0.177259,2.2,14.872,0,0.6887,0.3589,0.1859,0.0,0.1919,0.0,0.56,0.76
4834,f870a85e98db37d0,91,9.1,0.21927,0.072691,8.9,5.599,0,0.0,0.0009,0.0023,0.0,0.1062,0.3201,0.7729,0.44
4835,d99d0319b512180c,91,9.1,0.162269,0.145955,6.5,11.405,0,0.3875,0.0632,0.0636,0.0001,0.165,0.0,0.7137,0.04
4836,5420f153f073b690,91,9.1,0.284916,0.157442,8.8,4.712,0,0.2413,0.0299,0.0471,0.0028,0.4522,0.4384,0.5091,1.0
4837,8edd4e4117b0f78c,91,9.1,0.303453,0.221739,0.9,9.699,0,0.3495,0.6714,0.9853,0.0022,0.5173,0.0,0.7468,0.56
4838,427888be43a4e55e,91,9.1,0.137214,0.106556,0.3,1000000.0,0,0.7221,0.0229,0.0426,0.0,0.1998,0.0,0.2956,0.2
4839,76b3f3dad2e3a73f,91,9.1,0.229936,0.184908,8.8,6.723,0,0.3155,0.1999,0.1166,0.0001,0.5483,0.1703,0.6905,0.84
4840,f189ad0f80bfcbca,91,9.1,0.395548,0.25744,8.9,5.979,0,0.1879,0.4787,0.7581,0.0155,1.0,0.2695,0.7772,0.76
4841,6d7bb83b0aa7d466,91,9.1,0.519903,0.203249,4.0,2.156,0,0.3448,0.3811,0.5424,0.0147,1.0,0.7792,0.8706,0.36
4842,2ccff03322d93edc,91,9.1,0.252107,0.105055,7.4,3.415,0,0.5656,0.177,0.1576,0.0001,0.199,0.6113,0.1055,0.24
4843,948f6c80fa17139d,91,9.1,0.276113,0.179306,0.2,4.616,0,0.1145,0.1519,0.0531,0.0,0.166,0.4512,0.8697,0.32
4844,d339749a3725756c,91,9.1,0.101365,0.077599,3.5,1000000.0,0,0.3403,0.3159,0.1179,0.0002,0.4575,0.0,0.0,0.08
4845,c307219820234ca8,91,9.1,0.157946,0.052862,3.4,6.481,0,0.0,0.0007,0.0018,0.0,0.1313,0.2026,0.5697,0.24
4846,5ce309c454a074ac,91,9.1,0.167801,0.157978,7.1,26.884,0,0.7225,0.0359,0.0574,0.0,0.32,0.0,0.3958,0.2
4847,bbfd11305c9e9318,91,9.1,0.213639,0.191943,8.4,118.693,0,0.0133,0.0823,0.0521,0.0,0.1128,0.0,0.8821,1.0
4848,46c8d639049c390,91,9.1,0.222827,0.203594,8.9,1000000.0,0,0.4662,0.2557,0.0831,0.0001,0.3214,0.0,0.8569,0.8
4849,a37e1e5f36b9b207,91,9.1,0.542955,0.264213,1.1,1.826,2,0.3082,0.3301,0.7714,0.0168,0.8609,0.8232,0.8494,1.0
4850,4093dd2a6ea6ca4f,91,9.1,0.285293,0.171655,0.4,6.638,0,0.4971,0.5837,1.0,0.0001,0.1919,0.1817,0.6343,0.52
4851,3b12225fb619f180,91,9.1,0.223946,0.18051,5.8,6.952,0,0.2397,0.2267,0.1621,0.0,0.2026,0.1398,0.8031,0.4
4852,48521d18fdc13c95,91,9.1,0.027222,0.023827,0.0,1000000.0,0,0.0001,0.0017,0.0059,0.0,0.1209,0.0,0.0139,0.2
4853,718450eae9ee10a9,91,9.1,0.424613,0.28012,5.4,2.493,0,0.2574,0.4199,0.4732,0.0002,0.5278,0.7342,0.894,0.52
4854,ebfa2a8e49e09a2b,91,9.1,0.186895,0.1853,6.6,1000000.0,0,0.0001,0.0007,0.0024,0.0,0.1754,0.0,0.8803,0.56
4855,befd9a891be85864,91,9.1,0.365528,0.186398,5.3,1.171,15,0.561,0.3191,0.8897,0.0004,0.1778,0.9105,0.6217,0.6
4856,121c7d362edff35b,91,9.1,0.19918,0.188733,6.3,11.974,0,0.4573,0.1876,0.0578,0.0001,0.2902,0.0,0.7818,0.32
4857,3c47e2455c4b526b,91,9.1,0.384697,0.218239,0.1,2.616,0,0.2952,0.2834,0.679,0.0088,0.6315,0.7179,0.6769,1.0
4858,e3979992b5975bf,91,9.1,0.448612,0.162966,6.7,3.137,0,0.2031,0.3208,0.5632,0.0168,1.0,0.6484,0.7908,0.4
4859,34d3bd03501098dd,91,9.1,0.194644,0.192919,0.3,1000000.0,0,0.0001,0.0008,0.002,0.0,0.2593,0.0,0.8812,0.52
4860,b681cf9558065464,91,9.1,0.176742,0.174109,7.5,1000000.0,0,0.0001,0.0012,0.0026,0.0,0.0564,0.0,0.8751,0.64
4861,70594ba047900394,91,9.1,0.205243,0.205095,5.7,12.312,0,0.0001,0.001,0.0025,0.0,0.1163,0.0,0.8741,1.0
4862,51e4565bf904c792,91,9.1,0.499743,0.209465,7.0,2.101,0,0.2335,0.3596,0.7038,0.0529,1.0,0.7865,0.862,0.56
4863,2af8a17d6cee3f8,91,9.1,0.496061,0.192869,0.2,1.806,2,0.376,0.6802,1.0,0.0006,0.5378,0.8259,0.4116,1.0
4864,80600c9fce254d9d,91,9.1,0.553802,0.207096,0.3,2.896,0,0.4831,0.5646,1.0,0.0165,1.0,0.6806,0.6761,1.0
4865,e95797447c069c60,91,9.1,0.196673,0.164192,0.6,7.154,0,0.0949,0.1517,0.0902,0.0,0.2732,0.1128,0.806,0.4
4866,f7e0c30c417f3ba3,91,9.1,0.325699,0.164045,4.0,1.942,2,0.0053,0.0571,0.0916,0.0,0.1414,0.8077,0.5956,0.48
4867,d4033db5f9f9b088,91,9.1,0.204962,0.170368,2.7,74.094,0,0.6198,0.2404,0.2402,0.0002,0.1781,0.0,0.5568,0.76
4868,63105b30d7866f9d,91,9.1,0.249702,0.216446,3.7,23.191,0,0.1508,0.2043,0.1383,0.0,0.6453,0.0,0.8685,0.4
4869,8262709b682c70d3,91,9.1,0.20565,0.172992,0.7,1000000.0,0,0.6167,0.3094,0.1161,0.0001,0.2402,0.0,0.746,0.44
4870,9b9158fe10ee8420,91,9.1,0.33725,0.092401,5.8,2.762,0,0.0001,0.0016,0.0034,0.0,0.1518,0.6984,0.8494,0.32
4871,d9db5e23676d40f2,91,9.1,0.241702,0.203728,6.8,1000000.0,0,0.2028,0.3682,0.2902,0.0,0.3013,0.0,0.8804,0.6
4872,385fd262e33a03cf,91,9.1,0.164166,0.150924,3.3,22.95,0,0.0173,0.0532,0.0657,0.0,0.1669,0.0,0.731,0.52
4873,52f5d53cc7aeb791,91,9.1,0.233406,0.217406,6.9,1000000.0,0,0.4716,0.2943,0.2088,0.0014,0.2147,0.0,0.8582,1.0
4874,a4fd6f77b73bab0f,91,9.1,0.156119,0.028743,6.1,1000000.0,0,0.0236,0.1434,0.1196,0.0,0.1506,0.0,0.8709,0.12
4875,482f76e4d9eed8f4,91,9.1,0.240771,0.109216,0.8,3.047,0,0.4688,0.4406,0.7732,0.023,0.9984,0.6604,0.3548,0.04
4876,b2bd40d875dfa099,91,9.1,0.114801,0.068364,0.5,6.625,0,0.4029,0.1491,0.1291,0.0001,0.232,0.1833,0.0,0.24
4877,828d89f4cf179c39,91,9.1,0.075464,0.060512,8.9,1000000.0,0,0.0696,0.1423,0.0636,0.0,0.4034,0.0,0.0,0.2
4878,11818a3a928aaefa,91,9.1,0.067936,0.039715,9.0,1000000.0,0,0.1015,0.1573,0.2258,0.0058,0.1946,0.0,0.0,0.4
4879,d1af64337dd2cb69,91,9.1,0.180647,0.165493,1.1,119.355,0,0.4938,0.2174,0.1868,0.001,0.2444,0.0,0.5389,0.6
4880,2018f06ea6520ab4,91,9.1,0.24396,0.126986,2.4,5.915,0,0.1869,0.2596,0.1092,0.0,0.1658,0.278,0.8054,0.52
4881,8f558efe68bebb04,91,9.1,0.168266,0.166341,2.7,1000000.0,0,0.0001,0.0011,0.0028,0.0,0.1617,0.0,0.8793,0.28
4882,4bbffbf50306bdf6,91,9.1,0.33452,0.173019,8.5,3.19,0,0.4904,0.2048,0.224,0.0002,0.3503,0.6414,0.4525,0.64
4883,9ceb8ef8c79b22a6,91,9.1,0.15063,0.11797,0.1,1000000.0,0,0.6074,0.2462,0.2401,0.0053,0.8751,0.0,0.3159,0.12
4884,5cd930234ba571e1,91,9.1,0.217768,0.184994,8.6,6.934,0,0.389,0.165,0.1618,0.0003,0.3013,0.1422,0.7762,0.76
4885,2a173b334be3d32c,91,9.1,0.243891,0.084693,8.6,6.846,0,0.2391,0.4293,0.6357,0.0205,0.2934,0.1539,0.6402,0.24
4886,cd0fb50abf20bfe1,91,9.1,0.271885,0.167165,8.9,4.695,0,0.6503,0.235,0.1015,0.0,0.2759,0.4406,0.4777,0.68
4887,f5b50ee20cd8eb0,91,9.1,0.164389,0.148888,3.9,507.344,0,0.5716,0.1107,0.106,0.0,0.1647,0.0,0.5087,0.4
4888,94239b3245648baf,91,9.1,0.189666,0.161271,6.1,29.449,0,0.6362,0.1375,0.1688,0.0001,0.235,0.0,0.4556,0.48
4889,93f2d00742d7ed87,91,9.1,0.339387,0.199393,1.3,3.524,0,0.2207,0.2932,0.6918,0.0125,1.0,0.5968,0.7871,0.4
4890,2c5702a36704c1ba,91,9.1,0.080067,0.079756,0.0,1000000.0,0,0.0,0.0006,0.0026,0.0,0.4648,0.0,0.0,0.4
4891,2f80f518f809b6f7,91,9.1,0.150958,0.129454,0.0,20.572,0,0.6281,0.1319,0.1332,0.0005,0.2791,0.0,0.4093,0.28
4892,9f9a41d01da4c8df,91,9.1,0.132818,0.059877,8.8,24.216,0,0.2787,0.3113,0.27,0.0,0.1659,0.0,0.4635,0.2
4893,a659d2912eaff26e,91,9.1,0.340918,0.220045,6.6,2.999,0,0.2909,0.1965,0.0424,0.0,0.2496,0.6668,0.5973,0.88
4894,8712944f081f8593,91,9.1,0.151712,0.103767,0.0,1000000.0,0,0.2026,0.2732,0.263,0.0054,0.4241,0.0,0.0,1.0
4895,5567660e03ce1d5d,91,9.1,0.169595,0.116151,5.9,8.498,0,0.0,0.0008,0.0026,0.0,0.0554,0.0,0.8198,0.76
4896,d9b4c97449084110,91,9.1,0.188774,0.185296,2.3,1000000.0,0,0.0,0.0006,0.0018,0.0,0.1153,0.0,0.8937,0.68
4897,26496133a911e90e,91,9.1,0.396172,0.224042,4.7,2.44,0,0.2719,0.4263,0.8167,0.0251,1.0,0.7414,0.7479,0.64
4898,ed468caf7b335a89,91,9.1,0.304569,0.200642,3.4,9.187,0,0.3449,0.4481,1.0,0.0003,0.2499,0.0,0.745,0.48
4899,482bb8eebd4efb04,91,9.1,0.087096,0.069286,7.6,1000000.0,0,0.1322,0.1823,0.1009,0.0,0.2001,0.0,0.0,0.76
4900,470e2f6a42bcac3b,91,9.1,0.098484,0.032279,1.7,23.363,0,0.0326,0.0963,0.1401,0.0,0.166,0.0,0.4268,0.2
4901,a0cd1cace82e1cb8,91,9.1,0.302078,0.104668,8.6,3.548,0,0.0,0.0007,0.0019,0.0,0.1388,0.5935,0.7647,0.56
4902,30ebd7b2e2b5faf1,91,9.1,0.198205,0.171586,1.5,8.111,0,0.1724,0.3135,0.2817,0.0001,0.4502,0.0,0.469,0.76
4903,128d8b9642c6f6cd,91,9.1,0.195038,0.098265,5.8,4.702,0,0.0019,0.0373,0.0773,0.0,0.1115,0.4397,0.3005,0.6
4904,bd24fa9fc34e92bb,91,9.1,0.035461,0.030795,0.3,1000000.0,0,0.0001,0.0011,0.0027,0.0,0.153,0.0,0.0,0.28
4905,7df2e662694de515,91,9.1,0.105202,0.084588,0.6,1000000.0,0,0.6196,0.1964,0.1707,0.0001,0.2337,0.0,0.0646,0.12
4906,f05987a29b89d2c3,91,9.1,0.30584,0.117552,7.3,4.04,0,0.2972,0.4286,0.9585,0.0684,1.0,0.5279,0.4962,0.28
4907,fd0661e745aa90de,91,9.1,0.062133,0.020846,5.9,6.762,0,0.0006,0.0099,0.0145,0.0,0.1133,0.165,0.0577,0.16
4908,2e5f0ce509cc3e3d,91,9.1,0.13935,0.113047,0.3,1000000.0,0,0.7214,0.1548,0.0837,0.0001,0.4815,0.0,0.1049,0.36
4909,acc97c5b38cfd3a3,91,9.1,0.189219,0.159589,1.4,1000000.0,0,0.5666,0.1308,0.0903,0.0001,0.2069,0.0,0.7835,0.24
4910,b73d3bc9c25cbda8,91,9.1,0.32504,0.23478,2.8,3.765,0,0.3647,0.2579,0.0741,0.0001,0.196,0.5647,0.8814,0.4
4911,9802ada22910df5d,91,9.1,0.101851,0.072793,9.0,1000000.0,0,0.1624,0.1934,0.1335,0.0033,0.5958,0.0,0.0,0.04
4912,45e4a8b8524eb71b,91,9.1,0.436354,0.130282,8.2,1.071,1,0.2519,0.5615,0.6075,0.0251,1.0,0.9238,0.7534,0.16
4913,ae2d90015ba4aec4,91,9.1,0.147513,0.128164,8.0,8.287,0,0.7125,0.1531,0.0849,0.0001,0.2091,0.0,0.3179,0.36
4914,ba25b5b15a9bd8ce,91,9.1,0.226121,0.185956,7.7,15.588,0,0.2878,0.2122,0.1614,0.0001,0.189,0.0,0.7616,1.0
4915,fe38b8af0cbadcd0,91,9.1,0.193801,0.177648,7.2,10.028,0,0.333,0.138,0.0943,0.0,0.2098,0.0,0.7137,0.56
4916,8912559b0ccf166d,91,9.1,0.210267,0.125457,3.8,1000000.0,0,0.1754,0.2966,0.2668,0.0,0.1633,0.0,0.7424,0.64
4917,8edb57faeed21ec0,91,9.1,0.232022,0.197188,3.0,1000000.0,0,0.6065,0.2667,0.1562,0.0006,0.3534,0.0,0.5788,1.0
4918,e9b95352cc566fa2,91,9.1,0.257001,0.129377,6.9,17.886,0,0.0164,0.1101,0.1077,0.0001,0.5126,0.0,0.9104,1.0
4919,a7e2cd254e70eef6,91,9.1,0.106757,0.096431,8.1,38.396,0,0.7215,0.0403,0.0664,0.0001,0.1694,0.0,0.1135,0.16
4920,14eeba302e55cc22,91,9.1,0.315473,0.179199,3.4,4.511,0,0.2501,0.3378,0.2425,0.0048,0.9577,0.4653,0.7048,0.92
4921,ee263eb5a2a08617,91,9.1,0.190486,0.186869,2.9,1000000.0,0,0.0001,0.0009,0.0023,0.0,0.0876,0.0,0.8788,0.8
4922,93212f46657c851c,91,9.1,0.321201,0.225127,4.1,4.279,0,0.2985,0.1852,0.03,0.0,0.2367,0.4961,0.8835,0.6
4923,5ac63e390907075e,91,9.1,0.255922,0.218364,7.0,19.947,0,0.485,0.2464,0.266,0.0005,0.2607,0.0,0.7901,1.0
4924,ccf1659343ff5deb,91,9.1,0.505111,0.174726,3.9,2.14,0,0.303,0.3369,0.6384,0.0293,0.8104,0.7813,0.835,0.84
4925,233c34932c79f260,91,9.1,0.236597,0.153693,0.1,11.905,0,0.6305,0.7046,1.0,0.0002,0.4049,0.0,0.471,0.16
4926,5278b05f63b435d3,91,9.1,0.102407,0.089966,5.1,37.36,0,0.1282,0.0748,0.0889,0.0001,0.2119,0.0,0.0,1.0
4927,b9fdcbd7c7958461,91,9.1,0.243429,0.196259,8.2,35.69,0,0.5085,0.2632,0.1903,0.0008,0.2954,0.0,0.7924,0.72
4928,a0cee4c1da0ab43,91,9.1,0.488816,0.150905,3.6,1.454,3,0.5507,0.4706,0.725,0.0117,1.0,0.8728,0.8346,0.28
4929,7053137d6c1288ac,91,9.1,0.208981,0.192813,4.8,1000000.0,0,0.2058,0.1993,0.0682,0.0,0.1867,0.0,0.8824,0.8
4930,a87ac885bee25b6d,91,9.1,0.174748,0.172606,3.7,1000000.0,0,0.0001,0.0021,0.0066,0.0,0.138,0.0,0.877,0.44
4931,f4be7b9708a6d09,91,9.1,0.216296,0.198508,0.0,14.923,0,0.0233,0.066,0.0453,0.0,0.2339,0.0,0.8818,0.8
4932,ccafa412b50a4dd2,91,9.1,0.17902,0.099474,7.1,7.42,0,0.1656,0.2092,0.1147,0.0,0.1646,0.0773,0.7548,0.6
4933,6599b8d6132c1f75,91,9.1,0.183812,0.140634,9.0,28.568,0,0.7226,0.0943,0.1162,0.0001,0.2896,0.0,0.385,0.36
4934,99d7da4bd15d811b,91,9.1,0.245527,0.156799,1.6,20.275,0,0.1249,0.1932,0.3725,0.0016,1.0,0.0,0.0,1.0
4935,a694edb9500afe94,91,9.1,0.24725,0.131377,8.9,4.79,0,0.7154,0.45,0.3219,0.0018,0.3313,0.4281,0.1661,0.2
4936,53ba22f166e0c7be,91,9.1,0.206091,0.093894,7.2,5.943,0,0.3336,0.4474,1.0,0.0,0.188,0.2743,0.0,0.4
4937,dd185fbc0e72732f,91,9.1,0.144966,0.055974,2.1,14.08,0,0.1238,0.3003,0.1191,0.0,0.1713,0.0,0.7899,0.24
4938,ba0be9573301433b,91,9.1,0.417151,0.091516,8.2,1.961,2,0.0893,0.1924,0.245,0.0022,0.7088,0.8052,0.8157,0.48
4939,4c8edd3d18ebabe0,91,9.1,0.383802,0.172254,2.8,2.323,0,0.0001,0.0011,0.0051,0.0,0.1363,0.7569,0.8291,1.0
4940,874499c43fd68c90,91,9.1,0.137088,0.037481,0.0,8.115,0,0.0001,0.0009,0.0028,0.0,0.1027,0.0,0.7508,0.24
4941,22d9469ee2cd9d67,91,9.1,0.167761,0.06096,1.4,8.761,0,0.1654,0.2506,0.1313,0.0001,0.166,0.0,0.7475,0.2
4942,2a231402031a1355,91,9.1,0.297185,0.237887,5.0,4.041,0,0.3531,0.2282,0.0642,0.0,0.1666,0.5279,0.881,0.32
4943,8a32816877d3cd93,91,9.1,0.237401,0.2101,4.2,99.719,0,0.3866,0.3568,0.1249,0.0003,0.1643,0.0,0.887,1.0
4944,d800be440717f4b7,91,9.1,0.335406,0.217133,0.1,4.245,0,0.4662,0.2685,0.148,0.0,0.2434,0.5006,0.7859,0.76
4945,6ec74ca4060052f2,91,9.1,0.266836,0.209479,6.2,5.423,0,0.3212,0.2496,0.0585,0.0002,0.1719,0.3436,0.8815,0.44
4946,5191cf0127d7f72a,91,9.1,0.048988,0.044443,0.2,1000000.0,0,0.0001,0.0009,0.0021,0.0,0.2064,0.0,0.0,0.4
4947,a50b2fa466647a44,91,9.1,0.296412,0.210618,6.8,5.171,0,0.3642,0.1792,0.171,0.0,0.313,0.3773,0.8535,0.6
4948,42cd64396793d604,91,9.1,0.230275,0.203069,4.5,1000000.0,0,0.4168,0.3725,0.1746,0.0003,0.2319,0.0,0.8849,1.0
4949,34ecf7a8c71fb7e0,91,9.1,0.322061,0.218638,6.9,3.431,0,0.6559,0.2486,0.217,0.0002,0.3863,0.6093,0.5106,0.68
4950,ac677b792c7543fb,91,9.1,0.306691,0.114204,2.8,2.419,0,0.0001,0.0008,0.002,0.0,0.3497,0.7442,0.4508,0.36
4951,8650bd30a768e2f8,91,9.1,0.556367,0.134437,5.1,1.743,3,0.266,0.4334,0.781,0.0061,1.0,0.8342,0.8196,0.36
4952,9440f30ae1afc95d,91,9.1,0.337645,0.180901,3.3,1.963,1,0.6385,0.1709,0.1895,0.0001,0.2085,0.8049,0.3373,0.56
4953,9380030dd49e919,91,9.1,0.206887,0.130498,2.7,12.601,0,0.1749,0.233,0.4144,0.0139,0.7182,0.0,0.4929,0.44
4954,c03357f0b6d89f29,91,9.1,0.326276,0.096085,1.1,2.686,0,0.0009,0.0118,0.0296,0.0,0.1386,0.7086,0.8425,0.72
4955,f1bb6d3abba6938c,91,9.1,0.190326,0.188676,8.9,1000000.0,0,0.0001,0.0008,0.0022,0.0,0.1733,0.0,0.873,0.64
4956,aaa6b96c408b341d,91,9.1,0.386948,0.149782,8.1,5.364,0,0.1704,0.2018,0.2725,0.0034,1.0,0.3515,0.9235,0.44
4957,cc9fe12897f36df1,91,9.1,0.309103,0.264781,4.5,4.193,0,0.3403,0.1974,0.2486,0.0,0.2495,0.5075,0.8775,0.52
4958,c1d7a37e0c584abb,91,9.1,0.270848,0.167679,8.4,7.872,0,0.2722,0.3854,0.7574,0.0098,0.7177,0.017,0.7988,0.68
4959,cdac7b07fa6a8cdb,91,9.1,0.191618,0.096573,0.0,11.929,0,0.5523,0.3218,0.6868,0.01,0.1762,0.0,0.3132,0.52
4960,e6736bed961d48d9,91,9.1,0.223241,0.091599,5.1,6.077,0,0.0001,0.0012,0.0064,0.0,0.168,0.2564,0.8351,0.72
4961,9e69fb4883e4d99d,91,9.1,0.446533,0.184659,5.6,3.591,0,0.1559,0.2198,0.1156,0.0003,1.0,0.5878,0.8687,0.64
4962,124a2703dbcf1079,91,9.1,0.178136,0.169983,8.7,152.964,0,0.0096,0.0426,0.0535,0.0,0.4923,0.0,0.3551,1.0
4963,eb8552cdd165a5ab,91,9.1,0.221965,0.113834,0.2,6.126,0,0.0951,0.081,0.1054,0.0,0.1905,0.2498,0.8427,0.12
4964,6ddbaa0e546532c6,91,9.1,0.148656,0.076796,7.7,13.713,0,0.2076,0.3169,0.5779,0.0131,0.7722,0.0,0.1662,0.16
4965,929696676a138a0c,91,9.1,0.33672,0.215103,0.5,4.01,0,0.1155,0.1622,0.1048,0.0,0.1912,0.532,0.8912,0.64
4966,19d359ea6983ef40,91,9.1,0.337103,0.111658,5.9,2.593,0,0.0001,0.0009,0.0036,0.0,0.1365,0.7209,0.7615,0.48
4967,8e5e7d13815aba5d,91,9.1,0.354173,0.184768,7.5,1.777,4,0.5676,0.6292,1.0,0.0011,0.2564,0.8297,0.6016,0.16
4968,64123e42156d6574,91,9.1,0.199237,0.193138,0.9,15.645,0,0.022,0.0929,0.0603,0.0,0.2413,0.0,0.8852,0.64
4969,ad79a133f560347c,91,9.1,0.278745,0.133274,2.8,4.369,0,0.0001,0.0013,0.0074,0.0,0.2305,0.4842,0.7663,0.68
4970,f702b82adce5e432,91,9.1,0.198944,0.175078,9.0,60.145,0,0.058,0.204,0.203,0.0001,0.2877,0.0,0.9052,0.24
4971,9b074b8427f7391c,91,9.1,0.173562,0.107694,5.1,9.615,0,0.0001,0.0011,0.0039,0.0,0.1473,0.0,0.7668,0.8
4972,35def73bd40e1ed1,91,9.1,0.170328,0.145329,7.0,8.51,0,0.4113,0.1357,0.1584,0.0,0.1654,0.0,0.6647,0.32
4973,f9cd00755df8fb03,91,9.1,0.414928,0.187419,4.3,1.699,6,0.0001,0.0009,0.0026,0.0,0.1218,0.8402,0.8682,1.0
4974,ebe113baca0d5f4b,91,9.1,0.163825,0.138225,0.7,14.772,0,0.6323,0.1385,0.1971,0.0002,0.2042,0.0,0.4525,0.28
4975,9e0d5b377041f70a,91,9.1,0.293319,0.191683,0.4,4.685,0,0.116,0.171,0.0676,0.0,0.1605,0.442,0.8727,0.52
4976,91977cc46df850b,91,9.1,0.204928,0.149968,0.1,28.305,0,0.6362,0.2908,0.377,0.0002,0.2353,0.0,0.5591,0.8
4977,d9f4223eeb605dc8,91,9.1,0.355436,0.200415,7.0,1000000.0,0,0.5347,0.5636,1.0,0.0004,0.3279,0.0,0.825,0.48
4978,6c0ea54784a82d02,91,9.1,0.17658,0.074763,6.1,7.338,0,0.357,0.3811,0.6867,0.019,0.8876,0.0883,0.0988,0.04
4979,fb7e96a803aabc33,91,9.1,0.212011,0.209708,0.0,1000000.0,0,0.0001,0.0008,0.0046,0.0,0.3639,0.0,0.8793,0.6
4980,95ea03dc4ddc40c3,91,9.1,0.167461,0.148661,0.7,33.014,0,0.6108,0.1298,0.0783,0.0,0.1777,0.0,0.4384,0.52
4981,54416a6c16f9dd09,91,9.1,0.191523,0.188251,1.0,27.81,0,0.0,0.0008,0.002,0.0,0.1318,0.0,0.8838,0.72
4982,1c48db43830c57a7,91,9.1,0.138462,0.120131,8.4,1000000.0,0,0.0707,0.1702,0.1009,0.0,0.9077,0.0,0.0,0.12
4983,ba7d95e7e99027c7,91,9.1,0.231593,0.148804,4.2,7.908,0,0.282,0.3198,0.7333,0.0183,1.0,0.0122,0.1377,0.08
4984,107f2fa345ce5470,91,9.1,0.20386,0.161814,0.1,23.493,0,0.428,0.3396,0.1307,0.0006,0.6221,0.0,0.5992,0.84
4985,29dcff51d804b35,91,9.1,0.184945,0.165594,0.8,220.318,0,0.421,0.1038,0.0758,0.0,0.1843,0.0,0.7225,0.36
4986,83dc209b814d3bd6,91,9.1,0.210165,0.17284,0.0,1000000.0,0,0.3677,0.1988,0.2951,0.0004,0.2989,0.0,0.7349,0.52
4987,736158a01123d36f,91,9.1,0.220194,0.195844,9.0,19.373,0,0.014,0.1404,0.0913,0.0,0.1291,0.0,0.8559,1.0
4988,25bbab5ed57ae29b,91,9.1,0.104615,0.082617,8.3,1000000.0,0,0.5406,0.3496,0.1419,0.0001,0.1664,0.0,0.0,0.52
4989,c11187879cf64be8,91,9.1,0.349227,0.111848,4.6,1.466,6,0.4197,0.5047,1.0,0.0052,0.3044,0.8711,0.4472,0.04
4990,63649f018d163b1a,91,9.1,0.364587,0.119948,3.1,2.295,0,0.0001,0.0008,0.0031,0.0,0.1348,0.7607,0.8502,0.6
4991,1eac455ca7b28e96,91,9.1,0.267832,0.123771,5.9,4.923,0,0.3091,0.1684,0.1615,0.0001,0.2603,0.4103,0.6777,0.48
4992,34a71dcdd6ec95df,91,9.1,0.449199,0.170086,1.7,3.841,0,0.3985,0.3926,0.6912,0.0271,0.9453,0.5546,0.6882,0.48
4993,9dda3033e7b7c5be,91,9.1,0.468927,0.19694,5.6,2.401,0,0.3052,0.339,0.8021,0.0024,0.6445,0.7466,0.722,0.36
4994,85e71679c741db3b,91,9.1,0.227694,0.205803,6.2,1000000.0,0,0.3269,0.2054,0.1564,0.0001,0.21,0.0,0.8033,1.0
4995,6500323b6dea02e9,91,9.1,0.331286,0.064744,3.1,2.306,0,0.1382,0.3235,0.1089,0.0,0.2155,0.7592,0.6607,0.24
4996,9ed6f57e369d88dc,91,9.1,0.18561,0.182287,6.8,1000000.0,0,0.0001,0.0012,0.003,0.0,0.1841,0.0,0.8804,0.52
4997,4ae46b8c6fa40a99,91,9.1,0.190706,0.079459,1.9,6.306,0,0.0,0.001,0.0021,0.0,0.137,0.2259,0.7237,0.76
4998,7dfa0222859ad56f,91,9.1,0.151328,0.146191,7.9,11.797,0,1.0,0.0391,0.0907,0.0,0.2279,0.0,0.2281,0.2
4999,5dc4a325edd65384,91,9.1,0.287258,0.203043,5.2,3.794,0,0.5302,0.1666,0.1911,0.0,0.1981,0.5608,0.3603,0.92
5000,ada9079ad22800b1,91,9.1,0.153449,0.071532,6.9,6.767,0,0.0001,0.0012,0.0049,0.0,0.1157,0.1645,0.3918,0.72
